version,1.3.0
info,team,Bangladesh
info,team,India
info,gender,male
info,season,2017
info,date,2017/06/15
info,competition,ICC Champions Trophy
info,venue,Edgbaston
info,city,Birmingham
info,neutralvenue,true
info,toss_winner,India
info,toss_decision,field
info,player_of_match,RG Sharma
info,umpire,HDPK Dharmasena
info,umpire,RA Kettleborough
info,reserve_umpire,RK Illingworth
info,tv_umpire,NJ Llong
info,match_referee,BC Broad
info,winner,India
info,winner_wickets,9
ball,1,0.1,Bangladesh,Tamim Iqbal,Soumya Sarkar,B Kumar,0,0,"",""
ball,1,0.2,Bangladesh,Tamim Iqbal,Soumya Sarkar,B Kumar,0,0,"",""
ball,1,0.3,Bangladesh,Tamim Iqbal,Soumya Sarkar,B Kumar,0,0,"",""
ball,1,0.4,Bangladesh,Tamim Iqbal,Soumya Sarkar,B Kumar,1,0,"",""
ball,1,0.5,Bangladesh,Soumya Sarkar,Tamim Iqbal,B Kumar,0,0,"",""
ball,1,0.6,Bangladesh,Soumya Sarkar,Tamim Iqbal,B Kumar,0,0,bowled,Soumya Sarkar
ball,1,1.1,Bangladesh,Tamim Iqbal,Sabbir Rahman,JJ Bumrah,0,4,"",""
ball,1,1.2,Bangladesh,Tamim Iqbal,Sabbir Rahman,JJ Bumrah,1,0,"",""
ball,1,1.3,Bangladesh,Sabbir Rahman,Tamim Iqbal,JJ Bumrah,4,0,"",""
ball,1,1.4,Bangladesh,Sabbir Rahman,Tamim Iqbal,JJ Bumrah,0,0,"",""
ball,1,1.5,Bangladesh,Sabbir Rahman,Tamim Iqbal,JJ Bumrah,1,0,"",""
ball,1,1.6,Bangladesh,Tamim Iqbal,Sabbir Rahman,JJ Bumrah,0,0,"",""
ball,1,2.1,Bangladesh,Sabbir Rahman,Tamim Iqbal,B Kumar,0,0,"",""
ball,1,2.2,Bangladesh,Sabbir Rahman,Tamim Iqbal,B Kumar,0,0,"",""
ball,1,2.3,Bangladesh,Sabbir Rahman,Tamim Iqbal,B Kumar,4,0,"",""
ball,1,2.4,Bangladesh,Sabbir Rahman,Tamim Iqbal,B Kumar,2,0,"",""
ball,1,2.5,Bangladesh,Sabbir Rahman,Tamim Iqbal,B Kumar,0,0,"",""
ball,1,2.6,Bangladesh,Sabbir Rahman,Tamim Iqbal,B Kumar,4,0,"",""
ball,1,3.1,Bangladesh,Tamim Iqbal,Sabbir Rahman,JJ Bumrah,0,0,"",""
ball,1,3.2,Bangladesh,Tamim Iqbal,Sabbir Rahman,JJ Bumrah,0,1,"",""
ball,1,3.3,Bangladesh,Sabbir Rahman,Tamim Iqbal,JJ Bumrah,0,0,"",""
ball,1,3.4,Bangladesh,Sabbir Rahman,Tamim Iqbal,JJ Bumrah,0,0,"",""
ball,1,3.5,Bangladesh,Sabbir Rahman,Tamim Iqbal,JJ Bumrah,4,0,"",""
ball,1,3.6,Bangladesh,Sabbir Rahman,Tamim Iqbal,JJ Bumrah,0,0,"",""
ball,1,4.1,Bangladesh,Tamim Iqbal,Sabbir Rahman,B Kumar,0,0,"",""
ball,1,4.2,Bangladesh,Tamim Iqbal,Sabbir Rahman,B Kumar,4,0,"",""
ball,1,4.3,Bangladesh,Tamim Iqbal,Sabbir Rahman,B Kumar,1,0,"",""
ball,1,4.4,Bangladesh,Sabbir Rahman,Tamim Iqbal,B Kumar,0,0,"",""
ball,1,4.5,Bangladesh,Sabbir Rahman,Tamim Iqbal,B Kumar,0,0,"",""
ball,1,4.6,Bangladesh,Sabbir Rahman,Tamim Iqbal,B Kumar,0,0,"",""
ball,1,5.1,Bangladesh,Tamim Iqbal,Sabbir Rahman,JJ Bumrah,0,0,"",""
ball,1,5.2,Bangladesh,Tamim Iqbal,Sabbir Rahman,JJ Bumrah,0,0,"",""
ball,1,5.3,Bangladesh,Tamim Iqbal,Sabbir Rahman,JJ Bumrah,0,0,"",""
ball,1,5.4,Bangladesh,Tamim Iqbal,Sabbir Rahman,JJ Bumrah,0,0,"",""
ball,1,5.5,Bangladesh,Tamim Iqbal,Sabbir Rahman,JJ Bumrah,0,0,"",""
ball,1,5.6,Bangladesh,Tamim Iqbal,Sabbir Rahman,JJ Bumrah,0,0,"",""
ball,1,6.1,Bangladesh,Sabbir Rahman,Tamim Iqbal,B Kumar,0,0,"",""
ball,1,6.2,Bangladesh,Sabbir Rahman,Tamim Iqbal,B Kumar,0,0,"",""
ball,1,6.3,Bangladesh,Sabbir Rahman,Tamim Iqbal,B Kumar,0,0,"",""
ball,1,6.4,Bangladesh,Sabbir Rahman,Tamim Iqbal,B Kumar,0,0,"",""
ball,1,6.5,Bangladesh,Sabbir Rahman,Tamim Iqbal,B Kumar,0,0,caught,Sabbir Rahman
ball,1,6.6,Bangladesh,Mushfiqur Rahim,Tamim Iqbal,B Kumar,0,0,"",""
ball,1,7.1,Bangladesh,Tamim Iqbal,Mushfiqur Rahim,JJ Bumrah,1,0,"",""
ball,1,7.2,Bangladesh,Mushfiqur Rahim,Tamim Iqbal,JJ Bumrah,0,0,"",""
ball,1,7.3,Bangladesh,Mushfiqur Rahim,Tamim Iqbal,JJ Bumrah,0,0,"",""
ball,1,7.4,Bangladesh,Mushfiqur Rahim,Tamim Iqbal,JJ Bumrah,0,0,"",""
ball,1,7.5,Bangladesh,Mushfiqur Rahim,Tamim Iqbal,JJ Bumrah,0,0,"",""
ball,1,7.6,Bangladesh,Mushfiqur Rahim,Tamim Iqbal,JJ Bumrah,0,0,"",""
ball,1,8.1,Bangladesh,Tamim Iqbal,Mushfiqur Rahim,B Kumar,0,0,"",""
ball,1,8.2,Bangladesh,Tamim Iqbal,Mushfiqur Rahim,B Kumar,0,0,"",""
ball,1,8.3,Bangladesh,Tamim Iqbal,Mushfiqur Rahim,B Kumar,1,0,"",""
ball,1,8.4,Bangladesh,Mushfiqur Rahim,Tamim Iqbal,B Kumar,4,0,"",""
ball,1,8.5,Bangladesh,Mushfiqur Rahim,Tamim Iqbal,B Kumar,4,0,"",""
ball,1,8.6,Bangladesh,Mushfiqur Rahim,Tamim Iqbal,B Kumar,4,0,"",""
ball,1,9.1,Bangladesh,Tamim Iqbal,Mushfiqur Rahim,JJ Bumrah,0,0,"",""
ball,1,9.2,Bangladesh,Tamim Iqbal,Mushfiqur Rahim,JJ Bumrah,0,0,"",""
ball,1,9.3,Bangladesh,Tamim Iqbal,Mushfiqur Rahim,JJ Bumrah,0,0,"",""
ball,1,9.4,Bangladesh,Tamim Iqbal,Mushfiqur Rahim,JJ Bumrah,1,0,"",""
ball,1,9.5,Bangladesh,Mushfiqur Rahim,Tamim Iqbal,JJ Bumrah,0,0,"",""
ball,1,9.6,Bangladesh,Mushfiqur Rahim,Tamim Iqbal,JJ Bumrah,0,0,"",""
ball,1,10.1,Bangladesh,Tamim Iqbal,Mushfiqur Rahim,B Kumar,0,0,"",""
ball,1,10.2,Bangladesh,Tamim Iqbal,Mushfiqur Rahim,B Kumar,0,0,"",""
ball,1,10.3,Bangladesh,Tamim Iqbal,Mushfiqur Rahim,B Kumar,0,0,"",""
ball,1,10.4,Bangladesh,Tamim Iqbal,Mushfiqur Rahim,B Kumar,1,0,"",""
ball,1,10.5,Bangladesh,Mushfiqur Rahim,Tamim Iqbal,B Kumar,0,0,"",""
ball,1,10.6,Bangladesh,Mushfiqur Rahim,Tamim Iqbal,B Kumar,0,0,"",""
ball,1,11.1,Bangladesh,Tamim Iqbal,Mushfiqur Rahim,R Ashwin,0,0,"",""
ball,1,11.2,Bangladesh,Tamim Iqbal,Mushfiqur Rahim,R Ashwin,0,0,"",""
ball,1,11.3,Bangladesh,Tamim Iqbal,Mushfiqur Rahim,R Ashwin,0,1,"",""
ball,1,11.4,Bangladesh,Tamim Iqbal,Mushfiqur Rahim,R Ashwin,0,0,"",""
ball,1,11.5,Bangladesh,Tamim Iqbal,Mushfiqur Rahim,R Ashwin,1,0,"",""
ball,1,11.6,Bangladesh,Mushfiqur Rahim,Tamim Iqbal,R Ashwin,0,0,"",""
ball,1,11.7,Bangladesh,Mushfiqur Rahim,Tamim Iqbal,R Ashwin,0,0,"",""
ball,1,12.1,Bangladesh,Tamim Iqbal,Mushfiqur Rahim,HH Pandya,0,0,"",""
ball,1,12.2,Bangladesh,Tamim Iqbal,Mushfiqur Rahim,HH Pandya,2,1,"",""
ball,1,12.3,Bangladesh,Tamim Iqbal,Mushfiqur Rahim,HH Pandya,2,0,"",""
ball,1,12.4,Bangladesh,Tamim Iqbal,Mushfiqur Rahim,HH Pandya,1,0,"",""
ball,1,12.5,Bangladesh,Mushfiqur Rahim,Tamim Iqbal,HH Pandya,1,0,"",""
ball,1,12.6,Bangladesh,Tamim Iqbal,Mushfiqur Rahim,HH Pandya,0,1,"",""
ball,1,12.7,Bangladesh,Tamim Iqbal,Mushfiqur Rahim,HH Pandya,0,1,"",""
ball,1,12.8,Bangladesh,Tamim Iqbal,Mushfiqur Rahim,HH Pandya,4,0,"",""
ball,1,12.9,Bangladesh,Tamim Iqbal,Mushfiqur Rahim,HH Pandya,1,0,"",""
ball,1,13.1,Bangladesh,Tamim Iqbal,Mushfiqur Rahim,R Ashwin,0,1,"",""
ball,1,13.2,Bangladesh,Tamim Iqbal,Mushfiqur Rahim,R Ashwin,0,0,"",""
ball,1,13.3,Bangladesh,Tamim Iqbal,Mushfiqur Rahim,R Ashwin,0,0,"",""
ball,1,13.4,Bangladesh,Tamim Iqbal,Mushfiqur Rahim,R Ashwin,1,0,"",""
ball,1,13.5,Bangladesh,Mushfiqur Rahim,Tamim Iqbal,R Ashwin,0,0,"",""
ball,1,13.6,Bangladesh,Mushfiqur Rahim,Tamim Iqbal,R Ashwin,1,0,"",""
ball,1,13.7,Bangladesh,Tamim Iqbal,Mushfiqur Rahim,R Ashwin,1,0,"",""
ball,1,14.1,Bangladesh,Tamim Iqbal,Mushfiqur Rahim,HH Pandya,0,0,"",""
ball,1,14.2,Bangladesh,Tamim Iqbal,Mushfiqur Rahim,HH Pandya,0,0,"",""
ball,1,14.3,Bangladesh,Tamim Iqbal,Mushfiqur Rahim,HH Pandya,1,0,"",""
ball,1,14.4,Bangladesh,Mushfiqur Rahim,Tamim Iqbal,HH Pandya,0,0,"",""
ball,1,14.5,Bangladesh,Mushfiqur Rahim,Tamim Iqbal,HH Pandya,1,0,"",""
ball,1,14.6,Bangladesh,Tamim Iqbal,Mushfiqur Rahim,HH Pandya,0,1,"",""
ball,1,14.7,Bangladesh,Tamim Iqbal,Mushfiqur Rahim,HH Pandya,1,0,"",""
ball,1,15.1,Bangladesh,Tamim Iqbal,Mushfiqur Rahim,R Ashwin,1,0,"",""
ball,1,15.2,Bangladesh,Mushfiqur Rahim,Tamim Iqbal,R Ashwin,1,0,"",""
ball,1,15.3,Bangladesh,Tamim Iqbal,Mushfiqur Rahim,R Ashwin,1,0,"",""
ball,1,15.4,Bangladesh,Mushfiqur Rahim,Tamim Iqbal,R Ashwin,1,0,"",""
ball,1,15.5,Bangladesh,Tamim Iqbal,Mushfiqur Rahim,R Ashwin,4,0,"",""
ball,1,15.6,Bangladesh,Tamim Iqbal,Mushfiqur Rahim,R Ashwin,1,0,"",""
ball,1,16.1,Bangladesh,Tamim Iqbal,Mushfiqur Rahim,HH Pandya,1,0,"",""
ball,1,16.2,Bangladesh,Mushfiqur Rahim,Tamim Iqbal,HH Pandya,1,0,"",""
ball,1,16.3,Bangladesh,Tamim Iqbal,Mushfiqur Rahim,HH Pandya,6,0,"",""
ball,1,16.4,Bangladesh,Tamim Iqbal,Mushfiqur Rahim,HH Pandya,1,0,"",""
ball,1,16.5,Bangladesh,Mushfiqur Rahim,Tamim Iqbal,HH Pandya,0,0,"",""
ball,1,16.6,Bangladesh,Mushfiqur Rahim,Tamim Iqbal,HH Pandya,1,0,"",""
ball,1,17.1,Bangladesh,Mushfiqur Rahim,Tamim Iqbal,R Ashwin,1,0,"",""
ball,1,17.2,Bangladesh,Tamim Iqbal,Mushfiqur Rahim,R Ashwin,0,0,"",""
ball,1,17.3,Bangladesh,Tamim Iqbal,Mushfiqur Rahim,R Ashwin,1,0,"",""
ball,1,17.4,Bangladesh,Mushfiqur Rahim,Tamim Iqbal,R Ashwin,2,0,"",""
ball,1,17.5,Bangladesh,Mushfiqur Rahim,Tamim Iqbal,R Ashwin,1,0,"",""
ball,1,17.6,Bangladesh,Tamim Iqbal,Mushfiqur Rahim,R Ashwin,1,0,"",""
ball,1,18.1,Bangladesh,Tamim Iqbal,Mushfiqur Rahim,RA Jadeja,2,0,"",""
ball,1,18.2,Bangladesh,Tamim Iqbal,Mushfiqur Rahim,RA Jadeja,1,0,"",""
ball,1,18.3,Bangladesh,Mushfiqur Rahim,Tamim Iqbal,RA Jadeja,0,0,"",""
ball,1,18.4,Bangladesh,Mushfiqur Rahim,Tamim Iqbal,RA Jadeja,0,0,"",""
ball,1,18.5,Bangladesh,Mushfiqur Rahim,Tamim Iqbal,RA Jadeja,1,0,"",""
ball,1,18.6,Bangladesh,Tamim Iqbal,Mushfiqur Rahim,RA Jadeja,4,0,"",""
ball,1,19.1,Bangladesh,Mushfiqur Rahim,Tamim Iqbal,R Ashwin,0,0,"",""
ball,1,19.2,Bangladesh,Mushfiqur Rahim,Tamim Iqbal,R Ashwin,0,0,"",""
ball,1,19.3,Bangladesh,Mushfiqur Rahim,Tamim Iqbal,R Ashwin,0,0,"",""
ball,1,19.4,Bangladesh,Mushfiqur Rahim,Tamim Iqbal,R Ashwin,0,0,"",""
ball,1,19.5,Bangladesh,Mushfiqur Rahim,Tamim Iqbal,R Ashwin,0,0,"",""
ball,1,19.6,Bangladesh,Mushfiqur Rahim,Tamim Iqbal,R Ashwin,1,0,"",""
ball,1,20.1,Bangladesh,Mushfiqur Rahim,Tamim Iqbal,RA Jadeja,4,0,"",""
ball,1,20.2,Bangladesh,Mushfiqur Rahim,Tamim Iqbal,RA Jadeja,0,0,"",""
ball,1,20.3,Bangladesh,Mushfiqur Rahim,Tamim Iqbal,RA Jadeja,0,0,"",""
ball,1,20.4,Bangladesh,Mushfiqur Rahim,Tamim Iqbal,RA Jadeja,0,0,"",""
ball,1,20.5,Bangladesh,Mushfiqur Rahim,Tamim Iqbal,RA Jadeja,1,0,"",""
ball,1,20.6,Bangladesh,Tamim Iqbal,Mushfiqur Rahim,RA Jadeja,0,0,"",""
ball,1,21.1,Bangladesh,Mushfiqur Rahim,Tamim Iqbal,R Ashwin,0,0,"",""
ball,1,21.2,Bangladesh,Mushfiqur Rahim,Tamim Iqbal,R Ashwin,0,0,"",""
ball,1,21.3,Bangladesh,Mushfiqur Rahim,Tamim Iqbal,R Ashwin,1,0,"",""
ball,1,21.4,Bangladesh,Tamim Iqbal,Mushfiqur Rahim,R Ashwin,4,0,"",""
ball,1,21.5,Bangladesh,Tamim Iqbal,Mushfiqur Rahim,R Ashwin,4,0,"",""
ball,1,21.6,Bangladesh,Tamim Iqbal,Mushfiqur Rahim,R Ashwin,4,0,"",""
ball,1,22.1,Bangladesh,Mushfiqur Rahim,Tamim Iqbal,RA Jadeja,2,0,"",""
ball,1,22.2,Bangladesh,Mushfiqur Rahim,Tamim Iqbal,RA Jadeja,1,0,"",""
ball,1,22.3,Bangladesh,Tamim Iqbal,Mushfiqur Rahim,RA Jadeja,0,0,"",""
ball,1,22.4,Bangladesh,Tamim Iqbal,Mushfiqur Rahim,RA Jadeja,1,0,"",""
ball,1,22.5,Bangladesh,Mushfiqur Rahim,Tamim Iqbal,RA Jadeja,2,0,"",""
ball,1,22.6,Bangladesh,Mushfiqur Rahim,Tamim Iqbal,RA Jadeja,1,0,"",""
ball,1,23.1,Bangladesh,Mushfiqur Rahim,Tamim Iqbal,R Ashwin,2,0,"",""
ball,1,23.2,Bangladesh,Mushfiqur Rahim,Tamim Iqbal,R Ashwin,1,0,"",""
ball,1,23.3,Bangladesh,Tamim Iqbal,Mushfiqur Rahim,R Ashwin,1,0,"",""
ball,1,23.4,Bangladesh,Mushfiqur Rahim,Tamim Iqbal,R Ashwin,1,0,"",""
ball,1,23.5,Bangladesh,Tamim Iqbal,Mushfiqur Rahim,R Ashwin,1,0,"",""
ball,1,23.6,Bangladesh,Mushfiqur Rahim,Tamim Iqbal,R Ashwin,1,0,"",""
ball,1,24.1,Bangladesh,Mushfiqur Rahim,Tamim Iqbal,RA Jadeja,1,0,"",""
ball,1,24.2,Bangladesh,Tamim Iqbal,Mushfiqur Rahim,RA Jadeja,0,0,"",""
ball,1,24.3,Bangladesh,Tamim Iqbal,Mushfiqur Rahim,RA Jadeja,1,0,"",""
ball,1,24.4,Bangladesh,Mushfiqur Rahim,Tamim Iqbal,RA Jadeja,2,0,"",""
ball,1,24.5,Bangladesh,Mushfiqur Rahim,Tamim Iqbal,RA Jadeja,0,0,"",""
ball,1,24.6,Bangladesh,Mushfiqur Rahim,Tamim Iqbal,RA Jadeja,1,0,"",""
ball,1,25.1,Bangladesh,Mushfiqur Rahim,Tamim Iqbal,KM Jadhav,1,0,"",""
ball,1,25.2,Bangladesh,Tamim Iqbal,Mushfiqur Rahim,KM Jadhav,1,0,"",""
ball,1,25.3,Bangladesh,Mushfiqur Rahim,Tamim Iqbal,KM Jadhav,1,0,"",""
ball,1,25.4,Bangladesh,Tamim Iqbal,Mushfiqur Rahim,KM Jadhav,1,0,"",""
ball,1,25.5,Bangladesh,Mushfiqur Rahim,Tamim Iqbal,KM Jadhav,1,0,"",""
ball,1,25.6,Bangladesh,Tamim Iqbal,Mushfiqur Rahim,KM Jadhav,1,0,"",""
ball,1,26.1,Bangladesh,Tamim Iqbal,Mushfiqur Rahim,RA Jadeja,0,1,"",""
ball,1,26.2,Bangladesh,Mushfiqur Rahim,Tamim Iqbal,RA Jadeja,1,0,"",""
ball,1,26.3,Bangladesh,Tamim Iqbal,Mushfiqur Rahim,RA Jadeja,0,0,"",""
ball,1,26.4,Bangladesh,Tamim Iqbal,Mushfiqur Rahim,RA Jadeja,0,0,"",""
ball,1,26.5,Bangladesh,Tamim Iqbal,Mushfiqur Rahim,RA Jadeja,1,0,"",""
ball,1,26.6,Bangladesh,Mushfiqur Rahim,Tamim Iqbal,RA Jadeja,1,0,"",""
ball,1,27.1,Bangladesh,Mushfiqur Rahim,Tamim Iqbal,KM Jadhav,0,0,"",""
ball,1,27.2,Bangladesh,Mushfiqur Rahim,Tamim Iqbal,KM Jadhav,0,0,"",""
ball,1,27.3,Bangladesh,Mushfiqur Rahim,Tamim Iqbal,KM Jadhav,0,1,"",""
ball,1,27.4,Bangladesh,Mushfiqur Rahim,Tamim Iqbal,KM Jadhav,1,0,"",""
ball,1,27.5,Bangladesh,Tamim Iqbal,Mushfiqur Rahim,KM Jadhav,0,0,"",""
ball,1,27.6,Bangladesh,Tamim Iqbal,Mushfiqur Rahim,KM Jadhav,0,0,"",""
ball,1,27.7,Bangladesh,Tamim Iqbal,Mushfiqur Rahim,KM Jadhav,0,0,bowled,Tamim Iqbal
ball,1,28.1,Bangladesh,Mushfiqur Rahim,Shakib Al Hasan,RA Jadeja,0,0,"",""
ball,1,28.2,Bangladesh,Mushfiqur Rahim,Shakib Al Hasan,RA Jadeja,0,0,"",""
ball,1,28.3,Bangladesh,Mushfiqur Rahim,Shakib Al Hasan,RA Jadeja,1,0,"",""
ball,1,28.4,Bangladesh,Shakib Al Hasan,Mushfiqur Rahim,RA Jadeja,0,0,"",""
ball,1,28.5,Bangladesh,Shakib Al Hasan,Mushfiqur Rahim,RA Jadeja,1,0,"",""
ball,1,28.6,Bangladesh,Mushfiqur Rahim,Shakib Al Hasan,RA Jadeja,0,0,"",""
ball,1,29.1,Bangladesh,Shakib Al Hasan,Mushfiqur Rahim,KM Jadhav,0,0,"",""
ball,1,29.2,Bangladesh,Shakib Al Hasan,Mushfiqur Rahim,KM Jadhav,1,0,"",""
ball,1,29.3,Bangladesh,Mushfiqur Rahim,Shakib Al Hasan,KM Jadhav,1,0,"",""
ball,1,29.4,Bangladesh,Shakib Al Hasan,Mushfiqur Rahim,KM Jadhav,1,0,"",""
ball,1,29.5,Bangladesh,Mushfiqur Rahim,Shakib Al Hasan,KM Jadhav,1,0,"",""
ball,1,29.6,Bangladesh,Shakib Al Hasan,Mushfiqur Rahim,KM Jadhav,1,0,"",""
ball,1,30.1,Bangladesh,Shakib Al Hasan,Mushfiqur Rahim,RA Jadeja,0,0,"",""
ball,1,30.2,Bangladesh,Shakib Al Hasan,Mushfiqur Rahim,RA Jadeja,0,0,"",""
ball,1,30.3,Bangladesh,Shakib Al Hasan,Mushfiqur Rahim,RA Jadeja,1,0,"",""
ball,1,30.4,Bangladesh,Mushfiqur Rahim,Shakib Al Hasan,RA Jadeja,0,0,"",""
ball,1,30.5,Bangladesh,Mushfiqur Rahim,Shakib Al Hasan,RA Jadeja,1,0,"",""
ball,1,30.6,Bangladesh,Shakib Al Hasan,Mushfiqur Rahim,RA Jadeja,1,0,"",""
ball,1,31.1,Bangladesh,Shakib Al Hasan,Mushfiqur Rahim,KM Jadhav,1,0,"",""
ball,1,31.2,Bangladesh,Mushfiqur Rahim,Shakib Al Hasan,KM Jadhav,0,0,"",""
ball,1,31.3,Bangladesh,Mushfiqur Rahim,Shakib Al Hasan,KM Jadhav,0,0,"",""
ball,1,31.4,Bangladesh,Mushfiqur Rahim,Shakib Al Hasan,KM Jadhav,1,0,"",""
ball,1,31.5,Bangladesh,Shakib Al Hasan,Mushfiqur Rahim,KM Jadhav,1,0,"",""
ball,1,31.6,Bangladesh,Mushfiqur Rahim,Shakib Al Hasan,KM Jadhav,0,0,"",""
ball,1,32.1,Bangladesh,Shakib Al Hasan,Mushfiqur Rahim,RA Jadeja,4,0,"",""
ball,1,32.2,Bangladesh,Shakib Al Hasan,Mushfiqur Rahim,RA Jadeja,1,0,"",""
ball,1,32.3,Bangladesh,Mushfiqur Rahim,Shakib Al Hasan,RA Jadeja,1,0,"",""
ball,1,32.4,Bangladesh,Shakib Al Hasan,Mushfiqur Rahim,RA Jadeja,1,0,"",""
ball,1,32.5,Bangladesh,Mushfiqur Rahim,Shakib Al Hasan,RA Jadeja,1,0,"",""
ball,1,32.6,Bangladesh,Shakib Al Hasan,Mushfiqur Rahim,RA Jadeja,0,0,"",""
ball,1,33.1,Bangladesh,Mushfiqur Rahim,Shakib Al Hasan,KM Jadhav,1,0,"",""
ball,1,33.2,Bangladesh,Shakib Al Hasan,Mushfiqur Rahim,KM Jadhav,0,0,"",""
ball,1,33.3,Bangladesh,Shakib Al Hasan,Mushfiqur Rahim,KM Jadhav,0,0,"",""
ball,1,33.4,Bangladesh,Shakib Al Hasan,Mushfiqur Rahim,KM Jadhav,0,0,"",""
ball,1,33.5,Bangladesh,Shakib Al Hasan,Mushfiqur Rahim,KM Jadhav,0,0,"",""
ball,1,33.6,Bangladesh,Shakib Al Hasan,Mushfiqur Rahim,KM Jadhav,1,0,"",""
ball,1,34.1,Bangladesh,Shakib Al Hasan,Mushfiqur Rahim,RA Jadeja,0,0,"",""
ball,1,34.2,Bangladesh,Shakib Al Hasan,Mushfiqur Rahim,RA Jadeja,0,0,caught,Shakib Al Hasan
ball,1,34.3,Bangladesh,Mahmudullah,Mushfiqur Rahim,RA Jadeja,1,0,"",""
ball,1,34.4,Bangladesh,Mushfiqur Rahim,Mahmudullah,RA Jadeja,0,0,"",""
ball,1,34.5,Bangladesh,Mushfiqur Rahim,Mahmudullah,RA Jadeja,0,0,"",""
ball,1,34.6,Bangladesh,Mushfiqur Rahim,Mahmudullah,RA Jadeja,1,0,"",""
ball,1,35.1,Bangladesh,Mushfiqur Rahim,Mahmudullah,KM Jadhav,0,0,"",""
ball,1,35.2,Bangladesh,Mushfiqur Rahim,Mahmudullah,KM Jadhav,0,0,caught,Mushfiqur Rahim
ball,1,35.3,Bangladesh,Mosaddek Hossain,Mahmudullah,KM Jadhav,0,0,"",""
ball,1,35.4,Bangladesh,Mosaddek Hossain,Mahmudullah,KM Jadhav,0,0,"",""
ball,1,35.5,Bangladesh,Mosaddek Hossain,Mahmudullah,KM Jadhav,0,0,"",""
ball,1,35.6,Bangladesh,Mosaddek Hossain,Mahmudullah,KM Jadhav,4,0,"",""
ball,1,36.1,Bangladesh,Mahmudullah,Mosaddek Hossain,RA Jadeja,1,0,"",""
ball,1,36.2,Bangladesh,Mosaddek Hossain,Mahmudullah,RA Jadeja,0,0,"",""
ball,1,36.3,Bangladesh,Mosaddek Hossain,Mahmudullah,RA Jadeja,0,0,"",""
ball,1,36.4,Bangladesh,Mosaddek Hossain,Mahmudullah,RA Jadeja,0,0,"",""
ball,1,36.5,Bangladesh,Mosaddek Hossain,Mahmudullah,RA Jadeja,0,0,"",""
ball,1,36.6,Bangladesh,Mosaddek Hossain,Mahmudullah,RA Jadeja,4,0,"",""
ball,1,37.1,Bangladesh,Mahmudullah,Mosaddek Hossain,R Ashwin,0,0,"",""
ball,1,37.2,Bangladesh,Mahmudullah,Mosaddek Hossain,R Ashwin,1,0,"",""
ball,1,37.3,Bangladesh,Mosaddek Hossain,Mahmudullah,R Ashwin,0,0,"",""
ball,1,37.4,Bangladesh,Mosaddek Hossain,Mahmudullah,R Ashwin,1,0,"",""
ball,1,37.5,Bangladesh,Mahmudullah,Mosaddek Hossain,R Ashwin,1,0,"",""
ball,1,37.6,Bangladesh,Mosaddek Hossain,Mahmudullah,R Ashwin,0,0,"",""
ball,1,38.1,Bangladesh,Mahmudullah,Mosaddek Hossain,HH Pandya,0,0,"",""
ball,1,38.2,Bangladesh,Mahmudullah,Mosaddek Hossain,HH Pandya,0,0,"",""
ball,1,38.3,Bangladesh,Mahmudullah,Mosaddek Hossain,HH Pandya,4,0,"",""
ball,1,38.4,Bangladesh,Mahmudullah,Mosaddek Hossain,HH Pandya,0,0,"",""
ball,1,38.5,Bangladesh,Mahmudullah,Mosaddek Hossain,HH Pandya,2,0,"",""
ball,1,38.6,Bangladesh,Mahmudullah,Mosaddek Hossain,HH Pandya,0,0,"",""
ball,1,39.1,Bangladesh,Mosaddek Hossain,Mahmudullah,R Ashwin,0,0,"",""
ball,1,39.2,Bangladesh,Mosaddek Hossain,Mahmudullah,R Ashwin,1,0,"",""
ball,1,39.3,Bangladesh,Mahmudullah,Mosaddek Hossain,R Ashwin,1,5,"",""
ball,1,39.4,Bangladesh,Mosaddek Hossain,Mahmudullah,R Ashwin,0,2,"",""
ball,1,39.5,Bangladesh,Mosaddek Hossain,Mahmudullah,R Ashwin,0,0,"",""
ball,1,39.6,Bangladesh,Mosaddek Hossain,Mahmudullah,R Ashwin,0,0,"",""
ball,1,39.7,Bangladesh,Mosaddek Hossain,Mahmudullah,R Ashwin,0,1,"",""
ball,1,39.8,Bangladesh,Mosaddek Hossain,Mahmudullah,R Ashwin,0,0,"",""
ball,1,40.1,Bangladesh,Mahmudullah,Mosaddek Hossain,JJ Bumrah,0,0,"",""
ball,1,40.2,Bangladesh,Mahmudullah,Mosaddek Hossain,JJ Bumrah,1,0,"",""
ball,1,40.3,Bangladesh,Mosaddek Hossain,Mahmudullah,JJ Bumrah,0,0,"",""
ball,1,40.4,Bangladesh,Mosaddek Hossain,Mahmudullah,JJ Bumrah,4,0,"",""
ball,1,40.5,Bangladesh,Mosaddek Hossain,Mahmudullah,JJ Bumrah,0,0,"",""
ball,1,40.6,Bangladesh,Mosaddek Hossain,Mahmudullah,JJ Bumrah,0,0,"",""
ball,1,41.1,Bangladesh,Mahmudullah,Mosaddek Hossain,R Ashwin,4,0,"",""
ball,1,41.2,Bangladesh,Mahmudullah,Mosaddek Hossain,R Ashwin,1,0,"",""
ball,1,41.3,Bangladesh,Mosaddek Hossain,Mahmudullah,R Ashwin,1,0,"",""
ball,1,41.4,Bangladesh,Mahmudullah,Mosaddek Hossain,R Ashwin,0,0,"",""
ball,1,41.5,Bangladesh,Mahmudullah,Mosaddek Hossain,R Ashwin,0,0,"",""
ball,1,41.6,Bangladesh,Mahmudullah,Mosaddek Hossain,R Ashwin,0,0,"",""
ball,1,42.1,Bangladesh,Mosaddek Hossain,Mahmudullah,JJ Bumrah,0,0,"",""
ball,1,42.2,Bangladesh,Mosaddek Hossain,Mahmudullah,JJ Bumrah,0,0,"",""
ball,1,42.3,Bangladesh,Mosaddek Hossain,Mahmudullah,JJ Bumrah,0,0,caught and bowled,Mosaddek Hossain
ball,1,42.4,Bangladesh,Mashrafe Mortaza,Mahmudullah,JJ Bumrah,0,0,"",""
ball,1,42.5,Bangladesh,Mashrafe Mortaza,Mahmudullah,JJ Bumrah,1,0,"",""
ball,1,42.6,Bangladesh,Mahmudullah,Mashrafe Mortaza,JJ Bumrah,1,0,"",""
ball,1,43.1,Bangladesh,Mahmudullah,Mashrafe Mortaza,B Kumar,0,0,"",""
ball,1,43.2,Bangladesh,Mahmudullah,Mashrafe Mortaza,B Kumar,1,0,"",""
ball,1,43.3,Bangladesh,Mashrafe Mortaza,Mahmudullah,B Kumar,0,0,"",""
ball,1,43.4,Bangladesh,Mashrafe Mortaza,Mahmudullah,B Kumar,4,0,"",""
ball,1,43.5,Bangladesh,Mashrafe Mortaza,Mahmudullah,B Kumar,0,0,"",""
ball,1,43.6,Bangladesh,Mashrafe Mortaza,Mahmudullah,B Kumar,1,0,"",""
ball,1,44.1,Bangladesh,Mashrafe Mortaza,Mahmudullah,JJ Bumrah,0,0,"",""
ball,1,44.2,Bangladesh,Mashrafe Mortaza,Mahmudullah,JJ Bumrah,0,0,"",""
ball,1,44.3,Bangladesh,Mashrafe Mortaza,Mahmudullah,JJ Bumrah,1,0,"",""
ball,1,44.4,Bangladesh,Mahmudullah,Mashrafe Mortaza,JJ Bumrah,0,0,"",""
ball,1,44.5,Bangladesh,Mahmudullah,Mashrafe Mortaza,JJ Bumrah,2,0,"",""
ball,1,44.6,Bangladesh,Mahmudullah,Mashrafe Mortaza,JJ Bumrah,0,0,bowled,Mahmudullah
ball,1,45.1,Bangladesh,Mashrafe Mortaza,Taskin Ahmed,B Kumar,1,0,"",""
ball,1,45.2,Bangladesh,Taskin Ahmed,Mashrafe Mortaza,B Kumar,0,0,"",""
ball,1,45.3,Bangladesh,Taskin Ahmed,Mashrafe Mortaza,B Kumar,1,0,"",""
ball,1,45.4,Bangladesh,Mashrafe Mortaza,Taskin Ahmed,B Kumar,4,0,"",""
ball,1,45.5,Bangladesh,Mashrafe Mortaza,Taskin Ahmed,B Kumar,0,0,"",""
ball,1,45.6,Bangladesh,Mashrafe Mortaza,Taskin Ahmed,B Kumar,1,0,"",""
ball,1,46.1,Bangladesh,Mashrafe Mortaza,Taskin Ahmed,JJ Bumrah,4,0,"",""
ball,1,46.2,Bangladesh,Mashrafe Mortaza,Taskin Ahmed,JJ Bumrah,0,0,"",""
ball,1,46.3,Bangladesh,Mashrafe Mortaza,Taskin Ahmed,JJ Bumrah,1,0,"",""
ball,1,46.4,Bangladesh,Taskin Ahmed,Mashrafe Mortaza,JJ Bumrah,0,0,"",""
ball,1,46.5,Bangladesh,Taskin Ahmed,Mashrafe Mortaza,JJ Bumrah,2,0,"",""
ball,1,46.6,Bangladesh,Taskin Ahmed,Mashrafe Mortaza,JJ Bumrah,0,1,"",""
ball,1,47.1,Bangladesh,Taskin Ahmed,Mashrafe Mortaza,B Kumar,0,0,"",""
ball,1,47.2,Bangladesh,Taskin Ahmed,Mashrafe Mortaza,B Kumar,0,0,"",""
ball,1,47.3,Bangladesh,Taskin Ahmed,Mashrafe Mortaza,B Kumar,0,0,"",""
ball,1,47.4,Bangladesh,Taskin Ahmed,Mashrafe Mortaza,B Kumar,0,0,"",""
ball,1,47.5,Bangladesh,Taskin Ahmed,Mashrafe Mortaza,B Kumar,0,0,"",""
ball,1,47.6,Bangladesh,Taskin Ahmed,Mashrafe Mortaza,B Kumar,4,0,"",""
ball,1,48.1,Bangladesh,Mashrafe Mortaza,Taskin Ahmed,JJ Bumrah,4,0,"",""
ball,1,48.2,Bangladesh,Mashrafe Mortaza,Taskin Ahmed,JJ Bumrah,4,0,"",""
ball,1,48.3,Bangladesh,Mashrafe Mortaza,Taskin Ahmed,JJ Bumrah,0,0,"",""
ball,1,48.4,Bangladesh,Mashrafe Mortaza,Taskin Ahmed,JJ Bumrah,0,0,"",""
ball,1,48.5,Bangladesh,Mashrafe Mortaza,Taskin Ahmed,JJ Bumrah,1,0,"",""
ball,1,48.6,Bangladesh,Taskin Ahmed,Mashrafe Mortaza,JJ Bumrah,1,0,"",""
ball,1,49.1,Bangladesh,Taskin Ahmed,Mashrafe Mortaza,B Kumar,1,0,"",""
ball,1,49.2,Bangladesh,Mashrafe Mortaza,Taskin Ahmed,B Kumar,0,0,"",""
ball,1,49.3,Bangladesh,Mashrafe Mortaza,Taskin Ahmed,B Kumar,0,1,"",""
ball,1,49.4,Bangladesh,Mashrafe Mortaza,Taskin Ahmed,B Kumar,2,0,"",""
ball,1,49.5,Bangladesh,Mashrafe Mortaza,Taskin Ahmed,B Kumar,0,0,"",""
ball,1,49.6,Bangladesh,Mashrafe Mortaza,Taskin Ahmed,B Kumar,1,0,"",""
ball,1,49.7,Bangladesh,Taskin Ahmed,Mashrafe Mortaza,B Kumar,1,0,"",""
ball,2,0.1,India,RG Sharma,S Dhawan,Mashrafe Mortaza,2,0,"",""
ball,2,0.2,India,RG Sharma,S Dhawan,Mashrafe Mortaza,0,0,"",""
ball,2,0.3,India,RG Sharma,S Dhawan,Mashrafe Mortaza,0,0,"",""
ball,2,0.4,India,RG Sharma,S Dhawan,Mashrafe Mortaza,0,0,"",""
ball,2,0.5,India,RG Sharma,S Dhawan,Mashrafe Mortaza,0,0,"",""
ball,2,0.6,India,RG Sharma,S Dhawan,Mashrafe Mortaza,0,0,"",""
ball,2,1.1,India,S Dhawan,RG Sharma,Mustafizur Rahman,0,0,"",""
ball,2,1.2,India,S Dhawan,RG Sharma,Mustafizur Rahman,4,0,"",""
ball,2,1.3,India,S Dhawan,RG Sharma,Mustafizur Rahman,4,0,"",""
ball,2,1.4,India,S Dhawan,RG Sharma,Mustafizur Rahman,0,0,"",""
ball,2,1.5,India,S Dhawan,RG Sharma,Mustafizur Rahman,1,0,"",""
ball,2,1.6,India,RG Sharma,S Dhawan,Mustafizur Rahman,0,0,"",""
ball,2,2.1,India,S Dhawan,RG Sharma,Mashrafe Mortaza,0,0,"",""
ball,2,2.2,India,S Dhawan,RG Sharma,Mashrafe Mortaza,1,0,"",""
ball,2,2.3,India,RG Sharma,S Dhawan,Mashrafe Mortaza,0,0,"",""
ball,2,2.4,India,RG Sharma,S Dhawan,Mashrafe Mortaza,1,0,"",""
ball,2,2.5,India,S Dhawan,RG Sharma,Mashrafe Mortaza,0,0,"",""
ball,2,2.6,India,S Dhawan,RG Sharma,Mashrafe Mortaza,0,0,"",""
ball,2,3.1,India,RG Sharma,S Dhawan,Mustafizur Rahman,4,0,"",""
ball,2,3.2,India,RG Sharma,S Dhawan,Mustafizur Rahman,0,0,"",""
ball,2,3.3,India,RG Sharma,S Dhawan,Mustafizur Rahman,0,0,"",""
ball,2,3.4,India,RG Sharma,S Dhawan,Mustafizur Rahman,4,0,"",""
ball,2,3.5,India,RG Sharma,S Dhawan,Mustafizur Rahman,0,0,"",""
ball,2,3.6,India,RG Sharma,S Dhawan,Mustafizur Rahman,4,0,"",""
ball,2,4.1,India,S Dhawan,RG Sharma,Mashrafe Mortaza,1,0,"",""
ball,2,4.2,India,RG Sharma,S Dhawan,Mashrafe Mortaza,0,0,"",""
ball,2,4.3,India,RG Sharma,S Dhawan,Mashrafe Mortaza,0,0,"",""
ball,2,4.4,India,RG Sharma,S Dhawan,Mashrafe Mortaza,4,0,"",""
ball,2,4.5,India,RG Sharma,S Dhawan,Mashrafe Mortaza,0,0,"",""
ball,2,4.6,India,RG Sharma,S Dhawan,Mashrafe Mortaza,1,0,"",""
ball,2,5.1,India,RG Sharma,S Dhawan,Taskin Ahmed,0,0,"",""
ball,2,5.2,India,RG Sharma,S Dhawan,Taskin Ahmed,0,0,"",""
ball,2,5.3,India,RG Sharma,S Dhawan,Taskin Ahmed,0,0,"",""
ball,2,5.4,India,RG Sharma,S Dhawan,Taskin Ahmed,1,0,"",""
ball,2,5.5,India,S Dhawan,RG Sharma,Taskin Ahmed,0,0,"",""
ball,2,5.6,India,S Dhawan,RG Sharma,Taskin Ahmed,4,0,"",""
ball,2,6.1,India,RG Sharma,S Dhawan,Mashrafe Mortaza,0,0,"",""
ball,2,6.2,India,RG Sharma,S Dhawan,Mashrafe Mortaza,0,0,"",""
ball,2,6.3,India,RG Sharma,S Dhawan,Mashrafe Mortaza,0,0,"",""
ball,2,6.4,India,RG Sharma,S Dhawan,Mashrafe Mortaza,0,0,"",""
ball,2,6.5,India,RG Sharma,S Dhawan,Mashrafe Mortaza,4,0,"",""
ball,2,6.6,India,RG Sharma,S Dhawan,Mashrafe Mortaza,0,0,"",""
ball,2,7.1,India,S Dhawan,RG Sharma,Taskin Ahmed,1,0,"",""
ball,2,7.2,India,RG Sharma,S Dhawan,Taskin Ahmed,1,0,"",""
ball,2,7.3,India,S Dhawan,RG Sharma,Taskin Ahmed,4,0,"",""
ball,2,7.4,India,S Dhawan,RG Sharma,Taskin Ahmed,0,0,"",""
ball,2,7.5,India,S Dhawan,RG Sharma,Taskin Ahmed,4,0,"",""
ball,2,7.6,India,S Dhawan,RG Sharma,Taskin Ahmed,6,0,"",""
ball,2,8.1,India,RG Sharma,S Dhawan,Mashrafe Mortaza,0,0,"",""
ball,2,8.2,India,RG Sharma,S Dhawan,Mashrafe Mortaza,0,0,"",""
ball,2,8.3,India,RG Sharma,S Dhawan,Mashrafe Mortaza,0,0,"",""
ball,2,8.4,India,RG Sharma,S Dhawan,Mashrafe Mortaza,2,0,"",""
ball,2,8.5,India,RG Sharma,S Dhawan,Mashrafe Mortaza,1,0,"",""
ball,2,8.6,India,S Dhawan,RG Sharma,Mashrafe Mortaza,1,0,"",""
ball,2,9.1,India,S Dhawan,RG Sharma,Rubel Hossain,0,0,"",""
ball,2,9.2,India,S Dhawan,RG Sharma,Rubel Hossain,1,0,"",""
ball,2,9.3,India,RG Sharma,S Dhawan,Rubel Hossain,2,0,"",""
ball,2,9.4,India,RG Sharma,S Dhawan,Rubel Hossain,0,0,"",""
ball,2,9.5,India,RG Sharma,S Dhawan,Rubel Hossain,0,0,"",""
ball,2,9.6,India,RG Sharma,S Dhawan,Rubel Hossain,0,0,"",""
ball,2,10.1,India,S Dhawan,RG Sharma,Mashrafe Mortaza,1,0,"",""
ball,2,10.2,India,RG Sharma,S Dhawan,Mashrafe Mortaza,0,0,"",""
ball,2,10.3,India,RG Sharma,S Dhawan,Mashrafe Mortaza,1,0,"",""
ball,2,10.4,India,S Dhawan,RG Sharma,Mashrafe Mortaza,1,0,"",""
ball,2,10.5,India,RG Sharma,S Dhawan,Mashrafe Mortaza,0,0,"",""
ball,2,10.6,India,RG Sharma,S Dhawan,Mashrafe Mortaza,1,0,"",""
ball,2,11.1,India,RG Sharma,S Dhawan,Rubel Hossain,1,0,"",""
ball,2,11.2,India,S Dhawan,RG Sharma,Rubel Hossain,4,0,"",""
ball,2,11.3,India,S Dhawan,RG Sharma,Rubel Hossain,0,0,"",""
ball,2,11.4,India,S Dhawan,RG Sharma,Rubel Hossain,1,0,"",""
ball,2,11.5,India,RG Sharma,S Dhawan,Rubel Hossain,1,0,"",""
ball,2,11.6,India,S Dhawan,RG Sharma,Rubel Hossain,0,0,"",""
ball,2,12.1,India,RG Sharma,S Dhawan,Mashrafe Mortaza,0,0,"",""
ball,2,12.2,India,RG Sharma,S Dhawan,Mashrafe Mortaza,0,0,"",""
ball,2,12.3,India,RG Sharma,S Dhawan,Mashrafe Mortaza,1,0,"",""
ball,2,12.4,India,S Dhawan,RG Sharma,Mashrafe Mortaza,0,0,"",""
ball,2,12.5,India,S Dhawan,RG Sharma,Mashrafe Mortaza,1,0,"",""
ball,2,12.6,India,RG Sharma,S Dhawan,Mashrafe Mortaza,1,0,"",""
ball,2,13.1,India,RG Sharma,S Dhawan,Shakib Al Hasan,1,0,"",""
ball,2,13.2,India,S Dhawan,RG Sharma,Shakib Al Hasan,1,0,"",""
ball,2,13.3,India,RG Sharma,S Dhawan,Shakib Al Hasan,0,0,"",""
ball,2,13.4,India,RG Sharma,S Dhawan,Shakib Al Hasan,2,0,"",""
ball,2,13.5,India,RG Sharma,S Dhawan,Shakib Al Hasan,1,0,"",""
ball,2,13.6,India,S Dhawan,RG Sharma,Shakib Al Hasan,1,0,"",""
ball,2,14.1,India,S Dhawan,RG Sharma,Mashrafe Mortaza,0,0,"",""
ball,2,14.2,India,S Dhawan,RG Sharma,Mashrafe Mortaza,0,0,"",""
ball,2,14.3,India,S Dhawan,RG Sharma,Mashrafe Mortaza,4,0,"",""
ball,2,14.4,India,S Dhawan,RG Sharma,Mashrafe Mortaza,0,0,caught,S Dhawan
ball,2,14.5,India,V Kohli,RG Sharma,Mashrafe Mortaza,0,0,"",""
ball,2,14.6,India,V Kohli,RG Sharma,Mashrafe Mortaza,0,0,"",""
ball,2,15.1,India,RG Sharma,V Kohli,Shakib Al Hasan,4,0,"",""
ball,2,15.2,India,RG Sharma,V Kohli,Shakib Al Hasan,4,0,"",""
ball,2,15.3,India,RG Sharma,V Kohli,Shakib Al Hasan,1,0,"",""
ball,2,15.4,India,V Kohli,RG Sharma,Shakib Al Hasan,1,0,"",""
ball,2,15.5,India,RG Sharma,V Kohli,Shakib Al Hasan,1,0,"",""
ball,2,15.6,India,V Kohli,RG Sharma,Shakib Al Hasan,1,0,"",""
ball,2,16.1,India,V Kohli,RG Sharma,Rubel Hossain,0,0,"",""
ball,2,16.2,India,V Kohli,RG Sharma,Rubel Hossain,1,0,"",""
ball,2,16.3,India,RG Sharma,V Kohli,Rubel Hossain,1,0,"",""
ball,2,16.4,India,V Kohli,RG Sharma,Rubel Hossain,1,0,"",""
ball,2,16.5,India,RG Sharma,V Kohli,Rubel Hossain,0,0,"",""
ball,2,16.6,India,RG Sharma,V Kohli,Rubel Hossain,0,0,"",""
ball,2,17.1,India,V Kohli,RG Sharma,Mustafizur Rahman,0,0,"",""
ball,2,17.2,India,V Kohli,RG Sharma,Mustafizur Rahman,1,0,"",""
ball,2,17.3,India,RG Sharma,V Kohli,Mustafizur Rahman,2,0,"",""
ball,2,17.4,India,RG Sharma,V Kohli,Mustafizur Rahman,0,0,"",""
ball,2,17.5,India,RG Sharma,V Kohli,Mustafizur Rahman,1,0,"",""
ball,2,17.6,India,V Kohli,RG Sharma,Mustafizur Rahman,0,0,"",""
ball,2,18.1,India,RG Sharma,V Kohli,Rubel Hossain,1,0,"",""
ball,2,18.2,India,V Kohli,RG Sharma,Rubel Hossain,0,0,"",""
ball,2,18.3,India,V Kohli,RG Sharma,Rubel Hossain,0,0,"",""
ball,2,18.4,India,V Kohli,RG Sharma,Rubel Hossain,3,0,"",""
ball,2,18.5,India,RG Sharma,V Kohli,Rubel Hossain,4,0,"",""
ball,2,18.6,India,RG Sharma,V Kohli,Rubel Hossain,4,0,"",""
ball,2,19.1,India,V Kohli,RG Sharma,Mustafizur Rahman,1,0,"",""
ball,2,19.2,India,RG Sharma,V Kohli,Mustafizur Rahman,0,0,"",""
ball,2,19.3,India,RG Sharma,V Kohli,Mustafizur Rahman,0,0,"",""
ball,2,19.4,India,RG Sharma,V Kohli,Mustafizur Rahman,1,0,"",""
ball,2,19.5,India,V Kohli,RG Sharma,Mustafizur Rahman,4,0,"",""
ball,2,19.6,India,V Kohli,RG Sharma,Mustafizur Rahman,0,0,"",""
ball,2,20.1,India,RG Sharma,V Kohli,Rubel Hossain,1,0,"",""
ball,2,20.2,India,V Kohli,RG Sharma,Rubel Hossain,1,0,"",""
ball,2,20.3,India,RG Sharma,V Kohli,Rubel Hossain,0,0,"",""
ball,2,20.4,India,RG Sharma,V Kohli,Rubel Hossain,1,0,"",""
ball,2,20.5,India,V Kohli,RG Sharma,Rubel Hossain,1,0,"",""
ball,2,20.6,India,RG Sharma,V Kohli,Rubel Hossain,0,0,"",""
ball,2,21.1,India,V Kohli,RG Sharma,Mustafizur Rahman,4,0,"",""
ball,2,21.2,India,V Kohli,RG Sharma,Mustafizur Rahman,4,0,"",""
ball,2,21.3,India,V Kohli,RG Sharma,Mustafizur Rahman,1,0,"",""
ball,2,21.4,India,RG Sharma,V Kohli,Mustafizur Rahman,0,0,"",""
ball,2,21.5,India,RG Sharma,V Kohli,Mustafizur Rahman,0,0,"",""
ball,2,21.6,India,RG Sharma,V Kohli,Mustafizur Rahman,2,0,"",""
ball,2,22.1,India,V Kohli,RG Sharma,Rubel Hossain,4,0,"",""
ball,2,22.2,India,V Kohli,RG Sharma,Rubel Hossain,3,0,"",""
ball,2,22.3,India,RG Sharma,V Kohli,Rubel Hossain,1,0,"",""
ball,2,22.4,India,V Kohli,RG Sharma,Rubel Hossain,1,0,"",""
ball,2,22.5,India,RG Sharma,V Kohli,Rubel Hossain,4,0,"",""
ball,2,22.6,India,RG Sharma,V Kohli,Rubel Hossain,4,0,"",""
ball,2,23.1,India,V Kohli,RG Sharma,Mosaddek Hossain,1,0,"",""
ball,2,23.2,India,RG Sharma,V Kohli,Mosaddek Hossain,1,0,"",""
ball,2,23.3,India,V Kohli,RG Sharma,Mosaddek Hossain,1,0,"",""
ball,2,23.4,India,RG Sharma,V Kohli,Mosaddek Hossain,0,0,"",""
ball,2,23.5,India,RG Sharma,V Kohli,Mosaddek Hossain,1,0,"",""
ball,2,23.6,India,V Kohli,RG Sharma,Mosaddek Hossain,1,0,"",""
ball,2,24.1,India,V Kohli,RG Sharma,Taskin Ahmed,0,0,"",""
ball,2,24.2,India,V Kohli,RG Sharma,Taskin Ahmed,1,0,"",""
ball,2,24.3,India,RG Sharma,V Kohli,Taskin Ahmed,1,0,"",""
ball,2,24.4,India,V Kohli,RG Sharma,Taskin Ahmed,0,0,"",""
ball,2,24.5,India,V Kohli,RG Sharma,Taskin Ahmed,1,0,"",""
ball,2,24.6,India,RG Sharma,V Kohli,Taskin Ahmed,0,0,"",""
ball,2,25.1,India,V Kohli,RG Sharma,Mosaddek Hossain,1,0,"",""
ball,2,25.2,India,RG Sharma,V Kohli,Mosaddek Hossain,1,0,"",""
ball,2,25.3,India,V Kohli,RG Sharma,Mosaddek Hossain,4,0,"",""
ball,2,25.4,India,V Kohli,RG Sharma,Mosaddek Hossain,0,0,"",""
ball,2,25.5,India,V Kohli,RG Sharma,Mosaddek Hossain,1,0,"",""
ball,2,25.6,India,RG Sharma,V Kohli,Mosaddek Hossain,1,0,"",""
ball,2,26.1,India,RG Sharma,V Kohli,Taskin Ahmed,0,0,"",""
ball,2,26.2,India,RG Sharma,V Kohli,Taskin Ahmed,0,0,"",""
ball,2,26.3,India,RG Sharma,V Kohli,Taskin Ahmed,0,0,"",""
ball,2,26.4,India,RG Sharma,V Kohli,Taskin Ahmed,0,0,"",""
ball,2,26.5,India,RG Sharma,V Kohli,Taskin Ahmed,1,0,"",""
ball,2,26.6,India,V Kohli,RG Sharma,Taskin Ahmed,0,0,"",""
ball,2,27.1,India,RG Sharma,V Kohli,Shakib Al Hasan,1,0,"",""
ball,2,27.2,India,V Kohli,RG Sharma,Shakib Al Hasan,1,0,"",""
ball,2,27.3,India,RG Sharma,V Kohli,Shakib Al Hasan,0,0,"",""
ball,2,27.4,India,RG Sharma,V Kohli,Shakib Al Hasan,1,0,"",""
ball,2,27.5,India,V Kohli,RG Sharma,Shakib Al Hasan,0,0,"",""
ball,2,27.6,India,V Kohli,RG Sharma,Shakib Al Hasan,1,0,"",""
ball,2,28.1,India,V Kohli,RG Sharma,Taskin Ahmed,1,0,"",""
ball,2,28.2,India,RG Sharma,V Kohli,Taskin Ahmed,1,0,"",""
ball,2,28.3,India,V Kohli,RG Sharma,Taskin Ahmed,1,0,"",""
ball,2,28.4,India,RG Sharma,V Kohli,Taskin Ahmed,0,0,"",""
ball,2,28.5,India,RG Sharma,V Kohli,Taskin Ahmed,1,0,"",""
ball,2,28.6,India,V Kohli,RG Sharma,Taskin Ahmed,4,0,"",""
ball,2,29.1,India,RG Sharma,V Kohli,Shakib Al Hasan,1,0,"",""
ball,2,29.2,India,V Kohli,RG Sharma,Shakib Al Hasan,0,0,"",""
ball,2,29.3,India,V Kohli,RG Sharma,Shakib Al Hasan,1,0,"",""
ball,2,29.4,India,RG Sharma,V Kohli,Shakib Al Hasan,1,0,"",""
ball,2,29.5,India,V Kohli,RG Sharma,Shakib Al Hasan,0,0,"",""
ball,2,29.6,India,V Kohli,RG Sharma,Shakib Al Hasan,0,0,"",""
ball,2,30.1,India,RG Sharma,V Kohli,Mahmudullah,4,0,"",""
ball,2,30.2,India,RG Sharma,V Kohli,Mahmudullah,0,0,"",""
ball,2,30.3,India,RG Sharma,V Kohli,Mahmudullah,0,0,"",""
ball,2,30.4,India,RG Sharma,V Kohli,Mahmudullah,1,0,"",""
ball,2,30.5,India,V Kohli,RG Sharma,Mahmudullah,4,0,"",""
ball,2,30.6,India,V Kohli,RG Sharma,Mahmudullah,1,0,"",""
ball,2,31.1,India,V Kohli,RG Sharma,Shakib Al Hasan,1,0,"",""
ball,2,31.2,India,RG Sharma,V Kohli,Shakib Al Hasan,0,0,"",""
ball,2,31.3,India,RG Sharma,V Kohli,Shakib Al Hasan,0,0,"",""
ball,2,31.4,India,RG Sharma,V Kohli,Shakib Al Hasan,1,0,"",""
ball,2,31.5,India,V Kohli,RG Sharma,Shakib Al Hasan,0,0,"",""
ball,2,31.6,India,V Kohli,RG Sharma,Shakib Al Hasan,1,0,"",""
ball,2,32.1,India,V Kohli,RG Sharma,Mustafizur Rahman,4,0,"",""
ball,2,32.2,India,V Kohli,RG Sharma,Mustafizur Rahman,1,0,"",""
ball,2,32.3,India,RG Sharma,V Kohli,Mustafizur Rahman,0,0,"",""
ball,2,32.4,India,RG Sharma,V Kohli,Mustafizur Rahman,0,0,"",""
ball,2,32.5,India,RG Sharma,V Kohli,Mustafizur Rahman,0,0,"",""
ball,2,32.6,India,RG Sharma,V Kohli,Mustafizur Rahman,6,0,"",""
ball,2,33.1,India,V Kohli,RG Sharma,Shakib Al Hasan,0,0,"",""
ball,2,33.2,India,V Kohli,RG Sharma,Shakib Al Hasan,4,0,"",""
ball,2,33.3,India,V Kohli,RG Sharma,Shakib Al Hasan,0,0,"",""
ball,2,33.4,India,V Kohli,RG Sharma,Shakib Al Hasan,1,0,"",""
ball,2,33.5,India,RG Sharma,V Kohli,Shakib Al Hasan,0,0,"",""
ball,2,33.6,India,RG Sharma,V Kohli,Shakib Al Hasan,1,0,"",""
ball,2,34.1,India,RG Sharma,V Kohli,Taskin Ahmed,0,0,"",""
ball,2,34.2,India,RG Sharma,V Kohli,Taskin Ahmed,0,0,"",""
ball,2,34.3,India,RG Sharma,V Kohli,Taskin Ahmed,4,0,"",""
ball,2,34.4,India,RG Sharma,V Kohli,Taskin Ahmed,1,0,"",""
ball,2,34.5,India,V Kohli,RG Sharma,Taskin Ahmed,1,0,"",""
ball,2,34.6,India,RG Sharma,V Kohli,Taskin Ahmed,0,0,"",""
ball,2,35.1,India,V Kohli,RG Sharma,Shakib Al Hasan,1,0,"",""
ball,2,35.2,India,RG Sharma,V Kohli,Shakib Al Hasan,1,0,"",""
ball,2,35.3,India,V Kohli,RG Sharma,Shakib Al Hasan,0,0,"",""
ball,2,35.4,India,V Kohli,RG Sharma,Shakib Al Hasan,1,0,"",""
ball,2,35.5,India,RG Sharma,V Kohli,Shakib Al Hasan,1,0,"",""
ball,2,35.6,India,V Kohli,RG Sharma,Shakib Al Hasan,1,0,"",""
ball,2,36.1,India,V Kohli,RG Sharma,Taskin Ahmed,4,0,"",""
ball,2,36.2,India,V Kohli,RG Sharma,Taskin Ahmed,0,0,"",""
ball,2,36.3,India,V Kohli,RG Sharma,Taskin Ahmed,1,0,"",""
ball,2,36.4,India,RG Sharma,V Kohli,Taskin Ahmed,4,0,"",""
ball,2,36.5,India,RG Sharma,V Kohli,Taskin Ahmed,1,0,"",""
ball,2,36.6,India,V Kohli,RG Sharma,Taskin Ahmed,0,0,"",""
ball,2,37.1,India,RG Sharma,V Kohli,Shakib Al Hasan,0,0,"",""
ball,2,37.2,India,RG Sharma,V Kohli,Shakib Al Hasan,1,0,"",""
ball,2,37.3,India,V Kohli,RG Sharma,Shakib Al Hasan,0,0,"",""
ball,2,37.4,India,V Kohli,RG Sharma,Shakib Al Hasan,4,0,"",""
ball,2,37.5,India,V Kohli,RG Sharma,Shakib Al Hasan,1,0,"",""
ball,2,37.6,India,RG Sharma,V Kohli,Shakib Al Hasan,4,0,"",""
ball,2,38.1,India,V Kohli,RG Sharma,Sabbir Rahman,4,0,"",""
ball,2,38.2,India,V Kohli,RG Sharma,Sabbir Rahman,0,0,"",""
ball,2,38.3,India,V Kohli,RG Sharma,Sabbir Rahman,1,0,"",""
ball,2,38.4,India,RG Sharma,V Kohli,Sabbir Rahman,1,0,"",""
ball,2,38.5,India,V Kohli,RG Sharma,Sabbir Rahman,1,0,"",""
ball,2,38.6,India,RG Sharma,V Kohli,Sabbir Rahman,0,0,"",""
ball,2,39.1,India,V Kohli,RG Sharma,Shakib Al Hasan,0,0,"",""
ball,2,39.2,India,V Kohli,RG Sharma,Shakib Al Hasan,1,0,"",""
ball,2,39.3,India,RG Sharma,V Kohli,Shakib Al Hasan,1,0,"",""
ball,2,39.4,India,V Kohli,RG Sharma,Shakib Al Hasan,1,0,"",""
ball,2,39.5,India,RG Sharma,V Kohli,Shakib Al Hasan,1,0,"",""
ball,2,39.6,India,V Kohli,RG Sharma,Shakib Al Hasan,1,0,"",""
ball,2,40.1,India,V Kohli,RG Sharma,Sabbir Rahman,4,0,"",""
