version,1.3.0
info,team,India
info,team,Pakistan
info,gender,male
info,season,2017
info,date,2017/06/18
info,competition,ICC Champions Trophy
info,venue,Kennington Oval
info,city,London
info,neutralvenue,true
info,toss_winner,India
info,toss_decision,field
info,player_of_match,Fakhar Zaman
info,umpire,M Erasmus
info,umpire,RA Kettleborough
info,reserve_umpire,HDPK Dharmasena
info,tv_umpire,RJ Tucker
info,match_referee,DC Boon
info,winner,Pakistan
info,winner_runs,180
ball,1,0.1,Pakistan,Azhar Ali,Fakhar Zaman,B Kumar,0,0,"",""
ball,1,0.2,Pakistan,Azhar Ali,Fakhar Zaman,B Kumar,0,0,"",""
ball,1,0.3,Pakistan,Azhar Ali,Fakhar Zaman,B Kumar,0,0,"",""
ball,1,0.4,Pakistan,Azhar Ali,Fakhar Zaman,B Kumar,0,0,"",""
ball,1,0.5,Pakistan,Azhar Ali,Fakhar Zaman,B Kumar,0,0,"",""
ball,1,0.6,Pakistan,Azhar Ali,Fakhar Zaman,B Kumar,0,0,"",""
ball,1,1.1,Pakistan,Fakhar Zaman,Azhar Ali,JJ Bumrah,0,0,"",""
ball,1,1.2,Pakistan,Fakhar Zaman,Azhar Ali,JJ Bumrah,0,0,"",""
ball,1,1.3,Pakistan,Fakhar Zaman,Azhar Ali,JJ Bumrah,0,1,"",""
ball,1,1.4,Pakistan,Fakhar Zaman,Azhar Ali,JJ Bumrah,1,0,"",""
ball,1,1.5,Pakistan,Azhar Ali,Fakhar Zaman,JJ Bumrah,1,0,"",""
ball,1,1.6,Pakistan,Fakhar Zaman,Azhar Ali,JJ Bumrah,0,0,"",""
ball,1,1.7,Pakistan,Fakhar Zaman,Azhar Ali,JJ Bumrah,0,0,"",""
ball,1,2.1,Pakistan,Azhar Ali,Fakhar Zaman,B Kumar,1,0,"",""
ball,1,2.2,Pakistan,Fakhar Zaman,Azhar Ali,B Kumar,1,0,"",""
ball,1,2.3,Pakistan,Azhar Ali,Fakhar Zaman,B Kumar,1,0,"",""
ball,1,2.4,Pakistan,Fakhar Zaman,Azhar Ali,B Kumar,1,0,"",""
ball,1,2.5,Pakistan,Azhar Ali,Fakhar Zaman,B Kumar,0,0,"",""
ball,1,2.6,Pakistan,Azhar Ali,Fakhar Zaman,B Kumar,0,0,"",""
ball,1,3.1,Pakistan,Fakhar Zaman,Azhar Ali,JJ Bumrah,0,1,"",""
ball,1,3.2,Pakistan,Fakhar Zaman,Azhar Ali,JJ Bumrah,0,1,"",""
ball,1,3.3,Pakistan,Fakhar Zaman,Azhar Ali,JJ Bumrah,0,0,"",""
ball,1,3.4,Pakistan,Fakhar Zaman,Azhar Ali,JJ Bumrah,4,0,"",""
ball,1,3.5,Pakistan,Fakhar Zaman,Azhar Ali,JJ Bumrah,1,0,"",""
ball,1,3.6,Pakistan,Azhar Ali,Fakhar Zaman,JJ Bumrah,4,0,"",""
ball,1,3.7,Pakistan,Azhar Ali,Fakhar Zaman,JJ Bumrah,0,0,"",""
ball,1,3.8,Pakistan,Azhar Ali,Fakhar Zaman,JJ Bumrah,0,1,"",""
ball,1,3.9,Pakistan,Azhar Ali,Fakhar Zaman,JJ Bumrah,0,0,"",""
ball,1,4.1,Pakistan,Fakhar Zaman,Azhar Ali,B Kumar,0,0,"",""
ball,1,4.2,Pakistan,Fakhar Zaman,Azhar Ali,B Kumar,0,0,"",""
ball,1,4.3,Pakistan,Fakhar Zaman,Azhar Ali,B Kumar,0,4,"",""
ball,1,4.4,Pakistan,Fakhar Zaman,Azhar Ali,B Kumar,0,0,"",""
ball,1,4.5,Pakistan,Fakhar Zaman,Azhar Ali,B Kumar,4,0,"",""
ball,1,4.6,Pakistan,Fakhar Zaman,Azhar Ali,B Kumar,0,0,"",""
ball,1,5.1,Pakistan,Azhar Ali,Fakhar Zaman,JJ Bumrah,4,0,"",""
ball,1,5.2,Pakistan,Azhar Ali,Fakhar Zaman,JJ Bumrah,0,0,"",""
ball,1,5.3,Pakistan,Azhar Ali,Fakhar Zaman,JJ Bumrah,0,0,"",""
ball,1,5.4,Pakistan,Azhar Ali,Fakhar Zaman,JJ Bumrah,0,1,"",""
ball,1,5.5,Pakistan,Azhar Ali,Fakhar Zaman,JJ Bumrah,0,0,"",""
ball,1,5.6,Pakistan,Azhar Ali,Fakhar Zaman,JJ Bumrah,4,0,"",""
ball,1,5.7,Pakistan,Azhar Ali,Fakhar Zaman,JJ Bumrah,0,0,"",""
ball,1,6.1,Pakistan,Fakhar Zaman,Azhar Ali,B Kumar,1,0,"",""
ball,1,6.2,Pakistan,Azhar Ali,Fakhar Zaman,B Kumar,0,0,"",""
ball,1,6.3,Pakistan,Azhar Ali,Fakhar Zaman,B Kumar,0,0,"",""
ball,1,6.4,Pakistan,Azhar Ali,Fakhar Zaman,B Kumar,1,0,"",""
ball,1,6.5,Pakistan,Fakhar Zaman,Azhar Ali,B Kumar,0,0,"",""
ball,1,6.6,Pakistan,Fakhar Zaman,Azhar Ali,B Kumar,0,0,"",""
ball,1,7.1,Pakistan,Azhar Ali,Fakhar Zaman,R Ashwin,0,0,"",""
ball,1,7.2,Pakistan,Azhar Ali,Fakhar Zaman,R Ashwin,0,1,"",""
ball,1,7.3,Pakistan,Azhar Ali,Fakhar Zaman,R Ashwin,1,0,"",""
ball,1,7.4,Pakistan,Fakhar Zaman,Azhar Ali,R Ashwin,0,1,"",""
ball,1,7.5,Pakistan,Fakhar Zaman,Azhar Ali,R Ashwin,1,0,"",""
ball,1,7.6,Pakistan,Azhar Ali,Fakhar Zaman,R Ashwin,0,0,"",""
ball,1,7.7,Pakistan,Azhar Ali,Fakhar Zaman,R Ashwin,6,0,"",""
ball,1,7.8,Pakistan,Azhar Ali,Fakhar Zaman,R Ashwin,0,0,"",""
ball,1,8.1,Pakistan,Fakhar Zaman,Azhar Ali,B Kumar,0,0,"",""
ball,1,8.2,Pakistan,Fakhar Zaman,Azhar Ali,B Kumar,0,0,"",""
ball,1,8.3,Pakistan,Fakhar Zaman,Azhar Ali,B Kumar,0,0,"",""
ball,1,8.4,Pakistan,Fakhar Zaman,Azhar Ali,B Kumar,0,0,"",""
ball,1,8.5,Pakistan,Fakhar Zaman,Azhar Ali,B Kumar,0,0,"",""
ball,1,8.6,Pakistan,Fakhar Zaman,Azhar Ali,B Kumar,0,0,"",""
ball,1,9.1,Pakistan,Azhar Ali,Fakhar Zaman,R Ashwin,0,0,"",""
ball,1,9.2,Pakistan,Azhar Ali,Fakhar Zaman,R Ashwin,4,0,"",""
ball,1,9.3,Pakistan,Azhar Ali,Fakhar Zaman,R Ashwin,1,0,"",""
ball,1,9.4,Pakistan,Fakhar Zaman,Azhar Ali,R Ashwin,1,0,"",""
ball,1,9.5,Pakistan,Azhar Ali,Fakhar Zaman,R Ashwin,1,0,"",""
ball,1,9.6,Pakistan,Fakhar Zaman,Azhar Ali,R Ashwin,1,0,"",""
ball,1,10.1,Pakistan,Fakhar Zaman,Azhar Ali,JJ Bumrah,1,0,"",""
ball,1,10.2,Pakistan,Azhar Ali,Fakhar Zaman,JJ Bumrah,1,0,"",""
ball,1,10.3,Pakistan,Fakhar Zaman,Azhar Ali,JJ Bumrah,4,0,"",""
ball,1,10.4,Pakistan,Fakhar Zaman,Azhar Ali,JJ Bumrah,1,0,"",""
ball,1,10.5,Pakistan,Azhar Ali,Fakhar Zaman,JJ Bumrah,0,0,"",""
ball,1,10.6,Pakistan,Azhar Ali,Fakhar Zaman,JJ Bumrah,0,0,"",""
ball,1,11.1,Pakistan,Fakhar Zaman,Azhar Ali,R Ashwin,0,0,"",""
ball,1,11.2,Pakistan,Fakhar Zaman,Azhar Ali,R Ashwin,1,0,"",""
ball,1,11.3,Pakistan,Azhar Ali,Fakhar Zaman,R Ashwin,0,0,"",""
ball,1,11.4,Pakistan,Azhar Ali,Fakhar Zaman,R Ashwin,1,0,"",""
ball,1,11.5,Pakistan,Fakhar Zaman,Azhar Ali,R Ashwin,0,0,"",""
ball,1,11.6,Pakistan,Fakhar Zaman,Azhar Ali,R Ashwin,4,0,"",""
ball,1,12.1,Pakistan,Azhar Ali,Fakhar Zaman,JJ Bumrah,0,0,"",""
ball,1,12.2,Pakistan,Azhar Ali,Fakhar Zaman,JJ Bumrah,0,1,"",""
ball,1,12.3,Pakistan,Azhar Ali,Fakhar Zaman,JJ Bumrah,0,0,"",""
ball,1,12.4,Pakistan,Azhar Ali,Fakhar Zaman,JJ Bumrah,1,0,"",""
ball,1,12.5,Pakistan,Fakhar Zaman,Azhar Ali,JJ Bumrah,1,0,"",""
ball,1,12.6,Pakistan,Azhar Ali,Fakhar Zaman,JJ Bumrah,1,0,"",""
ball,1,12.7,Pakistan,Fakhar Zaman,Azhar Ali,JJ Bumrah,1,0,"",""
ball,1,13.1,Pakistan,Fakhar Zaman,Azhar Ali,R Ashwin,1,0,"",""
ball,1,13.2,Pakistan,Azhar Ali,Fakhar Zaman,R Ashwin,1,0,"",""
ball,1,13.3,Pakistan,Fakhar Zaman,Azhar Ali,R Ashwin,0,0,"",""
ball,1,13.4,Pakistan,Fakhar Zaman,Azhar Ali,R Ashwin,0,0,"",""
ball,1,13.5,Pakistan,Fakhar Zaman,Azhar Ali,R Ashwin,1,0,"",""
ball,1,13.6,Pakistan,Azhar Ali,Fakhar Zaman,R Ashwin,1,0,"",""
ball,1,14.1,Pakistan,Azhar Ali,Fakhar Zaman,HH Pandya,0,1,"",""
ball,1,14.2,Pakistan,Fakhar Zaman,Azhar Ali,HH Pandya,0,0,"",""
ball,1,14.3,Pakistan,Fakhar Zaman,Azhar Ali,HH Pandya,1,0,"",""
ball,1,14.4,Pakistan,Azhar Ali,Fakhar Zaman,HH Pandya,1,0,"",""
ball,1,14.5,Pakistan,Fakhar Zaman,Azhar Ali,HH Pandya,1,0,"",""
ball,1,14.6,Pakistan,Azhar Ali,Fakhar Zaman,HH Pandya,4,0,"",""
ball,1,15.1,Pakistan,Fakhar Zaman,Azhar Ali,RA Jadeja,1,0,"",""
ball,1,15.2,Pakistan,Azhar Ali,Fakhar Zaman,RA Jadeja,0,0,"",""
ball,1,15.3,Pakistan,Azhar Ali,Fakhar Zaman,RA Jadeja,1,0,"",""
ball,1,15.4,Pakistan,Fakhar Zaman,Azhar Ali,RA Jadeja,1,0,"",""
ball,1,15.5,Pakistan,Azhar Ali,Fakhar Zaman,RA Jadeja,1,0,"",""
ball,1,15.6,Pakistan,Fakhar Zaman,Azhar Ali,RA Jadeja,0,0,"",""
ball,1,16.1,Pakistan,Azhar Ali,Fakhar Zaman,HH Pandya,0,0,"",""
ball,1,16.2,Pakistan,Azhar Ali,Fakhar Zaman,HH Pandya,0,0,"",""
ball,1,16.3,Pakistan,Azhar Ali,Fakhar Zaman,HH Pandya,0,0,"",""
ball,1,16.4,Pakistan,Azhar Ali,Fakhar Zaman,HH Pandya,1,0,"",""
ball,1,16.5,Pakistan,Fakhar Zaman,Azhar Ali,HH Pandya,1,0,"",""
ball,1,16.6,Pakistan,Azhar Ali,Fakhar Zaman,HH Pandya,1,0,"",""
ball,1,17.1,Pakistan,Azhar Ali,Fakhar Zaman,RA Jadeja,1,0,"",""
ball,1,17.2,Pakistan,Fakhar Zaman,Azhar Ali,RA Jadeja,0,0,"",""
ball,1,17.3,Pakistan,Fakhar Zaman,Azhar Ali,RA Jadeja,0,0,"",""
ball,1,17.4,Pakistan,Fakhar Zaman,Azhar Ali,RA Jadeja,1,0,"",""
ball,1,17.5,Pakistan,Azhar Ali,Fakhar Zaman,RA Jadeja,1,0,"",""
ball,1,17.6,Pakistan,Fakhar Zaman,Azhar Ali,RA Jadeja,4,0,"",""
ball,1,18.1,Pakistan,Azhar Ali,Fakhar Zaman,HH Pandya,1,0,"",""
ball,1,18.2,Pakistan,Fakhar Zaman,Azhar Ali,HH Pandya,0,0,"",""
ball,1,18.3,Pakistan,Fakhar Zaman,Azhar Ali,HH Pandya,1,0,"",""
ball,1,18.4,Pakistan,Azhar Ali,Fakhar Zaman,HH Pandya,0,0,"",""
ball,1,18.5,Pakistan,Azhar Ali,Fakhar Zaman,HH Pandya,1,0,"",""
ball,1,18.6,Pakistan,Fakhar Zaman,Azhar Ali,HH Pandya,0,0,"",""
ball,1,19.1,Pakistan,Azhar Ali,Fakhar Zaman,RA Jadeja,1,0,"",""
ball,1,19.2,Pakistan,Fakhar Zaman,Azhar Ali,RA Jadeja,0,0,"",""
ball,1,19.3,Pakistan,Fakhar Zaman,Azhar Ali,RA Jadeja,4,0,"",""
ball,1,19.4,Pakistan,Fakhar Zaman,Azhar Ali,RA Jadeja,1,0,"",""
ball,1,19.5,Pakistan,Azhar Ali,Fakhar Zaman,RA Jadeja,1,0,"",""
ball,1,19.6,Pakistan,Fakhar Zaman,Azhar Ali,RA Jadeja,4,0,"",""
ball,1,20.1,Pakistan,Azhar Ali,Fakhar Zaman,HH Pandya,0,0,"",""
ball,1,20.2,Pakistan,Azhar Ali,Fakhar Zaman,HH Pandya,1,0,"",""
ball,1,20.3,Pakistan,Fakhar Zaman,Azhar Ali,HH Pandya,1,0,"",""
ball,1,20.4,Pakistan,Azhar Ali,Fakhar Zaman,HH Pandya,1,0,"",""
ball,1,20.5,Pakistan,Fakhar Zaman,Azhar Ali,HH Pandya,1,0,"",""
ball,1,20.6,Pakistan,Azhar Ali,Fakhar Zaman,HH Pandya,0,0,"",""
ball,1,21.1,Pakistan,Fakhar Zaman,Azhar Ali,RA Jadeja,0,0,"",""
ball,1,21.2,Pakistan,Fakhar Zaman,Azhar Ali,RA Jadeja,1,0,"",""
ball,1,21.3,Pakistan,Azhar Ali,Fakhar Zaman,RA Jadeja,4,0,"",""
ball,1,21.4,Pakistan,Azhar Ali,Fakhar Zaman,RA Jadeja,2,0,"",""
ball,1,21.5,Pakistan,Azhar Ali,Fakhar Zaman,RA Jadeja,0,0,"",""
ball,1,21.6,Pakistan,Azhar Ali,Fakhar Zaman,RA Jadeja,0,0,"",""
ball,1,22.1,Pakistan,Fakhar Zaman,Azhar Ali,R Ashwin,0,0,"",""
ball,1,22.2,Pakistan,Fakhar Zaman,Azhar Ali,R Ashwin,1,0,"",""
ball,1,22.3,Pakistan,Azhar Ali,Fakhar Zaman,R Ashwin,1,0,"",""
ball,1,22.4,Pakistan,Fakhar Zaman,Azhar Ali,R Ashwin,0,0,"",""
ball,1,22.5,Pakistan,Fakhar Zaman,Azhar Ali,R Ashwin,1,0,"",""
ball,1,22.6,Pakistan,Azhar Ali,Fakhar Zaman,R Ashwin,0,0,run out,Azhar Ali
ball,1,23.1,Pakistan,Fakhar Zaman,Babar Azam,RA Jadeja,0,0,"",""
ball,1,23.2,Pakistan,Fakhar Zaman,Babar Azam,RA Jadeja,0,0,"",""
ball,1,23.3,Pakistan,Fakhar Zaman,Babar Azam,RA Jadeja,0,0,"",""
ball,1,23.4,Pakistan,Fakhar Zaman,Babar Azam,RA Jadeja,0,0,"",""
ball,1,23.5,Pakistan,Fakhar Zaman,Babar Azam,RA Jadeja,0,0,"",""
ball,1,23.6,Pakistan,Fakhar Zaman,Babar Azam,RA Jadeja,1,0,"",""
ball,1,24.1,Pakistan,Fakhar Zaman,Babar Azam,R Ashwin,1,0,"",""
ball,1,24.2,Pakistan,Babar Azam,Fakhar Zaman,R Ashwin,1,0,"",""
ball,1,24.3,Pakistan,Fakhar Zaman,Babar Azam,R Ashwin,0,0,"",""
ball,1,24.4,Pakistan,Fakhar Zaman,Babar Azam,R Ashwin,2,0,"",""
ball,1,24.5,Pakistan,Fakhar Zaman,Babar Azam,R Ashwin,1,0,"",""
ball,1,24.6,Pakistan,Babar Azam,Fakhar Zaman,R Ashwin,0,0,"",""
ball,1,25.1,Pakistan,Fakhar Zaman,Babar Azam,RA Jadeja,6,0,"",""
ball,1,25.2,Pakistan,Fakhar Zaman,Babar Azam,RA Jadeja,4,0,"",""
ball,1,25.3,Pakistan,Fakhar Zaman,Babar Azam,RA Jadeja,1,0,"",""
ball,1,25.4,Pakistan,Babar Azam,Fakhar Zaman,RA Jadeja,0,0,"",""
ball,1,25.5,Pakistan,Babar Azam,Fakhar Zaman,RA Jadeja,1,0,"",""
ball,1,25.6,Pakistan,Fakhar Zaman,Babar Azam,RA Jadeja,4,0,"",""
ball,1,26.1,Pakistan,Babar Azam,Fakhar Zaman,R Ashwin,1,0,"",""
ball,1,26.2,Pakistan,Fakhar Zaman,Babar Azam,R Ashwin,0,1,"",""
ball,1,26.3,Pakistan,Fakhar Zaman,Babar Azam,R Ashwin,0,1,"",""
ball,1,26.4,Pakistan,Fakhar Zaman,Babar Azam,R Ashwin,6,0,"",""
ball,1,26.5,Pakistan,Fakhar Zaman,Babar Azam,R Ashwin,3,0,"",""
ball,1,26.6,Pakistan,Babar Azam,Fakhar Zaman,R Ashwin,0,0,"",""
ball,1,26.7,Pakistan,Babar Azam,Fakhar Zaman,R Ashwin,1,0,"",""
ball,1,26.8,Pakistan,Fakhar Zaman,Babar Azam,R Ashwin,4,0,"",""
ball,1,27.1,Pakistan,Babar Azam,Fakhar Zaman,HH Pandya,1,0,"",""
ball,1,27.2,Pakistan,Fakhar Zaman,Babar Azam,HH Pandya,4,0,"",""
ball,1,27.3,Pakistan,Fakhar Zaman,Babar Azam,HH Pandya,1,0,"",""
ball,1,27.4,Pakistan,Babar Azam,Fakhar Zaman,HH Pandya,0,0,"",""
ball,1,27.5,Pakistan,Babar Azam,Fakhar Zaman,HH Pandya,2,0,"",""
ball,1,27.6,Pakistan,Babar Azam,Fakhar Zaman,HH Pandya,0,0,"",""
ball,1,28.1,Pakistan,Fakhar Zaman,Babar Azam,R Ashwin,0,0,"",""
ball,1,28.2,Pakistan,Fakhar Zaman,Babar Azam,R Ashwin,1,0,"",""
ball,1,28.3,Pakistan,Babar Azam,Fakhar Zaman,R Ashwin,0,0,"",""
ball,1,28.4,Pakistan,Babar Azam,Fakhar Zaman,R Ashwin,0,0,"",""
ball,1,28.5,Pakistan,Babar Azam,Fakhar Zaman,R Ashwin,0,0,"",""
ball,1,28.6,Pakistan,Babar Azam,Fakhar Zaman,R Ashwin,0,0,"",""
ball,1,29.1,Pakistan,Fakhar Zaman,Babar Azam,HH Pandya,1,0,"",""
ball,1,29.2,Pakistan,Babar Azam,Fakhar Zaman,HH Pandya,0,0,"",""
ball,1,29.3,Pakistan,Babar Azam,Fakhar Zaman,HH Pandya,0,0,"",""
ball,1,29.4,Pakistan,Babar Azam,Fakhar Zaman,HH Pandya,0,0,"",""
ball,1,29.5,Pakistan,Babar Azam,Fakhar Zaman,HH Pandya,1,0,"",""
ball,1,29.6,Pakistan,Fakhar Zaman,Babar Azam,HH Pandya,0,1,"",""
ball,1,30.1,Pakistan,Fakhar Zaman,Babar Azam,R Ashwin,4,0,"",""
ball,1,30.2,Pakistan,Fakhar Zaman,Babar Azam,R Ashwin,0,0,"",""
ball,1,30.3,Pakistan,Fakhar Zaman,Babar Azam,R Ashwin,2,0,"",""
ball,1,30.4,Pakistan,Fakhar Zaman,Babar Azam,R Ashwin,0,0,"",""
ball,1,30.5,Pakistan,Fakhar Zaman,Babar Azam,R Ashwin,1,0,"",""
ball,1,30.6,Pakistan,Babar Azam,Fakhar Zaman,R Ashwin,0,0,"",""
ball,1,31.1,Pakistan,Fakhar Zaman,Babar Azam,HH Pandya,0,0,"",""
ball,1,31.2,Pakistan,Fakhar Zaman,Babar Azam,HH Pandya,0,0,"",""
ball,1,31.3,Pakistan,Fakhar Zaman,Babar Azam,HH Pandya,2,0,"",""
ball,1,31.4,Pakistan,Fakhar Zaman,Babar Azam,HH Pandya,0,0,"",""
ball,1,31.5,Pakistan,Fakhar Zaman,Babar Azam,HH Pandya,1,0,"",""
ball,1,31.6,Pakistan,Babar Azam,Fakhar Zaman,HH Pandya,2,0,"",""
ball,1,32.1,Pakistan,Fakhar Zaman,Babar Azam,R Ashwin,6,0,"",""
ball,1,32.2,Pakistan,Fakhar Zaman,Babar Azam,R Ashwin,1,0,"",""
ball,1,32.3,Pakistan,Babar Azam,Fakhar Zaman,R Ashwin,1,0,"",""
ball,1,32.4,Pakistan,Fakhar Zaman,Babar Azam,R Ashwin,0,0,"",""
ball,1,32.5,Pakistan,Fakhar Zaman,Babar Azam,R Ashwin,1,0,"",""
ball,1,32.6,Pakistan,Babar Azam,Fakhar Zaman,R Ashwin,0,0,"",""
ball,1,33.1,Pakistan,Fakhar Zaman,Babar Azam,HH Pandya,0,0,caught,Fakhar Zaman
ball,1,33.2,Pakistan,Shoaib Malik,Babar Azam,HH Pandya,0,0,"",""
ball,1,33.3,Pakistan,Shoaib Malik,Babar Azam,HH Pandya,1,0,"",""
ball,1,33.4,Pakistan,Babar Azam,Shoaib Malik,HH Pandya,0,0,"",""
ball,1,33.5,Pakistan,Babar Azam,Shoaib Malik,HH Pandya,1,0,"",""
ball,1,33.6,Pakistan,Shoaib Malik,Babar Azam,HH Pandya,0,0,"",""
ball,1,34.1,Pakistan,Babar Azam,Shoaib Malik,JJ Bumrah,1,0,"",""
ball,1,34.2,Pakistan,Shoaib Malik,Babar Azam,JJ Bumrah,0,0,"",""
ball,1,34.3,Pakistan,Shoaib Malik,Babar Azam,JJ Bumrah,1,0,"",""
ball,1,34.4,Pakistan,Babar Azam,Shoaib Malik,JJ Bumrah,4,0,"",""
ball,1,34.5,Pakistan,Babar Azam,Shoaib Malik,JJ Bumrah,0,0,"",""
ball,1,34.6,Pakistan,Babar Azam,Shoaib Malik,JJ Bumrah,1,0,"",""
ball,1,35.1,Pakistan,Babar Azam,Shoaib Malik,HH Pandya,0,0,"",""
ball,1,35.2,Pakistan,Babar Azam,Shoaib Malik,HH Pandya,2,0,"",""
ball,1,35.3,Pakistan,Babar Azam,Shoaib Malik,HH Pandya,0,0,"",""
ball,1,35.4,Pakistan,Babar Azam,Shoaib Malik,HH Pandya,4,0,"",""
ball,1,35.5,Pakistan,Babar Azam,Shoaib Malik,HH Pandya,1,0,"",""
ball,1,35.6,Pakistan,Shoaib Malik,Babar Azam,HH Pandya,0,0,"",""
ball,1,36.1,Pakistan,Babar Azam,Shoaib Malik,RA Jadeja,1,0,"",""
ball,1,36.2,Pakistan,Shoaib Malik,Babar Azam,RA Jadeja,1,0,"",""
ball,1,36.3,Pakistan,Babar Azam,Shoaib Malik,RA Jadeja,1,0,"",""
ball,1,36.4,Pakistan,Shoaib Malik,Babar Azam,RA Jadeja,6,0,"",""
ball,1,36.5,Pakistan,Shoaib Malik,Babar Azam,RA Jadeja,1,0,"",""
ball,1,36.6,Pakistan,Babar Azam,Shoaib Malik,RA Jadeja,1,0,"",""
ball,1,37.1,Pakistan,Babar Azam,Shoaib Malik,HH Pandya,4,0,"",""
ball,1,37.2,Pakistan,Babar Azam,Shoaib Malik,HH Pandya,4,0,"",""
ball,1,37.3,Pakistan,Babar Azam,Shoaib Malik,HH Pandya,0,0,"",""
ball,1,37.4,Pakistan,Babar Azam,Shoaib Malik,HH Pandya,0,1,"",""
ball,1,37.5,Pakistan,Babar Azam,Shoaib Malik,HH Pandya,2,0,"",""
ball,1,37.6,Pakistan,Babar Azam,Shoaib Malik,HH Pandya,1,0,"",""
ball,1,37.7,Pakistan,Shoaib Malik,Babar Azam,HH Pandya,0,0,"",""
ball,1,38.1,Pakistan,Babar Azam,Shoaib Malik,KM Jadhav,1,0,"",""
ball,1,38.2,Pakistan,Shoaib Malik,Babar Azam,KM Jadhav,1,0,"",""
ball,1,38.3,Pakistan,Babar Azam,Shoaib Malik,KM Jadhav,1,0,"",""
ball,1,38.4,Pakistan,Shoaib Malik,Babar Azam,KM Jadhav,1,0,"",""
ball,1,38.5,Pakistan,Babar Azam,Shoaib Malik,KM Jadhav,0,1,"",""
ball,1,38.6,Pakistan,Babar Azam,Shoaib Malik,KM Jadhav,0,1,"",""
ball,1,38.7,Pakistan,Babar Azam,Shoaib Malik,KM Jadhav,1,0,"",""
ball,1,38.8,Pakistan,Shoaib Malik,Babar Azam,KM Jadhav,0,0,"",""
ball,1,39.1,Pakistan,Babar Azam,Shoaib Malik,B Kumar,1,0,"",""
ball,1,39.2,Pakistan,Shoaib Malik,Babar Azam,B Kumar,0,0,"",""
ball,1,39.3,Pakistan,Shoaib Malik,Babar Azam,B Kumar,0,0,"",""
ball,1,39.4,Pakistan,Shoaib Malik,Babar Azam,B Kumar,0,0,caught,Shoaib Malik
ball,1,39.5,Pakistan,Babar Azam,Mohammad Hafeez,B Kumar,0,0,"",""
ball,1,39.6,Pakistan,Babar Azam,Mohammad Hafeez,B Kumar,0,0,"",""
ball,1,40.1,Pakistan,Mohammad Hafeez,Babar Azam,RA Jadeja,4,0,"",""
ball,1,40.2,Pakistan,Mohammad Hafeez,Babar Azam,RA Jadeja,0,0,"",""
ball,1,40.3,Pakistan,Mohammad Hafeez,Babar Azam,RA Jadeja,0,0,"",""
ball,1,40.4,Pakistan,Mohammad Hafeez,Babar Azam,RA Jadeja,4,0,"",""
ball,1,40.5,Pakistan,Mohammad Hafeez,Babar Azam,RA Jadeja,1,0,"",""
ball,1,40.6,Pakistan,Babar Azam,Mohammad Hafeez,RA Jadeja,1,0,"",""
ball,1,41.1,Pakistan,Babar Azam,Mohammad Hafeez,B Kumar,1,0,"",""
ball,1,41.2,Pakistan,Mohammad Hafeez,Babar Azam,B Kumar,0,0,"",""
ball,1,41.3,Pakistan,Mohammad Hafeez,Babar Azam,B Kumar,4,0,"",""
ball,1,41.4,Pakistan,Mohammad Hafeez,Babar Azam,B Kumar,0,1,"",""
ball,1,41.5,Pakistan,Mohammad Hafeez,Babar Azam,B Kumar,1,0,"",""
ball,1,41.6,Pakistan,Babar Azam,Mohammad Hafeez,B Kumar,1,0,"",""
ball,1,41.7,Pakistan,Mohammad Hafeez,Babar Azam,B Kumar,1,0,"",""
ball,1,42.1,Pakistan,Mohammad Hafeez,Babar Azam,KM Jadhav,0,0,"",""
ball,1,42.2,Pakistan,Mohammad Hafeez,Babar Azam,KM Jadhav,1,0,"",""
ball,1,42.3,Pakistan,Babar Azam,Mohammad Hafeez,KM Jadhav,0,0,caught,Babar Azam
ball,1,42.4,Pakistan,Mohammad Hafeez,Imad Wasim,KM Jadhav,1,0,"",""
ball,1,42.5,Pakistan,Imad Wasim,Mohammad Hafeez,KM Jadhav,1,0,"",""
ball,1,42.6,Pakistan,Mohammad Hafeez,Imad Wasim,KM Jadhav,1,0,"",""
ball,1,43.1,Pakistan,Mohammad Hafeez,Imad Wasim,JJ Bumrah,0,0,"",""
ball,1,43.2,Pakistan,Mohammad Hafeez,Imad Wasim,JJ Bumrah,4,0,"",""
ball,1,43.3,Pakistan,Mohammad Hafeez,Imad Wasim,JJ Bumrah,1,0,"",""
ball,1,43.4,Pakistan,Imad Wasim,Mohammad Hafeez,JJ Bumrah,1,0,"",""
ball,1,43.5,Pakistan,Mohammad Hafeez,Imad Wasim,JJ Bumrah,1,0,"",""
ball,1,43.6,Pakistan,Imad Wasim,Mohammad Hafeez,JJ Bumrah,1,0,"",""
ball,1,44.1,Pakistan,Imad Wasim,Mohammad Hafeez,KM Jadhav,1,0,"",""
ball,1,44.2,Pakistan,Mohammad Hafeez,Imad Wasim,KM Jadhav,6,0,"",""
ball,1,44.3,Pakistan,Mohammad Hafeez,Imad Wasim,KM Jadhav,1,0,"",""
ball,1,44.4,Pakistan,Imad Wasim,Mohammad Hafeez,KM Jadhav,6,0,"",""
ball,1,44.5,Pakistan,Imad Wasim,Mohammad Hafeez,KM Jadhav,1,0,"",""
ball,1,44.6,Pakistan,Mohammad Hafeez,Imad Wasim,KM Jadhav,1,0,"",""
ball,1,45.1,Pakistan,Mohammad Hafeez,Imad Wasim,B Kumar,0,0,"",""
ball,1,45.2,Pakistan,Mohammad Hafeez,Imad Wasim,B Kumar,6,0,"",""
ball,1,45.3,Pakistan,Mohammad Hafeez,Imad Wasim,B Kumar,1,0,"",""
ball,1,45.4,Pakistan,Imad Wasim,Mohammad Hafeez,B Kumar,1,0,"",""
ball,1,45.5,Pakistan,Mohammad Hafeez,Imad Wasim,B Kumar,2,0,"",""
ball,1,45.6,Pakistan,Mohammad Hafeez,Imad Wasim,B Kumar,1,0,"",""
ball,1,46.1,Pakistan,Mohammad Hafeez,Imad Wasim,JJ Bumrah,1,0,"",""
ball,1,46.2,Pakistan,Imad Wasim,Mohammad Hafeez,JJ Bumrah,1,0,"",""
ball,1,46.3,Pakistan,Mohammad Hafeez,Imad Wasim,JJ Bumrah,1,0,"",""
ball,1,46.4,Pakistan,Imad Wasim,Mohammad Hafeez,JJ Bumrah,4,0,"",""
ball,1,46.5,Pakistan,Imad Wasim,Mohammad Hafeez,JJ Bumrah,0,0,"",""
ball,1,46.6,Pakistan,Imad Wasim,Mohammad Hafeez,JJ Bumrah,1,0,"",""
ball,1,47.1,Pakistan,Imad Wasim,Mohammad Hafeez,B Kumar,1,0,"",""
ball,1,47.2,Pakistan,Mohammad Hafeez,Imad Wasim,B Kumar,1,0,"",""
ball,1,47.3,Pakistan,Imad Wasim,Mohammad Hafeez,B Kumar,1,0,"",""
ball,1,47.4,Pakistan,Mohammad Hafeez,Imad Wasim,B Kumar,1,0,"",""
ball,1,47.5,Pakistan,Imad Wasim,Mohammad Hafeez,B Kumar,0,1,"",""
ball,1,47.6,Pakistan,Mohammad Hafeez,Imad Wasim,B Kumar,0,0,"",""
ball,1,48.1,Pakistan,Imad Wasim,Mohammad Hafeez,JJ Bumrah,0,1,"",""
ball,1,48.2,Pakistan,Mohammad Hafeez,Imad Wasim,JJ Bumrah,0,0,"",""
ball,1,48.3,Pakistan,Mohammad Hafeez,Imad Wasim,JJ Bumrah,1,0,"",""
ball,1,48.4,Pakistan,Imad Wasim,Mohammad Hafeez,JJ Bumrah,1,1,"",""
ball,1,48.5,Pakistan,Mohammad Hafeez,Imad Wasim,JJ Bumrah,2,0,"",""
ball,1,48.6,Pakistan,Mohammad Hafeez,Imad Wasim,JJ Bumrah,1,0,"",""
ball,1,48.7,Pakistan,Imad Wasim,Mohammad Hafeez,JJ Bumrah,2,1,"",""
ball,1,48.8,Pakistan,Imad Wasim,Mohammad Hafeez,JJ Bumrah,0,1,"",""
ball,1,49.1,Pakistan,Imad Wasim,Mohammad Hafeez,B Kumar,1,0,"",""
ball,1,49.2,Pakistan,Mohammad Hafeez,Imad Wasim,B Kumar,0,0,"",""
ball,1,49.3,Pakistan,Mohammad Hafeez,Imad Wasim,B Kumar,6,0,"",""
ball,1,49.4,Pakistan,Mohammad Hafeez,Imad Wasim,B Kumar,1,0,"",""
ball,1,49.5,Pakistan,Imad Wasim,Mohammad Hafeez,B Kumar,0,0,"",""
ball,1,49.6,Pakistan,Imad Wasim,Mohammad Hafeez,B Kumar,1,0,"",""
ball,2,0.1,India,RG Sharma,S Dhawan,Mohammad Amir,0,0,"",""
ball,2,0.2,India,RG Sharma,S Dhawan,Mohammad Amir,0,0,"",""
ball,2,0.3,India,RG Sharma,S Dhawan,Mohammad Amir,0,0,lbw,RG Sharma
ball,2,0.4,India,V Kohli,S Dhawan,Mohammad Amir,0,0,"",""
ball,2,0.5,India,V Kohli,S Dhawan,Mohammad Amir,0,0,"",""
ball,2,0.6,India,V Kohli,S Dhawan,Mohammad Amir,2,0,"",""
ball,2,1.1,India,S Dhawan,V Kohli,Junaid Khan,0,0,"",""
ball,2,1.2,India,S Dhawan,V Kohli,Junaid Khan,0,0,"",""
ball,2,1.3,India,S Dhawan,V Kohli,Junaid Khan,0,0,"",""
ball,2,1.4,India,S Dhawan,V Kohli,Junaid Khan,1,0,"",""
ball,2,1.5,India,V Kohli,S Dhawan,Junaid Khan,0,0,"",""
ball,2,1.6,India,V Kohli,S Dhawan,Junaid Khan,1,0,"",""
ball,2,2.1,India,V Kohli,S Dhawan,Mohammad Amir,2,0,"",""
ball,2,2.2,India,V Kohli,S Dhawan,Mohammad Amir,0,0,"",""
ball,2,2.3,India,V Kohli,S Dhawan,Mohammad Amir,0,0,"",""
ball,2,2.4,India,V Kohli,S Dhawan,Mohammad Amir,0,0,caught,V Kohli
ball,2,2.5,India,Yuvraj Singh,S Dhawan,Mohammad Amir,1,0,"",""
ball,2,2.6,India,S Dhawan,Yuvraj Singh,Mohammad Amir,0,0,"",""
ball,2,3.1,India,Yuvraj Singh,S Dhawan,Junaid Khan,0,0,"",""
ball,2,3.2,India,Yuvraj Singh,S Dhawan,Junaid Khan,0,0,"",""
ball,2,3.3,India,Yuvraj Singh,S Dhawan,Junaid Khan,0,0,"",""
ball,2,3.4,India,Yuvraj Singh,S Dhawan,Junaid Khan,0,0,"",""
ball,2,3.5,India,Yuvraj Singh,S Dhawan,Junaid Khan,0,0,"",""
ball,2,3.6,India,Yuvraj Singh,S Dhawan,Junaid Khan,0,0,"",""
ball,2,4.1,India,S Dhawan,Yuvraj Singh,Mohammad Amir,0,0,"",""
ball,2,4.2,India,S Dhawan,Yuvraj Singh,Mohammad Amir,0,0,"",""
ball,2,4.3,India,S Dhawan,Yuvraj Singh,Mohammad Amir,4,0,"",""
ball,2,4.4,India,S Dhawan,Yuvraj Singh,Mohammad Amir,0,0,"",""
ball,2,4.5,India,S Dhawan,Yuvraj Singh,Mohammad Amir,4,0,"",""
ball,2,4.6,India,S Dhawan,Yuvraj Singh,Mohammad Amir,1,0,"",""
ball,2,5.1,India,S Dhawan,Yuvraj Singh,Junaid Khan,1,0,"",""
ball,2,5.2,India,Yuvraj Singh,S Dhawan,Junaid Khan,0,0,"",""
ball,2,5.3,India,Yuvraj Singh,S Dhawan,Junaid Khan,0,0,"",""
ball,2,5.4,India,Yuvraj Singh,S Dhawan,Junaid Khan,4,0,"",""
ball,2,5.5,India,Yuvraj Singh,S Dhawan,Junaid Khan,0,0,"",""
ball,2,5.6,India,Yuvraj Singh,S Dhawan,Junaid Khan,0,0,"",""
ball,2,6.1,India,S Dhawan,Yuvraj Singh,Mohammad Amir,0,1,"",""
ball,2,6.2,India,Yuvraj Singh,S Dhawan,Mohammad Amir,0,0,"",""
ball,2,6.3,India,Yuvraj Singh,S Dhawan,Mohammad Amir,0,0,"",""
ball,2,6.4,India,Yuvraj Singh,S Dhawan,Mohammad Amir,0,0,"",""
ball,2,6.5,India,Yuvraj Singh,S Dhawan,Mohammad Amir,0,0,"",""
ball,2,6.6,India,Yuvraj Singh,S Dhawan,Mohammad Amir,0,0,"",""
ball,2,7.1,India,S Dhawan,Yuvraj Singh,Junaid Khan,4,0,"",""
ball,2,7.2,India,S Dhawan,Yuvraj Singh,Junaid Khan,0,0,"",""
ball,2,7.3,India,S Dhawan,Yuvraj Singh,Junaid Khan,4,0,"",""
ball,2,7.4,India,S Dhawan,Yuvraj Singh,Junaid Khan,1,0,"",""
ball,2,7.5,India,Yuvraj Singh,S Dhawan,Junaid Khan,0,0,"",""
ball,2,7.6,India,Yuvraj Singh,S Dhawan,Junaid Khan,0,0,"",""
ball,2,8.1,India,S Dhawan,Yuvraj Singh,Mohammad Amir,0,0,"",""
ball,2,8.2,India,S Dhawan,Yuvraj Singh,Mohammad Amir,0,0,"",""
ball,2,8.3,India,S Dhawan,Yuvraj Singh,Mohammad Amir,0,0,"",""
ball,2,8.4,India,S Dhawan,Yuvraj Singh,Mohammad Amir,1,0,"",""
ball,2,8.5,India,Yuvraj Singh,S Dhawan,Mohammad Amir,1,0,"",""
ball,2,8.6,India,S Dhawan,Yuvraj Singh,Mohammad Amir,0,0,caught,S Dhawan
ball,2,9.1,India,Yuvraj Singh,MS Dhoni,Mohammad Hafeez,0,0,"",""
ball,2,9.2,India,Yuvraj Singh,MS Dhoni,Mohammad Hafeez,4,0,"",""
ball,2,9.3,India,Yuvraj Singh,MS Dhoni,Mohammad Hafeez,0,1,"",""
ball,2,9.4,India,MS Dhoni,Yuvraj Singh,Mohammad Hafeez,1,0,"",""
ball,2,9.5,India,Yuvraj Singh,MS Dhoni,Mohammad Hafeez,4,0,"",""
ball,2,9.6,India,Yuvraj Singh,MS Dhoni,Mohammad Hafeez,4,0,"",""
ball,2,10.1,India,MS Dhoni,Yuvraj Singh,Mohammad Amir,0,0,"",""
ball,2,10.2,India,MS Dhoni,Yuvraj Singh,Mohammad Amir,0,0,"",""
ball,2,10.3,India,MS Dhoni,Yuvraj Singh,Mohammad Amir,0,0,"",""
ball,2,10.4,India,MS Dhoni,Yuvraj Singh,Mohammad Amir,0,0,"",""
ball,2,10.5,India,MS Dhoni,Yuvraj Singh,Mohammad Amir,0,0,"",""
ball,2,10.6,India,MS Dhoni,Yuvraj Singh,Mohammad Amir,0,0,"",""
ball,2,11.1,India,Yuvraj Singh,MS Dhoni,Hasan Ali,0,0,"",""
ball,2,11.2,India,Yuvraj Singh,MS Dhoni,Hasan Ali,2,0,"",""
ball,2,11.3,India,Yuvraj Singh,MS Dhoni,Hasan Ali,1,0,"",""
ball,2,11.4,India,MS Dhoni,Yuvraj Singh,Hasan Ali,0,0,"",""
ball,2,11.5,India,MS Dhoni,Yuvraj Singh,Hasan Ali,0,0,"",""
ball,2,11.6,India,MS Dhoni,Yuvraj Singh,Hasan Ali,0,0,"",""
ball,2,12.1,India,Yuvraj Singh,MS Dhoni,Shadab Khan,1,0,"",""
ball,2,12.2,India,MS Dhoni,Yuvraj Singh,Shadab Khan,2,0,"",""
ball,2,12.3,India,MS Dhoni,Yuvraj Singh,Shadab Khan,0,0,"",""
ball,2,12.4,India,MS Dhoni,Yuvraj Singh,Shadab Khan,1,0,"",""
ball,2,12.5,India,Yuvraj Singh,MS Dhoni,Shadab Khan,0,0,"",""
ball,2,12.6,India,Yuvraj Singh,MS Dhoni,Shadab Khan,0,0,lbw,Yuvraj Singh
ball,2,13.1,India,MS Dhoni,KM Jadhav,Hasan Ali,0,0,"",""
ball,2,13.2,India,MS Dhoni,KM Jadhav,Hasan Ali,0,0,"",""
ball,2,13.3,India,MS Dhoni,KM Jadhav,Hasan Ali,0,0,caught,MS Dhoni
ball,2,13.4,India,HH Pandya,KM Jadhav,Hasan Ali,0,0,"",""
ball,2,13.5,India,HH Pandya,KM Jadhav,Hasan Ali,1,0,"",""
ball,2,13.6,India,KM Jadhav,HH Pandya,Hasan Ali,0,0,"",""
ball,2,14.1,India,HH Pandya,KM Jadhav,Shadab Khan,1,0,"",""
ball,2,14.2,India,KM Jadhav,HH Pandya,Shadab Khan,0,0,"",""
ball,2,14.3,India,KM Jadhav,HH Pandya,Shadab Khan,1,0,"",""
ball,2,14.4,India,HH Pandya,KM Jadhav,Shadab Khan,1,0,"",""
ball,2,14.5,India,KM Jadhav,HH Pandya,Shadab Khan,4,0,"",""
ball,2,14.6,India,KM Jadhav,HH Pandya,Shadab Khan,0,0,"",""
ball,2,15.1,India,HH Pandya,KM Jadhav,Hasan Ali,1,0,"",""
ball,2,15.2,India,KM Jadhav,HH Pandya,Hasan Ali,0,0,"",""
ball,2,15.3,India,KM Jadhav,HH Pandya,Hasan Ali,0,0,"",""
ball,2,15.4,India,KM Jadhav,HH Pandya,Hasan Ali,0,0,"",""
ball,2,15.5,India,KM Jadhav,HH Pandya,Hasan Ali,0,0,"",""
ball,2,15.6,India,KM Jadhav,HH Pandya,Hasan Ali,4,0,"",""
ball,2,16.1,India,HH Pandya,KM Jadhav,Shadab Khan,0,0,"",""
ball,2,16.2,India,HH Pandya,KM Jadhav,Shadab Khan,4,0,"",""
ball,2,16.3,India,HH Pandya,KM Jadhav,Shadab Khan,1,0,"",""
ball,2,16.4,India,KM Jadhav,HH Pandya,Shadab Khan,0,0,"",""
ball,2,16.5,India,KM Jadhav,HH Pandya,Shadab Khan,0,0,"",""
ball,2,16.6,India,KM Jadhav,HH Pandya,Shadab Khan,0,0,caught,KM Jadhav
ball,2,17.1,India,HH Pandya,RA Jadeja,Hasan Ali,2,0,"",""
ball,2,17.2,India,HH Pandya,RA Jadeja,Hasan Ali,2,0,"",""
ball,2,17.3,India,HH Pandya,RA Jadeja,Hasan Ali,4,0,"",""
ball,2,17.4,India,HH Pandya,RA Jadeja,Hasan Ali,0,0,"",""
ball,2,17.5,India,HH Pandya,RA Jadeja,Hasan Ali,0,0,"",""
ball,2,17.6,India,HH Pandya,RA Jadeja,Hasan Ali,0,0,"",""
ball,2,18.1,India,RA Jadeja,HH Pandya,Shadab Khan,1,0,"",""
ball,2,18.2,India,HH Pandya,RA Jadeja,Shadab Khan,0,0,"",""
ball,2,18.3,India,HH Pandya,RA Jadeja,Shadab Khan,6,0,"",""
ball,2,18.4,India,HH Pandya,RA Jadeja,Shadab Khan,1,0,"",""
ball,2,18.5,India,RA Jadeja,HH Pandya,Shadab Khan,1,0,"",""
ball,2,18.6,India,HH Pandya,RA Jadeja,Shadab Khan,0,0,"",""
ball,2,19.1,India,RA Jadeja,HH Pandya,Imad Wasim,1,0,"",""
ball,2,19.2,India,HH Pandya,RA Jadeja,Imad Wasim,2,0,"",""
ball,2,19.3,India,HH Pandya,RA Jadeja,Imad Wasim,0,0,"",""
ball,2,19.4,India,HH Pandya,RA Jadeja,Fakhar Zaman,1,0,"",""
ball,2,19.5,India,RA Jadeja,HH Pandya,Fakhar Zaman,0,0,"",""
ball,2,19.6,India,RA Jadeja,HH Pandya,Fakhar Zaman,0,0,"",""
ball,2,20.1,India,HH Pandya,RA Jadeja,Shadab Khan,1,0,"",""
ball,2,20.2,India,RA Jadeja,HH Pandya,Shadab Khan,1,0,"",""
ball,2,20.3,India,HH Pandya,RA Jadeja,Shadab Khan,1,0,"",""
ball,2,20.4,India,RA Jadeja,HH Pandya,Shadab Khan,1,0,"",""
ball,2,20.5,India,HH Pandya,RA Jadeja,Shadab Khan,4,0,"",""
ball,2,20.6,India,HH Pandya,RA Jadeja,Shadab Khan,1,0,"",""
ball,2,21.1,India,HH Pandya,RA Jadeja,Fakhar Zaman,0,0,"",""
ball,2,21.2,India,HH Pandya,RA Jadeja,Fakhar Zaman,0,0,"",""
ball,2,21.3,India,HH Pandya,RA Jadeja,Fakhar Zaman,1,0,"",""
ball,2,21.4,India,RA Jadeja,HH Pandya,Fakhar Zaman,0,0,"",""
ball,2,21.5,India,RA Jadeja,HH Pandya,Fakhar Zaman,1,0,"",""
ball,2,21.6,India,HH Pandya,RA Jadeja,Fakhar Zaman,1,0,"",""
ball,2,22.1,India,HH Pandya,RA Jadeja,Shadab Khan,6,0,"",""
ball,2,22.2,India,HH Pandya,RA Jadeja,Shadab Khan,6,0,"",""
ball,2,22.3,India,HH Pandya,RA Jadeja,Shadab Khan,6,0,"",""
ball,2,22.4,India,HH Pandya,RA Jadeja,Shadab Khan,0,0,"",""
ball,2,22.5,India,HH Pandya,RA Jadeja,Shadab Khan,4,0,"",""
ball,2,22.6,India,HH Pandya,RA Jadeja,Shadab Khan,1,0,"",""
ball,2,23.1,India,HH Pandya,RA Jadeja,Fakhar Zaman,1,0,"",""
ball,2,23.2,India,RA Jadeja,HH Pandya,Fakhar Zaman,1,0,"",""
ball,2,23.3,India,HH Pandya,RA Jadeja,Fakhar Zaman,1,0,"",""
ball,2,23.4,India,RA Jadeja,HH Pandya,Fakhar Zaman,1,0,"",""
ball,2,23.5,India,HH Pandya,RA Jadeja,Fakhar Zaman,1,0,"",""
ball,2,23.6,India,RA Jadeja,HH Pandya,Fakhar Zaman,1,0,"",""
ball,2,24.1,India,RA Jadeja,HH Pandya,Shadab Khan,0,0,"",""
ball,2,24.2,India,RA Jadeja,HH Pandya,Shadab Khan,0,0,"",""
ball,2,24.3,India,RA Jadeja,HH Pandya,Shadab Khan,0,0,"",""
ball,2,24.4,India,RA Jadeja,HH Pandya,Shadab Khan,1,0,"",""
ball,2,24.5,India,HH Pandya,RA Jadeja,Shadab Khan,1,0,"",""
ball,2,24.6,India,RA Jadeja,HH Pandya,Shadab Khan,1,0,"",""
ball,2,25.1,India,RA Jadeja,HH Pandya,Fakhar Zaman,1,0,"",""
ball,2,25.2,India,HH Pandya,RA Jadeja,Fakhar Zaman,1,0,"",""
ball,2,25.3,India,RA Jadeja,HH Pandya,Fakhar Zaman,1,0,"",""
ball,2,25.4,India,HH Pandya,RA Jadeja,Fakhar Zaman,0,0,"",""
ball,2,25.5,India,HH Pandya,RA Jadeja,Fakhar Zaman,6,0,"",""
ball,2,25.6,India,HH Pandya,RA Jadeja,Fakhar Zaman,6,0,"",""
ball,2,26.1,India,RA Jadeja,HH Pandya,Hasan Ali,0,0,"",""
ball,2,26.2,India,RA Jadeja,HH Pandya,Hasan Ali,0,0,"",""
ball,2,26.3,India,RA Jadeja,HH Pandya,Hasan Ali,0,0,run out,HH Pandya
ball,2,26.4,India,RA Jadeja,R Ashwin,Hasan Ali,2,0,"",""
ball,2,26.5,India,RA Jadeja,R Ashwin,Hasan Ali,0,0,"",""
ball,2,26.6,India,RA Jadeja,R Ashwin,Hasan Ali,0,0,"",""
ball,2,27.1,India,R Ashwin,RA Jadeja,Junaid Khan,0,1,"",""
ball,2,27.2,India,R Ashwin,RA Jadeja,Junaid Khan,0,0,"",""
ball,2,27.3,India,R Ashwin,RA Jadeja,Junaid Khan,1,0,"",""
ball,2,27.4,India,RA Jadeja,R Ashwin,Junaid Khan,0,0,caught,RA Jadeja
ball,2,27.5,India,B Kumar,R Ashwin,Junaid Khan,0,0,"",""
ball,2,27.6,India,B Kumar,R Ashwin,Junaid Khan,0,0,"",""
ball,2,27.7,India,B Kumar,R Ashwin,Junaid Khan,0,0,"",""
ball,2,28.1,India,R Ashwin,B Kumar,Hasan Ali,0,0,caught,R Ashwin
ball,2,28.2,India,JJ Bumrah,B Kumar,Hasan Ali,0,0,"",""
ball,2,28.3,India,JJ Bumrah,B Kumar,Hasan Ali,0,0,"",""
ball,2,28.4,India,JJ Bumrah,B Kumar,Hasan Ali,0,0,"",""
ball,2,28.5,India,JJ Bumrah,B Kumar,Hasan Ali,0,0,"",""
ball,2,28.6,India,JJ Bumrah,B Kumar,Hasan Ali,0,0,"",""
ball,2,29.1,India,B Kumar,JJ Bumrah,Junaid Khan,0,0,"",""
ball,2,29.2,India,B Kumar,JJ Bumrah,Junaid Khan,0,0,"",""
ball,2,29.3,India,B Kumar,JJ Bumrah,Junaid Khan,0,0,"",""
ball,2,29.4,India,B Kumar,JJ Bumrah,Junaid Khan,0,0,"",""
ball,2,29.5,India,B Kumar,JJ Bumrah,Junaid Khan,1,0,"",""
ball,2,29.6,India,JJ Bumrah,B Kumar,Junaid Khan,1,0,"",""
ball,2,30.1,India,JJ Bumrah,B Kumar,Hasan Ali,0,0,"",""
ball,2,30.2,India,JJ Bumrah,B Kumar,Hasan Ali,0,0,"",""
ball,2,30.3,India,JJ Bumrah,B Kumar,Hasan Ali,0,0,caught,JJ Bumrah
