version,1.3.0
info,team,India
info,team,Sri Lanka
info,gender,male
info,season,2017
info,date,2017/06/08
info,competition,ICC Champions Trophy
info,match_number,8
info,venue,Kennington Oval
info,city,London
info,neutralvenue,true
info,toss_winner,Sri Lanka
info,toss_decision,field
info,player_of_match,BKG Mendis
info,umpire,RA Kettleborough
info,umpire,RJ Tucker
info,reserve_umpire,PR Reiffel
info,tv_umpire,M Erasmus
info,match_referee,DC Boon
info,winner,Sri Lanka
info,winner_wickets,7
ball,1,0.1,India,RG Sharma,S Dhawan,SL Malinga,4,0,"",""
ball,1,0.2,India,RG Sharma,S Dhawan,SL Malinga,0,0,"",""
ball,1,0.3,India,RG Sharma,S Dhawan,SL Malinga,0,0,"",""
ball,1,0.4,India,RG Sharma,S Dhawan,SL Malinga,0,0,"",""
ball,1,0.5,India,RG Sharma,S Dhawan,SL Malinga,0,0,"",""
ball,1,0.6,India,RG Sharma,S Dhawan,SL Malinga,0,0,"",""
ball,1,1.1,India,S Dhawan,RG Sharma,RAS Lakmal,0,0,"",""
ball,1,1.2,India,S Dhawan,RG Sharma,RAS Lakmal,4,0,"",""
ball,1,1.3,India,S Dhawan,RG Sharma,RAS Lakmal,0,0,"",""
ball,1,1.4,India,S Dhawan,RG Sharma,RAS Lakmal,0,0,"",""
ball,1,1.5,India,S Dhawan,RG Sharma,RAS Lakmal,2,0,"",""
ball,1,1.6,India,S Dhawan,RG Sharma,RAS Lakmal,0,0,"",""
ball,1,2.1,India,RG Sharma,S Dhawan,SL Malinga,0,0,"",""
ball,1,2.2,India,RG Sharma,S Dhawan,SL Malinga,1,0,"",""
ball,1,2.3,India,S Dhawan,RG Sharma,SL Malinga,1,0,"",""
ball,1,2.4,India,RG Sharma,S Dhawan,SL Malinga,0,0,"",""
ball,1,2.5,India,RG Sharma,S Dhawan,SL Malinga,0,0,"",""
ball,1,2.6,India,RG Sharma,S Dhawan,SL Malinga,0,0,"",""
ball,1,3.1,India,S Dhawan,RG Sharma,RAS Lakmal,0,0,"",""
ball,1,3.2,India,S Dhawan,RG Sharma,RAS Lakmal,0,0,"",""
ball,1,3.3,India,S Dhawan,RG Sharma,RAS Lakmal,0,0,"",""
ball,1,3.4,India,S Dhawan,RG Sharma,RAS Lakmal,0,0,"",""
ball,1,3.5,India,S Dhawan,RG Sharma,RAS Lakmal,0,0,"",""
ball,1,3.6,India,S Dhawan,RG Sharma,RAS Lakmal,0,0,"",""
ball,1,4.1,India,RG Sharma,S Dhawan,SL Malinga,1,0,"",""
ball,1,4.2,India,S Dhawan,RG Sharma,SL Malinga,0,0,"",""
ball,1,4.3,India,S Dhawan,RG Sharma,SL Malinga,0,0,"",""
ball,1,4.4,India,S Dhawan,RG Sharma,SL Malinga,0,0,"",""
ball,1,4.5,India,S Dhawan,RG Sharma,SL Malinga,0,0,"",""
ball,1,4.6,India,S Dhawan,RG Sharma,SL Malinga,4,0,"",""
ball,1,5.1,India,RG Sharma,S Dhawan,RAS Lakmal,1,0,"",""
ball,1,5.2,India,S Dhawan,RG Sharma,RAS Lakmal,0,0,"",""
ball,1,5.3,India,S Dhawan,RG Sharma,RAS Lakmal,4,0,"",""
ball,1,5.4,India,S Dhawan,RG Sharma,RAS Lakmal,4,0,"",""
ball,1,5.5,India,S Dhawan,RG Sharma,RAS Lakmal,1,0,"",""
ball,1,5.6,India,RG Sharma,S Dhawan,RAS Lakmal,0,0,"",""
ball,1,6.1,India,S Dhawan,RG Sharma,SL Malinga,0,0,"",""
ball,1,6.2,India,S Dhawan,RG Sharma,SL Malinga,0,0,"",""
ball,1,6.3,India,S Dhawan,RG Sharma,SL Malinga,0,0,"",""
ball,1,6.4,India,S Dhawan,RG Sharma,SL Malinga,3,0,"",""
ball,1,6.5,India,RG Sharma,S Dhawan,SL Malinga,1,0,"",""
ball,1,6.6,India,S Dhawan,RG Sharma,SL Malinga,1,0,"",""
ball,1,7.1,India,S Dhawan,RG Sharma,N Pradeep,1,0,"",""
ball,1,7.2,India,RG Sharma,S Dhawan,N Pradeep,1,0,"",""
ball,1,7.3,India,S Dhawan,RG Sharma,N Pradeep,0,0,"",""
ball,1,7.4,India,S Dhawan,RG Sharma,N Pradeep,1,0,"",""
ball,1,7.5,India,RG Sharma,S Dhawan,N Pradeep,0,0,"",""
ball,1,7.6,India,RG Sharma,S Dhawan,N Pradeep,1,0,"",""
ball,1,8.1,India,RG Sharma,S Dhawan,RAS Lakmal,0,0,"",""
ball,1,8.2,India,RG Sharma,S Dhawan,RAS Lakmal,4,0,"",""
ball,1,8.3,India,RG Sharma,S Dhawan,RAS Lakmal,1,0,"",""
ball,1,8.4,India,S Dhawan,RG Sharma,RAS Lakmal,1,0,"",""
ball,1,8.5,India,RG Sharma,S Dhawan,RAS Lakmal,0,0,"",""
ball,1,8.6,India,RG Sharma,S Dhawan,RAS Lakmal,4,0,"",""
ball,1,9.1,India,S Dhawan,RG Sharma,N Pradeep,0,0,"",""
ball,1,9.2,India,S Dhawan,RG Sharma,N Pradeep,1,0,"",""
ball,1,9.3,India,RG Sharma,S Dhawan,N Pradeep,0,0,"",""
ball,1,9.4,India,RG Sharma,S Dhawan,N Pradeep,1,0,"",""
ball,1,9.5,India,S Dhawan,RG Sharma,N Pradeep,0,0,"",""
ball,1,9.6,India,S Dhawan,RG Sharma,N Pradeep,0,0,"",""
ball,1,10.1,India,RG Sharma,S Dhawan,RAS Lakmal,1,0,"",""
ball,1,10.2,India,S Dhawan,RG Sharma,RAS Lakmal,0,1,"",""
ball,1,10.3,India,RG Sharma,S Dhawan,RAS Lakmal,0,0,"",""
ball,1,10.4,India,RG Sharma,S Dhawan,RAS Lakmal,0,0,"",""
ball,1,10.5,India,RG Sharma,S Dhawan,RAS Lakmal,1,0,"",""
ball,1,10.6,India,S Dhawan,RG Sharma,RAS Lakmal,0,0,"",""
ball,1,11.1,India,RG Sharma,S Dhawan,N Pradeep,0,0,"",""
ball,1,11.2,India,RG Sharma,S Dhawan,N Pradeep,2,0,"",""
ball,1,11.3,India,RG Sharma,S Dhawan,N Pradeep,1,0,"",""
ball,1,11.4,India,S Dhawan,RG Sharma,N Pradeep,0,5,"",""
ball,1,11.5,India,S Dhawan,RG Sharma,N Pradeep,0,0,"",""
ball,1,11.6,India,S Dhawan,RG Sharma,N Pradeep,0,0,"",""
ball,1,11.7,India,S Dhawan,RG Sharma,N Pradeep,0,0,"",""
ball,1,12.1,India,RG Sharma,S Dhawan,NLTC Perera,0,0,"",""
ball,1,12.2,India,RG Sharma,S Dhawan,NLTC Perera,1,0,"",""
ball,1,12.3,India,S Dhawan,RG Sharma,NLTC Perera,1,0,"",""
ball,1,12.4,India,RG Sharma,S Dhawan,NLTC Perera,0,0,"",""
ball,1,12.5,India,RG Sharma,S Dhawan,NLTC Perera,0,0,"",""
ball,1,12.6,India,RG Sharma,S Dhawan,NLTC Perera,2,0,"",""
ball,1,13.1,India,S Dhawan,RG Sharma,N Pradeep,1,0,"",""
ball,1,13.2,India,RG Sharma,S Dhawan,N Pradeep,0,0,"",""
ball,1,13.3,India,RG Sharma,S Dhawan,N Pradeep,0,0,"",""
ball,1,13.4,India,RG Sharma,S Dhawan,N Pradeep,2,0,"",""
ball,1,13.5,India,RG Sharma,S Dhawan,N Pradeep,1,0,"",""
ball,1,13.6,India,S Dhawan,RG Sharma,N Pradeep,1,0,"",""
ball,1,14.1,India,S Dhawan,RG Sharma,MD Gunathilaka,4,0,"",""
ball,1,14.2,India,S Dhawan,RG Sharma,MD Gunathilaka,0,0,"",""
ball,1,14.3,India,S Dhawan,RG Sharma,MD Gunathilaka,1,0,"",""
ball,1,14.4,India,RG Sharma,S Dhawan,MD Gunathilaka,0,0,"",""
ball,1,14.5,India,RG Sharma,S Dhawan,MD Gunathilaka,0,0,"",""
ball,1,14.6,India,RG Sharma,S Dhawan,MD Gunathilaka,1,0,"",""
ball,1,15.1,India,RG Sharma,S Dhawan,N Pradeep,1,0,"",""
ball,1,15.2,India,S Dhawan,RG Sharma,N Pradeep,0,0,"",""
ball,1,15.3,India,S Dhawan,RG Sharma,N Pradeep,1,0,"",""
ball,1,15.4,India,RG Sharma,S Dhawan,N Pradeep,1,0,"",""
ball,1,15.5,India,S Dhawan,RG Sharma,N Pradeep,1,0,"",""
ball,1,15.6,India,RG Sharma,S Dhawan,N Pradeep,1,0,"",""
ball,1,16.1,India,RG Sharma,S Dhawan,MD Gunathilaka,1,0,"",""
ball,1,16.2,India,S Dhawan,RG Sharma,MD Gunathilaka,0,1,"",""
ball,1,16.3,India,RG Sharma,S Dhawan,MD Gunathilaka,4,0,"",""
ball,1,16.4,India,RG Sharma,S Dhawan,MD Gunathilaka,1,0,"",""
ball,1,16.5,India,S Dhawan,RG Sharma,MD Gunathilaka,0,0,"",""
ball,1,16.6,India,S Dhawan,RG Sharma,MD Gunathilaka,0,0,"",""
ball,1,17.1,India,RG Sharma,S Dhawan,NLTC Perera,1,0,"",""
ball,1,17.2,India,S Dhawan,RG Sharma,NLTC Perera,0,0,"",""
ball,1,17.3,India,S Dhawan,RG Sharma,NLTC Perera,1,0,"",""
ball,1,17.4,India,RG Sharma,S Dhawan,NLTC Perera,0,0,"",""
ball,1,17.5,India,RG Sharma,S Dhawan,NLTC Perera,0,0,"",""
ball,1,17.6,India,RG Sharma,S Dhawan,NLTC Perera,1,0,"",""
ball,1,18.1,India,RG Sharma,S Dhawan,MD Gunathilaka,1,0,"",""
ball,1,18.2,India,S Dhawan,RG Sharma,MD Gunathilaka,1,0,"",""
ball,1,18.3,India,RG Sharma,S Dhawan,MD Gunathilaka,1,0,"",""
ball,1,18.4,India,S Dhawan,RG Sharma,MD Gunathilaka,0,0,"",""
ball,1,18.5,India,S Dhawan,RG Sharma,MD Gunathilaka,0,0,"",""
ball,1,18.6,India,S Dhawan,RG Sharma,MD Gunathilaka,2,0,"",""
ball,1,19.1,India,RG Sharma,S Dhawan,NLTC Perera,0,0,"",""
ball,1,19.2,India,RG Sharma,S Dhawan,NLTC Perera,6,0,"",""
ball,1,19.3,India,RG Sharma,S Dhawan,NLTC Perera,0,0,"",""
ball,1,19.4,India,RG Sharma,S Dhawan,NLTC Perera,6,0,"",""
ball,1,19.5,India,RG Sharma,S Dhawan,NLTC Perera,0,0,"",""
ball,1,19.6,India,RG Sharma,S Dhawan,NLTC Perera,1,0,"",""
ball,1,20.1,India,RG Sharma,S Dhawan,MD Gunathilaka,2,0,"",""
ball,1,20.2,India,RG Sharma,S Dhawan,MD Gunathilaka,0,0,"",""
ball,1,20.3,India,RG Sharma,S Dhawan,MD Gunathilaka,4,0,"",""
ball,1,20.4,India,RG Sharma,S Dhawan,MD Gunathilaka,0,0,"",""
ball,1,20.5,India,RG Sharma,S Dhawan,MD Gunathilaka,0,0,"",""
ball,1,20.6,India,RG Sharma,S Dhawan,MD Gunathilaka,1,0,"",""
ball,1,21.1,India,RG Sharma,S Dhawan,NLTC Perera,1,0,"",""
ball,1,21.2,India,S Dhawan,RG Sharma,NLTC Perera,0,0,"",""
ball,1,21.3,India,S Dhawan,RG Sharma,NLTC Perera,1,0,"",""
ball,1,21.4,India,RG Sharma,S Dhawan,NLTC Perera,0,0,"",""
ball,1,21.5,India,RG Sharma,S Dhawan,NLTC Perera,0,0,"",""
ball,1,21.6,India,RG Sharma,S Dhawan,NLTC Perera,0,0,"",""
ball,1,22.1,India,S Dhawan,RG Sharma,SL Malinga,0,1,"",""
ball,1,22.2,India,S Dhawan,RG Sharma,SL Malinga,0,0,"",""
ball,1,22.3,India,S Dhawan,RG Sharma,SL Malinga,1,0,"",""
ball,1,22.4,India,RG Sharma,S Dhawan,SL Malinga,0,0,"",""
ball,1,22.5,India,RG Sharma,S Dhawan,SL Malinga,4,0,"",""
ball,1,22.6,India,RG Sharma,S Dhawan,SL Malinga,1,0,"",""
ball,1,22.7,India,S Dhawan,RG Sharma,SL Malinga,1,0,"",""
ball,1,23.1,India,S Dhawan,RG Sharma,NLTC Perera,0,0,"",""
ball,1,23.2,India,S Dhawan,RG Sharma,NLTC Perera,0,0,"",""
ball,1,23.3,India,S Dhawan,RG Sharma,NLTC Perera,0,1,"",""
ball,1,23.4,India,RG Sharma,S Dhawan,NLTC Perera,1,0,"",""
ball,1,23.5,India,S Dhawan,RG Sharma,NLTC Perera,0,0,"",""
ball,1,23.6,India,S Dhawan,RG Sharma,NLTC Perera,1,0,"",""
ball,1,24.1,India,S Dhawan,RG Sharma,SL Malinga,4,0,"",""
ball,1,24.2,India,S Dhawan,RG Sharma,SL Malinga,1,0,"",""
ball,1,24.3,India,RG Sharma,S Dhawan,SL Malinga,0,0,"",""
ball,1,24.4,India,RG Sharma,S Dhawan,SL Malinga,6,0,"",""
ball,1,24.5,India,RG Sharma,S Dhawan,SL Malinga,0,0,caught,RG Sharma
ball,1,24.6,India,V Kohli,S Dhawan,SL Malinga,0,0,"",""
ball,1,25.1,India,S Dhawan,V Kohli,N Pradeep,1,0,"",""
ball,1,25.2,India,V Kohli,S Dhawan,N Pradeep,0,0,"",""
ball,1,25.3,India,V Kohli,S Dhawan,N Pradeep,0,0,"",""
ball,1,25.4,India,V Kohli,S Dhawan,N Pradeep,0,0,"",""
ball,1,25.5,India,V Kohli,S Dhawan,N Pradeep,0,0,caught,V Kohli
ball,1,25.6,India,Yuvraj Singh,S Dhawan,N Pradeep,0,0,"",""
ball,1,26.1,India,S Dhawan,Yuvraj Singh,SL Malinga,0,0,"",""
ball,1,26.2,India,S Dhawan,Yuvraj Singh,SL Malinga,4,0,"",""
ball,1,26.3,India,S Dhawan,Yuvraj Singh,SL Malinga,0,0,"",""
ball,1,26.4,India,S Dhawan,Yuvraj Singh,SL Malinga,0,0,"",""
ball,1,26.5,India,S Dhawan,Yuvraj Singh,SL Malinga,4,0,"",""
ball,1,26.6,India,S Dhawan,Yuvraj Singh,SL Malinga,1,0,"",""
ball,1,27.1,India,S Dhawan,Yuvraj Singh,N Pradeep,2,0,"",""
ball,1,27.2,India,S Dhawan,Yuvraj Singh,N Pradeep,1,0,"",""
ball,1,27.3,India,Yuvraj Singh,S Dhawan,N Pradeep,1,0,"",""
ball,1,27.4,India,S Dhawan,Yuvraj Singh,N Pradeep,0,0,"",""
ball,1,27.5,India,S Dhawan,Yuvraj Singh,N Pradeep,4,0,"",""
ball,1,27.6,India,S Dhawan,Yuvraj Singh,N Pradeep,4,0,"",""
ball,1,28.1,India,Yuvraj Singh,S Dhawan,MD Gunathilaka,1,0,"",""
ball,1,28.2,India,S Dhawan,Yuvraj Singh,MD Gunathilaka,4,0,"",""
ball,1,28.3,India,S Dhawan,Yuvraj Singh,MD Gunathilaka,1,0,"",""
ball,1,28.4,India,Yuvraj Singh,S Dhawan,MD Gunathilaka,0,0,"",""
ball,1,28.5,India,Yuvraj Singh,S Dhawan,MD Gunathilaka,0,0,"",""
ball,1,28.6,India,Yuvraj Singh,S Dhawan,MD Gunathilaka,0,0,"",""
ball,1,29.1,India,S Dhawan,Yuvraj Singh,NLTC Perera,0,0,"",""
ball,1,29.2,India,S Dhawan,Yuvraj Singh,NLTC Perera,0,0,"",""
ball,1,29.3,India,S Dhawan,Yuvraj Singh,NLTC Perera,1,0,"",""
ball,1,29.4,India,Yuvraj Singh,S Dhawan,NLTC Perera,1,0,"",""
ball,1,29.5,India,S Dhawan,Yuvraj Singh,NLTC Perera,0,0,"",""
ball,1,29.6,India,S Dhawan,Yuvraj Singh,NLTC Perera,1,0,"",""
ball,1,30.1,India,S Dhawan,Yuvraj Singh,MD Gunathilaka,0,0,"",""
ball,1,30.2,India,S Dhawan,Yuvraj Singh,MD Gunathilaka,1,0,"",""
ball,1,30.3,India,Yuvraj Singh,S Dhawan,MD Gunathilaka,0,0,"",""
ball,1,30.4,India,Yuvraj Singh,S Dhawan,MD Gunathilaka,0,0,"",""
ball,1,30.5,India,Yuvraj Singh,S Dhawan,MD Gunathilaka,0,0,"",""
ball,1,30.6,India,Yuvraj Singh,S Dhawan,MD Gunathilaka,0,0,"",""
ball,1,31.1,India,S Dhawan,Yuvraj Singh,NLTC Perera,0,0,"",""
ball,1,31.2,India,S Dhawan,Yuvraj Singh,NLTC Perera,1,0,"",""
ball,1,31.3,India,Yuvraj Singh,S Dhawan,NLTC Perera,1,0,"",""
ball,1,31.4,India,S Dhawan,Yuvraj Singh,NLTC Perera,1,0,"",""
ball,1,31.5,India,Yuvraj Singh,S Dhawan,NLTC Perera,1,0,"",""
ball,1,31.6,India,S Dhawan,Yuvraj Singh,NLTC Perera,0,0,"",""
ball,1,32.1,India,Yuvraj Singh,S Dhawan,MD Gunathilaka,1,0,"",""
ball,1,32.2,India,S Dhawan,Yuvraj Singh,MD Gunathilaka,1,0,"",""
ball,1,32.3,India,Yuvraj Singh,S Dhawan,MD Gunathilaka,0,0,"",""
ball,1,32.4,India,Yuvraj Singh,S Dhawan,MD Gunathilaka,0,0,"",""
ball,1,32.5,India,Yuvraj Singh,S Dhawan,MD Gunathilaka,1,0,"",""
ball,1,32.6,India,S Dhawan,Yuvraj Singh,MD Gunathilaka,1,0,"",""
ball,1,33.1,India,S Dhawan,Yuvraj Singh,DAS Gunaratne,0,0,"",""
ball,1,33.2,India,S Dhawan,Yuvraj Singh,DAS Gunaratne,1,0,"",""
ball,1,33.3,India,Yuvraj Singh,S Dhawan,DAS Gunaratne,0,0,bowled,Yuvraj Singh
ball,1,33.4,India,MS Dhoni,S Dhawan,DAS Gunaratne,0,0,"",""
ball,1,33.5,India,MS Dhoni,S Dhawan,DAS Gunaratne,0,0,"",""
ball,1,33.6,India,MS Dhoni,S Dhawan,DAS Gunaratne,0,0,"",""
ball,1,34.1,India,S Dhawan,MS Dhoni,RAS Lakmal,1,0,"",""
ball,1,34.2,India,MS Dhoni,S Dhawan,RAS Lakmal,0,0,"",""
ball,1,34.3,India,MS Dhoni,S Dhawan,RAS Lakmal,0,0,"",""
ball,1,34.4,India,MS Dhoni,S Dhawan,RAS Lakmal,6,0,"",""
ball,1,34.5,India,MS Dhoni,S Dhawan,RAS Lakmal,1,0,"",""
ball,1,34.6,India,S Dhawan,MS Dhoni,RAS Lakmal,1,0,"",""
ball,1,35.1,India,S Dhawan,MS Dhoni,DAS Gunaratne,1,0,"",""
ball,1,35.2,India,MS Dhoni,S Dhawan,DAS Gunaratne,1,0,"",""
ball,1,35.3,India,S Dhawan,MS Dhoni,DAS Gunaratne,0,0,"",""
ball,1,35.4,India,S Dhawan,MS Dhoni,DAS Gunaratne,1,0,"",""
ball,1,35.5,India,MS Dhoni,S Dhawan,DAS Gunaratne,0,0,"",""
ball,1,35.6,India,MS Dhoni,S Dhawan,DAS Gunaratne,0,0,"",""
ball,1,36.1,India,S Dhawan,MS Dhoni,MD Gunathilaka,1,0,"",""
ball,1,36.2,India,MS Dhoni,S Dhawan,MD Gunathilaka,0,0,"",""
ball,1,36.3,India,MS Dhoni,S Dhawan,MD Gunathilaka,0,0,"",""
ball,1,36.4,India,MS Dhoni,S Dhawan,MD Gunathilaka,4,0,"",""
ball,1,36.5,India,MS Dhoni,S Dhawan,MD Gunathilaka,1,0,"",""
ball,1,36.6,India,S Dhawan,MS Dhoni,MD Gunathilaka,0,0,"",""
ball,1,37.1,India,MS Dhoni,S Dhawan,DAS Gunaratne,0,0,"",""
ball,1,37.2,India,MS Dhoni,S Dhawan,DAS Gunaratne,0,0,"",""
ball,1,37.3,India,MS Dhoni,S Dhawan,DAS Gunaratne,0,0,"",""
ball,1,37.4,India,MS Dhoni,S Dhawan,DAS Gunaratne,1,0,"",""
ball,1,37.5,India,S Dhawan,MS Dhoni,DAS Gunaratne,1,0,"",""
ball,1,37.6,India,MS Dhoni,S Dhawan,DAS Gunaratne,1,0,"",""
ball,1,38.1,India,MS Dhoni,S Dhawan,RAS Lakmal,0,0,"",""
ball,1,38.2,India,MS Dhoni,S Dhawan,RAS Lakmal,1,0,"",""
ball,1,38.3,India,S Dhawan,MS Dhoni,RAS Lakmal,0,0,"",""
ball,1,38.4,India,S Dhawan,MS Dhoni,RAS Lakmal,2,0,"",""
ball,1,38.5,India,S Dhawan,MS Dhoni,RAS Lakmal,4,0,"",""
ball,1,38.6,India,S Dhawan,MS Dhoni,RAS Lakmal,0,0,"",""
ball,1,39.1,India,MS Dhoni,S Dhawan,N Pradeep,0,0,"",""
ball,1,39.2,India,MS Dhoni,S Dhawan,N Pradeep,4,0,"",""
ball,1,39.3,India,MS Dhoni,S Dhawan,N Pradeep,1,0,"",""
ball,1,39.4,India,S Dhawan,MS Dhoni,N Pradeep,4,0,"",""
ball,1,39.5,India,S Dhawan,MS Dhoni,N Pradeep,1,0,"",""
ball,1,39.6,India,MS Dhoni,S Dhawan,N Pradeep,1,0,"",""
ball,1,40.1,India,MS Dhoni,S Dhawan,RAS Lakmal,1,0,"",""
ball,1,40.2,India,S Dhawan,MS Dhoni,RAS Lakmal,2,0,"",""
ball,1,40.3,India,S Dhawan,MS Dhoni,RAS Lakmal,4,0,"",""
ball,1,40.4,India,S Dhawan,MS Dhoni,RAS Lakmal,1,0,"",""
ball,1,40.5,India,MS Dhoni,S Dhawan,RAS Lakmal,0,1,"",""
ball,1,40.6,India,S Dhawan,MS Dhoni,RAS Lakmal,0,0,"",""
ball,1,41.1,India,MS Dhoni,S Dhawan,N Pradeep,1,0,"",""
ball,1,41.2,India,S Dhawan,MS Dhoni,N Pradeep,6,0,"",""
ball,1,41.3,India,S Dhawan,MS Dhoni,N Pradeep,1,0,"",""
ball,1,41.4,India,MS Dhoni,S Dhawan,N Pradeep,4,0,"",""
ball,1,41.5,India,MS Dhoni,S Dhawan,N Pradeep,4,0,"",""
ball,1,41.6,India,MS Dhoni,S Dhawan,N Pradeep,0,0,"",""
ball,1,42.1,India,S Dhawan,MS Dhoni,SL Malinga,4,0,"",""
ball,1,42.2,India,S Dhawan,MS Dhoni,SL Malinga,1,0,"",""
ball,1,42.3,India,MS Dhoni,S Dhawan,SL Malinga,1,0,"",""
ball,1,42.4,India,S Dhawan,MS Dhoni,SL Malinga,2,0,"",""
ball,1,42.5,India,S Dhawan,MS Dhoni,SL Malinga,0,0,"",""
ball,1,42.6,India,S Dhawan,MS Dhoni,SL Malinga,0,0,"",""
ball,1,43.1,India,MS Dhoni,S Dhawan,RAS Lakmal,0,1,"",""
ball,1,43.2,India,MS Dhoni,S Dhawan,RAS Lakmal,1,0,"",""
ball,1,43.3,India,S Dhawan,MS Dhoni,RAS Lakmal,1,0,"",""
ball,1,43.4,India,MS Dhoni,S Dhawan,RAS Lakmal,0,1,"",""
ball,1,43.5,India,MS Dhoni,S Dhawan,RAS Lakmal,4,0,"",""
ball,1,43.6,India,MS Dhoni,S Dhawan,RAS Lakmal,1,0,"",""
ball,1,43.7,India,S Dhawan,MS Dhoni,RAS Lakmal,0,0,"",""
ball,1,43.8,India,S Dhawan,MS Dhoni,RAS Lakmal,1,0,"",""
ball,1,44.1,India,S Dhawan,MS Dhoni,SL Malinga,0,0,caught,S Dhawan
ball,1,44.2,India,MS Dhoni,HH Pandya,SL Malinga,4,0,"",""
ball,1,44.3,India,MS Dhoni,HH Pandya,SL Malinga,1,0,"",""
ball,1,44.4,India,HH Pandya,MS Dhoni,SL Malinga,2,0,"",""
ball,1,44.5,India,HH Pandya,MS Dhoni,SL Malinga,1,0,"",""
ball,1,44.6,India,MS Dhoni,HH Pandya,SL Malinga,1,0,"",""
ball,1,45.1,India,MS Dhoni,HH Pandya,RAS Lakmal,1,0,"",""
ball,1,45.2,India,HH Pandya,MS Dhoni,RAS Lakmal,0,1,"",""
ball,1,45.3,India,HH Pandya,MS Dhoni,RAS Lakmal,0,0,"",""
ball,1,45.4,India,HH Pandya,MS Dhoni,RAS Lakmal,6,0,"",""
ball,1,45.5,India,HH Pandya,MS Dhoni,RAS Lakmal,0,0,caught,HH Pandya
ball,1,45.6,India,MS Dhoni,KM Jadhav,RAS Lakmal,2,0,"",""
ball,1,45.7,India,MS Dhoni,KM Jadhav,RAS Lakmal,0,0,"",""
ball,1,46.1,India,KM Jadhav,MS Dhoni,N Pradeep,1,0,"",""
ball,1,46.2,India,MS Dhoni,KM Jadhav,N Pradeep,0,0,"",""
ball,1,46.3,India,MS Dhoni,KM Jadhav,N Pradeep,1,0,"",""
ball,1,46.4,India,KM Jadhav,MS Dhoni,N Pradeep,0,1,"",""
ball,1,46.5,India,KM Jadhav,MS Dhoni,N Pradeep,2,0,"",""
ball,1,46.6,India,KM Jadhav,MS Dhoni,N Pradeep,0,0,"",""
ball,1,46.7,India,KM Jadhav,MS Dhoni,N Pradeep,4,0,"",""
ball,1,47.1,India,MS Dhoni,KM Jadhav,NLTC Perera,0,0,"",""
ball,1,47.2,India,MS Dhoni,KM Jadhav,NLTC Perera,0,0,"",""
ball,1,47.3,India,MS Dhoni,KM Jadhav,NLTC Perera,1,0,"",""
ball,1,47.4,India,KM Jadhav,MS Dhoni,NLTC Perera,0,0,"",""
ball,1,47.5,India,KM Jadhav,MS Dhoni,NLTC Perera,1,0,"",""
ball,1,47.6,India,MS Dhoni,KM Jadhav,NLTC Perera,6,0,"",""
ball,1,48.1,India,KM Jadhav,MS Dhoni,SL Malinga,1,0,"",""
ball,1,48.2,India,MS Dhoni,KM Jadhav,SL Malinga,2,0,"",""
ball,1,48.3,India,MS Dhoni,KM Jadhav,SL Malinga,0,0,"",""
ball,1,48.4,India,MS Dhoni,KM Jadhav,SL Malinga,1,0,"",""
ball,1,48.5,India,KM Jadhav,MS Dhoni,SL Malinga,1,0,"",""
ball,1,48.6,India,MS Dhoni,KM Jadhav,SL Malinga,4,0,"",""
ball,1,49.1,India,KM Jadhav,MS Dhoni,NLTC Perera,1,0,"",""
ball,1,49.2,India,MS Dhoni,KM Jadhav,NLTC Perera,0,0,caught,MS Dhoni
ball,1,49.3,India,KM Jadhav,RA Jadeja,NLTC Perera,6,0,"",""
ball,1,49.4,India,KM Jadhav,RA Jadeja,NLTC Perera,0,0,"",""
ball,1,49.5,India,KM Jadhav,RA Jadeja,NLTC Perera,4,0,"",""
ball,1,49.6,India,KM Jadhav,RA Jadeja,NLTC Perera,4,0,"",""
ball,2,0.1,Sri Lanka,N Dickwella,MD Gunathilaka,B Kumar,0,0,"",""
ball,2,0.2,Sri Lanka,N Dickwella,MD Gunathilaka,B Kumar,0,0,"",""
ball,2,0.3,Sri Lanka,N Dickwella,MD Gunathilaka,B Kumar,2,0,"",""
ball,2,0.4,Sri Lanka,N Dickwella,MD Gunathilaka,B Kumar,0,0,"",""
ball,2,0.5,Sri Lanka,N Dickwella,MD Gunathilaka,B Kumar,0,0,"",""
ball,2,0.6,Sri Lanka,N Dickwella,MD Gunathilaka,B Kumar,0,0,"",""
ball,2,1.1,Sri Lanka,MD Gunathilaka,N Dickwella,UT Yadav,0,0,"",""
ball,2,1.2,Sri Lanka,MD Gunathilaka,N Dickwella,UT Yadav,1,0,"",""
ball,2,1.3,Sri Lanka,N Dickwella,MD Gunathilaka,UT Yadav,0,0,"",""
ball,2,1.4,Sri Lanka,N Dickwella,MD Gunathilaka,UT Yadav,1,0,"",""
ball,2,1.5,Sri Lanka,MD Gunathilaka,N Dickwella,UT Yadav,0,0,"",""
ball,2,1.6,Sri Lanka,MD Gunathilaka,N Dickwella,UT Yadav,0,0,"",""
ball,2,2.1,Sri Lanka,N Dickwella,MD Gunathilaka,B Kumar,1,0,"",""
ball,2,2.2,Sri Lanka,MD Gunathilaka,N Dickwella,B Kumar,0,0,"",""
ball,2,2.3,Sri Lanka,MD Gunathilaka,N Dickwella,B Kumar,0,0,"",""
ball,2,2.4,Sri Lanka,MD Gunathilaka,N Dickwella,B Kumar,1,0,"",""
ball,2,2.5,Sri Lanka,N Dickwella,MD Gunathilaka,B Kumar,1,0,"",""
ball,2,2.6,Sri Lanka,MD Gunathilaka,N Dickwella,B Kumar,0,0,"",""
ball,2,3.1,Sri Lanka,N Dickwella,MD Gunathilaka,UT Yadav,0,0,"",""
ball,2,3.2,Sri Lanka,N Dickwella,MD Gunathilaka,UT Yadav,0,1,"",""
ball,2,3.3,Sri Lanka,N Dickwella,MD Gunathilaka,UT Yadav,1,0,"",""
ball,2,3.4,Sri Lanka,MD Gunathilaka,N Dickwella,UT Yadav,1,0,"",""
ball,2,3.5,Sri Lanka,N Dickwella,MD Gunathilaka,UT Yadav,0,0,"",""
ball,2,3.6,Sri Lanka,N Dickwella,MD Gunathilaka,UT Yadav,1,0,"",""
ball,2,3.7,Sri Lanka,MD Gunathilaka,N Dickwella,UT Yadav,0,0,"",""
ball,2,4.1,Sri Lanka,N Dickwella,MD Gunathilaka,B Kumar,0,0,"",""
ball,2,4.2,Sri Lanka,N Dickwella,MD Gunathilaka,B Kumar,0,0,"",""
ball,2,4.3,Sri Lanka,N Dickwella,MD Gunathilaka,B Kumar,0,0,"",""
ball,2,4.4,Sri Lanka,N Dickwella,MD Gunathilaka,B Kumar,0,0,caught,N Dickwella
ball,2,4.5,Sri Lanka,MD Gunathilaka,BKG Mendis,B Kumar,0,0,"",""
ball,2,4.6,Sri Lanka,MD Gunathilaka,BKG Mendis,B Kumar,4,0,"",""
ball,2,5.1,Sri Lanka,BKG Mendis,MD Gunathilaka,UT Yadav,0,0,"",""
ball,2,5.2,Sri Lanka,BKG Mendis,MD Gunathilaka,UT Yadav,0,0,"",""
ball,2,5.3,Sri Lanka,BKG Mendis,MD Gunathilaka,UT Yadav,0,0,"",""
ball,2,5.4,Sri Lanka,BKG Mendis,MD Gunathilaka,UT Yadav,1,0,"",""
ball,2,5.5,Sri Lanka,MD Gunathilaka,BKG Mendis,UT Yadav,1,0,"",""
ball,2,5.6,Sri Lanka,BKG Mendis,MD Gunathilaka,UT Yadav,0,0,"",""
ball,2,6.1,Sri Lanka,MD Gunathilaka,BKG Mendis,B Kumar,1,0,"",""
ball,2,6.2,Sri Lanka,BKG Mendis,MD Gunathilaka,B Kumar,1,0,"",""
ball,2,6.3,Sri Lanka,MD Gunathilaka,BKG Mendis,B Kumar,1,0,"",""
ball,2,6.4,Sri Lanka,BKG Mendis,MD Gunathilaka,B Kumar,0,0,"",""
ball,2,6.5,Sri Lanka,BKG Mendis,MD Gunathilaka,B Kumar,0,0,"",""
ball,2,6.6,Sri Lanka,BKG Mendis,MD Gunathilaka,B Kumar,2,0,"",""
ball,2,7.1,Sri Lanka,MD Gunathilaka,BKG Mendis,UT Yadav,6,0,"",""
ball,2,7.2,Sri Lanka,MD Gunathilaka,BKG Mendis,UT Yadav,2,0,"",""
ball,2,7.3,Sri Lanka,MD Gunathilaka,BKG Mendis,UT Yadav,4,0,"",""
ball,2,7.4,Sri Lanka,MD Gunathilaka,BKG Mendis,UT Yadav,0,0,"",""
ball,2,7.5,Sri Lanka,MD Gunathilaka,BKG Mendis,UT Yadav,0,0,"",""
ball,2,7.6,Sri Lanka,MD Gunathilaka,BKG Mendis,UT Yadav,0,0,"",""
ball,2,8.1,Sri Lanka,BKG Mendis,MD Gunathilaka,B Kumar,0,0,"",""
ball,2,8.2,Sri Lanka,BKG Mendis,MD Gunathilaka,B Kumar,4,0,"",""
ball,2,8.3,Sri Lanka,BKG Mendis,MD Gunathilaka,B Kumar,0,0,"",""
ball,2,8.4,Sri Lanka,BKG Mendis,MD Gunathilaka,B Kumar,0,0,"",""
ball,2,8.5,Sri Lanka,BKG Mendis,MD Gunathilaka,B Kumar,0,0,"",""
ball,2,8.6,Sri Lanka,BKG Mendis,MD Gunathilaka,B Kumar,0,0,"",""
ball,2,9.1,Sri Lanka,MD Gunathilaka,BKG Mendis,UT Yadav,0,0,"",""
ball,2,9.2,Sri Lanka,MD Gunathilaka,BKG Mendis,UT Yadav,4,0,"",""
ball,2,9.3,Sri Lanka,MD Gunathilaka,BKG Mendis,UT Yadav,0,0,"",""
ball,2,9.4,Sri Lanka,MD Gunathilaka,BKG Mendis,UT Yadav,1,0,"",""
ball,2,9.5,Sri Lanka,BKG Mendis,MD Gunathilaka,UT Yadav,0,0,"",""
ball,2,9.6,Sri Lanka,BKG Mendis,MD Gunathilaka,UT Yadav,1,0,"",""
ball,2,10.1,Sri Lanka,BKG Mendis,MD Gunathilaka,B Kumar,1,0,"",""
ball,2,10.2,Sri Lanka,MD Gunathilaka,BKG Mendis,B Kumar,1,0,"",""
ball,2,10.3,Sri Lanka,BKG Mendis,MD Gunathilaka,B Kumar,4,0,"",""
ball,2,10.4,Sri Lanka,BKG Mendis,MD Gunathilaka,B Kumar,0,0,"",""
ball,2,10.5,Sri Lanka,BKG Mendis,MD Gunathilaka,B Kumar,2,0,"",""
ball,2,10.6,Sri Lanka,BKG Mendis,MD Gunathilaka,B Kumar,1,0,"",""
ball,2,11.1,Sri Lanka,BKG Mendis,MD Gunathilaka,JJ Bumrah,0,0,"",""
ball,2,11.2,Sri Lanka,BKG Mendis,MD Gunathilaka,JJ Bumrah,0,0,"",""
ball,2,11.3,Sri Lanka,BKG Mendis,MD Gunathilaka,JJ Bumrah,4,0,"",""
ball,2,11.4,Sri Lanka,BKG Mendis,MD Gunathilaka,JJ Bumrah,1,0,"",""
ball,2,11.5,Sri Lanka,MD Gunathilaka,BKG Mendis,JJ Bumrah,1,0,"",""
ball,2,11.6,Sri Lanka,BKG Mendis,MD Gunathilaka,JJ Bumrah,0,0,"",""
ball,2,12.1,Sri Lanka,MD Gunathilaka,BKG Mendis,HH Pandya,1,0,"",""
ball,2,12.2,Sri Lanka,BKG Mendis,MD Gunathilaka,HH Pandya,0,0,"",""
ball,2,12.3,Sri Lanka,BKG Mendis,MD Gunathilaka,HH Pandya,0,0,"",""
ball,2,12.4,Sri Lanka,BKG Mendis,MD Gunathilaka,HH Pandya,1,0,"",""
ball,2,12.5,Sri Lanka,MD Gunathilaka,BKG Mendis,HH Pandya,0,0,"",""
ball,2,12.6,Sri Lanka,MD Gunathilaka,BKG Mendis,HH Pandya,1,0,"",""
ball,2,13.1,Sri Lanka,MD Gunathilaka,BKG Mendis,JJ Bumrah,0,2,"",""
ball,2,13.2,Sri Lanka,MD Gunathilaka,BKG Mendis,JJ Bumrah,0,0,"",""
ball,2,13.3,Sri Lanka,MD Gunathilaka,BKG Mendis,JJ Bumrah,0,0,"",""
ball,2,13.4,Sri Lanka,MD Gunathilaka,BKG Mendis,JJ Bumrah,1,0,"",""
ball,2,13.5,Sri Lanka,BKG Mendis,MD Gunathilaka,JJ Bumrah,1,0,"",""
ball,2,13.6,Sri Lanka,MD Gunathilaka,BKG Mendis,JJ Bumrah,0,4,"",""
ball,2,14.1,Sri Lanka,BKG Mendis,MD Gunathilaka,HH Pandya,0,0,"",""
ball,2,14.2,Sri Lanka,BKG Mendis,MD Gunathilaka,HH Pandya,0,0,"",""
ball,2,14.3,Sri Lanka,BKG Mendis,MD Gunathilaka,HH Pandya,0,0,"",""
ball,2,14.4,Sri Lanka,BKG Mendis,MD Gunathilaka,HH Pandya,0,0,"",""
ball,2,14.5,Sri Lanka,BKG Mendis,MD Gunathilaka,HH Pandya,0,0,"",""
ball,2,14.6,Sri Lanka,BKG Mendis,MD Gunathilaka,HH Pandya,0,0,"",""
ball,2,15.1,Sri Lanka,MD Gunathilaka,BKG Mendis,JJ Bumrah,0,0,"",""
ball,2,15.2,Sri Lanka,MD Gunathilaka,BKG Mendis,JJ Bumrah,1,0,"",""
ball,2,15.3,Sri Lanka,BKG Mendis,MD Gunathilaka,JJ Bumrah,0,0,"",""
ball,2,15.4,Sri Lanka,BKG Mendis,MD Gunathilaka,JJ Bumrah,1,0,"",""
ball,2,15.5,Sri Lanka,MD Gunathilaka,BKG Mendis,JJ Bumrah,0,0,"",""
ball,2,15.6,Sri Lanka,MD Gunathilaka,BKG Mendis,JJ Bumrah,4,0,"",""
ball,2,16.1,Sri Lanka,BKG Mendis,MD Gunathilaka,HH Pandya,1,0,"",""
ball,2,16.2,Sri Lanka,MD Gunathilaka,BKG Mendis,HH Pandya,4,0,"",""
ball,2,16.3,Sri Lanka,MD Gunathilaka,BKG Mendis,HH Pandya,2,0,"",""
ball,2,16.4,Sri Lanka,MD Gunathilaka,BKG Mendis,HH Pandya,0,0,"",""
ball,2,16.5,Sri Lanka,MD Gunathilaka,BKG Mendis,HH Pandya,1,0,"",""
ball,2,16.6,Sri Lanka,BKG Mendis,MD Gunathilaka,HH Pandya,0,1,"",""
ball,2,16.7,Sri Lanka,BKG Mendis,MD Gunathilaka,HH Pandya,2,0,"",""
ball,2,17.1,Sri Lanka,MD Gunathilaka,BKG Mendis,RA Jadeja,1,0,"",""
ball,2,17.2,Sri Lanka,BKG Mendis,MD Gunathilaka,RA Jadeja,0,0,"",""
ball,2,17.3,Sri Lanka,BKG Mendis,MD Gunathilaka,RA Jadeja,0,0,"",""
ball,2,17.4,Sri Lanka,BKG Mendis,MD Gunathilaka,RA Jadeja,1,0,"",""
ball,2,17.5,Sri Lanka,MD Gunathilaka,BKG Mendis,RA Jadeja,1,0,"",""
ball,2,17.6,Sri Lanka,BKG Mendis,MD Gunathilaka,RA Jadeja,0,0,"",""
ball,2,18.1,Sri Lanka,MD Gunathilaka,BKG Mendis,HH Pandya,0,0,"",""
ball,2,18.2,Sri Lanka,MD Gunathilaka,BKG Mendis,HH Pandya,6,0,"",""
ball,2,18.3,Sri Lanka,MD Gunathilaka,BKG Mendis,HH Pandya,1,0,"",""
ball,2,18.4,Sri Lanka,BKG Mendis,MD Gunathilaka,HH Pandya,0,0,"",""
ball,2,18.5,Sri Lanka,BKG Mendis,MD Gunathilaka,HH Pandya,1,0,"",""
ball,2,18.6,Sri Lanka,MD Gunathilaka,BKG Mendis,HH Pandya,0,0,"",""
ball,2,19.1,Sri Lanka,BKG Mendis,MD Gunathilaka,RA Jadeja,1,0,"",""
ball,2,19.2,Sri Lanka,MD Gunathilaka,BKG Mendis,RA Jadeja,1,0,"",""
ball,2,19.3,Sri Lanka,BKG Mendis,MD Gunathilaka,RA Jadeja,4,0,"",""
ball,2,19.4,Sri Lanka,BKG Mendis,MD Gunathilaka,RA Jadeja,0,0,"",""
ball,2,19.5,Sri Lanka,BKG Mendis,MD Gunathilaka,RA Jadeja,0,0,"",""
ball,2,19.6,Sri Lanka,BKG Mendis,MD Gunathilaka,RA Jadeja,4,0,"",""
ball,2,20.1,Sri Lanka,MD Gunathilaka,BKG Mendis,JJ Bumrah,1,0,"",""
ball,2,20.2,Sri Lanka,BKG Mendis,MD Gunathilaka,JJ Bumrah,1,0,"",""
ball,2,20.3,Sri Lanka,MD Gunathilaka,BKG Mendis,JJ Bumrah,1,0,"",""
ball,2,20.4,Sri Lanka,BKG Mendis,MD Gunathilaka,JJ Bumrah,0,1,"",""
ball,2,20.5,Sri Lanka,MD Gunathilaka,BKG Mendis,JJ Bumrah,0,0,"",""
ball,2,20.6,Sri Lanka,MD Gunathilaka,BKG Mendis,JJ Bumrah,1,0,"",""
ball,2,21.1,Sri Lanka,MD Gunathilaka,BKG Mendis,RA Jadeja,1,0,"",""
ball,2,21.2,Sri Lanka,BKG Mendis,MD Gunathilaka,RA Jadeja,1,0,"",""
ball,2,21.3,Sri Lanka,MD Gunathilaka,BKG Mendis,RA Jadeja,1,0,"",""
ball,2,21.4,Sri Lanka,BKG Mendis,MD Gunathilaka,RA Jadeja,0,0,"",""
ball,2,21.5,Sri Lanka,BKG Mendis,MD Gunathilaka,RA Jadeja,4,0,"",""
ball,2,21.6,Sri Lanka,BKG Mendis,MD Gunathilaka,RA Jadeja,0,0,"",""
ball,2,22.1,Sri Lanka,MD Gunathilaka,BKG Mendis,JJ Bumrah,0,1,"",""
ball,2,22.2,Sri Lanka,BKG Mendis,MD Gunathilaka,JJ Bumrah,0,0,"",""
ball,2,22.3,Sri Lanka,BKG Mendis,MD Gunathilaka,JJ Bumrah,1,0,"",""
ball,2,22.4,Sri Lanka,MD Gunathilaka,BKG Mendis,JJ Bumrah,1,0,"",""
ball,2,22.5,Sri Lanka,BKG Mendis,MD Gunathilaka,JJ Bumrah,0,0,"",""
ball,2,22.6,Sri Lanka,BKG Mendis,MD Gunathilaka,JJ Bumrah,0,1,"",""
ball,2,22.7,Sri Lanka,BKG Mendis,MD Gunathilaka,JJ Bumrah,0,1,"",""
ball,2,23.1,Sri Lanka,BKG Mendis,MD Gunathilaka,RA Jadeja,0,0,"",""
ball,2,23.2,Sri Lanka,BKG Mendis,MD Gunathilaka,RA Jadeja,6,0,"",""
ball,2,23.3,Sri Lanka,BKG Mendis,MD Gunathilaka,RA Jadeja,1,0,"",""
ball,2,23.4,Sri Lanka,MD Gunathilaka,BKG Mendis,RA Jadeja,4,0,"",""
ball,2,23.5,Sri Lanka,MD Gunathilaka,BKG Mendis,RA Jadeja,0,0,"",""
ball,2,23.6,Sri Lanka,MD Gunathilaka,BKG Mendis,RA Jadeja,0,1,"",""
ball,2,23.7,Sri Lanka,MD Gunathilaka,BKG Mendis,RA Jadeja,4,0,"",""
ball,2,24.1,Sri Lanka,BKG Mendis,MD Gunathilaka,JJ Bumrah,0,0,"",""
ball,2,24.2,Sri Lanka,BKG Mendis,MD Gunathilaka,JJ Bumrah,0,0,"",""
ball,2,24.3,Sri Lanka,BKG Mendis,MD Gunathilaka,JJ Bumrah,1,0,"",""
ball,2,24.4,Sri Lanka,MD Gunathilaka,BKG Mendis,JJ Bumrah,0,0,"",""
ball,2,24.5,Sri Lanka,MD Gunathilaka,BKG Mendis,JJ Bumrah,1,0,"",""
ball,2,24.6,Sri Lanka,BKG Mendis,MD Gunathilaka,JJ Bumrah,0,0,"",""
ball,2,25.1,Sri Lanka,MD Gunathilaka,BKG Mendis,HH Pandya,1,0,"",""
ball,2,25.2,Sri Lanka,BKG Mendis,MD Gunathilaka,HH Pandya,1,0,"",""
ball,2,25.3,Sri Lanka,MD Gunathilaka,BKG Mendis,HH Pandya,1,0,"",""
ball,2,25.4,Sri Lanka,BKG Mendis,MD Gunathilaka,HH Pandya,4,0,"",""
ball,2,25.5,Sri Lanka,BKG Mendis,MD Gunathilaka,HH Pandya,4,0,"",""
ball,2,25.6,Sri Lanka,BKG Mendis,MD Gunathilaka,HH Pandya,4,0,"",""
ball,2,26.1,Sri Lanka,MD Gunathilaka,BKG Mendis,KM Jadhav,0,0,"",""
ball,2,26.2,Sri Lanka,MD Gunathilaka,BKG Mendis,KM Jadhav,1,0,"",""
ball,2,26.3,Sri Lanka,BKG Mendis,MD Gunathilaka,KM Jadhav,1,0,"",""
ball,2,26.4,Sri Lanka,MD Gunathilaka,BKG Mendis,KM Jadhav,0,0,"",""
ball,2,26.5,Sri Lanka,MD Gunathilaka,BKG Mendis,KM Jadhav,1,0,"",""
ball,2,26.6,Sri Lanka,BKG Mendis,MD Gunathilaka,KM Jadhav,1,0,"",""
ball,2,27.1,Sri Lanka,BKG Mendis,MD Gunathilaka,V Kohli,4,0,"",""
ball,2,27.2,Sri Lanka,BKG Mendis,MD Gunathilaka,V Kohli,1,0,"",""
ball,2,27.3,Sri Lanka,MD Gunathilaka,BKG Mendis,V Kohli,2,0,"",""
ball,2,27.4,Sri Lanka,MD Gunathilaka,BKG Mendis,V Kohli,0,0,"",""
ball,2,27.5,Sri Lanka,MD Gunathilaka,BKG Mendis,V Kohli,1,0,run out,MD Gunathilaka
ball,2,27.6,Sri Lanka,MDKJ Perera,BKG Mendis,V Kohli,1,0,"",""
ball,2,28.1,Sri Lanka,MDKJ Perera,BKG Mendis,KM Jadhav,1,0,"",""
ball,2,28.2,Sri Lanka,BKG Mendis,MDKJ Perera,KM Jadhav,0,0,"",""
ball,2,28.3,Sri Lanka,BKG Mendis,MDKJ Perera,KM Jadhav,4,0,"",""
ball,2,28.4,Sri Lanka,BKG Mendis,MDKJ Perera,KM Jadhav,1,0,"",""
ball,2,28.5,Sri Lanka,MDKJ Perera,BKG Mendis,KM Jadhav,1,0,"",""
ball,2,28.6,Sri Lanka,BKG Mendis,MDKJ Perera,KM Jadhav,1,0,"",""
ball,2,29.1,Sri Lanka,BKG Mendis,MDKJ Perera,V Kohli,1,0,"",""
ball,2,29.2,Sri Lanka,MDKJ Perera,BKG Mendis,V Kohli,1,0,"",""
ball,2,29.3,Sri Lanka,BKG Mendis,MDKJ Perera,V Kohli,1,0,"",""
ball,2,29.4,Sri Lanka,MDKJ Perera,BKG Mendis,V Kohli,0,1,"",""
ball,2,29.5,Sri Lanka,BKG Mendis,MDKJ Perera,V Kohli,1,0,"",""
ball,2,29.6,Sri Lanka,MDKJ Perera,BKG Mendis,V Kohli,0,0,"",""
ball,2,30.1,Sri Lanka,BKG Mendis,MDKJ Perera,KM Jadhav,1,0,"",""
ball,2,30.2,Sri Lanka,MDKJ Perera,BKG Mendis,KM Jadhav,1,0,"",""
ball,2,30.3,Sri Lanka,BKG Mendis,MDKJ Perera,KM Jadhav,1,0,"",""
ball,2,30.4,Sri Lanka,MDKJ Perera,BKG Mendis,KM Jadhav,0,1,"",""
ball,2,30.5,Sri Lanka,MDKJ Perera,BKG Mendis,KM Jadhav,1,0,"",""
ball,2,30.6,Sri Lanka,BKG Mendis,MDKJ Perera,KM Jadhav,0,0,"",""
ball,2,30.7,Sri Lanka,BKG Mendis,MDKJ Perera,KM Jadhav,1,0,"",""
ball,2,31.1,Sri Lanka,BKG Mendis,MDKJ Perera,V Kohli,0,0,"",""
ball,2,31.2,Sri Lanka,BKG Mendis,MDKJ Perera,V Kohli,1,0,"",""
ball,2,31.3,Sri Lanka,MDKJ Perera,BKG Mendis,V Kohli,0,0,"",""
ball,2,31.4,Sri Lanka,MDKJ Perera,BKG Mendis,V Kohli,1,0,"",""
ball,2,31.5,Sri Lanka,BKG Mendis,MDKJ Perera,V Kohli,1,0,"",""
ball,2,31.6,Sri Lanka,MDKJ Perera,BKG Mendis,V Kohli,1,0,"",""
ball,2,32.1,Sri Lanka,MDKJ Perera,BKG Mendis,B Kumar,0,0,"",""
ball,2,32.2,Sri Lanka,MDKJ Perera,BKG Mendis,B Kumar,1,0,"",""
ball,2,32.3,Sri Lanka,BKG Mendis,MDKJ Perera,B Kumar,1,0,"",""
ball,2,32.4,Sri Lanka,MDKJ Perera,BKG Mendis,B Kumar,0,0,run out,BKG Mendis
ball,2,32.5,Sri Lanka,AD Mathews,MDKJ Perera,B Kumar,0,0,"",""
ball,2,32.6,Sri Lanka,AD Mathews,MDKJ Perera,B Kumar,0,0,"",""
ball,2,33.1,Sri Lanka,MDKJ Perera,AD Mathews,RA Jadeja,0,0,"",""
ball,2,33.2,Sri Lanka,MDKJ Perera,AD Mathews,RA Jadeja,0,1,"",""
ball,2,33.3,Sri Lanka,AD Mathews,MDKJ Perera,RA Jadeja,1,0,"",""
ball,2,33.4,Sri Lanka,MDKJ Perera,AD Mathews,RA Jadeja,4,0,"",""
ball,2,33.5,Sri Lanka,MDKJ Perera,AD Mathews,RA Jadeja,0,0,"",""
ball,2,33.6,Sri Lanka,MDKJ Perera,AD Mathews,RA Jadeja,1,0,"",""
ball,2,34.1,Sri Lanka,MDKJ Perera,AD Mathews,HH Pandya,1,0,"",""
ball,2,34.2,Sri Lanka,AD Mathews,MDKJ Perera,HH Pandya,1,0,"",""
ball,2,34.3,Sri Lanka,MDKJ Perera,AD Mathews,HH Pandya,0,0,"",""
ball,2,34.4,Sri Lanka,MDKJ Perera,AD Mathews,HH Pandya,0,0,"",""
ball,2,34.5,Sri Lanka,MDKJ Perera,AD Mathews,HH Pandya,1,0,"",""
ball,2,34.6,Sri Lanka,AD Mathews,MDKJ Perera,HH Pandya,0,0,"",""
ball,2,35.1,Sri Lanka,MDKJ Perera,AD Mathews,RA Jadeja,4,0,"",""
ball,2,35.2,Sri Lanka,MDKJ Perera,AD Mathews,RA Jadeja,2,0,"",""
ball,2,35.3,Sri Lanka,MDKJ Perera,AD Mathews,RA Jadeja,1,0,"",""
ball,2,35.4,Sri Lanka,AD Mathews,MDKJ Perera,RA Jadeja,1,0,"",""
ball,2,35.5,Sri Lanka,MDKJ Perera,AD Mathews,RA Jadeja,1,0,"",""
ball,2,35.6,Sri Lanka,AD Mathews,MDKJ Perera,RA Jadeja,1,0,"",""
ball,2,36.1,Sri Lanka,AD Mathews,MDKJ Perera,HH Pandya,4,0,"",""
ball,2,36.2,Sri Lanka,AD Mathews,MDKJ Perera,HH Pandya,1,0,"",""
ball,2,36.3,Sri Lanka,MDKJ Perera,AD Mathews,HH Pandya,0,0,"",""
ball,2,36.4,Sri Lanka,MDKJ Perera,AD Mathews,HH Pandya,1,0,"",""
ball,2,36.5,Sri Lanka,AD Mathews,MDKJ Perera,HH Pandya,1,0,"",""
ball,2,36.6,Sri Lanka,MDKJ Perera,AD Mathews,HH Pandya,4,0,"",""
ball,2,37.1,Sri Lanka,AD Mathews,MDKJ Perera,UT Yadav,2,0,"",""
ball,2,37.2,Sri Lanka,AD Mathews,MDKJ Perera,UT Yadav,0,0,"",""
ball,2,37.3,Sri Lanka,AD Mathews,MDKJ Perera,UT Yadav,0,0,"",""
ball,2,37.4,Sri Lanka,AD Mathews,MDKJ Perera,UT Yadav,3,0,"",""
ball,2,37.5,Sri Lanka,MDKJ Perera,AD Mathews,UT Yadav,0,0,"",""
ball,2,37.6,Sri Lanka,MDKJ Perera,AD Mathews,UT Yadav,0,0,"",""
ball,2,38.1,Sri Lanka,AD Mathews,MDKJ Perera,JJ Bumrah,0,0,"",""
ball,2,38.2,Sri Lanka,AD Mathews,MDKJ Perera,JJ Bumrah,1,0,"",""
ball,2,38.3,Sri Lanka,MDKJ Perera,AD Mathews,JJ Bumrah,1,0,"",""
ball,2,38.4,Sri Lanka,AD Mathews,MDKJ Perera,JJ Bumrah,1,0,"",""
ball,2,38.5,Sri Lanka,MDKJ Perera,AD Mathews,JJ Bumrah,0,0,"",""
ball,2,38.6,Sri Lanka,MDKJ Perera,AD Mathews,JJ Bumrah,2,0,"",""
ball,2,39.1,Sri Lanka,AD Mathews,MDKJ Perera,UT Yadav,0,0,"",""
ball,2,39.2,Sri Lanka,AD Mathews,MDKJ Perera,UT Yadav,4,0,"",""
ball,2,39.3,Sri Lanka,AD Mathews,MDKJ Perera,UT Yadav,1,0,"",""
ball,2,39.4,Sri Lanka,MDKJ Perera,AD Mathews,UT Yadav,4,0,"",""
ball,2,39.5,Sri Lanka,MDKJ Perera,AD Mathews,UT Yadav,1,0,"",""
ball,2,39.6,Sri Lanka,AD Mathews,MDKJ Perera,UT Yadav,0,0,"",""
ball,2,40.1,Sri Lanka,MDKJ Perera,AD Mathews,JJ Bumrah,1,0,"",""
ball,2,40.2,Sri Lanka,AD Mathews,MDKJ Perera,JJ Bumrah,1,0,"",""
ball,2,40.3,Sri Lanka,MDKJ Perera,AD Mathews,JJ Bumrah,1,0,"",""
ball,2,40.4,Sri Lanka,AD Mathews,MDKJ Perera,JJ Bumrah,0,0,"",""
ball,2,40.5,Sri Lanka,AD Mathews,MDKJ Perera,JJ Bumrah,1,0,"",""
ball,2,40.6,Sri Lanka,MDKJ Perera,AD Mathews,JJ Bumrah,4,0,"",""
ball,2,41.1,Sri Lanka,AD Mathews,MDKJ Perera,UT Yadav,0,0,"",""
ball,2,41.2,Sri Lanka,AD Mathews,MDKJ Perera,UT Yadav,4,0,"",""
ball,2,41.3,Sri Lanka,AD Mathews,MDKJ Perera,UT Yadav,1,0,"",""
ball,2,41.4,Sri Lanka,MDKJ Perera,AD Mathews,UT Yadav,1,0,"",""
ball,2,41.5,Sri Lanka,AD Mathews,MDKJ Perera,UT Yadav,4,0,"",""
ball,2,41.6,Sri Lanka,AD Mathews,MDKJ Perera,UT Yadav,0,0,"",""
ball,2,42.1,Sri Lanka,MDKJ Perera,AD Mathews,B Kumar,1,0,"",""
ball,2,42.2,Sri Lanka,AD Mathews,MDKJ Perera,B Kumar,1,0,"",""
ball,2,42.3,Sri Lanka,MDKJ Perera,AD Mathews,B Kumar,0,1,"",""
ball,2,42.4,Sri Lanka,MDKJ Perera,AD Mathews,B Kumar,1,0,"",""
ball,2,42.5,Sri Lanka,AD Mathews,MDKJ Perera,B Kumar,1,0,"",""
ball,2,42.6,Sri Lanka,MDKJ Perera,AD Mathews,B Kumar,1,0,"",""
ball,2,42.7,Sri Lanka,AD Mathews,MDKJ Perera,B Kumar,0,0,retired hurt,MDKJ Perera
ball,2,43.1,Sri Lanka,DAS Gunaratne,AD Mathews,UT Yadav,0,0,"",""
ball,2,43.2,Sri Lanka,DAS Gunaratne,AD Mathews,UT Yadav,0,0,"",""
ball,2,43.3,Sri Lanka,DAS Gunaratne,AD Mathews,UT Yadav,0,0,"",""
ball,2,43.4,Sri Lanka,DAS Gunaratne,AD Mathews,UT Yadav,6,0,"",""
ball,2,43.5,Sri Lanka,DAS Gunaratne,AD Mathews,UT Yadav,1,0,"",""
ball,2,43.6,Sri Lanka,AD Mathews,DAS Gunaratne,UT Yadav,1,0,"",""
ball,2,44.1,Sri Lanka,AD Mathews,DAS Gunaratne,B Kumar,1,0,"",""
ball,2,44.2,Sri Lanka,DAS Gunaratne,AD Mathews,B Kumar,2,0,"",""
ball,2,44.3,Sri Lanka,DAS Gunaratne,AD Mathews,B Kumar,4,0,"",""
ball,2,44.4,Sri Lanka,DAS Gunaratne,AD Mathews,B Kumar,0,0,"",""
ball,2,44.5,Sri Lanka,DAS Gunaratne,AD Mathews,B Kumar,0,0,"",""
ball,2,44.6,Sri Lanka,DAS Gunaratne,AD Mathews,B Kumar,4,0,"",""
ball,2,45.1,Sri Lanka,AD Mathews,DAS Gunaratne,JJ Bumrah,1,0,"",""
ball,2,45.2,Sri Lanka,DAS Gunaratne,AD Mathews,JJ Bumrah,6,0,"",""
ball,2,45.3,Sri Lanka,DAS Gunaratne,AD Mathews,JJ Bumrah,0,0,"",""
ball,2,45.4,Sri Lanka,DAS Gunaratne,AD Mathews,JJ Bumrah,2,0,"",""
ball,2,45.5,Sri Lanka,DAS Gunaratne,AD Mathews,JJ Bumrah,2,0,"",""
ball,2,45.6,Sri Lanka,DAS Gunaratne,AD Mathews,JJ Bumrah,0,0,"",""
ball,2,46.1,Sri Lanka,AD Mathews,DAS Gunaratne,B Kumar,4,0,"",""
ball,2,46.2,Sri Lanka,AD Mathews,DAS Gunaratne,B Kumar,0,0,"",""
ball,2,46.3,Sri Lanka,AD Mathews,DAS Gunaratne,B Kumar,2,0,"",""
ball,2,46.4,Sri Lanka,AD Mathews,DAS Gunaratne,B Kumar,1,0,"",""
ball,2,46.5,Sri Lanka,DAS Gunaratne,AD Mathews,B Kumar,1,0,"",""
ball,2,46.6,Sri Lanka,AD Mathews,DAS Gunaratne,B Kumar,0,0,"",""
ball,2,47.1,Sri Lanka,DAS Gunaratne,AD Mathews,JJ Bumrah,1,0,"",""
ball,2,47.2,Sri Lanka,AD Mathews,DAS Gunaratne,JJ Bumrah,0,0,"",""
ball,2,47.3,Sri Lanka,AD Mathews,DAS Gunaratne,JJ Bumrah,1,0,"",""
ball,2,47.4,Sri Lanka,DAS Gunaratne,AD Mathews,JJ Bumrah,1,0,"",""
ball,2,47.5,Sri Lanka,AD Mathews,DAS Gunaratne,JJ Bumrah,1,0,"",""
ball,2,47.6,Sri Lanka,DAS Gunaratne,AD Mathews,JJ Bumrah,1,0,"",""
ball,2,48.1,Sri Lanka,DAS Gunaratne,AD Mathews,UT Yadav,2,0,"",""
ball,2,48.2,Sri Lanka,DAS Gunaratne,AD Mathews,UT Yadav,1,0,"",""
ball,2,48.3,Sri Lanka,AD Mathews,DAS Gunaratne,UT Yadav,4,0,"",""
ball,2,48.4,Sri Lanka,AD Mathews,DAS Gunaratne,UT Yadav,1,0,"",""
