version,1.3.0
info,team,India
info,team,Australia
info,gender,male
info,season,2017/18
info,date,2017/09/17
info,series,Australia tour of India 2017/18
info,match_number,1
info,venue,"MA Chidambaram Stadium, Chepauk"
info,city,Chennai
info,toss_winner,India
info,toss_decision,bat
info,player_of_match,HH Pandya
info,umpire,M Erasmus
info,umpire,AK Chaudhary
info,reserve_umpire,Nitin Menon
info,tv_umpire,RK Illingworth
info,match_referee,JJ Crowe
info,winner,India
info,winner_runs,26
info,method,D/L
ball,1,0.1,India,AM Rahane,RG Sharma,PJ Cummins,1,0,"",""
ball,1,0.2,India,RG Sharma,AM Rahane,PJ Cummins,0,0,"",""
ball,1,0.3,India,RG Sharma,AM Rahane,PJ Cummins,0,0,"",""
ball,1,0.4,India,RG Sharma,AM Rahane,PJ Cummins,0,0,"",""
ball,1,0.5,India,RG Sharma,AM Rahane,PJ Cummins,0,0,"",""
ball,1,0.6,India,RG Sharma,AM Rahane,PJ Cummins,2,0,"",""
ball,1,1.1,India,AM Rahane,RG Sharma,NM Coulter-Nile,0,0,"",""
ball,1,1.2,India,AM Rahane,RG Sharma,NM Coulter-Nile,0,0,"",""
ball,1,1.3,India,AM Rahane,RG Sharma,NM Coulter-Nile,0,0,"",""
ball,1,1.4,India,AM Rahane,RG Sharma,NM Coulter-Nile,0,0,"",""
ball,1,1.5,India,AM Rahane,RG Sharma,NM Coulter-Nile,1,0,"",""
ball,1,1.6,India,RG Sharma,AM Rahane,NM Coulter-Nile,0,0,"",""
ball,1,2.1,India,AM Rahane,RG Sharma,PJ Cummins,0,0,"",""
ball,1,2.2,India,AM Rahane,RG Sharma,PJ Cummins,0,0,"",""
ball,1,2.3,India,AM Rahane,RG Sharma,PJ Cummins,2,0,"",""
ball,1,2.4,India,AM Rahane,RG Sharma,PJ Cummins,0,0,"",""
ball,1,2.5,India,AM Rahane,RG Sharma,PJ Cummins,0,1,"",""
ball,1,2.6,India,AM Rahane,RG Sharma,PJ Cummins,1,0,"",""
ball,1,2.7,India,RG Sharma,AM Rahane,PJ Cummins,2,0,"",""
ball,1,3.1,India,AM Rahane,RG Sharma,NM Coulter-Nile,0,0,"",""
ball,1,3.2,India,AM Rahane,RG Sharma,NM Coulter-Nile,0,1,"",""
ball,1,3.3,India,AM Rahane,RG Sharma,NM Coulter-Nile,0,0,"",""
ball,1,3.4,India,AM Rahane,RG Sharma,NM Coulter-Nile,0,0,caught,AM Rahane
ball,1,3.5,India,V Kohli,RG Sharma,NM Coulter-Nile,0,0,"",""
ball,1,3.6,India,V Kohli,RG Sharma,NM Coulter-Nile,0,0,"",""
ball,1,3.7,India,V Kohli,RG Sharma,NM Coulter-Nile,0,0,"",""
ball,1,4.1,India,RG Sharma,V Kohli,PJ Cummins,0,0,"",""
ball,1,4.2,India,RG Sharma,V Kohli,PJ Cummins,0,0,"",""
ball,1,4.3,India,RG Sharma,V Kohli,PJ Cummins,0,0,"",""
ball,1,4.4,India,RG Sharma,V Kohli,PJ Cummins,0,0,"",""
ball,1,4.5,India,RG Sharma,V Kohli,PJ Cummins,0,0,"",""
ball,1,4.6,India,RG Sharma,V Kohli,PJ Cummins,0,0,"",""
ball,1,5.1,India,V Kohli,RG Sharma,NM Coulter-Nile,0,0,caught,V Kohli
ball,1,5.2,India,MK Pandey,RG Sharma,NM Coulter-Nile,0,0,"",""
ball,1,5.3,India,MK Pandey,RG Sharma,NM Coulter-Nile,0,0,caught,MK Pandey
ball,1,5.4,India,KM Jadhav,RG Sharma,NM Coulter-Nile,0,1,"",""
ball,1,5.5,India,KM Jadhav,RG Sharma,NM Coulter-Nile,4,0,"",""
ball,1,5.6,India,KM Jadhav,RG Sharma,NM Coulter-Nile,0,0,"",""
ball,1,5.7,India,KM Jadhav,RG Sharma,NM Coulter-Nile,0,0,"",""
ball,1,6.1,India,RG Sharma,KM Jadhav,PJ Cummins,1,0,"",""
ball,1,6.2,India,KM Jadhav,RG Sharma,PJ Cummins,0,0,"",""
ball,1,6.3,India,KM Jadhav,RG Sharma,PJ Cummins,4,0,"",""
ball,1,6.4,India,KM Jadhav,RG Sharma,PJ Cummins,0,0,"",""
ball,1,6.5,India,KM Jadhav,RG Sharma,PJ Cummins,1,0,"",""
ball,1,6.6,India,RG Sharma,KM Jadhav,PJ Cummins,1,0,"",""
ball,1,7.1,India,RG Sharma,KM Jadhav,NM Coulter-Nile,0,0,"",""
ball,1,7.2,India,RG Sharma,KM Jadhav,NM Coulter-Nile,0,0,"",""
ball,1,7.3,India,RG Sharma,KM Jadhav,NM Coulter-Nile,0,0,"",""
ball,1,7.4,India,RG Sharma,KM Jadhav,NM Coulter-Nile,1,0,"",""
ball,1,7.5,India,KM Jadhav,RG Sharma,NM Coulter-Nile,0,0,"",""
ball,1,7.6,India,KM Jadhav,RG Sharma,NM Coulter-Nile,0,0,"",""
ball,1,8.1,India,RG Sharma,KM Jadhav,JP Faulkner,4,0,"",""
ball,1,8.2,India,RG Sharma,KM Jadhav,JP Faulkner,1,0,"",""
ball,1,8.3,India,KM Jadhav,RG Sharma,JP Faulkner,0,0,"",""
ball,1,8.4,India,KM Jadhav,RG Sharma,JP Faulkner,0,0,"",""
ball,1,8.5,India,KM Jadhav,RG Sharma,JP Faulkner,1,0,"",""
ball,1,8.6,India,RG Sharma,KM Jadhav,JP Faulkner,0,0,"",""
ball,1,9.1,India,KM Jadhav,RG Sharma,NM Coulter-Nile,0,0,"",""
ball,1,9.2,India,KM Jadhav,RG Sharma,NM Coulter-Nile,0,0,"",""
ball,1,9.3,India,KM Jadhav,RG Sharma,NM Coulter-Nile,0,0,"",""
ball,1,9.4,India,KM Jadhav,RG Sharma,NM Coulter-Nile,0,0,"",""
ball,1,9.5,India,KM Jadhav,RG Sharma,NM Coulter-Nile,2,0,"",""
ball,1,9.6,India,KM Jadhav,RG Sharma,NM Coulter-Nile,2,0,"",""
ball,1,10.1,India,RG Sharma,KM Jadhav,JP Faulkner,0,0,"",""
ball,1,10.2,India,RG Sharma,KM Jadhav,JP Faulkner,1,0,"",""
ball,1,10.3,India,KM Jadhav,RG Sharma,JP Faulkner,0,0,"",""
ball,1,10.4,India,KM Jadhav,RG Sharma,JP Faulkner,0,0,"",""
ball,1,10.5,India,KM Jadhav,RG Sharma,JP Faulkner,0,1,"",""
ball,1,10.6,India,KM Jadhav,RG Sharma,JP Faulkner,1,0,"",""
ball,1,10.7,India,RG Sharma,KM Jadhav,JP Faulkner,1,0,"",""
ball,1,11.1,India,RG Sharma,KM Jadhav,MP Stoinis,1,0,"",""
ball,1,11.2,India,KM Jadhav,RG Sharma,MP Stoinis,0,0,"",""
ball,1,11.3,India,KM Jadhav,RG Sharma,MP Stoinis,1,0,"",""
ball,1,11.4,India,RG Sharma,KM Jadhav,MP Stoinis,1,0,"",""
ball,1,11.5,India,KM Jadhav,RG Sharma,MP Stoinis,0,0,"",""
ball,1,11.6,India,KM Jadhav,RG Sharma,MP Stoinis,0,0,"",""
ball,1,12.1,India,RG Sharma,KM Jadhav,JP Faulkner,0,1,"",""
ball,1,12.2,India,KM Jadhav,RG Sharma,JP Faulkner,4,0,"",""
ball,1,12.3,India,KM Jadhav,RG Sharma,JP Faulkner,1,0,"",""
ball,1,12.4,India,RG Sharma,KM Jadhav,JP Faulkner,0,0,"",""
ball,1,12.5,India,RG Sharma,KM Jadhav,JP Faulkner,4,0,"",""
ball,1,12.6,India,RG Sharma,KM Jadhav,JP Faulkner,0,0,"",""
ball,1,13.1,India,KM Jadhav,RG Sharma,MP Stoinis,1,0,"",""
ball,1,13.2,India,RG Sharma,KM Jadhav,MP Stoinis,1,0,"",""
ball,1,13.3,India,KM Jadhav,RG Sharma,MP Stoinis,1,0,"",""
ball,1,13.4,India,RG Sharma,KM Jadhav,MP Stoinis,1,0,"",""
ball,1,13.5,India,KM Jadhav,RG Sharma,MP Stoinis,1,0,"",""
ball,1,13.6,India,RG Sharma,KM Jadhav,MP Stoinis,1,0,"",""
ball,1,14.1,India,RG Sharma,KM Jadhav,A Zampa,0,0,"",""
ball,1,14.2,India,RG Sharma,KM Jadhav,A Zampa,0,0,"",""
ball,1,14.3,India,RG Sharma,KM Jadhav,A Zampa,1,0,"",""
ball,1,14.4,India,KM Jadhav,RG Sharma,A Zampa,1,0,"",""
ball,1,14.5,India,RG Sharma,KM Jadhav,A Zampa,0,0,"",""
ball,1,14.6,India,RG Sharma,KM Jadhav,A Zampa,0,0,"",""
ball,1,15.1,India,KM Jadhav,RG Sharma,MP Stoinis,1,0,"",""
ball,1,15.2,India,RG Sharma,KM Jadhav,MP Stoinis,0,0,"",""
ball,1,15.3,India,RG Sharma,KM Jadhav,MP Stoinis,0,0,"",""
ball,1,15.4,India,RG Sharma,KM Jadhav,MP Stoinis,4,0,"",""
ball,1,15.5,India,RG Sharma,KM Jadhav,MP Stoinis,0,0,"",""
ball,1,15.6,India,RG Sharma,KM Jadhav,MP Stoinis,0,0,caught,RG Sharma
ball,1,16.1,India,MS Dhoni,KM Jadhav,A Zampa,2,0,"",""
ball,1,16.2,India,MS Dhoni,KM Jadhav,A Zampa,1,0,"",""
ball,1,16.3,India,KM Jadhav,MS Dhoni,A Zampa,0,0,"",""
ball,1,16.4,India,KM Jadhav,MS Dhoni,A Zampa,0,0,"",""
ball,1,16.5,India,KM Jadhav,MS Dhoni,A Zampa,4,0,"",""
ball,1,16.6,India,KM Jadhav,MS Dhoni,A Zampa,0,0,"",""
ball,1,17.1,India,MS Dhoni,KM Jadhav,PJ Cummins,1,0,"",""
ball,1,17.2,India,KM Jadhav,MS Dhoni,PJ Cummins,0,0,"",""
ball,1,17.3,India,KM Jadhav,MS Dhoni,PJ Cummins,4,0,"",""
ball,1,17.4,India,KM Jadhav,MS Dhoni,PJ Cummins,0,0,"",""
ball,1,17.5,India,KM Jadhav,MS Dhoni,PJ Cummins,1,0,"",""
ball,1,17.6,India,MS Dhoni,KM Jadhav,PJ Cummins,0,0,"",""
ball,1,18.1,India,KM Jadhav,MS Dhoni,A Zampa,0,0,"",""
ball,1,18.2,India,KM Jadhav,MS Dhoni,A Zampa,1,0,"",""
ball,1,18.3,India,MS Dhoni,KM Jadhav,A Zampa,0,0,"",""
ball,1,18.4,India,MS Dhoni,KM Jadhav,A Zampa,2,0,"",""
ball,1,18.5,India,MS Dhoni,KM Jadhav,A Zampa,0,0,"",""
ball,1,18.6,India,MS Dhoni,KM Jadhav,A Zampa,0,0,"",""
ball,1,19.1,India,KM Jadhav,MS Dhoni,PJ Cummins,0,0,"",""
ball,1,19.2,India,KM Jadhav,MS Dhoni,PJ Cummins,0,0,"",""
ball,1,19.3,India,KM Jadhav,MS Dhoni,PJ Cummins,0,0,"",""
ball,1,19.4,India,KM Jadhav,MS Dhoni,PJ Cummins,2,0,"",""
ball,1,19.5,India,KM Jadhav,MS Dhoni,PJ Cummins,1,0,"",""
ball,1,19.6,India,MS Dhoni,KM Jadhav,PJ Cummins,0,1,"",""
ball,1,19.7,India,MS Dhoni,KM Jadhav,PJ Cummins,0,0,"",""
ball,1,20.1,India,KM Jadhav,MS Dhoni,A Zampa,0,0,"",""
ball,1,20.2,India,KM Jadhav,MS Dhoni,A Zampa,1,0,"",""
ball,1,20.3,India,MS Dhoni,KM Jadhav,A Zampa,1,0,"",""
ball,1,20.4,India,KM Jadhav,MS Dhoni,A Zampa,0,0,"",""
ball,1,20.5,India,KM Jadhav,MS Dhoni,A Zampa,0,0,"",""
ball,1,20.6,India,KM Jadhav,MS Dhoni,A Zampa,0,0,"",""
ball,1,21.1,India,MS Dhoni,KM Jadhav,MP Stoinis,0,0,"",""
ball,1,21.2,India,MS Dhoni,KM Jadhav,MP Stoinis,1,0,"",""
ball,1,21.3,India,KM Jadhav,MS Dhoni,MP Stoinis,0,0,caught,KM Jadhav
ball,1,21.4,India,HH Pandya,MS Dhoni,MP Stoinis,2,0,"",""
ball,1,21.5,India,HH Pandya,MS Dhoni,MP Stoinis,0,1,"",""
ball,1,21.6,India,HH Pandya,MS Dhoni,MP Stoinis,0,0,"",""
ball,1,21.7,India,HH Pandya,MS Dhoni,MP Stoinis,0,0,"",""
ball,1,22.1,India,MS Dhoni,HH Pandya,A Zampa,1,0,"",""
ball,1,22.2,India,HH Pandya,MS Dhoni,A Zampa,1,0,"",""
ball,1,22.3,India,MS Dhoni,HH Pandya,A Zampa,2,0,"",""
ball,1,22.4,India,MS Dhoni,HH Pandya,A Zampa,0,0,"",""
ball,1,22.5,India,MS Dhoni,HH Pandya,A Zampa,1,0,"",""
ball,1,22.6,India,HH Pandya,MS Dhoni,A Zampa,0,0,"",""
ball,1,23.1,India,MS Dhoni,HH Pandya,MP Stoinis,0,0,"",""
ball,1,23.2,India,MS Dhoni,HH Pandya,MP Stoinis,3,0,"",""
ball,1,23.3,India,HH Pandya,MS Dhoni,MP Stoinis,0,0,"",""
ball,1,23.4,India,HH Pandya,MS Dhoni,MP Stoinis,0,0,"",""
ball,1,23.5,India,HH Pandya,MS Dhoni,MP Stoinis,4,0,"",""
ball,1,23.6,India,HH Pandya,MS Dhoni,MP Stoinis,0,0,"",""
ball,1,24.1,India,MS Dhoni,HH Pandya,JP Faulkner,1,0,"",""
ball,1,24.2,India,HH Pandya,MS Dhoni,JP Faulkner,0,0,"",""
ball,1,24.3,India,HH Pandya,MS Dhoni,JP Faulkner,0,0,"",""
ball,1,24.4,India,HH Pandya,MS Dhoni,JP Faulkner,1,0,"",""
ball,1,24.5,India,MS Dhoni,HH Pandya,JP Faulkner,0,0,"",""
ball,1,24.6,India,MS Dhoni,HH Pandya,JP Faulkner,0,0,"",""
ball,1,25.1,India,HH Pandya,MS Dhoni,MP Stoinis,2,0,"",""
ball,1,25.2,India,HH Pandya,MS Dhoni,MP Stoinis,1,0,"",""
ball,1,25.3,India,MS Dhoni,HH Pandya,MP Stoinis,0,0,"",""
ball,1,25.4,India,MS Dhoni,HH Pandya,MP Stoinis,0,0,"",""
ball,1,25.5,India,MS Dhoni,HH Pandya,MP Stoinis,0,0,"",""
ball,1,25.6,India,MS Dhoni,HH Pandya,MP Stoinis,0,0,"",""
ball,1,26.1,India,HH Pandya,MS Dhoni,JP Faulkner,1,0,"",""
ball,1,26.2,India,MS Dhoni,HH Pandya,JP Faulkner,0,0,"",""
ball,1,26.3,India,MS Dhoni,HH Pandya,JP Faulkner,0,0,"",""
ball,1,26.4,India,MS Dhoni,HH Pandya,JP Faulkner,1,0,"",""
ball,1,26.5,India,HH Pandya,MS Dhoni,JP Faulkner,1,0,"",""
ball,1,26.6,India,MS Dhoni,HH Pandya,JP Faulkner,0,0,"",""
ball,1,27.1,India,HH Pandya,MS Dhoni,NM Coulter-Nile,0,0,"",""
ball,1,27.2,India,HH Pandya,MS Dhoni,NM Coulter-Nile,4,0,"",""
ball,1,27.3,India,HH Pandya,MS Dhoni,NM Coulter-Nile,2,0,"",""
ball,1,27.4,India,HH Pandya,MS Dhoni,NM Coulter-Nile,0,0,"",""
ball,1,27.5,India,HH Pandya,MS Dhoni,NM Coulter-Nile,1,0,"",""
ball,1,27.6,India,MS Dhoni,HH Pandya,NM Coulter-Nile,1,0,"",""
ball,1,28.1,India,MS Dhoni,HH Pandya,JP Faulkner,0,0,"",""
ball,1,28.2,India,MS Dhoni,HH Pandya,JP Faulkner,0,0,"",""
ball,1,28.3,India,MS Dhoni,HH Pandya,JP Faulkner,0,0,"",""
ball,1,28.4,India,MS Dhoni,HH Pandya,JP Faulkner,0,0,"",""
ball,1,28.5,India,MS Dhoni,HH Pandya,JP Faulkner,0,0,"",""
ball,1,28.6,India,MS Dhoni,HH Pandya,JP Faulkner,0,0,"",""
ball,1,29.1,India,HH Pandya,MS Dhoni,NM Coulter-Nile,0,0,"",""
ball,1,29.2,India,HH Pandya,MS Dhoni,NM Coulter-Nile,1,0,"",""
ball,1,29.3,India,MS Dhoni,HH Pandya,NM Coulter-Nile,1,0,"",""
ball,1,29.4,India,HH Pandya,MS Dhoni,NM Coulter-Nile,1,0,"",""
ball,1,29.5,India,MS Dhoni,HH Pandya,NM Coulter-Nile,0,0,"",""
ball,1,29.6,India,MS Dhoni,HH Pandya,NM Coulter-Nile,0,0,"",""
ball,1,30.1,India,HH Pandya,MS Dhoni,JP Faulkner,2,0,"",""
ball,1,30.2,India,HH Pandya,MS Dhoni,JP Faulkner,1,0,"",""
ball,1,30.3,India,MS Dhoni,HH Pandya,JP Faulkner,0,0,"",""
ball,1,30.4,India,MS Dhoni,HH Pandya,JP Faulkner,1,0,"",""
ball,1,30.5,India,HH Pandya,MS Dhoni,JP Faulkner,0,0,"",""
ball,1,30.6,India,HH Pandya,MS Dhoni,JP Faulkner,0,0,"",""
ball,1,31.1,India,MS Dhoni,HH Pandya,MP Stoinis,0,1,"",""
ball,1,31.2,India,HH Pandya,MS Dhoni,MP Stoinis,0,0,"",""
ball,1,31.3,India,HH Pandya,MS Dhoni,MP Stoinis,0,4,"",""
ball,1,31.4,India,HH Pandya,MS Dhoni,MP Stoinis,1,0,"",""
ball,1,31.5,India,MS Dhoni,HH Pandya,MP Stoinis,1,0,"",""
ball,1,31.6,India,HH Pandya,MS Dhoni,MP Stoinis,1,0,"",""
ball,1,32.1,India,HH Pandya,MS Dhoni,A Zampa,1,0,"",""
ball,1,32.2,India,MS Dhoni,HH Pandya,A Zampa,1,0,"",""
ball,1,32.3,India,HH Pandya,MS Dhoni,A Zampa,1,0,"",""
ball,1,32.4,India,MS Dhoni,HH Pandya,A Zampa,1,0,"",""
ball,1,32.5,India,HH Pandya,MS Dhoni,A Zampa,1,0,"",""
ball,1,32.6,India,MS Dhoni,HH Pandya,A Zampa,1,0,"",""
ball,1,33.1,India,MS Dhoni,HH Pandya,MP Stoinis,1,0,"",""
ball,1,33.2,India,HH Pandya,MS Dhoni,MP Stoinis,1,0,"",""
ball,1,33.3,India,MS Dhoni,HH Pandya,MP Stoinis,1,0,"",""
ball,1,33.4,India,HH Pandya,MS Dhoni,MP Stoinis,0,0,"",""
ball,1,33.5,India,HH Pandya,MS Dhoni,MP Stoinis,1,0,"",""
ball,1,33.6,India,MS Dhoni,HH Pandya,MP Stoinis,0,0,"",""
ball,1,34.1,India,HH Pandya,MS Dhoni,A Zampa,0,0,"",""
ball,1,34.2,India,HH Pandya,MS Dhoni,A Zampa,1,0,"",""
ball,1,34.3,India,MS Dhoni,HH Pandya,A Zampa,0,0,"",""
ball,1,34.4,India,MS Dhoni,HH Pandya,A Zampa,0,0,"",""
ball,1,34.5,India,MS Dhoni,HH Pandya,A Zampa,1,0,"",""
ball,1,34.6,India,HH Pandya,MS Dhoni,A Zampa,1,0,"",""
ball,1,35.1,India,HH Pandya,MS Dhoni,PJ Cummins,1,0,"",""
ball,1,35.2,India,MS Dhoni,HH Pandya,PJ Cummins,0,0,"",""
ball,1,35.3,India,MS Dhoni,HH Pandya,PJ Cummins,1,0,"",""
ball,1,35.4,India,HH Pandya,MS Dhoni,PJ Cummins,0,0,"",""
ball,1,35.5,India,HH Pandya,MS Dhoni,PJ Cummins,0,0,"",""
ball,1,35.6,India,HH Pandya,MS Dhoni,PJ Cummins,0,0,"",""
ball,1,36.1,India,MS Dhoni,HH Pandya,A Zampa,1,0,"",""
ball,1,36.2,India,HH Pandya,MS Dhoni,A Zampa,4,0,"",""
ball,1,36.3,India,HH Pandya,MS Dhoni,A Zampa,6,0,"",""
ball,1,36.4,India,HH Pandya,MS Dhoni,A Zampa,6,0,"",""
ball,1,36.5,India,HH Pandya,MS Dhoni,A Zampa,6,0,"",""
ball,1,36.6,India,HH Pandya,MS Dhoni,A Zampa,1,0,"",""
ball,1,37.1,India,HH Pandya,MS Dhoni,PJ Cummins,1,0,"",""
ball,1,37.2,India,MS Dhoni,HH Pandya,PJ Cummins,1,0,"",""
ball,1,37.3,India,HH Pandya,MS Dhoni,PJ Cummins,4,0,"",""
ball,1,37.4,India,HH Pandya,MS Dhoni,PJ Cummins,0,0,"",""
ball,1,37.5,India,HH Pandya,MS Dhoni,PJ Cummins,0,0,"",""
ball,1,37.6,India,HH Pandya,MS Dhoni,PJ Cummins,0,0,"",""
ball,1,38.1,India,MS Dhoni,HH Pandya,JP Faulkner,1,0,"",""
ball,1,38.2,India,HH Pandya,MS Dhoni,JP Faulkner,0,0,"",""
ball,1,38.3,India,HH Pandya,MS Dhoni,JP Faulkner,1,0,"",""
ball,1,38.4,India,MS Dhoni,HH Pandya,JP Faulkner,1,0,"",""
ball,1,38.5,India,HH Pandya,MS Dhoni,JP Faulkner,4,0,"",""
ball,1,38.6,India,HH Pandya,MS Dhoni,JP Faulkner,1,0,"",""
ball,1,39.1,India,HH Pandya,MS Dhoni,MP Stoinis,6,0,"",""
ball,1,39.2,India,HH Pandya,MS Dhoni,MP Stoinis,1,0,"",""
ball,1,39.3,India,MS Dhoni,HH Pandya,MP Stoinis,1,0,"",""
ball,1,39.4,India,HH Pandya,MS Dhoni,MP Stoinis,1,0,"",""
ball,1,39.5,India,MS Dhoni,HH Pandya,MP Stoinis,2,0,"",""
ball,1,39.6,India,MS Dhoni,HH Pandya,MP Stoinis,1,0,"",""
ball,1,40.1,India,MS Dhoni,HH Pandya,A Zampa,1,0,"",""
ball,1,40.2,India,HH Pandya,MS Dhoni,A Zampa,0,0,"",""
ball,1,40.3,India,HH Pandya,MS Dhoni,A Zampa,6,0,"",""
ball,1,40.4,India,HH Pandya,MS Dhoni,A Zampa,0,0,"",""
ball,1,40.5,India,HH Pandya,MS Dhoni,A Zampa,0,0,caught,HH Pandya
ball,1,40.6,India,B Kumar,MS Dhoni,A Zampa,0,0,"",""
ball,1,41.1,India,MS Dhoni,B Kumar,NM Coulter-Nile,1,0,"",""
ball,1,41.2,India,B Kumar,MS Dhoni,NM Coulter-Nile,0,0,"",""
ball,1,41.3,India,B Kumar,MS Dhoni,NM Coulter-Nile,0,0,"",""
ball,1,41.4,India,B Kumar,MS Dhoni,NM Coulter-Nile,0,0,"",""
ball,1,41.5,India,B Kumar,MS Dhoni,NM Coulter-Nile,0,0,"",""
ball,1,41.6,India,B Kumar,MS Dhoni,NM Coulter-Nile,0,0,"",""
ball,1,42.1,India,MS Dhoni,B Kumar,A Zampa,1,0,"",""
ball,1,42.2,India,B Kumar,MS Dhoni,A Zampa,1,0,"",""
ball,1,42.3,India,MS Dhoni,B Kumar,A Zampa,1,0,"",""
ball,1,42.4,India,B Kumar,MS Dhoni,A Zampa,4,0,"",""
ball,1,42.5,India,B Kumar,MS Dhoni,A Zampa,0,0,"",""
ball,1,42.6,India,B Kumar,MS Dhoni,A Zampa,0,0,"",""
ball,1,43.1,India,MS Dhoni,B Kumar,NM Coulter-Nile,0,0,"",""
ball,1,43.2,India,MS Dhoni,B Kumar,NM Coulter-Nile,4,0,"",""
ball,1,43.3,India,MS Dhoni,B Kumar,NM Coulter-Nile,0,0,"",""
ball,1,43.4,India,MS Dhoni,B Kumar,NM Coulter-Nile,1,0,"",""
ball,1,43.5,India,B Kumar,MS Dhoni,NM Coulter-Nile,1,0,"",""
ball,1,43.6,India,MS Dhoni,B Kumar,NM Coulter-Nile,2,0,"",""
ball,1,44.1,India,B Kumar,MS Dhoni,MP Stoinis,0,0,"",""
ball,1,44.2,India,B Kumar,MS Dhoni,MP Stoinis,4,0,"",""
ball,1,44.3,India,B Kumar,MS Dhoni,MP Stoinis,0,0,"",""
ball,1,44.4,India,B Kumar,MS Dhoni,MP Stoinis,1,0,"",""
ball,1,44.5,India,MS Dhoni,B Kumar,MP Stoinis,0,1,"",""
ball,1,44.6,India,MS Dhoni,B Kumar,MP Stoinis,0,0,"",""
ball,1,44.7,India,MS Dhoni,B Kumar,MP Stoinis,1,0,"",""
ball,1,45.1,India,MS Dhoni,B Kumar,NM Coulter-Nile,1,0,"",""
ball,1,45.2,India,B Kumar,MS Dhoni,NM Coulter-Nile,4,0,"",""
ball,1,45.3,India,B Kumar,MS Dhoni,NM Coulter-Nile,4,0,"",""
ball,1,45.4,India,B Kumar,MS Dhoni,NM Coulter-Nile,2,0,"",""
ball,1,45.5,India,B Kumar,MS Dhoni,NM Coulter-Nile,1,0,"",""
ball,1,45.6,India,MS Dhoni,B Kumar,NM Coulter-Nile,0,0,"",""
ball,1,46.1,India,B Kumar,MS Dhoni,PJ Cummins,1,0,"",""
ball,1,46.2,India,MS Dhoni,B Kumar,PJ Cummins,1,0,"",""
ball,1,46.3,India,B Kumar,MS Dhoni,PJ Cummins,0,0,"",""
ball,1,46.4,India,B Kumar,MS Dhoni,PJ Cummins,1,0,"",""
ball,1,46.5,India,MS Dhoni,B Kumar,PJ Cummins,2,0,"",""
ball,1,46.6,India,MS Dhoni,B Kumar,PJ Cummins,1,0,"",""
ball,1,47.1,India,MS Dhoni,B Kumar,JP Faulkner,1,0,"",""
ball,1,47.2,India,B Kumar,MS Dhoni,JP Faulkner,1,0,"",""
ball,1,47.3,India,MS Dhoni,B Kumar,JP Faulkner,4,0,"",""
ball,1,47.4,India,MS Dhoni,B Kumar,JP Faulkner,0,0,"",""
ball,1,47.5,India,MS Dhoni,B Kumar,JP Faulkner,6,0,"",""
ball,1,47.6,India,MS Dhoni,B Kumar,JP Faulkner,4,0,"",""
ball,1,48.1,India,B Kumar,MS Dhoni,PJ Cummins,0,0,"",""
ball,1,48.2,India,B Kumar,MS Dhoni,PJ Cummins,0,0,"",""
ball,1,48.3,India,B Kumar,MS Dhoni,PJ Cummins,1,0,"",""
ball,1,48.4,India,MS Dhoni,B Kumar,PJ Cummins,1,0,"",""
ball,1,48.5,India,B Kumar,MS Dhoni,PJ Cummins,2,0,"",""
ball,1,48.6,India,B Kumar,MS Dhoni,PJ Cummins,0,0,"",""
ball,1,49.1,India,MS Dhoni,B Kumar,JP Faulkner,4,1,"",""
ball,1,49.2,India,MS Dhoni,B Kumar,JP Faulkner,0,0,"",""
ball,1,49.3,India,MS Dhoni,B Kumar,JP Faulkner,6,0,"",""
ball,1,49.4,India,MS Dhoni,B Kumar,JP Faulkner,0,0,"",""
ball,1,49.5,India,MS Dhoni,B Kumar,JP Faulkner,0,0,caught,MS Dhoni
ball,1,49.6,India,B Kumar,Kuldeep Yadav,JP Faulkner,4,0,"",""
ball,1,49.7,India,B Kumar,Kuldeep Yadav,JP Faulkner,0,0,"",""
ball,2,0.1,Australia,DA Warner,HWR Cartwright,B Kumar,0,0,"",""
ball,2,0.2,Australia,DA Warner,HWR Cartwright,B Kumar,0,0,"",""
ball,2,0.3,Australia,DA Warner,HWR Cartwright,B Kumar,0,1,"",""
ball,2,0.4,Australia,DA Warner,HWR Cartwright,B Kumar,0,0,"",""
ball,2,0.5,Australia,DA Warner,HWR Cartwright,B Kumar,0,0,"",""
ball,2,0.6,Australia,DA Warner,HWR Cartwright,B Kumar,0,0,"",""
ball,2,0.7,Australia,DA Warner,HWR Cartwright,B Kumar,1,0,"",""
ball,2,1.1,Australia,DA Warner,HWR Cartwright,JJ Bumrah,4,0,"",""
ball,2,1.2,Australia,DA Warner,HWR Cartwright,JJ Bumrah,1,0,"",""
ball,2,1.3,Australia,HWR Cartwright,DA Warner,JJ Bumrah,0,0,"",""
ball,2,1.4,Australia,HWR Cartwright,DA Warner,JJ Bumrah,0,0,"",""
ball,2,1.5,Australia,HWR Cartwright,DA Warner,JJ Bumrah,0,0,"",""
ball,2,1.6,Australia,HWR Cartwright,DA Warner,JJ Bumrah,0,0,"",""
ball,2,2.1,Australia,DA Warner,HWR Cartwright,B Kumar,1,0,"",""
ball,2,2.2,Australia,HWR Cartwright,DA Warner,B Kumar,0,0,"",""
ball,2,2.3,Australia,HWR Cartwright,DA Warner,B Kumar,1,0,"",""
ball,2,2.4,Australia,DA Warner,HWR Cartwright,B Kumar,4,0,"",""
ball,2,2.5,Australia,DA Warner,HWR Cartwright,B Kumar,0,0,"",""
ball,2,2.6,Australia,DA Warner,HWR Cartwright,B Kumar,0,0,"",""
ball,2,3.1,Australia,HWR Cartwright,DA Warner,JJ Bumrah,0,1,"",""
ball,2,3.2,Australia,DA Warner,HWR Cartwright,JJ Bumrah,0,0,"",""
ball,2,3.3,Australia,DA Warner,HWR Cartwright,JJ Bumrah,0,0,"",""
ball,2,3.4,Australia,DA Warner,HWR Cartwright,JJ Bumrah,1,0,"",""
ball,2,3.5,Australia,HWR Cartwright,DA Warner,JJ Bumrah,0,0,bowled,HWR Cartwright
ball,2,3.6,Australia,SPD Smith,DA Warner,JJ Bumrah,0,0,"",""
ball,2,4.1,Australia,DA Warner,SPD Smith,HH Pandya,1,0,"",""
ball,2,4.2,Australia,SPD Smith,DA Warner,HH Pandya,0,0,"",""
ball,2,4.3,Australia,SPD Smith,DA Warner,HH Pandya,1,0,"",""
ball,2,4.4,Australia,DA Warner,SPD Smith,HH Pandya,3,0,"",""
ball,2,4.5,Australia,SPD Smith,DA Warner,HH Pandya,0,0,"",""
ball,2,4.6,Australia,SPD Smith,DA Warner,HH Pandya,0,0,caught,SPD Smith
ball,2,5.1,Australia,TM Head,DA Warner,Kuldeep Yadav,0,0,"",""
ball,2,5.2,Australia,TM Head,DA Warner,Kuldeep Yadav,1,0,"",""
ball,2,5.3,Australia,DA Warner,TM Head,Kuldeep Yadav,0,0,"",""
ball,2,5.4,Australia,DA Warner,TM Head,Kuldeep Yadav,1,0,"",""
ball,2,5.5,Australia,TM Head,DA Warner,Kuldeep Yadav,2,0,"",""
ball,2,5.6,Australia,TM Head,DA Warner,Kuldeep Yadav,1,0,"",""
ball,2,6.1,Australia,TM Head,DA Warner,HH Pandya,1,0,"",""
ball,2,6.2,Australia,DA Warner,TM Head,HH Pandya,2,0,"",""
ball,2,6.3,Australia,DA Warner,TM Head,HH Pandya,1,0,"",""
ball,2,6.4,Australia,TM Head,DA Warner,HH Pandya,0,0,caught,TM Head
ball,2,6.5,Australia,GJ Maxwell,DA Warner,HH Pandya,1,0,"",""
ball,2,6.6,Australia,DA Warner,GJ Maxwell,HH Pandya,1,0,"",""
ball,2,7.1,Australia,DA Warner,GJ Maxwell,Kuldeep Yadav,2,0,"",""
ball,2,7.2,Australia,DA Warner,GJ Maxwell,Kuldeep Yadav,2,0,"",""
ball,2,7.3,Australia,DA Warner,GJ Maxwell,Kuldeep Yadav,0,0,"",""
ball,2,7.4,Australia,DA Warner,GJ Maxwell,Kuldeep Yadav,0,0,"",""
ball,2,7.5,Australia,DA Warner,GJ Maxwell,Kuldeep Yadav,0,0,"",""
ball,2,7.6,Australia,DA Warner,GJ Maxwell,Kuldeep Yadav,0,0,caught,DA Warner
ball,2,8.1,Australia,GJ Maxwell,MP Stoinis,HH Pandya,0,0,"",""
ball,2,8.2,Australia,GJ Maxwell,MP Stoinis,HH Pandya,0,0,"",""
ball,2,8.3,Australia,GJ Maxwell,MP Stoinis,HH Pandya,2,0,"",""
ball,2,8.4,Australia,GJ Maxwell,MP Stoinis,HH Pandya,4,0,"",""
ball,2,8.5,Australia,GJ Maxwell,MP Stoinis,HH Pandya,4,0,"",""
ball,2,8.6,Australia,GJ Maxwell,MP Stoinis,HH Pandya,0,0,"",""
ball,2,9.1,Australia,MP Stoinis,GJ Maxwell,YS Chahal,0,0,"",""
ball,2,9.2,Australia,MP Stoinis,GJ Maxwell,YS Chahal,0,0,"",""
ball,2,9.3,Australia,MP Stoinis,GJ Maxwell,YS Chahal,0,0,"",""
ball,2,9.4,Australia,MP Stoinis,GJ Maxwell,YS Chahal,0,0,"",""
ball,2,9.5,Australia,MP Stoinis,GJ Maxwell,YS Chahal,0,0,"",""
ball,2,9.6,Australia,MP Stoinis,GJ Maxwell,YS Chahal,2,0,"",""
ball,2,10.1,Australia,GJ Maxwell,MP Stoinis,Kuldeep Yadav,0,0,"",""
ball,2,10.2,Australia,GJ Maxwell,MP Stoinis,Kuldeep Yadav,4,0,"",""
ball,2,10.3,Australia,GJ Maxwell,MP Stoinis,Kuldeep Yadav,6,0,"",""
ball,2,10.4,Australia,GJ Maxwell,MP Stoinis,Kuldeep Yadav,6,0,"",""
ball,2,10.5,Australia,GJ Maxwell,MP Stoinis,Kuldeep Yadav,6,0,"",""
ball,2,10.6,Australia,GJ Maxwell,MP Stoinis,Kuldeep Yadav,0,0,"",""
ball,2,11.1,Australia,MP Stoinis,GJ Maxwell,YS Chahal,1,0,"",""
ball,2,11.2,Australia,GJ Maxwell,MP Stoinis,YS Chahal,0,0,"",""
ball,2,11.3,Australia,GJ Maxwell,MP Stoinis,YS Chahal,0,0,"",""
ball,2,11.4,Australia,GJ Maxwell,MP Stoinis,YS Chahal,0,0,"",""
ball,2,11.5,Australia,GJ Maxwell,MP Stoinis,YS Chahal,6,0,"",""
ball,2,11.6,Australia,GJ Maxwell,MP Stoinis,YS Chahal,0,0,caught,GJ Maxwell
ball,2,12.1,Australia,MP Stoinis,MS Wade,Kuldeep Yadav,0,0,"",""
ball,2,12.2,Australia,MP Stoinis,MS Wade,Kuldeep Yadav,0,0,"",""
ball,2,12.3,Australia,MP Stoinis,MS Wade,Kuldeep Yadav,0,0,caught,MP Stoinis
ball,2,12.4,Australia,MS Wade,JP Faulkner,Kuldeep Yadav,1,0,"",""
ball,2,12.5,Australia,JP Faulkner,MS Wade,Kuldeep Yadav,1,0,"",""
ball,2,12.6,Australia,MS Wade,JP Faulkner,Kuldeep Yadav,0,0,"",""
ball,2,13.1,Australia,JP Faulkner,MS Wade,YS Chahal,1,0,"",""
ball,2,13.2,Australia,MS Wade,JP Faulkner,YS Chahal,0,0,"",""
ball,2,13.3,Australia,MS Wade,JP Faulkner,YS Chahal,4,0,"",""
ball,2,13.4,Australia,MS Wade,JP Faulkner,YS Chahal,0,0,"",""
ball,2,13.5,Australia,MS Wade,JP Faulkner,YS Chahal,1,0,"",""
ball,2,13.6,Australia,JP Faulkner,MS Wade,YS Chahal,0,0,"",""
ball,2,14.1,Australia,MS Wade,JP Faulkner,HH Pandya,2,0,"",""
ball,2,14.2,Australia,MS Wade,JP Faulkner,HH Pandya,1,0,"",""
ball,2,14.3,Australia,JP Faulkner,MS Wade,HH Pandya,2,0,"",""
ball,2,14.4,Australia,JP Faulkner,MS Wade,HH Pandya,1,0,"",""
ball,2,14.5,Australia,MS Wade,JP Faulkner,HH Pandya,0,1,"",""
ball,2,14.6,Australia,MS Wade,JP Faulkner,HH Pandya,0,0,"",""
ball,2,14.7,Australia,MS Wade,JP Faulkner,HH Pandya,0,0,"",""
ball,2,15.1,Australia,JP Faulkner,MS Wade,YS Chahal,0,0,"",""
ball,2,15.2,Australia,JP Faulkner,MS Wade,YS Chahal,1,0,"",""
ball,2,15.3,Australia,MS Wade,JP Faulkner,YS Chahal,0,1,stumped,MS Wade
ball,2,15.4,Australia,PJ Cummins,JP Faulkner,YS Chahal,0,0,"",""
ball,2,15.5,Australia,PJ Cummins,JP Faulkner,YS Chahal,2,0,"",""
ball,2,15.6,Australia,PJ Cummins,JP Faulkner,YS Chahal,1,0,"",""
ball,2,15.7,Australia,JP Faulkner,PJ Cummins,YS Chahal,1,0,"",""
ball,2,16.1,Australia,JP Faulkner,PJ Cummins,B Kumar,3,0,"",""
ball,2,16.2,Australia,PJ Cummins,JP Faulkner,B Kumar,1,0,"",""
ball,2,16.3,Australia,JP Faulkner,PJ Cummins,B Kumar,1,0,"",""
ball,2,16.4,Australia,PJ Cummins,JP Faulkner,B Kumar,4,0,"",""
ball,2,16.5,Australia,PJ Cummins,JP Faulkner,B Kumar,1,0,"",""
ball,2,16.6,Australia,JP Faulkner,PJ Cummins,B Kumar,2,0,"",""
ball,2,17.1,Australia,PJ Cummins,JP Faulkner,YS Chahal,0,0,caught,PJ Cummins
ball,2,17.2,Australia,JP Faulkner,NM Coulter-Nile,YS Chahal,6,0,"",""
ball,2,17.3,Australia,JP Faulkner,NM Coulter-Nile,YS Chahal,1,0,"",""
ball,2,17.4,Australia,NM Coulter-Nile,JP Faulkner,YS Chahal,1,0,"",""
ball,2,17.5,Australia,JP Faulkner,NM Coulter-Nile,YS Chahal,0,0,"",""
ball,2,17.6,Australia,JP Faulkner,NM Coulter-Nile,YS Chahal,1,0,"",""
ball,2,18.1,Australia,JP Faulkner,NM Coulter-Nile,JJ Bumrah,4,0,"",""
ball,2,18.2,Australia,JP Faulkner,NM Coulter-Nile,JJ Bumrah,1,0,"",""
ball,2,18.3,Australia,NM Coulter-Nile,JP Faulkner,JJ Bumrah,1,0,"",""
ball,2,18.4,Australia,JP Faulkner,NM Coulter-Nile,JJ Bumrah,1,0,"",""
ball,2,18.5,Australia,NM Coulter-Nile,JP Faulkner,JJ Bumrah,0,0,"",""
ball,2,18.6,Australia,NM Coulter-Nile,JP Faulkner,JJ Bumrah,0,0,"",""
ball,2,19.1,Australia,JP Faulkner,NM Coulter-Nile,B Kumar,1,0,"",""
ball,2,19.2,Australia,NM Coulter-Nile,JP Faulkner,B Kumar,0,1,"",""
ball,2,19.3,Australia,NM Coulter-Nile,JP Faulkner,B Kumar,0,0,caught,NM Coulter-Nile
ball,2,19.4,Australia,JP Faulkner,A Zampa,B Kumar,1,0,"",""
ball,2,19.5,Australia,A Zampa,JP Faulkner,B Kumar,1,0,"",""
ball,2,19.6,Australia,JP Faulkner,A Zampa,B Kumar,1,0,"",""
ball,2,19.7,Australia,A Zampa,JP Faulkner,B Kumar,0,0,"",""
ball,2,20.1,Australia,JP Faulkner,A Zampa,JJ Bumrah,0,0,"",""
ball,2,20.2,Australia,JP Faulkner,A Zampa,JJ Bumrah,0,0,"",""
ball,2,20.3,Australia,JP Faulkner,A Zampa,JJ Bumrah,0,1,"",""
ball,2,20.4,Australia,JP Faulkner,A Zampa,JJ Bumrah,1,0,"",""
ball,2,20.5,Australia,A Zampa,JP Faulkner,JJ Bumrah,3,0,"",""
ball,2,20.6,Australia,JP Faulkner,A Zampa,JJ Bumrah,1,0,"",""
ball,2,20.7,Australia,A Zampa,JP Faulkner,JJ Bumrah,1,0,"",""
