version,1.3.0
info,team,Sri Lanka
info,team,South Africa
info,gender,male
info,season,2018
info,date,2018/07/29
info,series,South Africa tour of Sri Lanka 2018
info,match_number,1
info,venue,Rangiri Dambulla International Stadium
info,city,
info,toss_winner,Sri Lanka
info,toss_decision,bat
info,player_of_match,T Shamsi
info,umpire,NJ Llong
info,umpire,RSA Palliyaguruge
info,reserve_umpire,REJ Martinesz
info,tv_umpire,PR Reiffel
info,match_referee,J Srinath
info,winner,South Africa
info,winner_wickets,5
ball,1,0.1,Sri Lanka,N Dickwella,WU Tharanga,K Rabada,0,0,"",""
ball,1,0.2,Sri Lanka,N Dickwella,WU Tharanga,K Rabada,2,0,"",""
ball,1,0.3,Sri Lanka,N Dickwella,WU Tharanga,K Rabada,0,0,caught,N Dickwella
ball,1,0.4,Sri Lanka,BKG Mendis,WU Tharanga,K Rabada,1,0,"",""
ball,1,0.5,Sri Lanka,WU Tharanga,BKG Mendis,K Rabada,0,0,"",""
ball,1,0.6,Sri Lanka,WU Tharanga,BKG Mendis,K Rabada,0,1,"",""
ball,1,0.7,Sri Lanka,WU Tharanga,BKG Mendis,K Rabada,0,0,"",""
ball,1,1.1,Sri Lanka,BKG Mendis,WU Tharanga,L Ngidi,0,1,"",""
ball,1,1.2,Sri Lanka,WU Tharanga,BKG Mendis,L Ngidi,0,0,"",""
ball,1,1.3,Sri Lanka,WU Tharanga,BKG Mendis,L Ngidi,0,0,"",""
ball,1,1.4,Sri Lanka,WU Tharanga,BKG Mendis,L Ngidi,0,0,"",""
ball,1,1.5,Sri Lanka,WU Tharanga,BKG Mendis,L Ngidi,4,0,"",""
ball,1,1.6,Sri Lanka,WU Tharanga,BKG Mendis,L Ngidi,0,0,"",""
ball,1,2.1,Sri Lanka,BKG Mendis,WU Tharanga,K Rabada,0,0,"",""
ball,1,2.2,Sri Lanka,BKG Mendis,WU Tharanga,K Rabada,2,0,"",""
ball,1,2.3,Sri Lanka,BKG Mendis,WU Tharanga,K Rabada,0,0,"",""
ball,1,2.4,Sri Lanka,BKG Mendis,WU Tharanga,K Rabada,0,0,caught,BKG Mendis
ball,1,2.5,Sri Lanka,MDKJ Perera,WU Tharanga,K Rabada,1,0,"",""
ball,1,2.6,Sri Lanka,WU Tharanga,MDKJ Perera,K Rabada,0,0,"",""
ball,1,3.1,Sri Lanka,MDKJ Perera,WU Tharanga,L Ngidi,0,1,"",""
ball,1,3.2,Sri Lanka,MDKJ Perera,WU Tharanga,L Ngidi,1,0,"",""
ball,1,3.3,Sri Lanka,WU Tharanga,MDKJ Perera,L Ngidi,0,0,"",""
ball,1,3.4,Sri Lanka,WU Tharanga,MDKJ Perera,L Ngidi,1,0,"",""
ball,1,3.5,Sri Lanka,MDKJ Perera,WU Tharanga,L Ngidi,0,0,"",""
ball,1,3.6,Sri Lanka,MDKJ Perera,WU Tharanga,L Ngidi,2,0,"",""
ball,1,3.7,Sri Lanka,MDKJ Perera,WU Tharanga,L Ngidi,0,0,"",""
ball,1,4.1,Sri Lanka,WU Tharanga,MDKJ Perera,K Rabada,2,0,"",""
ball,1,4.2,Sri Lanka,WU Tharanga,MDKJ Perera,K Rabada,0,0,"",""
ball,1,4.3,Sri Lanka,WU Tharanga,MDKJ Perera,K Rabada,0,0,"",""
ball,1,4.4,Sri Lanka,WU Tharanga,MDKJ Perera,K Rabada,2,0,"",""
ball,1,4.5,Sri Lanka,WU Tharanga,MDKJ Perera,K Rabada,0,0,"",""
ball,1,4.6,Sri Lanka,WU Tharanga,MDKJ Perera,K Rabada,1,0,"",""
ball,1,5.1,Sri Lanka,WU Tharanga,MDKJ Perera,L Ngidi,0,0,run out,WU Tharanga
ball,1,5.2,Sri Lanka,MDKJ Perera,AD Mathews,L Ngidi,0,0,"",""
ball,1,5.3,Sri Lanka,MDKJ Perera,AD Mathews,L Ngidi,1,0,"",""
ball,1,5.4,Sri Lanka,AD Mathews,MDKJ Perera,L Ngidi,0,0,"",""
ball,1,5.5,Sri Lanka,AD Mathews,MDKJ Perera,L Ngidi,1,0,"",""
ball,1,5.6,Sri Lanka,MDKJ Perera,AD Mathews,L Ngidi,0,1,"",""
ball,1,5.7,Sri Lanka,MDKJ Perera,AD Mathews,L Ngidi,0,0,"",""
ball,1,6.1,Sri Lanka,AD Mathews,MDKJ Perera,K Rabada,0,5,"",""
ball,1,6.2,Sri Lanka,AD Mathews,MDKJ Perera,K Rabada,0,0,"",""
ball,1,6.3,Sri Lanka,AD Mathews,MDKJ Perera,K Rabada,0,0,"",""
ball,1,6.4,Sri Lanka,AD Mathews,MDKJ Perera,K Rabada,4,0,"",""
ball,1,6.5,Sri Lanka,AD Mathews,MDKJ Perera,K Rabada,0,1,"",""
ball,1,6.6,Sri Lanka,MDKJ Perera,AD Mathews,K Rabada,0,0,"",""
ball,1,6.7,Sri Lanka,MDKJ Perera,AD Mathews,K Rabada,0,0,"",""
ball,1,7.1,Sri Lanka,AD Mathews,MDKJ Perera,L Ngidi,0,0,"",""
ball,1,7.2,Sri Lanka,AD Mathews,MDKJ Perera,L Ngidi,0,0,caught,AD Mathews
ball,1,7.3,Sri Lanka,GSNFG Jayasuriya,MDKJ Perera,L Ngidi,0,0,"",""
ball,1,7.4,Sri Lanka,GSNFG Jayasuriya,MDKJ Perera,L Ngidi,0,0,"",""
ball,1,7.5,Sri Lanka,GSNFG Jayasuriya,MDKJ Perera,L Ngidi,0,0,"",""
ball,1,7.6,Sri Lanka,GSNFG Jayasuriya,MDKJ Perera,L Ngidi,0,0,"",""
ball,1,8.1,Sri Lanka,MDKJ Perera,GSNFG Jayasuriya,K Rabada,1,0,"",""
ball,1,8.2,Sri Lanka,GSNFG Jayasuriya,MDKJ Perera,K Rabada,0,0,"",""
ball,1,8.3,Sri Lanka,GSNFG Jayasuriya,MDKJ Perera,K Rabada,0,0,"",""
ball,1,8.4,Sri Lanka,GSNFG Jayasuriya,MDKJ Perera,K Rabada,0,0,"",""
ball,1,8.5,Sri Lanka,GSNFG Jayasuriya,MDKJ Perera,K Rabada,0,0,caught,GSNFG Jayasuriya
ball,1,8.6,Sri Lanka,NLTC Perera,MDKJ Perera,K Rabada,0,0,"",""
ball,1,9.1,Sri Lanka,MDKJ Perera,NLTC Perera,L Ngidi,4,0,"",""
ball,1,9.2,Sri Lanka,MDKJ Perera,NLTC Perera,L Ngidi,0,0,"",""
ball,1,9.3,Sri Lanka,MDKJ Perera,NLTC Perera,L Ngidi,0,1,"",""
ball,1,9.4,Sri Lanka,MDKJ Perera,NLTC Perera,L Ngidi,0,0,"",""
ball,1,9.5,Sri Lanka,MDKJ Perera,NLTC Perera,L Ngidi,4,0,"",""
ball,1,9.6,Sri Lanka,MDKJ Perera,NLTC Perera,L Ngidi,0,0,"",""
ball,1,9.7,Sri Lanka,MDKJ Perera,NLTC Perera,L Ngidi,0,0,"",""
ball,1,10.1,Sri Lanka,NLTC Perera,MDKJ Perera,K Rabada,4,0,"",""
ball,1,10.2,Sri Lanka,NLTC Perera,MDKJ Perera,K Rabada,4,0,"",""
ball,1,10.3,Sri Lanka,NLTC Perera,MDKJ Perera,K Rabada,0,0,"",""
ball,1,10.4,Sri Lanka,NLTC Perera,MDKJ Perera,K Rabada,1,0,"",""
ball,1,10.5,Sri Lanka,MDKJ Perera,NLTC Perera,K Rabada,0,0,"",""
ball,1,10.6,Sri Lanka,MDKJ Perera,NLTC Perera,K Rabada,0,0,"",""
ball,1,11.1,Sri Lanka,NLTC Perera,MDKJ Perera,PWA Mulder,1,0,"",""
ball,1,11.2,Sri Lanka,MDKJ Perera,NLTC Perera,PWA Mulder,4,0,"",""
ball,1,11.3,Sri Lanka,MDKJ Perera,NLTC Perera,PWA Mulder,1,0,"",""
ball,1,11.4,Sri Lanka,NLTC Perera,MDKJ Perera,PWA Mulder,4,0,"",""
ball,1,11.5,Sri Lanka,NLTC Perera,MDKJ Perera,PWA Mulder,1,0,"",""
ball,1,11.6,Sri Lanka,MDKJ Perera,NLTC Perera,PWA Mulder,0,1,"",""
ball,1,11.7,Sri Lanka,MDKJ Perera,NLTC Perera,PWA Mulder,4,0,"",""
ball,1,12.1,Sri Lanka,NLTC Perera,MDKJ Perera,AL Phehlukwayo,0,1,"",""
ball,1,12.2,Sri Lanka,NLTC Perera,MDKJ Perera,AL Phehlukwayo,1,0,"",""
ball,1,12.3,Sri Lanka,MDKJ Perera,NLTC Perera,AL Phehlukwayo,4,0,"",""
ball,1,12.4,Sri Lanka,MDKJ Perera,NLTC Perera,AL Phehlukwayo,1,0,"",""
ball,1,12.5,Sri Lanka,NLTC Perera,MDKJ Perera,AL Phehlukwayo,1,0,"",""
ball,1,12.6,Sri Lanka,MDKJ Perera,NLTC Perera,AL Phehlukwayo,0,0,"",""
ball,1,12.7,Sri Lanka,MDKJ Perera,NLTC Perera,AL Phehlukwayo,4,0,"",""
ball,1,13.1,Sri Lanka,NLTC Perera,MDKJ Perera,PWA Mulder,2,0,"",""
ball,1,13.2,Sri Lanka,NLTC Perera,MDKJ Perera,PWA Mulder,2,0,"",""
ball,1,13.3,Sri Lanka,NLTC Perera,MDKJ Perera,PWA Mulder,0,0,"",""
ball,1,13.4,Sri Lanka,NLTC Perera,MDKJ Perera,PWA Mulder,2,0,"",""
ball,1,13.5,Sri Lanka,NLTC Perera,MDKJ Perera,PWA Mulder,1,0,"",""
ball,1,13.6,Sri Lanka,MDKJ Perera,NLTC Perera,PWA Mulder,2,0,"",""
ball,1,14.1,Sri Lanka,NLTC Perera,MDKJ Perera,AL Phehlukwayo,0,0,"",""
ball,1,14.2,Sri Lanka,NLTC Perera,MDKJ Perera,AL Phehlukwayo,1,0,"",""
ball,1,14.3,Sri Lanka,MDKJ Perera,NLTC Perera,AL Phehlukwayo,0,0,"",""
ball,1,14.4,Sri Lanka,MDKJ Perera,NLTC Perera,AL Phehlukwayo,1,0,"",""
ball,1,14.5,Sri Lanka,NLTC Perera,MDKJ Perera,AL Phehlukwayo,4,0,"",""
ball,1,14.6,Sri Lanka,NLTC Perera,MDKJ Perera,AL Phehlukwayo,0,0,"",""
ball,1,15.1,Sri Lanka,MDKJ Perera,NLTC Perera,PWA Mulder,1,0,"",""
ball,1,15.2,Sri Lanka,NLTC Perera,MDKJ Perera,PWA Mulder,0,1,"",""
ball,1,15.3,Sri Lanka,NLTC Perera,MDKJ Perera,PWA Mulder,1,0,"",""
ball,1,15.4,Sri Lanka,MDKJ Perera,NLTC Perera,PWA Mulder,0,1,"",""
ball,1,15.5,Sri Lanka,NLTC Perera,MDKJ Perera,PWA Mulder,0,1,"",""
ball,1,15.6,Sri Lanka,NLTC Perera,MDKJ Perera,PWA Mulder,1,0,"",""
ball,1,15.7,Sri Lanka,MDKJ Perera,NLTC Perera,PWA Mulder,0,1,"",""
ball,1,15.8,Sri Lanka,NLTC Perera,MDKJ Perera,PWA Mulder,4,0,"",""
ball,1,16.1,Sri Lanka,MDKJ Perera,NLTC Perera,AL Phehlukwayo,4,0,"",""
ball,1,16.2,Sri Lanka,MDKJ Perera,NLTC Perera,AL Phehlukwayo,1,0,"",""
ball,1,16.3,Sri Lanka,NLTC Perera,MDKJ Perera,AL Phehlukwayo,1,0,"",""
ball,1,16.4,Sri Lanka,MDKJ Perera,NLTC Perera,AL Phehlukwayo,1,0,"",""
ball,1,16.5,Sri Lanka,NLTC Perera,MDKJ Perera,AL Phehlukwayo,4,0,"",""
ball,1,16.6,Sri Lanka,NLTC Perera,MDKJ Perera,AL Phehlukwayo,1,0,"",""
ball,1,17.1,Sri Lanka,NLTC Perera,MDKJ Perera,T Shamsi,4,0,"",""
ball,1,17.2,Sri Lanka,NLTC Perera,MDKJ Perera,T Shamsi,0,0,"",""
ball,1,17.3,Sri Lanka,NLTC Perera,MDKJ Perera,T Shamsi,4,0,"",""
ball,1,17.4,Sri Lanka,NLTC Perera,MDKJ Perera,T Shamsi,0,0,caught,NLTC Perera
ball,1,17.5,Sri Lanka,A Dananjaya,MDKJ Perera,T Shamsi,0,0,"",""
ball,1,17.6,Sri Lanka,A Dananjaya,MDKJ Perera,T Shamsi,0,0,"",""
ball,1,18.1,Sri Lanka,MDKJ Perera,A Dananjaya,JP Duminy,0,0,"",""
ball,1,18.2,Sri Lanka,MDKJ Perera,A Dananjaya,JP Duminy,0,0,"",""
ball,1,18.3,Sri Lanka,MDKJ Perera,A Dananjaya,JP Duminy,1,0,"",""
ball,1,18.4,Sri Lanka,A Dananjaya,MDKJ Perera,JP Duminy,0,0,"",""
ball,1,18.5,Sri Lanka,A Dananjaya,MDKJ Perera,JP Duminy,1,0,"",""
ball,1,18.6,Sri Lanka,MDKJ Perera,A Dananjaya,JP Duminy,1,0,"",""
ball,1,19.1,Sri Lanka,MDKJ Perera,A Dananjaya,T Shamsi,0,0,"",""
ball,1,19.2,Sri Lanka,MDKJ Perera,A Dananjaya,T Shamsi,1,0,"",""
ball,1,19.3,Sri Lanka,A Dananjaya,MDKJ Perera,T Shamsi,0,0,"",""
ball,1,19.4,Sri Lanka,A Dananjaya,MDKJ Perera,T Shamsi,0,0,"",""
ball,1,19.5,Sri Lanka,A Dananjaya,MDKJ Perera,T Shamsi,0,0,"",""
ball,1,19.6,Sri Lanka,A Dananjaya,MDKJ Perera,T Shamsi,0,0,"",""
ball,1,20.1,Sri Lanka,MDKJ Perera,A Dananjaya,JP Duminy,4,0,"",""
ball,1,20.2,Sri Lanka,MDKJ Perera,A Dananjaya,JP Duminy,0,0,"",""
ball,1,20.3,Sri Lanka,MDKJ Perera,A Dananjaya,JP Duminy,1,0,"",""
ball,1,20.4,Sri Lanka,A Dananjaya,MDKJ Perera,JP Duminy,0,0,"",""
ball,1,20.5,Sri Lanka,A Dananjaya,MDKJ Perera,JP Duminy,1,0,"",""
ball,1,20.6,Sri Lanka,MDKJ Perera,A Dananjaya,JP Duminy,0,0,"",""
ball,1,21.1,Sri Lanka,A Dananjaya,MDKJ Perera,T Shamsi,0,0,"",""
ball,1,21.2,Sri Lanka,A Dananjaya,MDKJ Perera,T Shamsi,0,0,"",""
ball,1,21.3,Sri Lanka,A Dananjaya,MDKJ Perera,T Shamsi,0,0,"",""
ball,1,21.4,Sri Lanka,A Dananjaya,MDKJ Perera,T Shamsi,1,0,"",""
ball,1,21.5,Sri Lanka,MDKJ Perera,A Dananjaya,T Shamsi,0,0,"",""
ball,1,21.6,Sri Lanka,MDKJ Perera,A Dananjaya,T Shamsi,0,0,"",""
ball,1,22.1,Sri Lanka,A Dananjaya,MDKJ Perera,JP Duminy,0,0,"",""
ball,1,22.2,Sri Lanka,A Dananjaya,MDKJ Perera,JP Duminy,0,0,"",""
ball,1,22.3,Sri Lanka,A Dananjaya,MDKJ Perera,JP Duminy,1,0,"",""
ball,1,22.4,Sri Lanka,MDKJ Perera,A Dananjaya,JP Duminy,6,0,"",""
ball,1,22.5,Sri Lanka,MDKJ Perera,A Dananjaya,JP Duminy,1,0,"",""
ball,1,22.6,Sri Lanka,A Dananjaya,MDKJ Perera,JP Duminy,1,0,"",""
ball,1,23.1,Sri Lanka,A Dananjaya,MDKJ Perera,T Shamsi,1,0,"",""
ball,1,23.2,Sri Lanka,MDKJ Perera,A Dananjaya,T Shamsi,1,0,"",""
ball,1,23.3,Sri Lanka,A Dananjaya,MDKJ Perera,T Shamsi,0,0,"",""
ball,1,23.4,Sri Lanka,A Dananjaya,MDKJ Perera,T Shamsi,1,0,"",""
ball,1,23.5,Sri Lanka,MDKJ Perera,A Dananjaya,T Shamsi,2,0,"",""
ball,1,23.6,Sri Lanka,MDKJ Perera,A Dananjaya,T Shamsi,0,0,"",""
ball,1,24.1,Sri Lanka,A Dananjaya,MDKJ Perera,JP Duminy,0,0,"",""
ball,1,24.2,Sri Lanka,A Dananjaya,MDKJ Perera,JP Duminy,0,0,"",""
ball,1,24.3,Sri Lanka,A Dananjaya,MDKJ Perera,JP Duminy,1,0,"",""
ball,1,24.4,Sri Lanka,MDKJ Perera,A Dananjaya,JP Duminy,1,0,"",""
ball,1,24.5,Sri Lanka,A Dananjaya,MDKJ Perera,JP Duminy,2,0,"",""
ball,1,24.6,Sri Lanka,A Dananjaya,MDKJ Perera,JP Duminy,0,0,"",""
ball,1,25.1,Sri Lanka,MDKJ Perera,A Dananjaya,L Ngidi,0,1,"",""
ball,1,25.2,Sri Lanka,MDKJ Perera,A Dananjaya,L Ngidi,0,0,"",""
ball,1,25.3,Sri Lanka,MDKJ Perera,A Dananjaya,L Ngidi,1,0,"",""
ball,1,25.4,Sri Lanka,A Dananjaya,MDKJ Perera,L Ngidi,1,0,"",""
ball,1,25.5,Sri Lanka,MDKJ Perera,A Dananjaya,L Ngidi,1,0,"",""
ball,1,25.6,Sri Lanka,A Dananjaya,MDKJ Perera,L Ngidi,0,0,"",""
ball,1,25.7,Sri Lanka,A Dananjaya,MDKJ Perera,L Ngidi,0,0,"",""
ball,1,26.1,Sri Lanka,MDKJ Perera,A Dananjaya,T Shamsi,4,0,"",""
ball,1,26.2,Sri Lanka,MDKJ Perera,A Dananjaya,T Shamsi,0,0,"",""
ball,1,26.3,Sri Lanka,MDKJ Perera,A Dananjaya,T Shamsi,1,0,"",""
ball,1,26.4,Sri Lanka,A Dananjaya,MDKJ Perera,T Shamsi,0,0,bowled,A Dananjaya
ball,1,26.5,Sri Lanka,RAS Lakmal,MDKJ Perera,T Shamsi,0,0,"",""
ball,1,26.6,Sri Lanka,RAS Lakmal,MDKJ Perera,T Shamsi,0,0,"",""
ball,1,27.1,Sri Lanka,MDKJ Perera,RAS Lakmal,L Ngidi,1,0,"",""
ball,1,27.2,Sri Lanka,RAS Lakmal,MDKJ Perera,L Ngidi,0,0,"",""
ball,1,27.3,Sri Lanka,RAS Lakmal,MDKJ Perera,L Ngidi,0,0,"",""
ball,1,27.4,Sri Lanka,RAS Lakmal,MDKJ Perera,L Ngidi,0,0,"",""
ball,1,27.5,Sri Lanka,RAS Lakmal,MDKJ Perera,L Ngidi,0,0,"",""
ball,1,27.6,Sri Lanka,RAS Lakmal,MDKJ Perera,L Ngidi,0,0,"",""
ball,1,28.1,Sri Lanka,MDKJ Perera,RAS Lakmal,T Shamsi,0,0,"",""
ball,1,28.2,Sri Lanka,MDKJ Perera,RAS Lakmal,T Shamsi,4,0,"",""
ball,1,28.3,Sri Lanka,MDKJ Perera,RAS Lakmal,T Shamsi,4,0,"",""
ball,1,28.4,Sri Lanka,MDKJ Perera,RAS Lakmal,T Shamsi,1,0,"",""
ball,1,28.5,Sri Lanka,RAS Lakmal,MDKJ Perera,T Shamsi,0,0,"",""
ball,1,28.6,Sri Lanka,RAS Lakmal,MDKJ Perera,T Shamsi,0,0,"",""
ball,1,29.1,Sri Lanka,MDKJ Perera,RAS Lakmal,L Ngidi,0,0,"",""
ball,1,29.2,Sri Lanka,MDKJ Perera,RAS Lakmal,L Ngidi,0,0,"",""
ball,1,29.3,Sri Lanka,MDKJ Perera,RAS Lakmal,L Ngidi,2,0,"",""
ball,1,29.4,Sri Lanka,MDKJ Perera,RAS Lakmal,L Ngidi,1,0,"",""
ball,1,29.5,Sri Lanka,RAS Lakmal,MDKJ Perera,L Ngidi,0,0,"",""
ball,1,29.6,Sri Lanka,RAS Lakmal,MDKJ Perera,L Ngidi,0,0,"",""
ball,1,30.1,Sri Lanka,MDKJ Perera,RAS Lakmal,T Shamsi,0,0,"",""
ball,1,30.2,Sri Lanka,MDKJ Perera,RAS Lakmal,T Shamsi,0,0,"",""
ball,1,30.3,Sri Lanka,MDKJ Perera,RAS Lakmal,T Shamsi,0,0,caught,MDKJ Perera
ball,1,30.4,Sri Lanka,PADLR Sandakan,RAS Lakmal,T Shamsi,0,0,"",""
ball,1,30.5,Sri Lanka,PADLR Sandakan,RAS Lakmal,T Shamsi,0,0,"",""
ball,1,30.6,Sri Lanka,PADLR Sandakan,RAS Lakmal,T Shamsi,2,0,"",""
ball,1,31.1,Sri Lanka,RAS Lakmal,PADLR Sandakan,K Rabada,0,0,"",""
ball,1,31.2,Sri Lanka,RAS Lakmal,PADLR Sandakan,K Rabada,1,0,"",""
ball,1,31.3,Sri Lanka,PADLR Sandakan,RAS Lakmal,K Rabada,0,0,"",""
ball,1,31.4,Sri Lanka,PADLR Sandakan,RAS Lakmal,K Rabada,0,0,"",""
ball,1,31.5,Sri Lanka,PADLR Sandakan,RAS Lakmal,K Rabada,1,0,"",""
ball,1,31.6,Sri Lanka,RAS Lakmal,PADLR Sandakan,K Rabada,0,0,"",""
ball,1,32.1,Sri Lanka,PADLR Sandakan,RAS Lakmal,T Shamsi,0,0,"",""
ball,1,32.2,Sri Lanka,PADLR Sandakan,RAS Lakmal,T Shamsi,0,0,"",""
ball,1,32.3,Sri Lanka,PADLR Sandakan,RAS Lakmal,T Shamsi,0,0,"",""
ball,1,32.4,Sri Lanka,PADLR Sandakan,RAS Lakmal,T Shamsi,2,0,"",""
ball,1,32.5,Sri Lanka,PADLR Sandakan,RAS Lakmal,T Shamsi,0,0,"",""
ball,1,32.6,Sri Lanka,PADLR Sandakan,RAS Lakmal,T Shamsi,0,0,"",""
ball,1,33.1,Sri Lanka,RAS Lakmal,PADLR Sandakan,K Rabada,4,0,"",""
ball,1,33.2,Sri Lanka,RAS Lakmal,PADLR Sandakan,K Rabada,0,0,caught,RAS Lakmal
ball,1,33.3,Sri Lanka,CBRLS Kumara,PADLR Sandakan,K Rabada,0,1,"",""
ball,1,33.4,Sri Lanka,CBRLS Kumara,PADLR Sandakan,K Rabada,0,0,"",""
ball,1,33.5,Sri Lanka,CBRLS Kumara,PADLR Sandakan,K Rabada,0,0,"",""
ball,1,33.6,Sri Lanka,CBRLS Kumara,PADLR Sandakan,K Rabada,3,0,"",""
ball,1,33.7,Sri Lanka,PADLR Sandakan,CBRLS Kumara,K Rabada,0,0,"",""
ball,1,34.1,Sri Lanka,CBRLS Kumara,PADLR Sandakan,T Shamsi,0,0,"",""
ball,1,34.2,Sri Lanka,CBRLS Kumara,PADLR Sandakan,T Shamsi,0,0,"",""
ball,1,34.3,Sri Lanka,CBRLS Kumara,PADLR Sandakan,T Shamsi,0,0,stumped,CBRLS Kumara
ball,2,0.1,South Africa,HM Amla,Q de Kock,A Dananjaya,1,0,"",""
ball,2,0.2,South Africa,Q de Kock,HM Amla,A Dananjaya,0,0,"",""
ball,2,0.3,South Africa,Q de Kock,HM Amla,A Dananjaya,3,0,"",""
ball,2,0.4,South Africa,HM Amla,Q de Kock,A Dananjaya,0,0,"",""
ball,2,0.5,South Africa,HM Amla,Q de Kock,A Dananjaya,2,0,"",""
ball,2,0.6,South Africa,HM Amla,Q de Kock,A Dananjaya,0,0,"",""
ball,2,1.1,South Africa,Q de Kock,HM Amla,RAS Lakmal,1,0,"",""
ball,2,1.2,South Africa,HM Amla,Q de Kock,RAS Lakmal,4,0,"",""
ball,2,1.3,South Africa,HM Amla,Q de Kock,RAS Lakmal,0,2,"",""
ball,2,1.4,South Africa,Q de Kock,HM Amla,RAS Lakmal,0,0,"",""
ball,2,1.5,South Africa,Q de Kock,HM Amla,RAS Lakmal,0,0,"",""
ball,2,1.6,South Africa,Q de Kock,HM Amla,RAS Lakmal,0,0,"",""
ball,2,1.7,South Africa,Q de Kock,HM Amla,RAS Lakmal,0,0,"",""
ball,2,2.1,South Africa,HM Amla,Q de Kock,A Dananjaya,0,0,"",""
ball,2,2.2,South Africa,HM Amla,Q de Kock,A Dananjaya,4,0,"",""
ball,2,2.3,South Africa,HM Amla,Q de Kock,A Dananjaya,1,0,"",""
ball,2,2.4,South Africa,Q de Kock,HM Amla,A Dananjaya,0,0,"",""
ball,2,2.5,South Africa,Q de Kock,HM Amla,A Dananjaya,4,0,"",""
ball,2,2.6,South Africa,Q de Kock,HM Amla,A Dananjaya,0,0,"",""
ball,2,3.1,South Africa,HM Amla,Q de Kock,RAS Lakmal,0,0,"",""
ball,2,3.2,South Africa,HM Amla,Q de Kock,RAS Lakmal,0,0,"",""
ball,2,3.3,South Africa,HM Amla,Q de Kock,RAS Lakmal,0,0,"",""
ball,2,3.4,South Africa,HM Amla,Q de Kock,RAS Lakmal,3,0,"",""
ball,2,3.5,South Africa,Q de Kock,HM Amla,RAS Lakmal,1,0,"",""
ball,2,3.6,South Africa,HM Amla,Q de Kock,RAS Lakmal,4,0,"",""
ball,2,4.1,South Africa,Q de Kock,HM Amla,A Dananjaya,0,0,"",""
ball,2,4.2,South Africa,Q de Kock,HM Amla,A Dananjaya,1,0,"",""
ball,2,4.3,South Africa,HM Amla,Q de Kock,A Dananjaya,0,0,bowled,HM Amla
ball,2,4.4,South Africa,AK Markram,Q de Kock,A Dananjaya,0,0,lbw,AK Markram
ball,2,4.5,South Africa,F du Plessis,Q de Kock,A Dananjaya,0,0,"",""
ball,2,4.6,South Africa,F du Plessis,Q de Kock,A Dananjaya,0,0,"",""
ball,2,5.1,South Africa,Q de Kock,F du Plessis,GSNFG Jayasuriya,4,0,"",""
ball,2,5.2,South Africa,Q de Kock,F du Plessis,GSNFG Jayasuriya,0,0,"",""
ball,2,5.3,South Africa,Q de Kock,F du Plessis,GSNFG Jayasuriya,1,0,"",""
ball,2,5.4,South Africa,F du Plessis,Q de Kock,GSNFG Jayasuriya,0,0,"",""
ball,2,5.5,South Africa,F du Plessis,Q de Kock,GSNFG Jayasuriya,1,0,"",""
ball,2,5.6,South Africa,Q de Kock,F du Plessis,GSNFG Jayasuriya,0,0,"",""
ball,2,6.1,South Africa,F du Plessis,Q de Kock,A Dananjaya,0,0,"",""
ball,2,6.2,South Africa,F du Plessis,Q de Kock,A Dananjaya,1,0,"",""
ball,2,6.3,South Africa,Q de Kock,F du Plessis,A Dananjaya,0,0,"",""
ball,2,6.4,South Africa,Q de Kock,F du Plessis,A Dananjaya,0,0,"",""
ball,2,6.5,South Africa,Q de Kock,F du Plessis,A Dananjaya,1,0,"",""
ball,2,6.6,South Africa,F du Plessis,Q de Kock,A Dananjaya,0,0,"",""
ball,2,7.1,South Africa,Q de Kock,F du Plessis,RAS Lakmal,4,0,"",""
ball,2,7.2,South Africa,Q de Kock,F du Plessis,RAS Lakmal,1,0,"",""
ball,2,7.3,South Africa,F du Plessis,Q de Kock,RAS Lakmal,0,1,"",""
ball,2,7.4,South Africa,Q de Kock,F du Plessis,RAS Lakmal,0,0,"",""
ball,2,7.5,South Africa,Q de Kock,F du Plessis,RAS Lakmal,1,0,"",""
ball,2,7.6,South Africa,F du Plessis,Q de Kock,RAS Lakmal,0,0,"",""
ball,2,8.1,South Africa,Q de Kock,F du Plessis,A Dananjaya,0,0,"",""
ball,2,8.2,South Africa,Q de Kock,F du Plessis,A Dananjaya,1,0,"",""
ball,2,8.3,South Africa,F du Plessis,Q de Kock,A Dananjaya,0,0,"",""
ball,2,8.4,South Africa,F du Plessis,Q de Kock,A Dananjaya,4,0,"",""
ball,2,8.5,South Africa,F du Plessis,Q de Kock,A Dananjaya,0,0,"",""
ball,2,8.6,South Africa,F du Plessis,Q de Kock,A Dananjaya,4,0,"",""
ball,2,9.1,South Africa,Q de Kock,F du Plessis,RAS Lakmal,1,0,"",""
ball,2,9.2,South Africa,F du Plessis,Q de Kock,RAS Lakmal,0,0,"",""
ball,2,9.3,South Africa,F du Plessis,Q de Kock,RAS Lakmal,0,0,"",""
ball,2,9.4,South Africa,F du Plessis,Q de Kock,RAS Lakmal,0,0,"",""
ball,2,9.5,South Africa,F du Plessis,Q de Kock,RAS Lakmal,4,0,"",""
ball,2,9.6,South Africa,F du Plessis,Q de Kock,RAS Lakmal,0,0,"",""
ball,2,10.1,South Africa,Q de Kock,F du Plessis,A Dananjaya,1,0,"",""
ball,2,10.2,South Africa,F du Plessis,Q de Kock,A Dananjaya,0,0,"",""
ball,2,10.3,South Africa,F du Plessis,Q de Kock,A Dananjaya,0,0,"",""
ball,2,10.4,South Africa,F du Plessis,Q de Kock,A Dananjaya,0,0,"",""
ball,2,10.5,South Africa,F du Plessis,Q de Kock,A Dananjaya,0,0,"",""
ball,2,10.6,South Africa,F du Plessis,Q de Kock,A Dananjaya,0,0,"",""
ball,2,11.1,South Africa,Q de Kock,F du Plessis,CBRLS Kumara,0,0,"",""
ball,2,11.2,South Africa,Q de Kock,F du Plessis,CBRLS Kumara,1,0,"",""
ball,2,11.3,South Africa,F du Plessis,Q de Kock,CBRLS Kumara,0,0,"",""
ball,2,11.4,South Africa,F du Plessis,Q de Kock,CBRLS Kumara,0,1,"",""
ball,2,11.5,South Africa,F du Plessis,Q de Kock,CBRLS Kumara,0,0,"",""
ball,2,11.6,South Africa,F du Plessis,Q de Kock,CBRLS Kumara,4,0,"",""
ball,2,11.7,South Africa,F du Plessis,Q de Kock,CBRLS Kumara,0,0,"",""
ball,2,12.1,South Africa,Q de Kock,F du Plessis,PADLR Sandakan,0,0,"",""
ball,2,12.2,South Africa,Q de Kock,F du Plessis,PADLR Sandakan,0,0,"",""
ball,2,12.3,South Africa,Q de Kock,F du Plessis,PADLR Sandakan,0,0,"",""
ball,2,12.4,South Africa,Q de Kock,F du Plessis,PADLR Sandakan,1,0,"",""
ball,2,12.5,South Africa,F du Plessis,Q de Kock,PADLR Sandakan,0,0,"",""
ball,2,12.6,South Africa,F du Plessis,Q de Kock,PADLR Sandakan,4,0,"",""
ball,2,13.1,South Africa,Q de Kock,F du Plessis,CBRLS Kumara,0,0,"",""
ball,2,13.2,South Africa,Q de Kock,F du Plessis,CBRLS Kumara,0,0,"",""
ball,2,13.3,South Africa,Q de Kock,F du Plessis,CBRLS Kumara,1,0,"",""
ball,2,13.4,South Africa,F du Plessis,Q de Kock,CBRLS Kumara,0,0,"",""
ball,2,13.5,South Africa,F du Plessis,Q de Kock,CBRLS Kumara,0,0,"",""
ball,2,13.6,South Africa,F du Plessis,Q de Kock,CBRLS Kumara,1,0,"",""
ball,2,14.1,South Africa,F du Plessis,Q de Kock,PADLR Sandakan,0,0,"",""
ball,2,14.2,South Africa,F du Plessis,Q de Kock,PADLR Sandakan,1,0,"",""
ball,2,14.3,South Africa,Q de Kock,F du Plessis,PADLR Sandakan,1,0,"",""
ball,2,14.4,South Africa,F du Plessis,Q de Kock,PADLR Sandakan,4,0,"",""
ball,2,14.5,South Africa,F du Plessis,Q de Kock,PADLR Sandakan,4,0,"",""
ball,2,14.6,South Africa,F du Plessis,Q de Kock,PADLR Sandakan,0,0,"",""
ball,2,15.1,South Africa,Q de Kock,F du Plessis,CBRLS Kumara,2,0,"",""
ball,2,15.2,South Africa,Q de Kock,F du Plessis,CBRLS Kumara,0,0,"",""
ball,2,15.3,South Africa,Q de Kock,F du Plessis,CBRLS Kumara,0,0,"",""
ball,2,15.4,South Africa,Q de Kock,F du Plessis,CBRLS Kumara,0,0,"",""
ball,2,15.5,South Africa,Q de Kock,F du Plessis,CBRLS Kumara,1,0,"",""
ball,2,15.6,South Africa,F du Plessis,Q de Kock,CBRLS Kumara,0,0,"",""
ball,2,16.1,South Africa,Q de Kock,F du Plessis,PADLR Sandakan,4,0,"",""
ball,2,16.2,South Africa,Q de Kock,F du Plessis,PADLR Sandakan,1,0,"",""
ball,2,16.3,South Africa,F du Plessis,Q de Kock,PADLR Sandakan,0,0,"",""
ball,2,16.4,South Africa,F du Plessis,Q de Kock,PADLR Sandakan,0,0,"",""
ball,2,16.5,South Africa,F du Plessis,Q de Kock,PADLR Sandakan,4,0,"",""
ball,2,16.6,South Africa,F du Plessis,Q de Kock,PADLR Sandakan,4,0,"",""
ball,2,17.1,South Africa,Q de Kock,F du Plessis,GSNFG Jayasuriya,1,0,"",""
ball,2,17.2,South Africa,F du Plessis,Q de Kock,GSNFG Jayasuriya,0,0,"",""
ball,2,17.3,South Africa,F du Plessis,Q de Kock,GSNFG Jayasuriya,1,0,"",""
ball,2,17.4,South Africa,Q de Kock,F du Plessis,GSNFG Jayasuriya,0,0,"",""
ball,2,17.5,South Africa,Q de Kock,F du Plessis,GSNFG Jayasuriya,0,0,"",""
ball,2,17.6,South Africa,Q de Kock,F du Plessis,GSNFG Jayasuriya,0,0,"",""
ball,2,18.1,South Africa,F du Plessis,Q de Kock,A Dananjaya,0,0,"",""
ball,2,18.2,South Africa,F du Plessis,Q de Kock,A Dananjaya,0,0,"",""
ball,2,18.3,South Africa,F du Plessis,Q de Kock,A Dananjaya,1,0,"",""
ball,2,18.4,South Africa,Q de Kock,F du Plessis,A Dananjaya,0,0,"",""
ball,2,18.5,South Africa,Q de Kock,F du Plessis,A Dananjaya,1,0,"",""
ball,2,18.6,South Africa,F du Plessis,Q de Kock,A Dananjaya,0,0,"",""
ball,2,19.1,South Africa,Q de Kock,F du Plessis,GSNFG Jayasuriya,0,0,"",""
ball,2,19.2,South Africa,Q de Kock,F du Plessis,GSNFG Jayasuriya,6,0,"",""
ball,2,19.3,South Africa,Q de Kock,F du Plessis,GSNFG Jayasuriya,0,0,"",""
ball,2,19.4,South Africa,Q de Kock,F du Plessis,GSNFG Jayasuriya,2,0,"",""
ball,2,19.5,South Africa,Q de Kock,F du Plessis,GSNFG Jayasuriya,0,0,"",""
ball,2,19.6,South Africa,Q de Kock,F du Plessis,GSNFG Jayasuriya,0,0,"",""
ball,2,20.1,South Africa,F du Plessis,Q de Kock,A Dananjaya,4,0,"",""
ball,2,20.2,South Africa,F du Plessis,Q de Kock,A Dananjaya,1,0,"",""
ball,2,20.3,South Africa,Q de Kock,F du Plessis,A Dananjaya,0,0,"",""
ball,2,20.4,South Africa,Q de Kock,F du Plessis,A Dananjaya,0,0,caught,Q de Kock
ball,2,20.5,South Africa,F du Plessis,JP Duminy,A Dananjaya,0,0,"",""
ball,2,20.6,South Africa,F du Plessis,JP Duminy,A Dananjaya,0,0,"",""
ball,2,21.1,South Africa,JP Duminy,F du Plessis,PADLR Sandakan,2,0,"",""
ball,2,21.2,South Africa,JP Duminy,F du Plessis,PADLR Sandakan,0,0,"",""
ball,2,21.3,South Africa,JP Duminy,F du Plessis,PADLR Sandakan,1,0,"",""
ball,2,21.4,South Africa,F du Plessis,JP Duminy,PADLR Sandakan,0,0,"",""
ball,2,21.5,South Africa,F du Plessis,JP Duminy,PADLR Sandakan,0,1,"",""
ball,2,21.6,South Africa,F du Plessis,JP Duminy,PADLR Sandakan,0,0,"",""
ball,2,21.7,South Africa,F du Plessis,JP Duminy,PADLR Sandakan,0,0,"",""
ball,2,22.1,South Africa,JP Duminy,F du Plessis,A Dananjaya,0,0,"",""
ball,2,22.2,South Africa,JP Duminy,F du Plessis,A Dananjaya,0,0,"",""
ball,2,22.3,South Africa,JP Duminy,F du Plessis,A Dananjaya,0,0,"",""
ball,2,22.4,South Africa,JP Duminy,F du Plessis,A Dananjaya,6,0,"",""
ball,2,22.5,South Africa,JP Duminy,F du Plessis,A Dananjaya,0,0,"",""
ball,2,22.6,South Africa,JP Duminy,F du Plessis,A Dananjaya,2,0,"",""
ball,2,23.1,South Africa,F du Plessis,JP Duminy,PADLR Sandakan,0,0,caught,F du Plessis
ball,2,23.2,South Africa,DA Miller,JP Duminy,PADLR Sandakan,1,0,"",""
ball,2,23.3,South Africa,JP Duminy,DA Miller,PADLR Sandakan,0,0,"",""
ball,2,23.4,South Africa,JP Duminy,DA Miller,PADLR Sandakan,0,0,"",""
ball,2,23.5,South Africa,JP Duminy,DA Miller,PADLR Sandakan,4,0,"",""
ball,2,23.6,South Africa,JP Duminy,DA Miller,PADLR Sandakan,1,0,"",""
ball,2,24.1,South Africa,JP Duminy,DA Miller,A Dananjaya,1,0,"",""
ball,2,24.2,South Africa,DA Miller,JP Duminy,A Dananjaya,0,0,"",""
ball,2,24.3,South Africa,DA Miller,JP Duminy,A Dananjaya,4,0,"",""
ball,2,24.4,South Africa,DA Miller,JP Duminy,A Dananjaya,0,0,"",""
ball,2,24.5,South Africa,DA Miller,JP Duminy,A Dananjaya,0,0,"",""
ball,2,24.6,South Africa,DA Miller,JP Duminy,A Dananjaya,2,0,"",""
ball,2,25.1,South Africa,JP Duminy,DA Miller,PADLR Sandakan,4,0,"",""
ball,2,25.2,South Africa,JP Duminy,DA Miller,PADLR Sandakan,6,0,"",""
ball,2,25.3,South Africa,JP Duminy,DA Miller,PADLR Sandakan,4,0,"",""
ball,2,25.4,South Africa,JP Duminy,DA Miller,PADLR Sandakan,1,0,"",""
ball,2,25.5,South Africa,DA Miller,JP Duminy,PADLR Sandakan,1,0,"",""
ball,2,25.6,South Africa,JP Duminy,DA Miller,PADLR Sandakan,1,0,"",""
ball,2,26.1,South Africa,JP Duminy,DA Miller,GSNFG Jayasuriya,0,1,"",""
ball,2,26.2,South Africa,JP Duminy,DA Miller,GSNFG Jayasuriya,0,0,"",""
ball,2,26.3,South Africa,JP Duminy,DA Miller,GSNFG Jayasuriya,1,0,"",""
ball,2,26.4,South Africa,DA Miller,JP Duminy,GSNFG Jayasuriya,0,0,"",""
ball,2,26.5,South Africa,DA Miller,JP Duminy,GSNFG Jayasuriya,1,0,"",""
ball,2,26.6,South Africa,JP Duminy,DA Miller,GSNFG Jayasuriya,0,0,"",""
ball,2,26.7,South Africa,JP Duminy,DA Miller,GSNFG Jayasuriya,4,0,"",""
ball,2,27.1,South Africa,DA Miller,JP Duminy,RAS Lakmal,1,0,"",""
ball,2,27.2,South Africa,JP Duminy,DA Miller,RAS Lakmal,4,0,"",""
ball,2,27.3,South Africa,JP Duminy,DA Miller,RAS Lakmal,1,0,"",""
ball,2,27.4,South Africa,DA Miller,JP Duminy,RAS Lakmal,0,0,"",""
ball,2,27.5,South Africa,DA Miller,JP Duminy,RAS Lakmal,0,0,"",""
ball,2,27.6,South Africa,DA Miller,JP Duminy,RAS Lakmal,0,0,lbw,DA Miller
ball,2,28.1,South Africa,JP Duminy,PWA Mulder,PADLR Sandakan,2,0,"",""
ball,2,28.2,South Africa,JP Duminy,PWA Mulder,PADLR Sandakan,1,0,"",""
ball,2,28.3,South Africa,PWA Mulder,JP Duminy,PADLR Sandakan,4,0,"",""
ball,2,28.4,South Africa,PWA Mulder,JP Duminy,PADLR Sandakan,1,0,"",""
ball,2,28.5,South Africa,JP Duminy,PWA Mulder,PADLR Sandakan,0,0,"",""
ball,2,28.6,South Africa,JP Duminy,PWA Mulder,PADLR Sandakan,1,0,"",""
ball,2,29.1,South Africa,JP Duminy,PWA Mulder,RAS Lakmal,1,0,"",""
ball,2,29.2,South Africa,PWA Mulder,JP Duminy,RAS Lakmal,0,0,"",""
ball,2,29.3,South Africa,PWA Mulder,JP Duminy,RAS Lakmal,0,0,"",""
ball,2,29.4,South Africa,PWA Mulder,JP Duminy,RAS Lakmal,4,0,"",""
ball,2,29.5,South Africa,PWA Mulder,JP Duminy,RAS Lakmal,0,0,"",""
ball,2,29.6,South Africa,PWA Mulder,JP Duminy,RAS Lakmal,0,0,"",""
ball,2,30.1,South Africa,JP Duminy,PWA Mulder,PADLR Sandakan,1,0,"",""
ball,2,30.2,South Africa,PWA Mulder,JP Duminy,PADLR Sandakan,0,0,"",""
ball,2,30.3,South Africa,PWA Mulder,JP Duminy,PADLR Sandakan,4,0,"",""
ball,2,30.4,South Africa,PWA Mulder,JP Duminy,PADLR Sandakan,0,0,"",""
ball,2,30.5,South Africa,PWA Mulder,JP Duminy,PADLR Sandakan,1,0,"",""
ball,2,30.6,South Africa,JP Duminy,PWA Mulder,PADLR Sandakan,4,0,"",""
