version,1.3.0
info,team,South Africa
info,team,Sri Lanka
info,gender,male
info,season,2018
info,date,2018/08/05
info,series,South Africa tour of Sri Lanka 2018
info,match_number,3
info,venue,Pallekele International Cricket Stadium
info,city,
info,toss_winner,Sri Lanka
info,toss_decision,field
info,player_of_match,RR Hendricks
info,umpire,RR Wimalasiri
info,umpire,NJ Llong
info,reserve_umpire,LE Hannibal
info,tv_umpire,PR Reiffel
info,match_referee,J Srinath
info,winner,South Africa
info,winner_runs,78
ball,1,0.1,South Africa,HM Amla,Q de Kock,RAS Lakmal,0,1,"",""
ball,1,0.2,South Africa,HM Amla,Q de Kock,RAS Lakmal,0,0,"",""
ball,1,0.3,South Africa,HM Amla,Q de Kock,RAS Lakmal,0,0,"",""
ball,1,0.4,South Africa,HM Amla,Q de Kock,RAS Lakmal,0,0,"",""
ball,1,0.5,South Africa,HM Amla,Q de Kock,RAS Lakmal,0,0,"",""
ball,1,0.6,South Africa,HM Amla,Q de Kock,RAS Lakmal,0,0,"",""
ball,1,0.7,South Africa,HM Amla,Q de Kock,RAS Lakmal,4,0,"",""
ball,1,1.1,South Africa,Q de Kock,HM Amla,CBRLS Kumara,1,0,"",""
ball,1,1.2,South Africa,HM Amla,Q de Kock,CBRLS Kumara,0,0,"",""
ball,1,1.3,South Africa,HM Amla,Q de Kock,CBRLS Kumara,4,0,"",""
ball,1,1.4,South Africa,HM Amla,Q de Kock,CBRLS Kumara,4,0,"",""
ball,1,1.5,South Africa,HM Amla,Q de Kock,CBRLS Kumara,1,0,"",""
ball,1,1.6,South Africa,Q de Kock,HM Amla,CBRLS Kumara,0,0,"",""
ball,1,2.1,South Africa,HM Amla,Q de Kock,RAS Lakmal,0,0,"",""
ball,1,2.2,South Africa,HM Amla,Q de Kock,RAS Lakmal,0,0,"",""
ball,1,2.3,South Africa,HM Amla,Q de Kock,RAS Lakmal,0,1,"",""
ball,1,2.4,South Africa,HM Amla,Q de Kock,RAS Lakmal,0,0,"",""
ball,1,2.5,South Africa,HM Amla,Q de Kock,RAS Lakmal,4,0,"",""
ball,1,2.6,South Africa,HM Amla,Q de Kock,RAS Lakmal,1,0,"",""
ball,1,2.7,South Africa,Q de Kock,HM Amla,RAS Lakmal,0,0,"",""
ball,1,3.1,South Africa,HM Amla,Q de Kock,CBRLS Kumara,4,0,"",""
ball,1,3.2,South Africa,HM Amla,Q de Kock,CBRLS Kumara,2,0,"",""
ball,1,3.3,South Africa,HM Amla,Q de Kock,CBRLS Kumara,0,0,"",""
ball,1,3.4,South Africa,HM Amla,Q de Kock,CBRLS Kumara,0,0,"",""
ball,1,3.5,South Africa,HM Amla,Q de Kock,CBRLS Kumara,0,0,"",""
ball,1,3.6,South Africa,HM Amla,Q de Kock,CBRLS Kumara,0,0,"",""
ball,1,4.1,South Africa,Q de Kock,HM Amla,RAS Lakmal,0,0,"",""
ball,1,4.2,South Africa,Q de Kock,HM Amla,RAS Lakmal,1,0,"",""
ball,1,4.3,South Africa,HM Amla,Q de Kock,RAS Lakmal,0,0,"",""
ball,1,4.4,South Africa,HM Amla,Q de Kock,RAS Lakmal,1,0,"",""
ball,1,4.5,South Africa,Q de Kock,HM Amla,RAS Lakmal,0,0,"",""
ball,1,4.6,South Africa,Q de Kock,HM Amla,RAS Lakmal,0,0,"",""
ball,1,5.1,South Africa,HM Amla,Q de Kock,CBRLS Kumara,4,0,"",""
ball,1,5.2,South Africa,HM Amla,Q de Kock,CBRLS Kumara,4,0,"",""
ball,1,5.3,South Africa,HM Amla,Q de Kock,CBRLS Kumara,4,0,"",""
ball,1,5.4,South Africa,HM Amla,Q de Kock,CBRLS Kumara,0,0,"",""
ball,1,5.5,South Africa,HM Amla,Q de Kock,CBRLS Kumara,1,0,"",""
ball,1,5.6,South Africa,Q de Kock,HM Amla,CBRLS Kumara,0,0,caught,Q de Kock
ball,1,6.1,South Africa,RR Hendricks,HM Amla,RAS Lakmal,0,0,"",""
ball,1,6.2,South Africa,RR Hendricks,HM Amla,RAS Lakmal,4,0,"",""
ball,1,6.3,South Africa,RR Hendricks,HM Amla,RAS Lakmal,2,0,"",""
ball,1,6.4,South Africa,RR Hendricks,HM Amla,RAS Lakmal,0,0,"",""
ball,1,6.5,South Africa,RR Hendricks,HM Amla,RAS Lakmal,0,0,"",""
ball,1,6.6,South Africa,RR Hendricks,HM Amla,RAS Lakmal,0,0,"",""
ball,1,7.1,South Africa,HM Amla,RR Hendricks,CBRLS Kumara,1,0,"",""
ball,1,7.2,South Africa,RR Hendricks,HM Amla,CBRLS Kumara,0,0,"",""
ball,1,7.3,South Africa,RR Hendricks,HM Amla,CBRLS Kumara,0,0,"",""
ball,1,7.4,South Africa,RR Hendricks,HM Amla,CBRLS Kumara,0,0,"",""
ball,1,7.5,South Africa,RR Hendricks,HM Amla,CBRLS Kumara,1,0,"",""
ball,1,7.6,South Africa,HM Amla,RR Hendricks,CBRLS Kumara,1,0,"",""
ball,1,8.1,South Africa,HM Amla,RR Hendricks,RAS Lakmal,0,0,"",""
ball,1,8.2,South Africa,HM Amla,RR Hendricks,RAS Lakmal,0,0,"",""
ball,1,8.3,South Africa,HM Amla,RR Hendricks,RAS Lakmal,0,0,"",""
ball,1,8.4,South Africa,HM Amla,RR Hendricks,RAS Lakmal,0,0,"",""
ball,1,8.5,South Africa,HM Amla,RR Hendricks,RAS Lakmal,0,0,"",""
ball,1,8.6,South Africa,HM Amla,RR Hendricks,RAS Lakmal,0,0,"",""
ball,1,9.1,South Africa,RR Hendricks,HM Amla,A Dananjaya,0,0,"",""
ball,1,9.2,South Africa,RR Hendricks,HM Amla,A Dananjaya,3,0,"",""
ball,1,9.3,South Africa,HM Amla,RR Hendricks,A Dananjaya,0,0,"",""
ball,1,9.4,South Africa,HM Amla,RR Hendricks,A Dananjaya,6,0,"",""
ball,1,9.5,South Africa,HM Amla,RR Hendricks,A Dananjaya,4,0,"",""
ball,1,9.6,South Africa,HM Amla,RR Hendricks,A Dananjaya,0,0,"",""
ball,1,10.1,South Africa,RR Hendricks,HM Amla,RAS Lakmal,4,0,"",""
ball,1,10.2,South Africa,RR Hendricks,HM Amla,RAS Lakmal,0,0,"",""
ball,1,10.3,South Africa,RR Hendricks,HM Amla,RAS Lakmal,1,0,"",""
ball,1,10.4,South Africa,HM Amla,RR Hendricks,RAS Lakmal,1,0,"",""
ball,1,10.5,South Africa,RR Hendricks,HM Amla,RAS Lakmal,0,0,"",""
ball,1,10.6,South Africa,RR Hendricks,HM Amla,RAS Lakmal,0,0,"",""
ball,1,11.1,South Africa,HM Amla,RR Hendricks,A Dananjaya,0,0,"",""
ball,1,11.2,South Africa,HM Amla,RR Hendricks,A Dananjaya,1,0,"",""
ball,1,11.3,South Africa,RR Hendricks,HM Amla,A Dananjaya,0,0,"",""
ball,1,11.4,South Africa,RR Hendricks,HM Amla,A Dananjaya,4,0,"",""
ball,1,11.5,South Africa,RR Hendricks,HM Amla,A Dananjaya,0,0,"",""
ball,1,11.6,South Africa,RR Hendricks,HM Amla,A Dananjaya,1,0,"",""
ball,1,12.1,South Africa,RR Hendricks,HM Amla,NLTC Perera,0,0,"",""
ball,1,12.2,South Africa,RR Hendricks,HM Amla,NLTC Perera,1,0,"",""
ball,1,12.3,South Africa,HM Amla,RR Hendricks,NLTC Perera,0,0,"",""
ball,1,12.4,South Africa,HM Amla,RR Hendricks,NLTC Perera,1,0,"",""
ball,1,12.5,South Africa,RR Hendricks,HM Amla,NLTC Perera,0,0,"",""
ball,1,12.6,South Africa,RR Hendricks,HM Amla,NLTC Perera,1,0,"",""
ball,1,13.1,South Africa,RR Hendricks,HM Amla,CBRLS Kumara,1,0,"",""
ball,1,13.2,South Africa,HM Amla,RR Hendricks,CBRLS Kumara,0,0,"",""
ball,1,13.3,South Africa,HM Amla,RR Hendricks,CBRLS Kumara,1,0,"",""
ball,1,13.4,South Africa,RR Hendricks,HM Amla,CBRLS Kumara,0,5,"",""
ball,1,13.5,South Africa,RR Hendricks,HM Amla,CBRLS Kumara,1,0,"",""
ball,1,13.6,South Africa,HM Amla,RR Hendricks,CBRLS Kumara,0,0,"",""
ball,1,13.7,South Africa,HM Amla,RR Hendricks,CBRLS Kumara,0,1,"",""
ball,1,13.8,South Africa,HM Amla,RR Hendricks,CBRLS Kumara,2,0,"",""
ball,1,14.1,South Africa,RR Hendricks,HM Amla,NLTC Perera,0,0,"",""
ball,1,14.2,South Africa,RR Hendricks,HM Amla,NLTC Perera,1,0,"",""
ball,1,14.3,South Africa,HM Amla,RR Hendricks,NLTC Perera,0,1,"",""
ball,1,14.4,South Africa,RR Hendricks,HM Amla,NLTC Perera,0,0,"",""
ball,1,14.5,South Africa,RR Hendricks,HM Amla,NLTC Perera,2,0,"",""
ball,1,14.6,South Africa,RR Hendricks,HM Amla,NLTC Perera,0,0,"",""
ball,1,15.1,South Africa,HM Amla,RR Hendricks,CBRLS Kumara,0,0,"",""
ball,1,15.2,South Africa,HM Amla,RR Hendricks,CBRLS Kumara,1,0,"",""
ball,1,15.3,South Africa,RR Hendricks,HM Amla,CBRLS Kumara,1,0,"",""
ball,1,15.4,South Africa,HM Amla,RR Hendricks,CBRLS Kumara,0,0,"",""
ball,1,15.5,South Africa,HM Amla,RR Hendricks,CBRLS Kumara,1,0,"",""
ball,1,15.6,South Africa,RR Hendricks,HM Amla,CBRLS Kumara,2,0,"",""
ball,1,16.1,South Africa,HM Amla,RR Hendricks,NLTC Perera,0,0,"",""
ball,1,16.2,South Africa,HM Amla,RR Hendricks,NLTC Perera,1,0,"",""
ball,1,16.3,South Africa,RR Hendricks,HM Amla,NLTC Perera,1,0,"",""
ball,1,16.4,South Africa,HM Amla,RR Hendricks,NLTC Perera,0,0,"",""
ball,1,16.5,South Africa,HM Amla,RR Hendricks,NLTC Perera,0,0,"",""
ball,1,16.6,South Africa,HM Amla,RR Hendricks,NLTC Perera,0,0,bowled,HM Amla
ball,1,17.1,South Africa,RR Hendricks,F du Plessis,NGRP Jayasuriya,0,0,"",""
ball,1,17.2,South Africa,RR Hendricks,F du Plessis,NGRP Jayasuriya,1,0,"",""
ball,1,17.3,South Africa,F du Plessis,RR Hendricks,NGRP Jayasuriya,1,0,"",""
ball,1,17.4,South Africa,RR Hendricks,F du Plessis,NGRP Jayasuriya,1,0,"",""
ball,1,17.5,South Africa,F du Plessis,RR Hendricks,NGRP Jayasuriya,1,0,"",""
ball,1,17.6,South Africa,RR Hendricks,F du Plessis,NGRP Jayasuriya,1,0,"",""
ball,1,18.1,South Africa,RR Hendricks,F du Plessis,NLTC Perera,2,0,"",""
ball,1,18.2,South Africa,RR Hendricks,F du Plessis,NLTC Perera,0,0,"",""
ball,1,18.3,South Africa,RR Hendricks,F du Plessis,NLTC Perera,1,0,"",""
ball,1,18.4,South Africa,F du Plessis,RR Hendricks,NLTC Perera,0,0,"",""
ball,1,18.5,South Africa,F du Plessis,RR Hendricks,NLTC Perera,0,0,"",""
ball,1,18.6,South Africa,F du Plessis,RR Hendricks,NLTC Perera,2,0,"",""
ball,1,19.1,South Africa,RR Hendricks,F du Plessis,NGRP Jayasuriya,1,0,"",""
ball,1,19.2,South Africa,F du Plessis,RR Hendricks,NGRP Jayasuriya,0,0,"",""
ball,1,19.3,South Africa,F du Plessis,RR Hendricks,NGRP Jayasuriya,1,0,"",""
ball,1,19.4,South Africa,RR Hendricks,F du Plessis,NGRP Jayasuriya,0,0,"",""
ball,1,19.5,South Africa,RR Hendricks,F du Plessis,NGRP Jayasuriya,6,0,"",""
ball,1,19.6,South Africa,RR Hendricks,F du Plessis,NGRP Jayasuriya,1,0,"",""
ball,1,20.1,South Africa,RR Hendricks,F du Plessis,NLTC Perera,2,0,"",""
ball,1,20.2,South Africa,RR Hendricks,F du Plessis,NLTC Perera,2,0,"",""
ball,1,20.3,South Africa,RR Hendricks,F du Plessis,NLTC Perera,1,0,"",""
ball,1,20.4,South Africa,F du Plessis,RR Hendricks,NLTC Perera,2,0,"",""
ball,1,20.5,South Africa,F du Plessis,RR Hendricks,NLTC Perera,0,0,"",""
ball,1,20.6,South Africa,F du Plessis,RR Hendricks,NLTC Perera,1,0,"",""
ball,1,21.1,South Africa,F du Plessis,RR Hendricks,NGRP Jayasuriya,1,0,"",""
ball,1,21.2,South Africa,RR Hendricks,F du Plessis,NGRP Jayasuriya,2,0,"",""
ball,1,21.3,South Africa,RR Hendricks,F du Plessis,NGRP Jayasuriya,1,0,"",""
ball,1,21.4,South Africa,F du Plessis,RR Hendricks,NGRP Jayasuriya,1,0,"",""
ball,1,21.5,South Africa,RR Hendricks,F du Plessis,NGRP Jayasuriya,0,0,"",""
ball,1,21.6,South Africa,RR Hendricks,F du Plessis,NGRP Jayasuriya,1,0,"",""
ball,1,22.1,South Africa,RR Hendricks,F du Plessis,NLTC Perera,2,0,"",""
ball,1,22.2,South Africa,RR Hendricks,F du Plessis,NLTC Perera,1,0,"",""
ball,1,22.3,South Africa,F du Plessis,RR Hendricks,NLTC Perera,0,0,"",""
ball,1,22.4,South Africa,F du Plessis,RR Hendricks,NLTC Perera,0,0,caught,F du Plessis
ball,1,22.5,South Africa,RR Hendricks,JP Duminy,NLTC Perera,0,0,"",""
ball,1,22.6,South Africa,RR Hendricks,JP Duminy,NLTC Perera,2,0,"",""
ball,1,23.1,South Africa,JP Duminy,RR Hendricks,NGRP Jayasuriya,2,0,"",""
ball,1,23.2,South Africa,JP Duminy,RR Hendricks,NGRP Jayasuriya,1,0,"",""
ball,1,23.3,South Africa,RR Hendricks,JP Duminy,NGRP Jayasuriya,1,0,"",""
ball,1,23.4,South Africa,JP Duminy,RR Hendricks,NGRP Jayasuriya,2,0,"",""
ball,1,23.5,South Africa,JP Duminy,RR Hendricks,NGRP Jayasuriya,4,0,"",""
ball,1,23.6,South Africa,JP Duminy,RR Hendricks,NGRP Jayasuriya,1,0,"",""
ball,1,24.1,South Africa,JP Duminy,RR Hendricks,CBRLS Kumara,0,0,"",""
ball,1,24.2,South Africa,JP Duminy,RR Hendricks,CBRLS Kumara,0,0,"",""
ball,1,24.3,South Africa,JP Duminy,RR Hendricks,CBRLS Kumara,1,0,"",""
ball,1,24.4,South Africa,RR Hendricks,JP Duminy,CBRLS Kumara,0,0,"",""
ball,1,24.5,South Africa,RR Hendricks,JP Duminy,CBRLS Kumara,0,0,"",""
ball,1,24.6,South Africa,RR Hendricks,JP Duminy,CBRLS Kumara,0,0,"",""
ball,1,25.1,South Africa,JP Duminy,RR Hendricks,NGRP Jayasuriya,1,0,"",""
ball,1,25.2,South Africa,RR Hendricks,JP Duminy,NGRP Jayasuriya,0,0,"",""
ball,1,25.3,South Africa,RR Hendricks,JP Duminy,NGRP Jayasuriya,2,0,"",""
ball,1,25.4,South Africa,RR Hendricks,JP Duminy,NGRP Jayasuriya,4,0,"",""
ball,1,25.5,South Africa,RR Hendricks,JP Duminy,NGRP Jayasuriya,0,0,"",""
ball,1,25.6,South Africa,RR Hendricks,JP Duminy,NGRP Jayasuriya,2,0,"",""
ball,1,26.1,South Africa,JP Duminy,RR Hendricks,CBRLS Kumara,1,0,"",""
ball,1,26.2,South Africa,RR Hendricks,JP Duminy,CBRLS Kumara,1,0,"",""
ball,1,26.3,South Africa,JP Duminy,RR Hendricks,CBRLS Kumara,4,0,"",""
ball,1,26.4,South Africa,JP Duminy,RR Hendricks,CBRLS Kumara,0,0,"",""
ball,1,26.5,South Africa,JP Duminy,RR Hendricks,CBRLS Kumara,0,0,"",""
ball,1,26.6,South Africa,JP Duminy,RR Hendricks,CBRLS Kumara,0,0,"",""
ball,1,27.1,South Africa,RR Hendricks,JP Duminy,A Dananjaya,1,0,"",""
ball,1,27.2,South Africa,JP Duminy,RR Hendricks,A Dananjaya,0,0,"",""
ball,1,27.3,South Africa,JP Duminy,RR Hendricks,A Dananjaya,1,0,"",""
ball,1,27.4,South Africa,RR Hendricks,JP Duminy,A Dananjaya,1,0,"",""
ball,1,27.5,South Africa,JP Duminy,RR Hendricks,A Dananjaya,1,0,"",""
ball,1,27.6,South Africa,RR Hendricks,JP Duminy,A Dananjaya,2,0,"",""
ball,1,28.1,South Africa,JP Duminy,RR Hendricks,DM de Silva,0,0,"",""
ball,1,28.2,South Africa,JP Duminy,RR Hendricks,DM de Silva,0,0,"",""
ball,1,28.3,South Africa,JP Duminy,RR Hendricks,DM de Silva,6,0,"",""
ball,1,28.4,South Africa,JP Duminy,RR Hendricks,DM de Silva,0,0,"",""
ball,1,28.5,South Africa,JP Duminy,RR Hendricks,DM de Silva,0,0,"",""
ball,1,28.6,South Africa,JP Duminy,RR Hendricks,DM de Silva,0,0,"",""
ball,1,29.1,South Africa,RR Hendricks,JP Duminy,A Dananjaya,1,0,"",""
ball,1,29.2,South Africa,JP Duminy,RR Hendricks,A Dananjaya,1,0,"",""
ball,1,29.3,South Africa,RR Hendricks,JP Duminy,A Dananjaya,4,0,"",""
ball,1,29.4,South Africa,RR Hendricks,JP Duminy,A Dananjaya,1,0,"",""
ball,1,29.5,South Africa,JP Duminy,RR Hendricks,A Dananjaya,0,0,"",""
ball,1,29.6,South Africa,JP Duminy,RR Hendricks,A Dananjaya,0,0,"",""
ball,1,30.1,South Africa,RR Hendricks,JP Duminy,DM de Silva,1,0,"",""
ball,1,30.2,South Africa,JP Duminy,RR Hendricks,DM de Silva,0,0,"",""
ball,1,30.3,South Africa,JP Duminy,RR Hendricks,DM de Silva,1,0,"",""
ball,1,30.4,South Africa,RR Hendricks,JP Duminy,DM de Silva,1,0,"",""
ball,1,30.5,South Africa,JP Duminy,RR Hendricks,DM de Silva,0,0,"",""
ball,1,30.6,South Africa,JP Duminy,RR Hendricks,DM de Silva,0,0,"",""
ball,1,31.1,South Africa,RR Hendricks,JP Duminy,A Dananjaya,1,0,"",""
ball,1,31.2,South Africa,JP Duminy,RR Hendricks,A Dananjaya,1,0,"",""
ball,1,31.3,South Africa,RR Hendricks,JP Duminy,A Dananjaya,0,0,"",""
ball,1,31.4,South Africa,RR Hendricks,JP Duminy,A Dananjaya,1,0,"",""
ball,1,31.5,South Africa,JP Duminy,RR Hendricks,A Dananjaya,1,0,"",""
ball,1,31.6,South Africa,RR Hendricks,JP Duminy,A Dananjaya,1,0,"",""
ball,1,32.1,South Africa,RR Hendricks,JP Duminy,DM de Silva,1,0,"",""
ball,1,32.2,South Africa,JP Duminy,RR Hendricks,DM de Silva,1,0,"",""
ball,1,32.3,South Africa,RR Hendricks,JP Duminy,DM de Silva,2,0,"",""
ball,1,32.4,South Africa,RR Hendricks,JP Duminy,DM de Silva,1,0,"",""
ball,1,32.5,South Africa,JP Duminy,RR Hendricks,DM de Silva,1,0,"",""
ball,1,32.6,South Africa,RR Hendricks,JP Duminy,DM de Silva,4,0,"",""
ball,1,33.1,South Africa,JP Duminy,RR Hendricks,NGRP Jayasuriya,0,0,"",""
ball,1,33.2,South Africa,JP Duminy,RR Hendricks,NGRP Jayasuriya,0,0,"",""
ball,1,33.3,South Africa,JP Duminy,RR Hendricks,NGRP Jayasuriya,0,0,"",""
ball,1,33.4,South Africa,JP Duminy,RR Hendricks,NGRP Jayasuriya,1,0,"",""
ball,1,33.5,South Africa,RR Hendricks,JP Duminy,NGRP Jayasuriya,0,0,"",""
ball,1,33.6,South Africa,RR Hendricks,JP Duminy,NGRP Jayasuriya,1,0,"",""
ball,1,34.1,South Africa,RR Hendricks,JP Duminy,CBRLS Kumara,1,0,"",""
ball,1,34.2,South Africa,JP Duminy,RR Hendricks,CBRLS Kumara,1,0,"",""
ball,1,34.3,South Africa,RR Hendricks,JP Duminy,CBRLS Kumara,4,0,"",""
ball,1,34.4,South Africa,RR Hendricks,JP Duminy,CBRLS Kumara,4,0,"",""
ball,1,34.5,South Africa,RR Hendricks,JP Duminy,CBRLS Kumara,0,0,bowled,RR Hendricks
ball,1,34.6,South Africa,DA Miller,JP Duminy,CBRLS Kumara,0,0,"",""
ball,1,35.1,South Africa,JP Duminy,DA Miller,RAS Lakmal,0,1,"",""
ball,1,35.2,South Africa,JP Duminy,DA Miller,RAS Lakmal,1,0,"",""
ball,1,35.3,South Africa,DA Miller,JP Duminy,RAS Lakmal,0,0,"",""
ball,1,35.4,South Africa,DA Miller,JP Duminy,RAS Lakmal,0,0,"",""
ball,1,35.5,South Africa,DA Miller,JP Duminy,RAS Lakmal,0,0,"",""
ball,1,35.6,South Africa,DA Miller,JP Duminy,RAS Lakmal,1,0,"",""
ball,1,35.7,South Africa,JP Duminy,DA Miller,RAS Lakmal,4,0,"",""
ball,1,36.1,South Africa,DA Miller,JP Duminy,CBRLS Kumara,0,0,"",""
ball,1,36.2,South Africa,DA Miller,JP Duminy,CBRLS Kumara,1,0,"",""
ball,1,36.3,South Africa,JP Duminy,DA Miller,CBRLS Kumara,0,0,"",""
ball,1,36.4,South Africa,JP Duminy,DA Miller,CBRLS Kumara,1,0,"",""
ball,1,36.5,South Africa,DA Miller,JP Duminy,CBRLS Kumara,0,0,"",""
ball,1,36.6,South Africa,DA Miller,JP Duminy,CBRLS Kumara,0,0,"",""
ball,1,37.1,South Africa,JP Duminy,DA Miller,RAS Lakmal,1,0,"",""
ball,1,37.2,South Africa,DA Miller,JP Duminy,RAS Lakmal,1,0,"",""
ball,1,37.3,South Africa,JP Duminy,DA Miller,RAS Lakmal,1,0,"",""
ball,1,37.4,South Africa,DA Miller,JP Duminy,RAS Lakmal,0,0,"",""
ball,1,37.5,South Africa,DA Miller,JP Duminy,RAS Lakmal,0,0,"",""
ball,1,37.6,South Africa,DA Miller,JP Duminy,RAS Lakmal,1,0,"",""
ball,1,38.1,South Africa,DA Miller,JP Duminy,NLTC Perera,1,0,"",""
ball,1,38.2,South Africa,JP Duminy,DA Miller,NLTC Perera,4,0,"",""
ball,1,38.3,South Africa,JP Duminy,DA Miller,NLTC Perera,1,0,"",""
ball,1,38.4,South Africa,DA Miller,JP Duminy,NLTC Perera,4,0,"",""
ball,1,38.5,South Africa,DA Miller,JP Duminy,NLTC Perera,4,0,"",""
ball,1,38.6,South Africa,DA Miller,JP Duminy,NLTC Perera,0,0,"",""
ball,1,39.1,South Africa,JP Duminy,DA Miller,A Dananjaya,0,1,"",""
ball,1,39.2,South Africa,JP Duminy,DA Miller,A Dananjaya,1,0,"",""
ball,1,39.3,South Africa,DA Miller,JP Duminy,A Dananjaya,1,0,"",""
ball,1,39.4,South Africa,JP Duminy,DA Miller,A Dananjaya,2,0,"",""
ball,1,39.5,South Africa,JP Duminy,DA Miller,A Dananjaya,2,0,"",""
ball,1,39.6,South Africa,JP Duminy,DA Miller,A Dananjaya,0,0,"",""
ball,1,39.7,South Africa,JP Duminy,DA Miller,A Dananjaya,0,0,"",""
ball,1,40.1,South Africa,DA Miller,JP Duminy,DM de Silva,1,0,"",""
ball,1,40.2,South Africa,JP Duminy,DA Miller,DM de Silva,1,0,"",""
ball,1,40.3,South Africa,DA Miller,JP Duminy,DM de Silva,1,0,"",""
ball,1,40.4,South Africa,JP Duminy,DA Miller,DM de Silva,1,0,"",""
ball,1,40.5,South Africa,DA Miller,JP Duminy,DM de Silva,1,0,"",""
ball,1,40.6,South Africa,JP Duminy,DA Miller,DM de Silva,0,0,"",""
ball,1,41.1,South Africa,DA Miller,JP Duminy,A Dananjaya,0,0,"",""
ball,1,41.2,South Africa,DA Miller,JP Duminy,A Dananjaya,0,0,"",""
ball,1,41.3,South Africa,DA Miller,JP Duminy,A Dananjaya,1,0,"",""
ball,1,41.4,South Africa,JP Duminy,DA Miller,A Dananjaya,1,0,"",""
ball,1,41.5,South Africa,DA Miller,JP Duminy,A Dananjaya,0,0,"",""
ball,1,41.6,South Africa,DA Miller,JP Duminy,A Dananjaya,1,0,"",""
ball,1,42.1,South Africa,DA Miller,JP Duminy,DM de Silva,4,0,"",""
ball,1,42.2,South Africa,DA Miller,JP Duminy,DM de Silva,0,0,"",""
ball,1,42.3,South Africa,DA Miller,JP Duminy,DM de Silva,0,0,"",""
ball,1,42.4,South Africa,DA Miller,JP Duminy,DM de Silva,4,0,"",""
ball,1,42.5,South Africa,DA Miller,JP Duminy,DM de Silva,0,0,"",""
ball,1,42.6,South Africa,DA Miller,JP Duminy,DM de Silva,0,0,"",""
ball,1,43.1,South Africa,JP Duminy,DA Miller,A Dananjaya,0,4,"",""
ball,1,43.2,South Africa,JP Duminy,DA Miller,A Dananjaya,1,0,"",""
ball,1,43.3,South Africa,DA Miller,JP Duminy,A Dananjaya,1,0,"",""
ball,1,43.4,South Africa,JP Duminy,DA Miller,A Dananjaya,6,0,"",""
ball,1,43.5,South Africa,JP Duminy,DA Miller,A Dananjaya,4,0,"",""
ball,1,43.6,South Africa,JP Duminy,DA Miller,A Dananjaya,0,0,"",""
ball,1,44.1,South Africa,DA Miller,JP Duminy,NLTC Perera,2,0,"",""
ball,1,44.2,South Africa,DA Miller,JP Duminy,NLTC Perera,2,0,"",""
ball,1,44.3,South Africa,DA Miller,JP Duminy,NLTC Perera,1,0,"",""
ball,1,44.4,South Africa,JP Duminy,DA Miller,NLTC Perera,1,0,"",""
ball,1,44.5,South Africa,DA Miller,JP Duminy,NLTC Perera,0,1,"",""
ball,1,44.6,South Africa,JP Duminy,DA Miller,NLTC Perera,4,0,"",""
ball,1,45.1,South Africa,DA Miller,JP Duminy,RAS Lakmal,1,0,"",""
ball,1,45.2,South Africa,JP Duminy,DA Miller,RAS Lakmal,4,0,"",""
ball,1,45.3,South Africa,JP Duminy,DA Miller,RAS Lakmal,4,0,"",""
ball,1,45.4,South Africa,JP Duminy,DA Miller,RAS Lakmal,6,0,"",""
ball,1,45.5,South Africa,JP Duminy,DA Miller,RAS Lakmal,6,0,"",""
ball,1,45.6,South Africa,JP Duminy,DA Miller,RAS Lakmal,2,0,"",""
ball,1,46.1,South Africa,DA Miller,JP Duminy,NLTC Perera,2,0,"",""
ball,1,46.2,South Africa,DA Miller,JP Duminy,NLTC Perera,1,0,"",""
ball,1,46.3,South Africa,JP Duminy,DA Miller,NLTC Perera,0,0,caught,JP Duminy
ball,1,46.4,South Africa,DA Miller,AL Phehlukwayo,NLTC Perera,1,0,"",""
ball,1,46.5,South Africa,AL Phehlukwayo,DA Miller,NLTC Perera,4,0,"",""
ball,1,46.6,South Africa,AL Phehlukwayo,DA Miller,NLTC Perera,1,0,"",""
ball,1,47.1,South Africa,AL Phehlukwayo,DA Miller,A Dananjaya,1,0,"",""
ball,1,47.2,South Africa,DA Miller,AL Phehlukwayo,A Dananjaya,0,0,"",""
ball,1,47.3,South Africa,DA Miller,AL Phehlukwayo,A Dananjaya,1,0,"",""
ball,1,47.4,South Africa,AL Phehlukwayo,DA Miller,A Dananjaya,0,0,"",""
ball,1,47.5,South Africa,AL Phehlukwayo,DA Miller,A Dananjaya,1,0,"",""
ball,1,47.6,South Africa,DA Miller,AL Phehlukwayo,A Dananjaya,2,0,"",""
ball,1,48.1,South Africa,AL Phehlukwayo,DA Miller,NLTC Perera,0,1,"",""
ball,1,48.2,South Africa,DA Miller,AL Phehlukwayo,NLTC Perera,4,0,"",""
ball,1,48.3,South Africa,DA Miller,AL Phehlukwayo,NLTC Perera,6,0,"",""
ball,1,48.4,South Africa,DA Miller,AL Phehlukwayo,NLTC Perera,0,0,caught,DA Miller
ball,1,48.5,South Africa,AL Phehlukwayo,PWA Mulder,NLTC Perera,4,0,"",""
ball,1,48.6,South Africa,AL Phehlukwayo,PWA Mulder,NLTC Perera,2,0,"",""
ball,1,49.1,South Africa,PWA Mulder,AL Phehlukwayo,A Dananjaya,1,0,"",""
ball,1,49.2,South Africa,AL Phehlukwayo,PWA Mulder,A Dananjaya,4,0,"",""
ball,1,49.3,South Africa,AL Phehlukwayo,PWA Mulder,A Dananjaya,6,0,"",""
ball,1,49.4,South Africa,AL Phehlukwayo,PWA Mulder,A Dananjaya,0,1,"",""
ball,1,49.5,South Africa,AL Phehlukwayo,PWA Mulder,A Dananjaya,1,0,"",""
ball,1,49.6,South Africa,PWA Mulder,AL Phehlukwayo,A Dananjaya,1,0,"",""
ball,1,49.7,South Africa,AL Phehlukwayo,PWA Mulder,A Dananjaya,0,2,"",""
ball,1,49.8,South Africa,PWA Mulder,AL Phehlukwayo,A Dananjaya,0,1,"",""
ball,1,49.9,South Africa,PWA Mulder,AL Phehlukwayo,A Dananjaya,0,0,bowled,PWA Mulder
ball,2,0.1,Sri Lanka,WU Tharanga,N Dickwella,K Rabada,0,0,"",""
ball,2,0.2,Sri Lanka,WU Tharanga,N Dickwella,K Rabada,1,0,"",""
ball,2,0.3,Sri Lanka,N Dickwella,WU Tharanga,K Rabada,1,0,"",""
ball,2,0.4,Sri Lanka,WU Tharanga,N Dickwella,K Rabada,0,0,"",""
ball,2,0.5,Sri Lanka,WU Tharanga,N Dickwella,K Rabada,0,0,"",""
ball,2,0.6,Sri Lanka,WU Tharanga,N Dickwella,K Rabada,0,0,"",""
ball,2,1.1,Sri Lanka,N Dickwella,WU Tharanga,L Ngidi,0,0,"",""
ball,2,1.2,Sri Lanka,N Dickwella,WU Tharanga,L Ngidi,0,0,"",""
ball,2,1.3,Sri Lanka,N Dickwella,WU Tharanga,L Ngidi,0,0,"",""
ball,2,1.4,Sri Lanka,N Dickwella,WU Tharanga,L Ngidi,4,0,"",""
ball,2,1.5,Sri Lanka,N Dickwella,WU Tharanga,L Ngidi,0,0,"",""
ball,2,1.6,Sri Lanka,N Dickwella,WU Tharanga,L Ngidi,4,0,"",""
ball,2,2.1,Sri Lanka,WU Tharanga,N Dickwella,K Rabada,0,0,"",""
ball,2,2.2,Sri Lanka,WU Tharanga,N Dickwella,K Rabada,1,0,"",""
ball,2,2.3,Sri Lanka,N Dickwella,WU Tharanga,K Rabada,1,0,"",""
ball,2,2.4,Sri Lanka,WU Tharanga,N Dickwella,K Rabada,0,0,"",""
ball,2,2.5,Sri Lanka,WU Tharanga,N Dickwella,K Rabada,1,0,"",""
ball,2,2.6,Sri Lanka,N Dickwella,WU Tharanga,K Rabada,0,0,"",""
ball,2,3.1,Sri Lanka,WU Tharanga,N Dickwella,L Ngidi,0,0,"",""
ball,2,3.2,Sri Lanka,WU Tharanga,N Dickwella,L Ngidi,6,0,"",""
ball,2,3.3,Sri Lanka,WU Tharanga,N Dickwella,L Ngidi,1,0,"",""
ball,2,3.4,Sri Lanka,N Dickwella,WU Tharanga,L Ngidi,0,0,caught,N Dickwella
ball,2,3.5,Sri Lanka,MDKJ Perera,WU Tharanga,L Ngidi,4,0,"",""
ball,2,3.6,Sri Lanka,MDKJ Perera,WU Tharanga,L Ngidi,1,0,"",""
ball,2,4.1,Sri Lanka,MDKJ Perera,WU Tharanga,K Rabada,1,0,"",""
ball,2,4.2,Sri Lanka,WU Tharanga,MDKJ Perera,K Rabada,4,0,"",""
ball,2,4.3,Sri Lanka,WU Tharanga,MDKJ Perera,K Rabada,1,0,"",""
ball,2,4.4,Sri Lanka,MDKJ Perera,WU Tharanga,K Rabada,0,0,"",""
ball,2,4.5,Sri Lanka,MDKJ Perera,WU Tharanga,K Rabada,0,0,"",""
ball,2,4.6,Sri Lanka,MDKJ Perera,WU Tharanga,K Rabada,2,0,"",""
ball,2,5.1,Sri Lanka,WU Tharanga,MDKJ Perera,L Ngidi,2,0,"",""
ball,2,5.2,Sri Lanka,WU Tharanga,MDKJ Perera,L Ngidi,2,0,"",""
ball,2,5.3,Sri Lanka,WU Tharanga,MDKJ Perera,L Ngidi,0,0,caught,WU Tharanga
ball,2,5.4,Sri Lanka,BKG Mendis,MDKJ Perera,L Ngidi,0,0,"",""
ball,2,5.5,Sri Lanka,BKG Mendis,MDKJ Perera,L Ngidi,1,0,"",""
ball,2,5.6,Sri Lanka,MDKJ Perera,BKG Mendis,L Ngidi,2,0,"",""
ball,2,6.1,Sri Lanka,BKG Mendis,MDKJ Perera,K Rabada,0,0,"",""
ball,2,6.2,Sri Lanka,BKG Mendis,MDKJ Perera,K Rabada,0,0,"",""
ball,2,6.3,Sri Lanka,BKG Mendis,MDKJ Perera,K Rabada,0,0,"",""
ball,2,6.4,Sri Lanka,BKG Mendis,MDKJ Perera,K Rabada,1,0,"",""
ball,2,6.5,Sri Lanka,MDKJ Perera,BKG Mendis,K Rabada,0,0,"",""
ball,2,6.6,Sri Lanka,MDKJ Perera,BKG Mendis,K Rabada,1,0,"",""
ball,2,7.1,Sri Lanka,MDKJ Perera,BKG Mendis,L Ngidi,4,0,"",""
ball,2,7.2,Sri Lanka,MDKJ Perera,BKG Mendis,L Ngidi,4,0,"",""
ball,2,7.3,Sri Lanka,MDKJ Perera,BKG Mendis,L Ngidi,0,0,"",""
ball,2,7.4,Sri Lanka,MDKJ Perera,BKG Mendis,L Ngidi,1,0,"",""
ball,2,7.5,Sri Lanka,BKG Mendis,MDKJ Perera,L Ngidi,4,0,"",""
ball,2,7.6,Sri Lanka,BKG Mendis,MDKJ Perera,L Ngidi,0,0,"",""
ball,2,8.1,Sri Lanka,MDKJ Perera,BKG Mendis,AL Phehlukwayo,2,0,"",""
ball,2,8.2,Sri Lanka,MDKJ Perera,BKG Mendis,AL Phehlukwayo,1,0,"",""
ball,2,8.3,Sri Lanka,BKG Mendis,MDKJ Perera,AL Phehlukwayo,1,0,"",""
ball,2,8.4,Sri Lanka,MDKJ Perera,BKG Mendis,AL Phehlukwayo,4,0,"",""
ball,2,8.5,Sri Lanka,MDKJ Perera,BKG Mendis,AL Phehlukwayo,0,0,lbw,MDKJ Perera
ball,2,8.6,Sri Lanka,NLTC Perera,BKG Mendis,AL Phehlukwayo,1,0,"",""
ball,2,9.1,Sri Lanka,NLTC Perera,BKG Mendis,PWA Mulder,0,0,"",""
ball,2,9.2,Sri Lanka,NLTC Perera,BKG Mendis,PWA Mulder,4,0,"",""
ball,2,9.3,Sri Lanka,NLTC Perera,BKG Mendis,PWA Mulder,0,0,"",""
ball,2,9.4,Sri Lanka,NLTC Perera,BKG Mendis,PWA Mulder,4,0,"",""
ball,2,9.5,Sri Lanka,NLTC Perera,BKG Mendis,PWA Mulder,1,0,"",""
ball,2,9.6,Sri Lanka,BKG Mendis,NLTC Perera,PWA Mulder,0,0,"",""
ball,2,10.1,Sri Lanka,NLTC Perera,BKG Mendis,AL Phehlukwayo,0,1,"",""
ball,2,10.2,Sri Lanka,NLTC Perera,BKG Mendis,AL Phehlukwayo,2,0,"",""
ball,2,10.3,Sri Lanka,NLTC Perera,BKG Mendis,AL Phehlukwayo,0,0,"",""
ball,2,10.4,Sri Lanka,NLTC Perera,BKG Mendis,AL Phehlukwayo,0,0,"",""
ball,2,10.5,Sri Lanka,NLTC Perera,BKG Mendis,AL Phehlukwayo,0,0,"",""
ball,2,10.6,Sri Lanka,NLTC Perera,BKG Mendis,AL Phehlukwayo,0,0,"",""
ball,2,10.7,Sri Lanka,NLTC Perera,BKG Mendis,AL Phehlukwayo,2,0,"",""
ball,2,11.1,Sri Lanka,BKG Mendis,NLTC Perera,PWA Mulder,1,0,"",""
ball,2,11.2,Sri Lanka,NLTC Perera,BKG Mendis,PWA Mulder,2,0,"",""
ball,2,11.3,Sri Lanka,NLTC Perera,BKG Mendis,PWA Mulder,0,0,caught,NLTC Perera
ball,2,11.4,Sri Lanka,AD Mathews,BKG Mendis,PWA Mulder,0,0,"",""
ball,2,11.5,Sri Lanka,AD Mathews,BKG Mendis,PWA Mulder,0,0,"",""
ball,2,11.6,Sri Lanka,AD Mathews,BKG Mendis,PWA Mulder,0,0,"",""
ball,2,12.1,Sri Lanka,BKG Mendis,AD Mathews,AL Phehlukwayo,0,1,"",""
ball,2,12.2,Sri Lanka,BKG Mendis,AD Mathews,AL Phehlukwayo,0,0,"",""
ball,2,12.3,Sri Lanka,BKG Mendis,AD Mathews,AL Phehlukwayo,0,0,"",""
ball,2,12.4,Sri Lanka,BKG Mendis,AD Mathews,AL Phehlukwayo,2,0,"",""
ball,2,12.5,Sri Lanka,BKG Mendis,AD Mathews,AL Phehlukwayo,1,0,"",""
ball,2,12.6,Sri Lanka,AD Mathews,BKG Mendis,AL Phehlukwayo,0,0,"",""
ball,2,12.7,Sri Lanka,AD Mathews,BKG Mendis,AL Phehlukwayo,1,0,"",""
ball,2,13.1,Sri Lanka,AD Mathews,BKG Mendis,PWA Mulder,0,0,"",""
ball,2,13.2,Sri Lanka,AD Mathews,BKG Mendis,PWA Mulder,1,0,"",""
ball,2,13.3,Sri Lanka,BKG Mendis,AD Mathews,PWA Mulder,0,0,"",""
ball,2,13.4,Sri Lanka,BKG Mendis,AD Mathews,PWA Mulder,1,0,"",""
ball,2,13.5,Sri Lanka,AD Mathews,BKG Mendis,PWA Mulder,1,0,"",""
ball,2,13.6,Sri Lanka,BKG Mendis,AD Mathews,PWA Mulder,0,0,"",""
ball,2,14.1,Sri Lanka,AD Mathews,BKG Mendis,AL Phehlukwayo,0,0,"",""
ball,2,14.2,Sri Lanka,AD Mathews,BKG Mendis,AL Phehlukwayo,0,0,"",""
ball,2,14.3,Sri Lanka,AD Mathews,BKG Mendis,AL Phehlukwayo,0,0,"",""
ball,2,14.4,Sri Lanka,AD Mathews,BKG Mendis,AL Phehlukwayo,0,1,"",""
ball,2,14.5,Sri Lanka,AD Mathews,BKG Mendis,AL Phehlukwayo,6,0,"",""
ball,2,14.6,Sri Lanka,AD Mathews,BKG Mendis,AL Phehlukwayo,4,0,"",""
ball,2,14.7,Sri Lanka,AD Mathews,BKG Mendis,AL Phehlukwayo,0,0,"",""
ball,2,15.1,Sri Lanka,BKG Mendis,AD Mathews,K Rabada,1,0,"",""
ball,2,15.2,Sri Lanka,AD Mathews,BKG Mendis,K Rabada,0,0,"",""
ball,2,15.3,Sri Lanka,AD Mathews,BKG Mendis,K Rabada,1,0,"",""
ball,2,15.4,Sri Lanka,BKG Mendis,AD Mathews,K Rabada,0,0,"",""
ball,2,15.5,Sri Lanka,BKG Mendis,AD Mathews,K Rabada,0,0,"",""
ball,2,15.6,Sri Lanka,BKG Mendis,AD Mathews,K Rabada,2,0,"",""
ball,2,16.1,Sri Lanka,AD Mathews,BKG Mendis,AL Phehlukwayo,1,0,"",""
ball,2,16.2,Sri Lanka,BKG Mendis,AD Mathews,AL Phehlukwayo,0,0,"",""
ball,2,16.3,Sri Lanka,BKG Mendis,AD Mathews,AL Phehlukwayo,4,0,"",""
ball,2,16.4,Sri Lanka,BKG Mendis,AD Mathews,AL Phehlukwayo,1,0,"",""
ball,2,16.5,Sri Lanka,AD Mathews,BKG Mendis,AL Phehlukwayo,1,0,"",""
ball,2,16.6,Sri Lanka,BKG Mendis,AD Mathews,AL Phehlukwayo,0,0,"",""
ball,2,17.1,Sri Lanka,AD Mathews,BKG Mendis,K Rabada,0,0,"",""
ball,2,17.2,Sri Lanka,AD Mathews,BKG Mendis,K Rabada,0,0,"",""
ball,2,17.3,Sri Lanka,AD Mathews,BKG Mendis,K Rabada,0,0,"",""
ball,2,17.4,Sri Lanka,AD Mathews,BKG Mendis,K Rabada,1,0,"",""
ball,2,17.5,Sri Lanka,BKG Mendis,AD Mathews,K Rabada,0,0,"",""
ball,2,17.6,Sri Lanka,BKG Mendis,AD Mathews,K Rabada,1,0,"",""
ball,2,18.1,Sri Lanka,BKG Mendis,AD Mathews,T Shamsi,1,0,"",""
ball,2,18.2,Sri Lanka,AD Mathews,BKG Mendis,T Shamsi,1,0,"",""
ball,2,18.3,Sri Lanka,BKG Mendis,AD Mathews,T Shamsi,4,0,"",""
ball,2,18.4,Sri Lanka,BKG Mendis,AD Mathews,T Shamsi,1,0,"",""
ball,2,18.5,Sri Lanka,AD Mathews,BKG Mendis,T Shamsi,0,0,"",""
ball,2,18.6,Sri Lanka,AD Mathews,BKG Mendis,T Shamsi,0,0,"",""
ball,2,19.1,Sri Lanka,BKG Mendis,AD Mathews,L Ngidi,4,0,"",""
ball,2,19.2,Sri Lanka,BKG Mendis,AD Mathews,L Ngidi,0,0,"",""
ball,2,19.3,Sri Lanka,BKG Mendis,AD Mathews,L Ngidi,0,0,caught,BKG Mendis
ball,2,19.4,Sri Lanka,DM de Silva,AD Mathews,L Ngidi,0,1,"",""
ball,2,19.5,Sri Lanka,DM de Silva,AD Mathews,L Ngidi,0,0,"",""
ball,2,19.6,Sri Lanka,DM de Silva,AD Mathews,L Ngidi,0,1,"",""
ball,2,19.7,Sri Lanka,DM de Silva,AD Mathews,L Ngidi,0,0,"",""
ball,2,19.8,Sri Lanka,DM de Silva,AD Mathews,L Ngidi,0,0,"",""
ball,2,20.1,Sri Lanka,AD Mathews,DM de Silva,T Shamsi,1,0,"",""
ball,2,20.2,Sri Lanka,DM de Silva,AD Mathews,T Shamsi,0,0,"",""
ball,2,20.3,Sri Lanka,DM de Silva,AD Mathews,T Shamsi,2,0,"",""
ball,2,20.4,Sri Lanka,DM de Silva,AD Mathews,T Shamsi,0,0,"",""
ball,2,20.5,Sri Lanka,DM de Silva,AD Mathews,T Shamsi,0,0,"",""
ball,2,20.6,Sri Lanka,DM de Silva,AD Mathews,T Shamsi,1,0,"",""
ball,2,21.1,Sri Lanka,DM de Silva,AD Mathews,L Ngidi,0,0,"",""
ball,2,21.2,Sri Lanka,DM de Silva,AD Mathews,L Ngidi,1,0,"",""
ball,2,21.3,Sri Lanka,AD Mathews,DM de Silva,L Ngidi,0,0,"",""
ball,2,21.4,Sri Lanka,AD Mathews,DM de Silva,L Ngidi,0,0,"",""
ball,2,21.5,Sri Lanka,AD Mathews,DM de Silva,L Ngidi,0,0,"",""
ball,2,21.6,Sri Lanka,AD Mathews,DM de Silva,L Ngidi,1,0,"",""
ball,2,22.1,Sri Lanka,AD Mathews,DM de Silva,T Shamsi,1,0,"",""
ball,2,22.2,Sri Lanka,DM de Silva,AD Mathews,T Shamsi,0,0,"",""
ball,2,22.3,Sri Lanka,DM de Silva,AD Mathews,T Shamsi,0,0,"",""
ball,2,22.4,Sri Lanka,DM de Silva,AD Mathews,T Shamsi,1,0,"",""
ball,2,22.5,Sri Lanka,AD Mathews,DM de Silva,T Shamsi,0,0,"",""
ball,2,22.6,Sri Lanka,AD Mathews,DM de Silva,T Shamsi,4,0,"",""
ball,2,23.1,Sri Lanka,DM de Silva,AD Mathews,L Ngidi,0,0,"",""
ball,2,23.2,Sri Lanka,DM de Silva,AD Mathews,L Ngidi,4,0,"",""
ball,2,23.3,Sri Lanka,DM de Silva,AD Mathews,L Ngidi,1,0,"",""
ball,2,23.4,Sri Lanka,AD Mathews,DM de Silva,L Ngidi,0,0,"",""
ball,2,23.5,Sri Lanka,AD Mathews,DM de Silva,L Ngidi,0,0,"",""
ball,2,23.6,Sri Lanka,AD Mathews,DM de Silva,L Ngidi,1,0,"",""
ball,2,24.1,Sri Lanka,AD Mathews,DM de Silva,T Shamsi,4,0,"",""
ball,2,24.2,Sri Lanka,AD Mathews,DM de Silva,T Shamsi,1,0,"",""
ball,2,24.3,Sri Lanka,DM de Silva,AD Mathews,T Shamsi,0,0,"",""
ball,2,24.4,Sri Lanka,DM de Silva,AD Mathews,T Shamsi,0,0,"",""
ball,2,24.5,Sri Lanka,DM de Silva,AD Mathews,T Shamsi,0,0,"",""
ball,2,24.6,Sri Lanka,DM de Silva,AD Mathews,T Shamsi,1,0,"",""
ball,2,25.1,Sri Lanka,DM de Silva,AD Mathews,PWA Mulder,0,0,"",""
ball,2,25.2,Sri Lanka,DM de Silva,AD Mathews,PWA Mulder,0,0,"",""
ball,2,25.3,Sri Lanka,DM de Silva,AD Mathews,PWA Mulder,1,0,"",""
ball,2,25.4,Sri Lanka,AD Mathews,DM de Silva,PWA Mulder,1,0,"",""
ball,2,25.5,Sri Lanka,DM de Silva,AD Mathews,PWA Mulder,0,1,"",""
ball,2,25.6,Sri Lanka,DM de Silva,AD Mathews,PWA Mulder,2,0,"",""
ball,2,25.7,Sri Lanka,DM de Silva,AD Mathews,PWA Mulder,0,0,"",""
ball,2,26.1,Sri Lanka,AD Mathews,DM de Silva,T Shamsi,0,0,"",""
ball,2,26.2,Sri Lanka,AD Mathews,DM de Silva,T Shamsi,0,0,"",""
ball,2,26.3,Sri Lanka,AD Mathews,DM de Silva,T Shamsi,0,0,lbw,AD Mathews
ball,2,26.4,Sri Lanka,A Dananjaya,DM de Silva,T Shamsi,0,0,"",""
ball,2,26.5,Sri Lanka,A Dananjaya,DM de Silva,T Shamsi,0,0,"",""
ball,2,26.6,Sri Lanka,A Dananjaya,DM de Silva,T Shamsi,1,0,"",""
ball,2,27.1,Sri Lanka,A Dananjaya,DM de Silva,PWA Mulder,1,0,"",""
ball,2,27.2,Sri Lanka,DM de Silva,A Dananjaya,PWA Mulder,0,0,"",""
ball,2,27.3,Sri Lanka,DM de Silva,A Dananjaya,PWA Mulder,1,0,"",""
ball,2,27.4,Sri Lanka,A Dananjaya,DM de Silva,PWA Mulder,1,0,"",""
ball,2,27.5,Sri Lanka,DM de Silva,A Dananjaya,PWA Mulder,0,0,"",""
ball,2,27.6,Sri Lanka,DM de Silva,A Dananjaya,PWA Mulder,2,0,"",""
ball,2,28.1,Sri Lanka,A Dananjaya,DM de Silva,T Shamsi,0,0,"",""
ball,2,28.2,Sri Lanka,A Dananjaya,DM de Silva,T Shamsi,4,0,"",""
ball,2,28.3,Sri Lanka,A Dananjaya,DM de Silva,T Shamsi,1,0,"",""
ball,2,28.4,Sri Lanka,DM de Silva,A Dananjaya,T Shamsi,4,0,"",""
ball,2,28.5,Sri Lanka,DM de Silva,A Dananjaya,T Shamsi,0,0,"",""
ball,2,28.6,Sri Lanka,DM de Silva,A Dananjaya,T Shamsi,1,0,"",""
ball,2,29.1,Sri Lanka,DM de Silva,A Dananjaya,PWA Mulder,2,0,"",""
ball,2,29.2,Sri Lanka,DM de Silva,A Dananjaya,PWA Mulder,1,0,"",""
ball,2,29.3,Sri Lanka,A Dananjaya,DM de Silva,PWA Mulder,0,0,"",""
ball,2,29.4,Sri Lanka,A Dananjaya,DM de Silva,PWA Mulder,4,0,"",""
ball,2,29.5,Sri Lanka,A Dananjaya,DM de Silva,PWA Mulder,0,0,"",""
ball,2,29.6,Sri Lanka,A Dananjaya,DM de Silva,PWA Mulder,2,0,"",""
ball,2,30.1,Sri Lanka,DM de Silva,A Dananjaya,T Shamsi,4,0,"",""
ball,2,30.2,Sri Lanka,DM de Silva,A Dananjaya,T Shamsi,4,0,"",""
ball,2,30.3,Sri Lanka,DM de Silva,A Dananjaya,T Shamsi,4,0,"",""
ball,2,30.4,Sri Lanka,DM de Silva,A Dananjaya,T Shamsi,0,0,"",""
ball,2,30.5,Sri Lanka,DM de Silva,A Dananjaya,T Shamsi,1,0,"",""
ball,2,30.6,Sri Lanka,A Dananjaya,DM de Silva,T Shamsi,1,0,"",""
ball,2,31.1,Sri Lanka,A Dananjaya,DM de Silva,K Rabada,1,0,"",""
ball,2,31.2,Sri Lanka,DM de Silva,A Dananjaya,K Rabada,1,0,"",""
ball,2,31.3,Sri Lanka,A Dananjaya,DM de Silva,K Rabada,0,0,"",""
ball,2,31.4,Sri Lanka,A Dananjaya,DM de Silva,K Rabada,0,0,"",""
ball,2,31.5,Sri Lanka,A Dananjaya,DM de Silva,K Rabada,0,0,"",""
ball,2,31.6,Sri Lanka,A Dananjaya,DM de Silva,K Rabada,1,0,"",""
ball,2,32.1,Sri Lanka,A Dananjaya,DM de Silva,JP Duminy,1,0,"",""
ball,2,32.2,Sri Lanka,DM de Silva,A Dananjaya,JP Duminy,1,0,"",""
ball,2,32.3,Sri Lanka,A Dananjaya,DM de Silva,JP Duminy,1,0,"",""
ball,2,32.4,Sri Lanka,DM de Silva,A Dananjaya,JP Duminy,1,0,"",""
ball,2,32.5,Sri Lanka,A Dananjaya,DM de Silva,JP Duminy,0,0,"",""
ball,2,32.6,Sri Lanka,A Dananjaya,DM de Silva,JP Duminy,1,0,"",""
ball,2,33.1,Sri Lanka,A Dananjaya,DM de Silva,K Rabada,1,0,"",""
ball,2,33.2,Sri Lanka,DM de Silva,A Dananjaya,K Rabada,0,0,"",""
ball,2,33.3,Sri Lanka,DM de Silva,A Dananjaya,K Rabada,6,0,"",""
ball,2,33.4,Sri Lanka,DM de Silva,A Dananjaya,K Rabada,1,0,"",""
ball,2,33.5,Sri Lanka,A Dananjaya,DM de Silva,K Rabada,0,0,"",""
ball,2,33.6,Sri Lanka,A Dananjaya,DM de Silva,K Rabada,0,1,"",""
ball,2,33.7,Sri Lanka,A Dananjaya,DM de Silva,K Rabada,1,0,"",""
ball,2,34.1,Sri Lanka,A Dananjaya,DM de Silva,JP Duminy,2,0,"",""
ball,2,34.2,Sri Lanka,A Dananjaya,DM de Silva,JP Duminy,0,0,"",""
ball,2,34.3,Sri Lanka,A Dananjaya,DM de Silva,JP Duminy,1,0,"",""
ball,2,34.4,Sri Lanka,DM de Silva,A Dananjaya,JP Duminy,1,0,"",""
ball,2,34.5,Sri Lanka,A Dananjaya,DM de Silva,JP Duminy,1,0,"",""
ball,2,34.6,Sri Lanka,DM de Silva,A Dananjaya,JP Duminy,1,0,"",""
ball,2,35.1,Sri Lanka,DM de Silva,A Dananjaya,AL Phehlukwayo,4,0,"",""
ball,2,35.2,Sri Lanka,DM de Silva,A Dananjaya,AL Phehlukwayo,0,0,"",""
ball,2,35.3,Sri Lanka,DM de Silva,A Dananjaya,AL Phehlukwayo,1,0,"",""
ball,2,35.4,Sri Lanka,A Dananjaya,DM de Silva,AL Phehlukwayo,0,0,"",""
ball,2,35.5,Sri Lanka,A Dananjaya,DM de Silva,AL Phehlukwayo,1,0,"",""
ball,2,35.6,Sri Lanka,DM de Silva,A Dananjaya,AL Phehlukwayo,2,0,"",""
ball,2,36.1,Sri Lanka,A Dananjaya,DM de Silva,JP Duminy,0,0,"",""
ball,2,36.2,Sri Lanka,A Dananjaya,DM de Silva,JP Duminy,0,0,"",""
ball,2,36.3,Sri Lanka,A Dananjaya,DM de Silva,JP Duminy,0,0,"",""
ball,2,36.4,Sri Lanka,A Dananjaya,DM de Silva,JP Duminy,4,0,"",""
ball,2,36.5,Sri Lanka,A Dananjaya,DM de Silva,JP Duminy,2,0,"",""
ball,2,36.6,Sri Lanka,A Dananjaya,DM de Silva,JP Duminy,0,0,"",""
ball,2,37.1,Sri Lanka,DM de Silva,A Dananjaya,AL Phehlukwayo,0,1,"",""
ball,2,37.2,Sri Lanka,DM de Silva,A Dananjaya,AL Phehlukwayo,4,0,"",""
ball,2,37.3,Sri Lanka,DM de Silva,A Dananjaya,AL Phehlukwayo,0,0,"",""
ball,2,37.4,Sri Lanka,DM de Silva,A Dananjaya,AL Phehlukwayo,0,0,"",""
ball,2,37.5,Sri Lanka,DM de Silva,A Dananjaya,AL Phehlukwayo,1,0,"",""
ball,2,37.6,Sri Lanka,A Dananjaya,DM de Silva,AL Phehlukwayo,0,0,"",""
ball,2,37.7,Sri Lanka,A Dananjaya,DM de Silva,AL Phehlukwayo,4,0,"",""
ball,2,38.1,Sri Lanka,DM de Silva,A Dananjaya,JP Duminy,0,0,"",""
ball,2,38.2,Sri Lanka,DM de Silva,A Dananjaya,JP Duminy,4,0,"",""
ball,2,38.3,Sri Lanka,DM de Silva,A Dananjaya,JP Duminy,2,0,"",""
ball,2,38.4,Sri Lanka,DM de Silva,A Dananjaya,JP Duminy,1,0,"",""
ball,2,38.5,Sri Lanka,A Dananjaya,DM de Silva,JP Duminy,0,0,"",""
ball,2,38.6,Sri Lanka,A Dananjaya,DM de Silva,JP Duminy,0,0,"",""
ball,2,39.1,Sri Lanka,DM de Silva,A Dananjaya,AL Phehlukwayo,1,0,"",""
ball,2,39.2,Sri Lanka,A Dananjaya,DM de Silva,AL Phehlukwayo,0,0,caught,A Dananjaya
ball,2,39.3,Sri Lanka,DM de Silva,RAS Lakmal,AL Phehlukwayo,1,0,"",""
ball,2,39.4,Sri Lanka,RAS Lakmal,DM de Silva,AL Phehlukwayo,4,0,"",""
ball,2,39.5,Sri Lanka,RAS Lakmal,DM de Silva,AL Phehlukwayo,0,0,"",""
ball,2,39.6,Sri Lanka,RAS Lakmal,DM de Silva,AL Phehlukwayo,0,0,"",""
ball,2,40.1,Sri Lanka,DM de Silva,RAS Lakmal,T Shamsi,1,0,"",""
ball,2,40.2,Sri Lanka,RAS Lakmal,DM de Silva,T Shamsi,2,0,"",""
ball,2,40.3,Sri Lanka,RAS Lakmal,DM de Silva,T Shamsi,0,1,"",""
ball,2,40.4,Sri Lanka,RAS Lakmal,DM de Silva,T Shamsi,0,0,"",""
ball,2,40.5,Sri Lanka,RAS Lakmal,DM de Silva,T Shamsi,0,0,"",""
ball,2,40.6,Sri Lanka,RAS Lakmal,DM de Silva,T Shamsi,0,0,"",""
ball,2,40.7,Sri Lanka,RAS Lakmal,DM de Silva,T Shamsi,1,0,"",""
ball,2,41.1,Sri Lanka,RAS Lakmal,DM de Silva,AL Phehlukwayo,1,0,"",""
ball,2,41.2,Sri Lanka,DM de Silva,RAS Lakmal,AL Phehlukwayo,6,0,"",""
ball,2,41.3,Sri Lanka,DM de Silva,RAS Lakmal,AL Phehlukwayo,0,0,"",""
ball,2,41.4,Sri Lanka,DM de Silva,RAS Lakmal,AL Phehlukwayo,6,0,"",""
ball,2,41.5,Sri Lanka,DM de Silva,RAS Lakmal,AL Phehlukwayo,0,0,caught,DM de Silva
ball,2,41.6,Sri Lanka,NGRP Jayasuriya,RAS Lakmal,AL Phehlukwayo,0,0,"",""
ball,2,42.1,Sri Lanka,RAS Lakmal,NGRP Jayasuriya,T Shamsi,1,0,"",""
ball,2,42.2,Sri Lanka,NGRP Jayasuriya,RAS Lakmal,T Shamsi,0,1,"",""
ball,2,42.3,Sri Lanka,NGRP Jayasuriya,RAS Lakmal,T Shamsi,0,0,bowled,NGRP Jayasuriya
ball,2,42.4,Sri Lanka,CBRLS Kumara,RAS Lakmal,T Shamsi,0,0,"",""
ball,2,42.5,Sri Lanka,CBRLS Kumara,RAS Lakmal,T Shamsi,0,0,"",""
ball,2,42.6,Sri Lanka,CBRLS Kumara,RAS Lakmal,T Shamsi,0,0,"",""
ball,2,42.7,Sri Lanka,CBRLS Kumara,RAS Lakmal,T Shamsi,0,0,"",""
ball,2,43.1,Sri Lanka,RAS Lakmal,CBRLS Kumara,L Ngidi,1,0,"",""
ball,2,43.2,Sri Lanka,CBRLS Kumara,RAS Lakmal,L Ngidi,0,0,"",""
ball,2,43.3,Sri Lanka,CBRLS Kumara,RAS Lakmal,L Ngidi,0,0,"",""
ball,2,43.4,Sri Lanka,CBRLS Kumara,RAS Lakmal,L Ngidi,0,0,"",""
ball,2,43.5,Sri Lanka,CBRLS Kumara,RAS Lakmal,L Ngidi,0,0,"",""
ball,2,43.6,Sri Lanka,CBRLS Kumara,RAS Lakmal,L Ngidi,2,0,"",""
ball,2,44.1,Sri Lanka,RAS Lakmal,CBRLS Kumara,T Shamsi,1,0,"",""
ball,2,44.2,Sri Lanka,CBRLS Kumara,RAS Lakmal,T Shamsi,1,0,"",""
ball,2,44.3,Sri Lanka,RAS Lakmal,CBRLS Kumara,T Shamsi,1,0,"",""
ball,2,44.4,Sri Lanka,CBRLS Kumara,RAS Lakmal,T Shamsi,4,0,"",""
ball,2,44.5,Sri Lanka,CBRLS Kumara,RAS Lakmal,T Shamsi,0,0,"",""
ball,2,44.6,Sri Lanka,CBRLS Kumara,RAS Lakmal,T Shamsi,0,0,"",""
ball,2,45.1,Sri Lanka,RAS Lakmal,CBRLS Kumara,L Ngidi,0,0,"",""
ball,2,45.2,Sri Lanka,RAS Lakmal,CBRLS Kumara,L Ngidi,0,0,caught and bowled,RAS Lakmal
