version,1.3.0
info,team,South Africa
info,team,Pakistan
info,gender,male
info,season,2018/19
info,date,2019/01/19
info,series,Pakistan tour of South Africa 2018/19
info,match_number,1
info,venue,St George's Park
info,city,Port Elizabeth
info,toss_winner,South Africa
info,toss_decision,bat
info,player_of_match,Mohammad Hafeez
info,umpire,A Paleker
info,umpire,GO Brathwaite
info,reserve_umpire,BP Jele
info,tv_umpire,PR Reiffel
info,match_referee,RS Madugalle
info,winner,Pakistan
info,winner_wickets,5
ball,1,0.1,South Africa,HM Amla,RR Hendricks,Faheem Ashraf,0,0,"",""
ball,1,0.2,South Africa,HM Amla,RR Hendricks,Faheem Ashraf,1,0,"",""
ball,1,0.3,South Africa,RR Hendricks,HM Amla,Faheem Ashraf,0,0,"",""
ball,1,0.4,South Africa,RR Hendricks,HM Amla,Faheem Ashraf,0,0,"",""
ball,1,0.5,South Africa,RR Hendricks,HM Amla,Faheem Ashraf,0,0,"",""
ball,1,0.6,South Africa,RR Hendricks,HM Amla,Faheem Ashraf,0,0,"",""
ball,1,1.1,South Africa,HM Amla,RR Hendricks,Usman Shinwari,0,0,"",""
ball,1,1.2,South Africa,HM Amla,RR Hendricks,Usman Shinwari,4,0,"",""
ball,1,1.3,South Africa,HM Amla,RR Hendricks,Usman Shinwari,0,0,"",""
ball,1,1.4,South Africa,HM Amla,RR Hendricks,Usman Shinwari,1,0,"",""
ball,1,1.5,South Africa,RR Hendricks,HM Amla,Usman Shinwari,0,0,"",""
ball,1,1.6,South Africa,RR Hendricks,HM Amla,Usman Shinwari,1,0,"",""
ball,1,2.1,South Africa,RR Hendricks,HM Amla,Faheem Ashraf,0,0,"",""
ball,1,2.2,South Africa,RR Hendricks,HM Amla,Faheem Ashraf,0,0,"",""
ball,1,2.3,South Africa,RR Hendricks,HM Amla,Faheem Ashraf,4,0,"",""
ball,1,2.4,South Africa,RR Hendricks,HM Amla,Faheem Ashraf,0,0,"",""
ball,1,2.5,South Africa,RR Hendricks,HM Amla,Faheem Ashraf,4,0,"",""
ball,1,2.6,South Africa,RR Hendricks,HM Amla,Faheem Ashraf,0,0,"",""
ball,1,3.1,South Africa,HM Amla,RR Hendricks,Usman Shinwari,1,0,"",""
ball,1,3.2,South Africa,RR Hendricks,HM Amla,Usman Shinwari,4,0,"",""
ball,1,3.3,South Africa,RR Hendricks,HM Amla,Usman Shinwari,0,0,"",""
ball,1,3.4,South Africa,RR Hendricks,HM Amla,Usman Shinwari,0,0,"",""
ball,1,3.5,South Africa,RR Hendricks,HM Amla,Usman Shinwari,1,0,"",""
ball,1,3.6,South Africa,HM Amla,RR Hendricks,Usman Shinwari,0,0,"",""
ball,1,4.1,South Africa,RR Hendricks,HM Amla,Faheem Ashraf,0,0,"",""
ball,1,4.2,South Africa,RR Hendricks,HM Amla,Faheem Ashraf,2,0,"",""
ball,1,4.3,South Africa,RR Hendricks,HM Amla,Faheem Ashraf,0,0,"",""
ball,1,4.4,South Africa,RR Hendricks,HM Amla,Faheem Ashraf,0,0,"",""
ball,1,4.5,South Africa,RR Hendricks,HM Amla,Faheem Ashraf,1,0,"",""
ball,1,4.6,South Africa,HM Amla,RR Hendricks,Faheem Ashraf,0,0,"",""
ball,1,5.1,South Africa,RR Hendricks,HM Amla,Usman Shinwari,0,0,"",""
ball,1,5.2,South Africa,RR Hendricks,HM Amla,Usman Shinwari,1,0,"",""
ball,1,5.3,South Africa,HM Amla,RR Hendricks,Usman Shinwari,1,0,"",""
ball,1,5.4,South Africa,RR Hendricks,HM Amla,Usman Shinwari,0,0,"",""
ball,1,5.5,South Africa,RR Hendricks,HM Amla,Usman Shinwari,1,0,"",""
ball,1,5.6,South Africa,HM Amla,RR Hendricks,Usman Shinwari,0,0,"",""
ball,1,6.1,South Africa,RR Hendricks,HM Amla,Imad Wasim,0,0,"",""
ball,1,6.2,South Africa,RR Hendricks,HM Amla,Imad Wasim,0,0,"",""
ball,1,6.3,South Africa,RR Hendricks,HM Amla,Imad Wasim,0,0,"",""
ball,1,6.4,South Africa,RR Hendricks,HM Amla,Imad Wasim,1,0,"",""
ball,1,6.5,South Africa,HM Amla,RR Hendricks,Imad Wasim,0,0,"",""
ball,1,6.6,South Africa,HM Amla,RR Hendricks,Imad Wasim,1,0,"",""
ball,1,7.1,South Africa,HM Amla,RR Hendricks,Usman Shinwari,1,0,"",""
ball,1,7.2,South Africa,RR Hendricks,HM Amla,Usman Shinwari,0,0,"",""
ball,1,7.3,South Africa,RR Hendricks,HM Amla,Usman Shinwari,1,0,"",""
ball,1,7.4,South Africa,HM Amla,RR Hendricks,Usman Shinwari,0,0,"",""
ball,1,7.5,South Africa,HM Amla,RR Hendricks,Usman Shinwari,0,0,"",""
ball,1,7.6,South Africa,HM Amla,RR Hendricks,Usman Shinwari,0,0,"",""
ball,1,8.1,South Africa,RR Hendricks,HM Amla,Imad Wasim,4,0,"",""
ball,1,8.2,South Africa,RR Hendricks,HM Amla,Imad Wasim,0,0,"",""
ball,1,8.3,South Africa,RR Hendricks,HM Amla,Imad Wasim,0,0,"",""
ball,1,8.4,South Africa,RR Hendricks,HM Amla,Imad Wasim,0,0,"",""
ball,1,8.5,South Africa,RR Hendricks,HM Amla,Imad Wasim,0,0,"",""
ball,1,8.6,South Africa,RR Hendricks,HM Amla,Imad Wasim,0,0,"",""
ball,1,9.1,South Africa,HM Amla,RR Hendricks,Faheem Ashraf,4,0,"",""
ball,1,9.2,South Africa,HM Amla,RR Hendricks,Faheem Ashraf,1,0,"",""
ball,1,9.3,South Africa,RR Hendricks,HM Amla,Faheem Ashraf,0,0,"",""
ball,1,9.4,South Africa,RR Hendricks,HM Amla,Faheem Ashraf,1,0,"",""
ball,1,9.5,South Africa,HM Amla,RR Hendricks,Faheem Ashraf,4,0,"",""
ball,1,9.6,South Africa,HM Amla,RR Hendricks,Faheem Ashraf,1,0,"",""
ball,1,10.1,South Africa,HM Amla,RR Hendricks,Imad Wasim,1,0,"",""
ball,1,10.2,South Africa,RR Hendricks,HM Amla,Imad Wasim,4,0,"",""
ball,1,10.3,South Africa,RR Hendricks,HM Amla,Imad Wasim,1,0,"",""
ball,1,10.4,South Africa,HM Amla,RR Hendricks,Imad Wasim,0,0,"",""
ball,1,10.5,South Africa,HM Amla,RR Hendricks,Imad Wasim,4,0,"",""
ball,1,10.6,South Africa,HM Amla,RR Hendricks,Imad Wasim,0,0,"",""
ball,1,11.1,South Africa,RR Hendricks,HM Amla,Mohammad Hafeez,1,0,"",""
ball,1,11.2,South Africa,HM Amla,RR Hendricks,Mohammad Hafeez,1,0,"",""
ball,1,11.3,South Africa,RR Hendricks,HM Amla,Mohammad Hafeez,1,0,"",""
ball,1,11.4,South Africa,HM Amla,RR Hendricks,Mohammad Hafeez,1,0,"",""
ball,1,11.5,South Africa,RR Hendricks,HM Amla,Mohammad Hafeez,1,0,"",""
ball,1,11.6,South Africa,HM Amla,RR Hendricks,Mohammad Hafeez,1,0,"",""
ball,1,12.1,South Africa,HM Amla,RR Hendricks,Imad Wasim,1,0,"",""
ball,1,12.2,South Africa,RR Hendricks,HM Amla,Imad Wasim,0,0,"",""
ball,1,12.3,South Africa,RR Hendricks,HM Amla,Imad Wasim,2,0,"",""
ball,1,12.4,South Africa,RR Hendricks,HM Amla,Imad Wasim,1,0,"",""
ball,1,12.5,South Africa,HM Amla,RR Hendricks,Imad Wasim,1,0,"",""
ball,1,12.6,South Africa,RR Hendricks,HM Amla,Imad Wasim,1,0,"",""
ball,1,13.1,South Africa,RR Hendricks,HM Amla,Mohammad Hafeez,1,0,"",""
ball,1,13.2,South Africa,HM Amla,RR Hendricks,Mohammad Hafeez,1,0,"",""
ball,1,13.3,South Africa,RR Hendricks,HM Amla,Mohammad Hafeez,1,0,"",""
ball,1,13.4,South Africa,HM Amla,RR Hendricks,Mohammad Hafeez,0,0,"",""
ball,1,13.5,South Africa,HM Amla,RR Hendricks,Mohammad Hafeez,1,0,"",""
ball,1,13.6,South Africa,RR Hendricks,HM Amla,Mohammad Hafeez,1,0,"",""
ball,1,14.1,South Africa,RR Hendricks,HM Amla,Hasan Ali,2,0,"",""
ball,1,14.2,South Africa,RR Hendricks,HM Amla,Hasan Ali,0,0,"",""
ball,1,14.3,South Africa,RR Hendricks,HM Amla,Hasan Ali,0,0,"",""
ball,1,14.4,South Africa,RR Hendricks,HM Amla,Hasan Ali,0,0,"",""
ball,1,14.5,South Africa,RR Hendricks,HM Amla,Hasan Ali,0,0,"",""
ball,1,14.6,South Africa,RR Hendricks,HM Amla,Hasan Ali,1,0,"",""
ball,1,15.1,South Africa,RR Hendricks,HM Amla,Shadab Khan,1,0,"",""
ball,1,15.2,South Africa,HM Amla,RR Hendricks,Shadab Khan,0,0,"",""
ball,1,15.3,South Africa,HM Amla,RR Hendricks,Shadab Khan,0,0,"",""
ball,1,15.4,South Africa,HM Amla,RR Hendricks,Shadab Khan,0,0,"",""
ball,1,15.5,South Africa,HM Amla,RR Hendricks,Shadab Khan,4,0,"",""
ball,1,15.6,South Africa,HM Amla,RR Hendricks,Shadab Khan,0,0,"",""
ball,1,16.1,South Africa,RR Hendricks,HM Amla,Hasan Ali,0,0,"",""
ball,1,16.2,South Africa,RR Hendricks,HM Amla,Hasan Ali,0,0,"",""
ball,1,16.3,South Africa,RR Hendricks,HM Amla,Hasan Ali,0,0,"",""
ball,1,16.4,South Africa,RR Hendricks,HM Amla,Hasan Ali,0,0,"",""
ball,1,16.5,South Africa,RR Hendricks,HM Amla,Hasan Ali,0,0,"",""
ball,1,16.6,South Africa,RR Hendricks,HM Amla,Hasan Ali,0,0,"",""
ball,1,17.1,South Africa,HM Amla,RR Hendricks,Shadab Khan,1,0,"",""
ball,1,17.2,South Africa,RR Hendricks,HM Amla,Shadab Khan,0,0,"",""
ball,1,17.3,South Africa,RR Hendricks,HM Amla,Shadab Khan,0,0,"",""
ball,1,17.4,South Africa,RR Hendricks,HM Amla,Shadab Khan,0,0,caught,RR Hendricks
ball,1,17.5,South Africa,HM Amla,HE van der Dussen,Shadab Khan,1,0,"",""
ball,1,17.6,South Africa,HE van der Dussen,HM Amla,Shadab Khan,0,0,"",""
ball,1,18.1,South Africa,HM Amla,HE van der Dussen,Hasan Ali,1,0,"",""
ball,1,18.2,South Africa,HE van der Dussen,HM Amla,Hasan Ali,0,0,"",""
ball,1,18.3,South Africa,HE van der Dussen,HM Amla,Hasan Ali,0,0,"",""
ball,1,18.4,South Africa,HE van der Dussen,HM Amla,Hasan Ali,0,0,"",""
ball,1,18.5,South Africa,HE van der Dussen,HM Amla,Hasan Ali,0,0,"",""
ball,1,18.6,South Africa,HE van der Dussen,HM Amla,Hasan Ali,0,0,"",""
ball,1,19.1,South Africa,HM Amla,HE van der Dussen,Shadab Khan,1,0,"",""
ball,1,19.2,South Africa,HE van der Dussen,HM Amla,Shadab Khan,0,0,"",""
ball,1,19.3,South Africa,HE van der Dussen,HM Amla,Shadab Khan,0,0,"",""
ball,1,19.4,South Africa,HE van der Dussen,HM Amla,Shadab Khan,0,0,"",""
ball,1,19.5,South Africa,HE van der Dussen,HM Amla,Shadab Khan,1,0,"",""
ball,1,19.6,South Africa,HM Amla,HE van der Dussen,Shadab Khan,1,0,"",""
ball,1,20.1,South Africa,HM Amla,HE van der Dussen,Hasan Ali,1,0,"",""
ball,1,20.2,South Africa,HE van der Dussen,HM Amla,Hasan Ali,0,0,"",""
ball,1,20.3,South Africa,HE van der Dussen,HM Amla,Hasan Ali,1,0,"",""
ball,1,20.4,South Africa,HM Amla,HE van der Dussen,Hasan Ali,1,0,"",""
ball,1,20.5,South Africa,HE van der Dussen,HM Amla,Hasan Ali,0,0,"",""
ball,1,20.6,South Africa,HE van der Dussen,HM Amla,Hasan Ali,1,0,"",""
ball,1,21.1,South Africa,HE van der Dussen,HM Amla,Shadab Khan,0,0,"",""
ball,1,21.2,South Africa,HE van der Dussen,HM Amla,Shadab Khan,1,0,"",""
ball,1,21.3,South Africa,HM Amla,HE van der Dussen,Shadab Khan,0,0,"",""
ball,1,21.4,South Africa,HM Amla,HE van der Dussen,Shadab Khan,1,0,"",""
ball,1,21.5,South Africa,HE van der Dussen,HM Amla,Shadab Khan,2,0,"",""
ball,1,21.6,South Africa,HE van der Dussen,HM Amla,Shadab Khan,4,0,"",""
ball,1,22.1,South Africa,HM Amla,HE van der Dussen,Imad Wasim,1,0,"",""
ball,1,22.2,South Africa,HE van der Dussen,HM Amla,Imad Wasim,1,0,"",""
ball,1,22.3,South Africa,HM Amla,HE van der Dussen,Imad Wasim,0,0,"",""
ball,1,22.4,South Africa,HM Amla,HE van der Dussen,Imad Wasim,1,0,"",""
ball,1,22.5,South Africa,HE van der Dussen,HM Amla,Imad Wasim,0,0,"",""
ball,1,22.6,South Africa,HE van der Dussen,HM Amla,Imad Wasim,4,0,"",""
ball,1,23.1,South Africa,HM Amla,HE van der Dussen,Fakhar Zaman,0,0,"",""
ball,1,23.2,South Africa,HM Amla,HE van der Dussen,Fakhar Zaman,4,0,"",""
ball,1,23.3,South Africa,HM Amla,HE van der Dussen,Fakhar Zaman,1,0,"",""
ball,1,23.4,South Africa,HE van der Dussen,HM Amla,Fakhar Zaman,1,0,"",""
ball,1,23.5,South Africa,HM Amla,HE van der Dussen,Fakhar Zaman,0,1,"",""
ball,1,23.6,South Africa,HE van der Dussen,HM Amla,Fakhar Zaman,0,0,"",""
ball,1,24.1,South Africa,HM Amla,HE van der Dussen,Imad Wasim,0,1,"",""
ball,1,24.2,South Africa,HM Amla,HE van der Dussen,Imad Wasim,0,0,"",""
ball,1,24.3,South Africa,HM Amla,HE van der Dussen,Imad Wasim,2,0,"",""
ball,1,24.4,South Africa,HM Amla,HE van der Dussen,Imad Wasim,1,0,"",""
ball,1,24.5,South Africa,HE van der Dussen,HM Amla,Imad Wasim,1,0,"",""
ball,1,24.6,South Africa,HM Amla,HE van der Dussen,Imad Wasim,0,0,"",""
ball,1,24.7,South Africa,HM Amla,HE van der Dussen,Imad Wasim,0,0,"",""
ball,1,25.1,South Africa,HE van der Dussen,HM Amla,Fakhar Zaman,0,0,"",""
ball,1,25.2,South Africa,HE van der Dussen,HM Amla,Fakhar Zaman,0,0,"",""
ball,1,25.3,South Africa,HE van der Dussen,HM Amla,Fakhar Zaman,1,0,"",""
ball,1,25.4,South Africa,HM Amla,HE van der Dussen,Fakhar Zaman,1,0,"",""
ball,1,25.5,South Africa,HE van der Dussen,HM Amla,Fakhar Zaman,0,0,"",""
ball,1,25.6,South Africa,HE van der Dussen,HM Amla,Fakhar Zaman,0,0,"",""
ball,1,26.1,South Africa,HM Amla,HE van der Dussen,Faheem Ashraf,1,0,"",""
ball,1,26.2,South Africa,HE van der Dussen,HM Amla,Faheem Ashraf,1,0,"",""
ball,1,26.3,South Africa,HM Amla,HE van der Dussen,Faheem Ashraf,1,0,"",""
ball,1,26.4,South Africa,HE van der Dussen,HM Amla,Faheem Ashraf,4,0,"",""
ball,1,26.5,South Africa,HE van der Dussen,HM Amla,Faheem Ashraf,1,0,"",""
ball,1,26.6,South Africa,HM Amla,HE van der Dussen,Faheem Ashraf,1,0,"",""
ball,1,27.1,South Africa,HM Amla,HE van der Dussen,Imad Wasim,0,0,"",""
ball,1,27.2,South Africa,HM Amla,HE van der Dussen,Imad Wasim,1,0,"",""
ball,1,27.3,South Africa,HE van der Dussen,HM Amla,Imad Wasim,0,0,"",""
ball,1,27.4,South Africa,HE van der Dussen,HM Amla,Imad Wasim,0,0,"",""
ball,1,27.5,South Africa,HE van der Dussen,HM Amla,Imad Wasim,1,0,"",""
ball,1,27.6,South Africa,HM Amla,HE van der Dussen,Imad Wasim,1,0,"",""
ball,1,28.1,South Africa,HM Amla,HE van der Dussen,Faheem Ashraf,0,0,"",""
ball,1,28.2,South Africa,HM Amla,HE van der Dussen,Faheem Ashraf,0,0,"",""
ball,1,28.3,South Africa,HM Amla,HE van der Dussen,Faheem Ashraf,1,0,"",""
ball,1,28.4,South Africa,HE van der Dussen,HM Amla,Faheem Ashraf,0,0,"",""
ball,1,28.5,South Africa,HE van der Dussen,HM Amla,Faheem Ashraf,0,0,"",""
ball,1,28.6,South Africa,HE van der Dussen,HM Amla,Faheem Ashraf,1,0,"",""
ball,1,29.1,South Africa,HE van der Dussen,HM Amla,Shadab Khan,0,0,"",""
ball,1,29.2,South Africa,HE van der Dussen,HM Amla,Shadab Khan,1,0,"",""
ball,1,29.3,South Africa,HM Amla,HE van der Dussen,Shadab Khan,0,0,"",""
ball,1,29.4,South Africa,HM Amla,HE van der Dussen,Shadab Khan,1,0,"",""
ball,1,29.5,South Africa,HE van der Dussen,HM Amla,Shadab Khan,0,0,"",""
ball,1,29.6,South Africa,HE van der Dussen,HM Amla,Shadab Khan,0,0,"",""
ball,1,30.1,South Africa,HM Amla,HE van der Dussen,Usman Shinwari,1,0,"",""
ball,1,30.2,South Africa,HE van der Dussen,HM Amla,Usman Shinwari,4,0,"",""
ball,1,30.3,South Africa,HE van der Dussen,HM Amla,Usman Shinwari,0,0,"",""
ball,1,30.4,South Africa,HE van der Dussen,HM Amla,Usman Shinwari,4,0,"",""
ball,1,30.5,South Africa,HE van der Dussen,HM Amla,Usman Shinwari,0,0,"",""
ball,1,30.6,South Africa,HE van der Dussen,HM Amla,Usman Shinwari,1,0,"",""
ball,1,31.1,South Africa,HE van der Dussen,HM Amla,Shadab Khan,0,0,"",""
ball,1,31.2,South Africa,HE van der Dussen,HM Amla,Shadab Khan,0,0,"",""
ball,1,31.3,South Africa,HE van der Dussen,HM Amla,Shadab Khan,1,0,"",""
ball,1,31.4,South Africa,HM Amla,HE van der Dussen,Shadab Khan,1,0,"",""
ball,1,31.5,South Africa,HE van der Dussen,HM Amla,Shadab Khan,1,0,"",""
ball,1,31.6,South Africa,HM Amla,HE van der Dussen,Shadab Khan,1,0,"",""
ball,1,32.1,South Africa,HM Amla,HE van der Dussen,Usman Shinwari,1,0,"",""
ball,1,32.2,South Africa,HE van der Dussen,HM Amla,Usman Shinwari,1,0,"",""
ball,1,32.3,South Africa,HM Amla,HE van der Dussen,Usman Shinwari,1,0,"",""
ball,1,32.4,South Africa,HE van der Dussen,HM Amla,Usman Shinwari,0,0,"",""
ball,1,32.5,South Africa,HE van der Dussen,HM Amla,Usman Shinwari,1,0,"",""
ball,1,32.6,South Africa,HM Amla,HE van der Dussen,Usman Shinwari,1,0,"",""
ball,1,33.1,South Africa,HM Amla,HE van der Dussen,Hasan Ali,0,0,"",""
ball,1,33.2,South Africa,HM Amla,HE van der Dussen,Hasan Ali,0,1,"",""
ball,1,33.3,South Africa,HE van der Dussen,HM Amla,Hasan Ali,0,0,"",""
ball,1,33.4,South Africa,HE van der Dussen,HM Amla,Hasan Ali,0,0,"",""
ball,1,33.5,South Africa,HE van der Dussen,HM Amla,Hasan Ali,0,0,"",""
ball,1,33.6,South Africa,HE van der Dussen,HM Amla,Hasan Ali,0,1,"",""
ball,1,34.1,South Africa,HE van der Dussen,HM Amla,Usman Shinwari,1,0,"",""
ball,1,34.2,South Africa,HM Amla,HE van der Dussen,Usman Shinwari,0,0,"",""
ball,1,34.3,South Africa,HM Amla,HE van der Dussen,Usman Shinwari,0,0,"",""
ball,1,34.4,South Africa,HM Amla,HE van der Dussen,Usman Shinwari,0,0,"",""
ball,1,34.5,South Africa,HM Amla,HE van der Dussen,Usman Shinwari,1,0,"",""
ball,1,34.6,South Africa,HE van der Dussen,HM Amla,Usman Shinwari,1,0,"",""
ball,1,35.1,South Africa,HE van der Dussen,HM Amla,Hasan Ali,0,0,"",""
ball,1,35.2,South Africa,HE van der Dussen,HM Amla,Hasan Ali,1,0,"",""
ball,1,35.3,South Africa,HM Amla,HE van der Dussen,Hasan Ali,1,0,"",""
ball,1,35.4,South Africa,HE van der Dussen,HM Amla,Hasan Ali,1,0,"",""
ball,1,35.5,South Africa,HM Amla,HE van der Dussen,Hasan Ali,1,0,"",""
ball,1,35.6,South Africa,HE van der Dussen,HM Amla,Hasan Ali,0,0,"",""
ball,1,36.1,South Africa,HM Amla,HE van der Dussen,Faheem Ashraf,1,0,"",""
ball,1,36.2,South Africa,HE van der Dussen,HM Amla,Faheem Ashraf,6,0,"",""
ball,1,36.3,South Africa,HE van der Dussen,HM Amla,Faheem Ashraf,1,0,"",""
ball,1,36.4,South Africa,HM Amla,HE van der Dussen,Faheem Ashraf,1,0,"",""
ball,1,36.5,South Africa,HE van der Dussen,HM Amla,Faheem Ashraf,1,0,"",""
ball,1,36.6,South Africa,HM Amla,HE van der Dussen,Faheem Ashraf,2,0,"",""
ball,1,37.1,South Africa,HE van der Dussen,HM Amla,Shadab Khan,0,0,"",""
ball,1,37.2,South Africa,HE van der Dussen,HM Amla,Shadab Khan,0,0,"",""
ball,1,37.3,South Africa,HE van der Dussen,HM Amla,Shadab Khan,1,0,"",""
ball,1,37.4,South Africa,HM Amla,HE van der Dussen,Shadab Khan,0,0,"",""
ball,1,37.5,South Africa,HM Amla,HE van der Dussen,Shadab Khan,1,0,"",""
ball,1,37.6,South Africa,HE van der Dussen,HM Amla,Shadab Khan,0,0,"",""
ball,1,38.1,South Africa,HM Amla,HE van der Dussen,Hasan Ali,1,0,"",""
ball,1,38.2,South Africa,HE van der Dussen,HM Amla,Hasan Ali,3,0,"",""
ball,1,38.3,South Africa,HM Amla,HE van der Dussen,Hasan Ali,1,0,"",""
ball,1,38.4,South Africa,HE van der Dussen,HM Amla,Hasan Ali,2,0,"",""
ball,1,38.5,South Africa,HE van der Dussen,HM Amla,Hasan Ali,0,0,"",""
ball,1,38.6,South Africa,HE van der Dussen,HM Amla,Hasan Ali,1,0,"",""
ball,1,39.1,South Africa,HE van der Dussen,HM Amla,Shadab Khan,0,0,"",""
ball,1,39.2,South Africa,HE van der Dussen,HM Amla,Shadab Khan,0,0,"",""
ball,1,39.3,South Africa,HE van der Dussen,HM Amla,Shadab Khan,1,0,"",""
ball,1,39.4,South Africa,HM Amla,HE van der Dussen,Shadab Khan,1,0,"",""
ball,1,39.5,South Africa,HE van der Dussen,HM Amla,Shadab Khan,1,0,"",""
ball,1,39.6,South Africa,HM Amla,HE van der Dussen,Shadab Khan,1,0,"",""
ball,1,40.1,South Africa,HM Amla,HE van der Dussen,Faheem Ashraf,1,0,"",""
ball,1,40.2,South Africa,HE van der Dussen,HM Amla,Faheem Ashraf,1,0,"",""
ball,1,40.3,South Africa,HM Amla,HE van der Dussen,Faheem Ashraf,0,0,"",""
ball,1,40.4,South Africa,HM Amla,HE van der Dussen,Faheem Ashraf,1,0,"",""
ball,1,40.5,South Africa,HE van der Dussen,HM Amla,Faheem Ashraf,2,0,"",""
ball,1,40.6,South Africa,HE van der Dussen,HM Amla,Faheem Ashraf,1,0,"",""
ball,1,41.1,South Africa,HE van der Dussen,HM Amla,Shadab Khan,0,0,"",""
ball,1,41.2,South Africa,HE van der Dussen,HM Amla,Shadab Khan,0,0,"",""
ball,1,41.3,South Africa,HE van der Dussen,HM Amla,Shadab Khan,0,0,"",""
ball,1,41.4,South Africa,HE van der Dussen,HM Amla,Shadab Khan,1,0,"",""
ball,1,41.5,South Africa,HM Amla,HE van der Dussen,Shadab Khan,4,0,"",""
ball,1,41.6,South Africa,HM Amla,HE van der Dussen,Shadab Khan,1,0,"",""
ball,1,42.1,South Africa,HM Amla,HE van der Dussen,Usman Shinwari,1,0,"",""
ball,1,42.2,South Africa,HE van der Dussen,HM Amla,Usman Shinwari,6,0,"",""
ball,1,42.3,South Africa,HE van der Dussen,HM Amla,Usman Shinwari,4,0,"",""
ball,1,42.4,South Africa,HE van der Dussen,HM Amla,Usman Shinwari,1,0,"",""
ball,1,42.5,South Africa,HM Amla,HE van der Dussen,Usman Shinwari,1,0,"",""
ball,1,42.6,South Africa,HE van der Dussen,HM Amla,Usman Shinwari,1,0,"",""
ball,1,43.1,South Africa,HE van der Dussen,HM Amla,Shadab Khan,1,0,"",""
ball,1,43.2,South Africa,HM Amla,HE van der Dussen,Shadab Khan,1,0,"",""
ball,1,43.3,South Africa,HE van der Dussen,HM Amla,Shadab Khan,1,0,"",""
ball,1,43.4,South Africa,HM Amla,HE van der Dussen,Shadab Khan,1,0,"",""
ball,1,43.5,South Africa,HE van der Dussen,HM Amla,Shadab Khan,1,0,"",""
ball,1,43.6,South Africa,HM Amla,HE van der Dussen,Shadab Khan,0,0,"",""
ball,1,44.1,South Africa,HE van der Dussen,HM Amla,Hasan Ali,1,0,"",""
ball,1,44.2,South Africa,HM Amla,HE van der Dussen,Hasan Ali,1,0,"",""
ball,1,44.3,South Africa,HE van der Dussen,HM Amla,Hasan Ali,1,0,"",""
ball,1,44.4,South Africa,HM Amla,HE van der Dussen,Hasan Ali,1,0,"",""
ball,1,44.5,South Africa,HE van der Dussen,HM Amla,Hasan Ali,6,0,"",""
ball,1,44.6,South Africa,HE van der Dussen,HM Amla,Hasan Ali,1,0,"",""
ball,1,45.1,South Africa,HE van der Dussen,HM Amla,Faheem Ashraf,1,0,"",""
ball,1,45.2,South Africa,HM Amla,HE van der Dussen,Faheem Ashraf,1,0,"",""
ball,1,45.3,South Africa,HE van der Dussen,HM Amla,Faheem Ashraf,1,0,"",""
ball,1,45.4,South Africa,HM Amla,HE van der Dussen,Faheem Ashraf,0,0,"",""
ball,1,45.5,South Africa,HM Amla,HE van der Dussen,Faheem Ashraf,1,0,"",""
ball,1,45.6,South Africa,HE van der Dussen,HM Amla,Faheem Ashraf,1,0,"",""
ball,1,46.1,South Africa,HE van der Dussen,HM Amla,Hasan Ali,0,0,caught,HE van der Dussen
ball,1,46.2,South Africa,DA Miller,HM Amla,Hasan Ali,0,0,"",""
ball,1,46.3,South Africa,DA Miller,HM Amla,Hasan Ali,0,0,"",""
ball,1,46.4,South Africa,DA Miller,HM Amla,Hasan Ali,1,0,"",""
ball,1,46.5,South Africa,HM Amla,DA Miller,Hasan Ali,1,0,"",""
ball,1,46.6,South Africa,DA Miller,HM Amla,Hasan Ali,1,0,"",""
ball,1,47.1,South Africa,DA Miller,HM Amla,Mohammad Hafeez,2,0,"",""
ball,1,47.2,South Africa,DA Miller,HM Amla,Mohammad Hafeez,1,0,"",""
ball,1,47.3,South Africa,HM Amla,DA Miller,Mohammad Hafeez,0,0,"",""
ball,1,47.4,South Africa,HM Amla,DA Miller,Mohammad Hafeez,1,0,"",""
ball,1,47.5,South Africa,DA Miller,HM Amla,Mohammad Hafeez,1,0,"",""
ball,1,47.6,South Africa,HM Amla,DA Miller,Mohammad Hafeez,6,0,"",""
ball,1,48.1,South Africa,DA Miller,HM Amla,Hasan Ali,4,0,"",""
ball,1,48.2,South Africa,DA Miller,HM Amla,Hasan Ali,1,0,"",""
ball,1,48.3,South Africa,HM Amla,DA Miller,Hasan Ali,1,0,"",""
ball,1,48.4,South Africa,DA Miller,HM Amla,Hasan Ali,1,0,"",""
ball,1,48.5,South Africa,HM Amla,DA Miller,Hasan Ali,0,0,"",""
ball,1,48.6,South Africa,HM Amla,DA Miller,Hasan Ali,1,0,"",""
ball,1,49.1,South Africa,HM Amla,DA Miller,Faheem Ashraf,0,0,"",""
ball,1,49.2,South Africa,HM Amla,DA Miller,Faheem Ashraf,0,0,"",""
ball,1,49.3,South Africa,HM Amla,DA Miller,Faheem Ashraf,2,0,"",""
ball,1,49.4,South Africa,HM Amla,DA Miller,Faheem Ashraf,1,0,"",""
ball,1,49.5,South Africa,DA Miller,HM Amla,Faheem Ashraf,0,0,"",""
ball,1,49.6,South Africa,DA Miller,HM Amla,Faheem Ashraf,4,0,"",""
ball,2,0.1,Pakistan,Imam-ul-Haq,Fakhar Zaman,K Rabada,0,0,"",""
ball,2,0.2,Pakistan,Imam-ul-Haq,Fakhar Zaman,K Rabada,0,0,"",""
ball,2,0.3,Pakistan,Imam-ul-Haq,Fakhar Zaman,K Rabada,0,0,"",""
ball,2,0.4,Pakistan,Imam-ul-Haq,Fakhar Zaman,K Rabada,0,0,"",""
ball,2,0.5,Pakistan,Imam-ul-Haq,Fakhar Zaman,K Rabada,0,0,"",""
ball,2,0.6,Pakistan,Imam-ul-Haq,Fakhar Zaman,K Rabada,0,0,"",""
ball,2,1.1,Pakistan,Fakhar Zaman,Imam-ul-Haq,D Olivier,1,0,"",""
ball,2,1.2,Pakistan,Imam-ul-Haq,Fakhar Zaman,D Olivier,0,0,"",""
ball,2,1.3,Pakistan,Imam-ul-Haq,Fakhar Zaman,D Olivier,0,0,"",""
ball,2,1.4,Pakistan,Imam-ul-Haq,Fakhar Zaman,D Olivier,0,0,"",""
ball,2,1.5,Pakistan,Imam-ul-Haq,Fakhar Zaman,D Olivier,0,0,"",""
ball,2,1.6,Pakistan,Imam-ul-Haq,Fakhar Zaman,D Olivier,0,0,"",""
ball,2,2.1,Pakistan,Fakhar Zaman,Imam-ul-Haq,K Rabada,4,0,"",""
ball,2,2.2,Pakistan,Fakhar Zaman,Imam-ul-Haq,K Rabada,4,0,"",""
ball,2,2.3,Pakistan,Fakhar Zaman,Imam-ul-Haq,K Rabada,0,0,"",""
ball,2,2.4,Pakistan,Fakhar Zaman,Imam-ul-Haq,K Rabada,0,0,"",""
ball,2,2.5,Pakistan,Fakhar Zaman,Imam-ul-Haq,K Rabada,1,0,"",""
ball,2,2.6,Pakistan,Imam-ul-Haq,Fakhar Zaman,K Rabada,6,0,"",""
ball,2,3.1,Pakistan,Fakhar Zaman,Imam-ul-Haq,D Olivier,0,0,"",""
ball,2,3.2,Pakistan,Fakhar Zaman,Imam-ul-Haq,D Olivier,1,0,"",""
ball,2,3.3,Pakistan,Imam-ul-Haq,Fakhar Zaman,D Olivier,4,0,"",""
ball,2,3.4,Pakistan,Imam-ul-Haq,Fakhar Zaman,D Olivier,0,0,"",""
ball,2,3.5,Pakistan,Imam-ul-Haq,Fakhar Zaman,D Olivier,4,0,"",""
ball,2,3.6,Pakistan,Imam-ul-Haq,Fakhar Zaman,D Olivier,0,0,"",""
ball,2,4.1,Pakistan,Fakhar Zaman,Imam-ul-Haq,K Rabada,1,0,"",""
ball,2,4.2,Pakistan,Imam-ul-Haq,Fakhar Zaman,K Rabada,1,0,"",""
ball,2,4.3,Pakistan,Fakhar Zaman,Imam-ul-Haq,K Rabada,0,0,"",""
ball,2,4.4,Pakistan,Fakhar Zaman,Imam-ul-Haq,K Rabada,0,0,"",""
ball,2,4.5,Pakistan,Fakhar Zaman,Imam-ul-Haq,K Rabada,4,0,"",""
ball,2,4.6,Pakistan,Fakhar Zaman,Imam-ul-Haq,K Rabada,0,0,"",""
ball,2,5.1,Pakistan,Imam-ul-Haq,Fakhar Zaman,D Olivier,0,0,"",""
ball,2,5.2,Pakistan,Imam-ul-Haq,Fakhar Zaman,D Olivier,0,0,"",""
ball,2,5.3,Pakistan,Imam-ul-Haq,Fakhar Zaman,D Olivier,1,0,"",""
ball,2,5.4,Pakistan,Fakhar Zaman,Imam-ul-Haq,D Olivier,1,0,"",""
ball,2,5.5,Pakistan,Imam-ul-Haq,Fakhar Zaman,D Olivier,0,0,"",""
ball,2,5.6,Pakistan,Imam-ul-Haq,Fakhar Zaman,D Olivier,0,0,"",""
ball,2,6.1,Pakistan,Fakhar Zaman,Imam-ul-Haq,K Rabada,0,0,"",""
ball,2,6.2,Pakistan,Fakhar Zaman,Imam-ul-Haq,K Rabada,0,0,"",""
ball,2,6.3,Pakistan,Fakhar Zaman,Imam-ul-Haq,K Rabada,6,0,"",""
ball,2,6.4,Pakistan,Fakhar Zaman,Imam-ul-Haq,K Rabada,0,0,"",""
ball,2,6.5,Pakistan,Fakhar Zaman,Imam-ul-Haq,K Rabada,1,0,"",""
ball,2,6.6,Pakistan,Imam-ul-Haq,Fakhar Zaman,K Rabada,1,0,"",""
ball,2,7.1,Pakistan,Imam-ul-Haq,Fakhar Zaman,D Pretorius,1,0,"",""
ball,2,7.2,Pakistan,Fakhar Zaman,Imam-ul-Haq,D Pretorius,0,0,"",""
ball,2,7.3,Pakistan,Fakhar Zaman,Imam-ul-Haq,D Pretorius,0,0,"",""
ball,2,7.4,Pakistan,Fakhar Zaman,Imam-ul-Haq,D Pretorius,1,0,"",""
ball,2,7.5,Pakistan,Imam-ul-Haq,Fakhar Zaman,D Pretorius,0,0,"",""
ball,2,7.6,Pakistan,Imam-ul-Haq,Fakhar Zaman,D Pretorius,1,0,"",""
ball,2,8.1,Pakistan,Imam-ul-Haq,Fakhar Zaman,D Olivier,1,0,"",""
ball,2,8.2,Pakistan,Fakhar Zaman,Imam-ul-Haq,D Olivier,0,0,caught,Fakhar Zaman
ball,2,8.3,Pakistan,Babar Azam,Imam-ul-Haq,D Olivier,0,0,"",""
ball,2,8.4,Pakistan,Babar Azam,Imam-ul-Haq,D Olivier,0,0,"",""
ball,2,8.5,Pakistan,Babar Azam,Imam-ul-Haq,D Olivier,0,0,"",""
ball,2,8.6,Pakistan,Babar Azam,Imam-ul-Haq,D Olivier,0,0,"",""
ball,2,9.1,Pakistan,Imam-ul-Haq,Babar Azam,D Pretorius,0,0,"",""
ball,2,9.2,Pakistan,Imam-ul-Haq,Babar Azam,D Pretorius,0,0,"",""
ball,2,9.3,Pakistan,Imam-ul-Haq,Babar Azam,D Pretorius,0,0,"",""
ball,2,9.4,Pakistan,Imam-ul-Haq,Babar Azam,D Pretorius,1,0,"",""
ball,2,9.5,Pakistan,Babar Azam,Imam-ul-Haq,D Pretorius,0,0,"",""
ball,2,9.6,Pakistan,Babar Azam,Imam-ul-Haq,D Pretorius,0,0,"",""
ball,2,10.1,Pakistan,Imam-ul-Haq,Babar Azam,D Olivier,0,0,"",""
ball,2,10.2,Pakistan,Imam-ul-Haq,Babar Azam,D Olivier,4,0,"",""
ball,2,10.3,Pakistan,Imam-ul-Haq,Babar Azam,D Olivier,4,0,"",""
ball,2,10.4,Pakistan,Imam-ul-Haq,Babar Azam,D Olivier,1,0,"",""
ball,2,10.5,Pakistan,Babar Azam,Imam-ul-Haq,D Olivier,0,1,"",""
ball,2,10.6,Pakistan,Babar Azam,Imam-ul-Haq,D Olivier,0,0,"",""
ball,2,10.7,Pakistan,Babar Azam,Imam-ul-Haq,D Olivier,4,0,"",""
ball,2,11.1,Pakistan,Imam-ul-Haq,Babar Azam,D Pretorius,0,0,"",""
ball,2,11.2,Pakistan,Imam-ul-Haq,Babar Azam,D Pretorius,1,0,"",""
ball,2,11.3,Pakistan,Babar Azam,Imam-ul-Haq,D Pretorius,1,0,"",""
ball,2,11.4,Pakistan,Imam-ul-Haq,Babar Azam,D Pretorius,1,0,"",""
ball,2,11.5,Pakistan,Babar Azam,Imam-ul-Haq,D Pretorius,1,0,"",""
ball,2,11.6,Pakistan,Imam-ul-Haq,Babar Azam,D Pretorius,0,0,"",""
ball,2,12.1,Pakistan,Babar Azam,Imam-ul-Haq,AL Phehlukwayo,0,0,"",""
ball,2,12.2,Pakistan,Babar Azam,Imam-ul-Haq,AL Phehlukwayo,0,0,"",""
ball,2,12.3,Pakistan,Babar Azam,Imam-ul-Haq,AL Phehlukwayo,1,0,"",""
ball,2,12.4,Pakistan,Imam-ul-Haq,Babar Azam,AL Phehlukwayo,1,0,"",""
ball,2,12.5,Pakistan,Babar Azam,Imam-ul-Haq,AL Phehlukwayo,0,0,"",""
ball,2,12.6,Pakistan,Babar Azam,Imam-ul-Haq,AL Phehlukwayo,0,0,"",""
ball,2,13.1,Pakistan,Imam-ul-Haq,Babar Azam,D Pretorius,0,0,"",""
ball,2,13.2,Pakistan,Imam-ul-Haq,Babar Azam,D Pretorius,1,0,"",""
ball,2,13.3,Pakistan,Babar Azam,Imam-ul-Haq,D Pretorius,0,0,"",""
ball,2,13.4,Pakistan,Babar Azam,Imam-ul-Haq,D Pretorius,0,0,"",""
ball,2,13.5,Pakistan,Babar Azam,Imam-ul-Haq,D Pretorius,4,0,"",""
ball,2,13.6,Pakistan,Babar Azam,Imam-ul-Haq,D Pretorius,0,0,"",""
ball,2,14.1,Pakistan,Imam-ul-Haq,Babar Azam,AL Phehlukwayo,0,1,"",""
ball,2,14.2,Pakistan,Imam-ul-Haq,Babar Azam,AL Phehlukwayo,0,0,"",""
ball,2,14.3,Pakistan,Imam-ul-Haq,Babar Azam,AL Phehlukwayo,1,0,"",""
ball,2,14.4,Pakistan,Babar Azam,Imam-ul-Haq,AL Phehlukwayo,4,0,"",""
ball,2,14.5,Pakistan,Babar Azam,Imam-ul-Haq,AL Phehlukwayo,0,0,"",""
ball,2,14.6,Pakistan,Babar Azam,Imam-ul-Haq,AL Phehlukwayo,1,0,"",""
ball,2,14.7,Pakistan,Imam-ul-Haq,Babar Azam,AL Phehlukwayo,1,0,"",""
ball,2,15.1,Pakistan,Imam-ul-Haq,Babar Azam,D Pretorius,1,0,"",""
ball,2,15.2,Pakistan,Babar Azam,Imam-ul-Haq,D Pretorius,0,0,"",""
ball,2,15.3,Pakistan,Babar Azam,Imam-ul-Haq,D Pretorius,1,0,"",""
ball,2,15.4,Pakistan,Imam-ul-Haq,Babar Azam,D Pretorius,1,0,"",""
ball,2,15.5,Pakistan,Babar Azam,Imam-ul-Haq,D Pretorius,0,0,"",""
ball,2,15.6,Pakistan,Babar Azam,Imam-ul-Haq,D Pretorius,0,0,"",""
ball,2,16.1,Pakistan,Imam-ul-Haq,Babar Azam,AL Phehlukwayo,1,0,"",""
ball,2,16.2,Pakistan,Babar Azam,Imam-ul-Haq,AL Phehlukwayo,1,0,"",""
ball,2,16.3,Pakistan,Imam-ul-Haq,Babar Azam,AL Phehlukwayo,1,0,"",""
ball,2,16.4,Pakistan,Babar Azam,Imam-ul-Haq,AL Phehlukwayo,1,0,"",""
ball,2,16.5,Pakistan,Imam-ul-Haq,Babar Azam,AL Phehlukwayo,1,0,"",""
ball,2,16.6,Pakistan,Babar Azam,Imam-ul-Haq,AL Phehlukwayo,1,0,"",""
ball,2,17.1,Pakistan,Babar Azam,Imam-ul-Haq,Imran Tahir,0,0,"",""
ball,2,17.2,Pakistan,Babar Azam,Imam-ul-Haq,Imran Tahir,0,0,"",""
ball,2,17.3,Pakistan,Babar Azam,Imam-ul-Haq,Imran Tahir,0,0,"",""
ball,2,17.4,Pakistan,Babar Azam,Imam-ul-Haq,Imran Tahir,1,0,"",""
ball,2,17.5,Pakistan,Imam-ul-Haq,Babar Azam,Imran Tahir,1,0,"",""
ball,2,17.6,Pakistan,Babar Azam,Imam-ul-Haq,Imran Tahir,1,0,"",""
ball,2,18.1,Pakistan,Babar Azam,Imam-ul-Haq,AL Phehlukwayo,1,0,"",""
ball,2,18.2,Pakistan,Imam-ul-Haq,Babar Azam,AL Phehlukwayo,0,0,"",""
ball,2,18.3,Pakistan,Imam-ul-Haq,Babar Azam,AL Phehlukwayo,2,0,"",""
ball,2,18.4,Pakistan,Imam-ul-Haq,Babar Azam,AL Phehlukwayo,1,0,"",""
ball,2,18.5,Pakistan,Babar Azam,Imam-ul-Haq,AL Phehlukwayo,4,0,"",""
ball,2,18.6,Pakistan,Babar Azam,Imam-ul-Haq,AL Phehlukwayo,1,0,"",""
ball,2,19.1,Pakistan,Babar Azam,Imam-ul-Haq,Imran Tahir,0,0,"",""
ball,2,19.2,Pakistan,Babar Azam,Imam-ul-Haq,Imran Tahir,0,0,"",""
ball,2,19.3,Pakistan,Babar Azam,Imam-ul-Haq,Imran Tahir,1,0,"",""
ball,2,19.4,Pakistan,Imam-ul-Haq,Babar Azam,Imran Tahir,1,0,"",""
ball,2,19.5,Pakistan,Babar Azam,Imam-ul-Haq,Imran Tahir,0,0,"",""
ball,2,19.6,Pakistan,Babar Azam,Imam-ul-Haq,Imran Tahir,0,0,"",""
ball,2,20.1,Pakistan,Imam-ul-Haq,Babar Azam,AL Phehlukwayo,1,0,"",""
ball,2,20.2,Pakistan,Babar Azam,Imam-ul-Haq,AL Phehlukwayo,1,0,"",""
ball,2,20.3,Pakistan,Imam-ul-Haq,Babar Azam,AL Phehlukwayo,1,0,"",""
ball,2,20.4,Pakistan,Babar Azam,Imam-ul-Haq,AL Phehlukwayo,1,0,"",""
ball,2,20.5,Pakistan,Imam-ul-Haq,Babar Azam,AL Phehlukwayo,1,0,"",""
ball,2,20.6,Pakistan,Babar Azam,Imam-ul-Haq,AL Phehlukwayo,0,1,"",""
ball,2,20.7,Pakistan,Babar Azam,Imam-ul-Haq,AL Phehlukwayo,4,0,"",""
ball,2,21.1,Pakistan,Imam-ul-Haq,Babar Azam,Imran Tahir,1,0,"",""
ball,2,21.2,Pakistan,Babar Azam,Imam-ul-Haq,Imran Tahir,1,0,"",""
ball,2,21.3,Pakistan,Imam-ul-Haq,Babar Azam,Imran Tahir,1,0,"",""
ball,2,21.4,Pakistan,Babar Azam,Imam-ul-Haq,Imran Tahir,1,0,"",""
ball,2,21.5,Pakistan,Imam-ul-Haq,Babar Azam,Imran Tahir,1,0,"",""
ball,2,21.6,Pakistan,Babar Azam,Imam-ul-Haq,Imran Tahir,1,0,"",""
ball,2,22.1,Pakistan,Babar Azam,Imam-ul-Haq,K Rabada,0,0,"",""
ball,2,22.2,Pakistan,Babar Azam,Imam-ul-Haq,K Rabada,0,0,"",""
ball,2,22.3,Pakistan,Babar Azam,Imam-ul-Haq,K Rabada,1,0,"",""
ball,2,22.4,Pakistan,Imam-ul-Haq,Babar Azam,K Rabada,0,0,"",""
ball,2,22.5,Pakistan,Imam-ul-Haq,Babar Azam,K Rabada,0,0,"",""
ball,2,22.6,Pakistan,Imam-ul-Haq,Babar Azam,K Rabada,2,0,"",""
ball,2,23.1,Pakistan,Babar Azam,Imam-ul-Haq,Imran Tahir,0,0,"",""
ball,2,23.2,Pakistan,Babar Azam,Imam-ul-Haq,Imran Tahir,1,0,"",""
ball,2,23.3,Pakistan,Imam-ul-Haq,Babar Azam,Imran Tahir,0,0,"",""
ball,2,23.4,Pakistan,Imam-ul-Haq,Babar Azam,Imran Tahir,0,0,"",""
ball,2,23.5,Pakistan,Imam-ul-Haq,Babar Azam,Imran Tahir,0,0,"",""
ball,2,23.6,Pakistan,Imam-ul-Haq,Babar Azam,Imran Tahir,1,0,"",""
ball,2,24.1,Pakistan,Imam-ul-Haq,Babar Azam,K Rabada,1,0,"",""
ball,2,24.2,Pakistan,Babar Azam,Imam-ul-Haq,K Rabada,1,0,"",""
ball,2,24.3,Pakistan,Imam-ul-Haq,Babar Azam,K Rabada,1,0,"",""
ball,2,24.4,Pakistan,Babar Azam,Imam-ul-Haq,K Rabada,1,0,"",""
ball,2,24.5,Pakistan,Imam-ul-Haq,Babar Azam,K Rabada,1,0,"",""
ball,2,24.6,Pakistan,Babar Azam,Imam-ul-Haq,K Rabada,1,0,"",""
ball,2,25.1,Pakistan,Babar Azam,Imam-ul-Haq,Imran Tahir,0,0,"",""
ball,2,25.2,Pakistan,Babar Azam,Imam-ul-Haq,Imran Tahir,1,0,"",""
ball,2,25.3,Pakistan,Imam-ul-Haq,Babar Azam,Imran Tahir,1,0,"",""
ball,2,25.4,Pakistan,Babar Azam,Imam-ul-Haq,Imran Tahir,1,0,"",""
ball,2,25.5,Pakistan,Imam-ul-Haq,Babar Azam,Imran Tahir,1,0,"",""
ball,2,25.6,Pakistan,Babar Azam,Imam-ul-Haq,Imran Tahir,1,0,"",""
ball,2,26.1,Pakistan,Babar Azam,Imam-ul-Haq,K Rabada,1,0,"",""
ball,2,26.2,Pakistan,Imam-ul-Haq,Babar Azam,K Rabada,1,0,"",""
ball,2,26.3,Pakistan,Babar Azam,Imam-ul-Haq,K Rabada,0,0,"",""
ball,2,26.4,Pakistan,Babar Azam,Imam-ul-Haq,K Rabada,0,0,"",""
ball,2,26.5,Pakistan,Babar Azam,Imam-ul-Haq,K Rabada,1,0,"",""
ball,2,26.6,Pakistan,Imam-ul-Haq,Babar Azam,K Rabada,0,0,"",""
ball,2,27.1,Pakistan,Babar Azam,Imam-ul-Haq,RR Hendricks,0,0,"",""
ball,2,27.2,Pakistan,Babar Azam,Imam-ul-Haq,RR Hendricks,0,0,"",""
ball,2,27.3,Pakistan,Babar Azam,Imam-ul-Haq,RR Hendricks,0,0,"",""
ball,2,27.4,Pakistan,Babar Azam,Imam-ul-Haq,RR Hendricks,1,0,"",""
ball,2,27.5,Pakistan,Imam-ul-Haq,Babar Azam,RR Hendricks,1,0,"",""
ball,2,27.6,Pakistan,Babar Azam,Imam-ul-Haq,RR Hendricks,0,0,bowled,Babar Azam
ball,2,28.1,Pakistan,Imam-ul-Haq,Mohammad Hafeez,D Pretorius,0,0,"",""
ball,2,28.2,Pakistan,Imam-ul-Haq,Mohammad Hafeez,D Pretorius,2,0,"",""
ball,2,28.3,Pakistan,Imam-ul-Haq,Mohammad Hafeez,D Pretorius,0,0,"",""
ball,2,28.4,Pakistan,Imam-ul-Haq,Mohammad Hafeez,D Pretorius,0,0,"",""
ball,2,28.5,Pakistan,Imam-ul-Haq,Mohammad Hafeez,D Pretorius,1,0,"",""
ball,2,28.6,Pakistan,Mohammad Hafeez,Imam-ul-Haq,D Pretorius,0,0,"",""
ball,2,29.1,Pakistan,Imam-ul-Haq,Mohammad Hafeez,RR Hendricks,4,0,"",""
ball,2,29.2,Pakistan,Imam-ul-Haq,Mohammad Hafeez,RR Hendricks,0,0,"",""
ball,2,29.3,Pakistan,Imam-ul-Haq,Mohammad Hafeez,RR Hendricks,1,0,"",""
ball,2,29.4,Pakistan,Mohammad Hafeez,Imam-ul-Haq,RR Hendricks,0,0,"",""
ball,2,29.5,Pakistan,Mohammad Hafeez,Imam-ul-Haq,RR Hendricks,1,0,"",""
ball,2,29.6,Pakistan,Imam-ul-Haq,Mohammad Hafeez,RR Hendricks,1,0,"",""
ball,2,30.1,Pakistan,Imam-ul-Haq,Mohammad Hafeez,D Pretorius,2,0,"",""
ball,2,30.2,Pakistan,Imam-ul-Haq,Mohammad Hafeez,D Pretorius,1,0,"",""
ball,2,30.3,Pakistan,Mohammad Hafeez,Imam-ul-Haq,D Pretorius,0,0,"",""
ball,2,30.4,Pakistan,Mohammad Hafeez,Imam-ul-Haq,D Pretorius,4,0,"",""
ball,2,30.5,Pakistan,Mohammad Hafeez,Imam-ul-Haq,D Pretorius,0,0,"",""
ball,2,30.6,Pakistan,Mohammad Hafeez,Imam-ul-Haq,D Pretorius,1,0,"",""
ball,2,31.1,Pakistan,Mohammad Hafeez,Imam-ul-Haq,RR Hendricks,1,0,"",""
ball,2,31.2,Pakistan,Imam-ul-Haq,Mohammad Hafeez,RR Hendricks,1,0,"",""
ball,2,31.3,Pakistan,Mohammad Hafeez,Imam-ul-Haq,RR Hendricks,0,0,"",""
ball,2,31.4,Pakistan,Mohammad Hafeez,Imam-ul-Haq,RR Hendricks,1,0,"",""
ball,2,31.5,Pakistan,Imam-ul-Haq,Mohammad Hafeez,RR Hendricks,1,0,"",""
ball,2,31.6,Pakistan,Mohammad Hafeez,Imam-ul-Haq,RR Hendricks,0,0,"",""
ball,2,32.1,Pakistan,Imam-ul-Haq,Mohammad Hafeez,D Pretorius,1,0,"",""
ball,2,32.2,Pakistan,Mohammad Hafeez,Imam-ul-Haq,D Pretorius,0,0,"",""
ball,2,32.3,Pakistan,Mohammad Hafeez,Imam-ul-Haq,D Pretorius,0,0,"",""
ball,2,32.4,Pakistan,Mohammad Hafeez,Imam-ul-Haq,D Pretorius,0,0,"",""
ball,2,32.5,Pakistan,Mohammad Hafeez,Imam-ul-Haq,D Pretorius,4,0,"",""
ball,2,32.6,Pakistan,Mohammad Hafeez,Imam-ul-Haq,D Pretorius,0,0,"",""
ball,2,33.1,Pakistan,Imam-ul-Haq,Mohammad Hafeez,D Olivier,0,0,"",""
ball,2,33.2,Pakistan,Imam-ul-Haq,Mohammad Hafeez,D Olivier,0,0,"",""
ball,2,33.3,Pakistan,Imam-ul-Haq,Mohammad Hafeez,D Olivier,1,0,"",""
ball,2,33.4,Pakistan,Mohammad Hafeez,Imam-ul-Haq,D Olivier,4,0,"",""
ball,2,33.5,Pakistan,Mohammad Hafeez,Imam-ul-Haq,D Olivier,0,0,"",""
ball,2,33.6,Pakistan,Mohammad Hafeez,Imam-ul-Haq,D Olivier,1,0,"",""
ball,2,34.1,Pakistan,Mohammad Hafeez,Imam-ul-Haq,D Pretorius,0,0,"",""
ball,2,34.2,Pakistan,Mohammad Hafeez,Imam-ul-Haq,D Pretorius,1,0,"",""
ball,2,34.3,Pakistan,Imam-ul-Haq,Mohammad Hafeez,D Pretorius,6,0,"",""
ball,2,34.4,Pakistan,Imam-ul-Haq,Mohammad Hafeez,D Pretorius,1,0,"",""
ball,2,34.5,Pakistan,Mohammad Hafeez,Imam-ul-Haq,D Pretorius,0,0,"",""
ball,2,34.6,Pakistan,Mohammad Hafeez,Imam-ul-Haq,D Pretorius,0,0,"",""
ball,2,35.1,Pakistan,Imam-ul-Haq,Mohammad Hafeez,Imran Tahir,0,0,"",""
ball,2,35.2,Pakistan,Imam-ul-Haq,Mohammad Hafeez,Imran Tahir,0,0,"",""
ball,2,35.3,Pakistan,Imam-ul-Haq,Mohammad Hafeez,Imran Tahir,0,0,"",""
ball,2,35.4,Pakistan,Imam-ul-Haq,Mohammad Hafeez,Imran Tahir,0,0,"",""
ball,2,35.5,Pakistan,Imam-ul-Haq,Mohammad Hafeez,Imran Tahir,1,0,"",""
ball,2,35.6,Pakistan,Mohammad Hafeez,Imam-ul-Haq,Imran Tahir,4,0,"",""
ball,2,36.1,Pakistan,Imam-ul-Haq,Mohammad Hafeez,D Olivier,0,0,caught,Imam-ul-Haq
ball,2,36.2,Pakistan,Mohammad Hafeez,Shoaib Malik,D Olivier,2,0,"",""
ball,2,36.3,Pakistan,Mohammad Hafeez,Shoaib Malik,D Olivier,0,0,"",""
ball,2,36.4,Pakistan,Mohammad Hafeez,Shoaib Malik,D Olivier,1,0,"",""
ball,2,36.5,Pakistan,Shoaib Malik,Mohammad Hafeez,D Olivier,4,0,"",""
ball,2,36.6,Pakistan,Shoaib Malik,Mohammad Hafeez,D Olivier,1,0,"",""
ball,2,37.1,Pakistan,Shoaib Malik,Mohammad Hafeez,Imran Tahir,1,0,"",""
ball,2,37.2,Pakistan,Mohammad Hafeez,Shoaib Malik,Imran Tahir,1,0,"",""
ball,2,37.3,Pakistan,Shoaib Malik,Mohammad Hafeez,Imran Tahir,0,0,"",""
ball,2,37.4,Pakistan,Shoaib Malik,Mohammad Hafeez,Imran Tahir,1,0,"",""
ball,2,37.5,Pakistan,Mohammad Hafeez,Shoaib Malik,Imran Tahir,1,0,"",""
ball,2,37.6,Pakistan,Shoaib Malik,Mohammad Hafeez,Imran Tahir,1,0,"",""
ball,2,38.1,Pakistan,Shoaib Malik,Mohammad Hafeez,D Olivier,0,0,"",""
ball,2,38.2,Pakistan,Shoaib Malik,Mohammad Hafeez,D Olivier,0,0,"",""
ball,2,38.3,Pakistan,Shoaib Malik,Mohammad Hafeez,D Olivier,1,0,"",""
ball,2,38.4,Pakistan,Mohammad Hafeez,Shoaib Malik,D Olivier,6,0,"",""
ball,2,38.5,Pakistan,Mohammad Hafeez,Shoaib Malik,D Olivier,0,1,"",""
ball,2,38.6,Pakistan,Mohammad Hafeez,Shoaib Malik,D Olivier,1,0,"",""
ball,2,38.7,Pakistan,Shoaib Malik,Mohammad Hafeez,D Olivier,0,0,"",""
ball,2,39.1,Pakistan,Mohammad Hafeez,Shoaib Malik,D Pretorius,0,0,"",""
ball,2,39.2,Pakistan,Mohammad Hafeez,Shoaib Malik,D Pretorius,0,0,"",""
ball,2,39.3,Pakistan,Mohammad Hafeez,Shoaib Malik,D Pretorius,1,0,"",""
ball,2,39.4,Pakistan,Shoaib Malik,Mohammad Hafeez,D Pretorius,0,0,"",""
ball,2,39.5,Pakistan,Shoaib Malik,Mohammad Hafeez,D Pretorius,0,0,"",""
ball,2,39.6,Pakistan,Shoaib Malik,Mohammad Hafeez,D Pretorius,1,0,"",""
ball,2,40.1,Pakistan,Shoaib Malik,Mohammad Hafeez,Imran Tahir,1,0,"",""
ball,2,40.2,Pakistan,Mohammad Hafeez,Shoaib Malik,Imran Tahir,6,0,"",""
ball,2,40.3,Pakistan,Mohammad Hafeez,Shoaib Malik,Imran Tahir,1,0,"",""
ball,2,40.4,Pakistan,Shoaib Malik,Mohammad Hafeez,Imran Tahir,1,0,"",""
ball,2,40.5,Pakistan,Mohammad Hafeez,Shoaib Malik,Imran Tahir,0,0,"",""
ball,2,40.6,Pakistan,Mohammad Hafeez,Shoaib Malik,Imran Tahir,0,0,"",""
ball,2,41.1,Pakistan,Shoaib Malik,Mohammad Hafeez,AL Phehlukwayo,0,0,"",""
ball,2,41.2,Pakistan,Shoaib Malik,Mohammad Hafeez,AL Phehlukwayo,0,0,bowled,Shoaib Malik
ball,2,41.3,Pakistan,Sarfraz Ahmed,Mohammad Hafeez,AL Phehlukwayo,1,0,"",""
ball,2,41.4,Pakistan,Mohammad Hafeez,Sarfraz Ahmed,AL Phehlukwayo,0,0,"",""
ball,2,41.5,Pakistan,Mohammad Hafeez,Sarfraz Ahmed,AL Phehlukwayo,0,0,"",""
ball,2,41.6,Pakistan,Mohammad Hafeez,Sarfraz Ahmed,AL Phehlukwayo,4,0,"",""
ball,2,42.1,Pakistan,Sarfraz Ahmed,Mohammad Hafeez,Imran Tahir,0,0,"",""
ball,2,42.2,Pakistan,Sarfraz Ahmed,Mohammad Hafeez,Imran Tahir,0,0,lbw,Sarfraz Ahmed
ball,2,42.3,Pakistan,Shadab Khan,Mohammad Hafeez,Imran Tahir,0,1,"",""
ball,2,42.4,Pakistan,Mohammad Hafeez,Shadab Khan,Imran Tahir,0,0,"",""
ball,2,42.5,Pakistan,Mohammad Hafeez,Shadab Khan,Imran Tahir,1,0,"",""
ball,2,42.6,Pakistan,Shadab Khan,Mohammad Hafeez,Imran Tahir,0,0,"",""
ball,2,43.1,Pakistan,Mohammad Hafeez,Shadab Khan,AL Phehlukwayo,0,0,"",""
ball,2,43.2,Pakistan,Mohammad Hafeez,Shadab Khan,AL Phehlukwayo,0,0,"",""
ball,2,43.3,Pakistan,Mohammad Hafeez,Shadab Khan,AL Phehlukwayo,2,0,"",""
ball,2,43.4,Pakistan,Mohammad Hafeez,Shadab Khan,AL Phehlukwayo,0,0,"",""
ball,2,43.5,Pakistan,Mohammad Hafeez,Shadab Khan,AL Phehlukwayo,0,0,"",""
ball,2,43.6,Pakistan,Mohammad Hafeez,Shadab Khan,AL Phehlukwayo,1,0,"",""
ball,2,44.1,Pakistan,Mohammad Hafeez,Shadab Khan,Imran Tahir,1,0,"",""
ball,2,44.2,Pakistan,Shadab Khan,Mohammad Hafeez,Imran Tahir,1,0,"",""
ball,2,44.3,Pakistan,Mohammad Hafeez,Shadab Khan,Imran Tahir,1,0,"",""
ball,2,44.4,Pakistan,Shadab Khan,Mohammad Hafeez,Imran Tahir,0,0,"",""
ball,2,44.5,Pakistan,Shadab Khan,Mohammad Hafeez,Imran Tahir,2,0,"",""
ball,2,44.6,Pakistan,Shadab Khan,Mohammad Hafeez,Imran Tahir,1,0,"",""
ball,2,45.1,Pakistan,Shadab Khan,Mohammad Hafeez,K Rabada,1,0,"",""
ball,2,45.2,Pakistan,Mohammad Hafeez,Shadab Khan,K Rabada,0,0,"",""
ball,2,45.3,Pakistan,Mohammad Hafeez,Shadab Khan,K Rabada,1,0,"",""
ball,2,45.4,Pakistan,Shadab Khan,Mohammad Hafeez,K Rabada,2,0,"",""
ball,2,45.5,Pakistan,Shadab Khan,Mohammad Hafeez,K Rabada,0,0,"",""
ball,2,45.6,Pakistan,Shadab Khan,Mohammad Hafeez,K Rabada,1,0,"",""
ball,2,46.1,Pakistan,Shadab Khan,Mohammad Hafeez,D Olivier,1,0,"",""
ball,2,46.2,Pakistan,Mohammad Hafeez,Shadab Khan,D Olivier,0,0,"",""
ball,2,46.3,Pakistan,Mohammad Hafeez,Shadab Khan,D Olivier,4,0,"",""
ball,2,46.4,Pakistan,Mohammad Hafeez,Shadab Khan,D Olivier,0,0,"",""
ball,2,46.5,Pakistan,Mohammad Hafeez,Shadab Khan,D Olivier,4,0,"",""
ball,2,46.6,Pakistan,Mohammad Hafeez,Shadab Khan,D Olivier,1,0,"",""
ball,2,47.1,Pakistan,Mohammad Hafeez,Shadab Khan,K Rabada,1,0,"",""
ball,2,47.2,Pakistan,Shadab Khan,Mohammad Hafeez,K Rabada,0,0,"",""
ball,2,47.3,Pakistan,Shadab Khan,Mohammad Hafeez,K Rabada,0,0,"",""
ball,2,47.4,Pakistan,Shadab Khan,Mohammad Hafeez,K Rabada,2,0,"",""
ball,2,47.5,Pakistan,Shadab Khan,Mohammad Hafeez,K Rabada,0,0,"",""
ball,2,47.6,Pakistan,Shadab Khan,Mohammad Hafeez,K Rabada,1,0,"",""
ball,2,48.1,Pakistan,Shadab Khan,Mohammad Hafeez,D Olivier,4,0,"",""
ball,2,48.2,Pakistan,Shadab Khan,Mohammad Hafeez,D Olivier,1,0,"",""
ball,2,48.3,Pakistan,Mohammad Hafeez,Shadab Khan,D Olivier,2,0,"",""
ball,2,48.4,Pakistan,Mohammad Hafeez,Shadab Khan,D Olivier,2,0,"",""
ball,2,48.5,Pakistan,Mohammad Hafeez,Shadab Khan,D Olivier,0,0,"",""
ball,2,48.6,Pakistan,Mohammad Hafeez,Shadab Khan,D Olivier,4,0,"",""
ball,2,49.1,Pakistan,Shadab Khan,Mohammad Hafeez,K Rabada,1,0,"",""
