version,1.3.0
info,team,South Africa
info,team,Pakistan
info,gender,male
info,season,2018/19
info,date,2019/01/22
info,series,Pakistan tour of South Africa 2018/19
info,match_number,2
info,venue,Kingsmead
info,city,Durban
info,toss_winner,South Africa
info,toss_decision,field
info,player_of_match,AL Phehlukwayo
info,umpire,BP Jele
info,umpire,PR Reiffel
info,reserve_umpire,AT Holdstock
info,tv_umpire,GO Brathwaite
info,match_referee,RS Madugalle
info,winner,South Africa
info,winner_wickets,5
ball,1,0.1,Pakistan,Imam-ul-Haq,Fakhar Zaman,K Rabada,0,1,"",""
ball,1,0.2,Pakistan,Imam-ul-Haq,Fakhar Zaman,K Rabada,0,0,"",""
ball,1,0.3,Pakistan,Imam-ul-Haq,Fakhar Zaman,K Rabada,0,0,"",""
ball,1,0.4,Pakistan,Imam-ul-Haq,Fakhar Zaman,K Rabada,1,0,"",""
ball,1,0.5,Pakistan,Fakhar Zaman,Imam-ul-Haq,K Rabada,4,0,"",""
ball,1,0.6,Pakistan,Fakhar Zaman,Imam-ul-Haq,K Rabada,1,0,"",""
ball,1,0.7,Pakistan,Imam-ul-Haq,Fakhar Zaman,K Rabada,0,0,"",""
ball,1,1.1,Pakistan,Fakhar Zaman,Imam-ul-Haq,D Paterson,0,0,"",""
ball,1,1.2,Pakistan,Fakhar Zaman,Imam-ul-Haq,D Paterson,1,0,"",""
ball,1,1.3,Pakistan,Imam-ul-Haq,Fakhar Zaman,D Paterson,1,0,"",""
ball,1,1.4,Pakistan,Fakhar Zaman,Imam-ul-Haq,D Paterson,0,1,"",""
ball,1,1.5,Pakistan,Fakhar Zaman,Imam-ul-Haq,D Paterson,0,0,"",""
ball,1,1.6,Pakistan,Fakhar Zaman,Imam-ul-Haq,D Paterson,0,0,"",""
ball,1,1.7,Pakistan,Fakhar Zaman,Imam-ul-Haq,D Paterson,0,0,"",""
ball,1,2.1,Pakistan,Imam-ul-Haq,Fakhar Zaman,K Rabada,0,0,"",""
ball,1,2.2,Pakistan,Imam-ul-Haq,Fakhar Zaman,K Rabada,0,0,"",""
ball,1,2.3,Pakistan,Imam-ul-Haq,Fakhar Zaman,K Rabada,0,1,"",""
ball,1,2.4,Pakistan,Imam-ul-Haq,Fakhar Zaman,K Rabada,0,0,"",""
ball,1,2.5,Pakistan,Imam-ul-Haq,Fakhar Zaman,K Rabada,0,0,"",""
ball,1,2.6,Pakistan,Imam-ul-Haq,Fakhar Zaman,K Rabada,0,0,"",""
ball,1,2.7,Pakistan,Imam-ul-Haq,Fakhar Zaman,K Rabada,2,0,"",""
ball,1,3.1,Pakistan,Fakhar Zaman,Imam-ul-Haq,D Paterson,0,0,"",""
ball,1,3.2,Pakistan,Fakhar Zaman,Imam-ul-Haq,D Paterson,0,0,"",""
ball,1,3.3,Pakistan,Fakhar Zaman,Imam-ul-Haq,D Paterson,0,0,"",""
ball,1,3.4,Pakistan,Fakhar Zaman,Imam-ul-Haq,D Paterson,0,0,"",""
ball,1,3.5,Pakistan,Fakhar Zaman,Imam-ul-Haq,D Paterson,0,0,"",""
ball,1,3.6,Pakistan,Fakhar Zaman,Imam-ul-Haq,D Paterson,0,0,"",""
ball,1,4.1,Pakistan,Imam-ul-Haq,Fakhar Zaman,K Rabada,1,0,"",""
ball,1,4.2,Pakistan,Fakhar Zaman,Imam-ul-Haq,K Rabada,0,0,"",""
ball,1,4.3,Pakistan,Fakhar Zaman,Imam-ul-Haq,K Rabada,1,0,"",""
ball,1,4.4,Pakistan,Imam-ul-Haq,Fakhar Zaman,K Rabada,0,0,"",""
ball,1,4.5,Pakistan,Imam-ul-Haq,Fakhar Zaman,K Rabada,0,0,caught,Imam-ul-Haq
ball,1,4.6,Pakistan,Babar Azam,Fakhar Zaman,K Rabada,4,0,"",""
ball,1,5.1,Pakistan,Fakhar Zaman,Babar Azam,D Paterson,0,0,"",""
ball,1,5.2,Pakistan,Fakhar Zaman,Babar Azam,D Paterson,1,0,"",""
ball,1,5.3,Pakistan,Babar Azam,Fakhar Zaman,D Paterson,0,0,"",""
ball,1,5.4,Pakistan,Babar Azam,Fakhar Zaman,D Paterson,0,0,"",""
ball,1,5.5,Pakistan,Babar Azam,Fakhar Zaman,D Paterson,0,0,"",""
ball,1,5.6,Pakistan,Babar Azam,Fakhar Zaman,D Paterson,0,0,"",""
ball,1,6.1,Pakistan,Fakhar Zaman,Babar Azam,K Rabada,1,0,"",""
ball,1,6.2,Pakistan,Babar Azam,Fakhar Zaman,K Rabada,0,0,"",""
ball,1,6.3,Pakistan,Babar Azam,Fakhar Zaman,K Rabada,0,0,"",""
ball,1,6.4,Pakistan,Babar Azam,Fakhar Zaman,K Rabada,0,0,"",""
ball,1,6.5,Pakistan,Babar Azam,Fakhar Zaman,K Rabada,4,0,"",""
ball,1,6.6,Pakistan,Babar Azam,Fakhar Zaman,K Rabada,0,0,"",""
ball,1,7.1,Pakistan,Fakhar Zaman,Babar Azam,D Paterson,3,0,"",""
ball,1,7.2,Pakistan,Babar Azam,Fakhar Zaman,D Paterson,3,0,"",""
ball,1,7.3,Pakistan,Fakhar Zaman,Babar Azam,D Paterson,4,0,"",""
ball,1,7.4,Pakistan,Fakhar Zaman,Babar Azam,D Paterson,0,0,"",""
ball,1,7.5,Pakistan,Fakhar Zaman,Babar Azam,D Paterson,0,0,"",""
ball,1,7.6,Pakistan,Fakhar Zaman,Babar Azam,D Paterson,0,0,"",""
ball,1,8.1,Pakistan,Babar Azam,Fakhar Zaman,K Rabada,1,0,"",""
ball,1,8.2,Pakistan,Fakhar Zaman,Babar Azam,K Rabada,0,0,"",""
ball,1,8.3,Pakistan,Fakhar Zaman,Babar Azam,K Rabada,1,0,"",""
ball,1,8.4,Pakistan,Babar Azam,Fakhar Zaman,K Rabada,0,0,"",""
ball,1,8.5,Pakistan,Babar Azam,Fakhar Zaman,K Rabada,0,0,"",""
ball,1,8.6,Pakistan,Babar Azam,Fakhar Zaman,K Rabada,0,0,caught,Babar Azam
ball,1,9.1,Pakistan,Fakhar Zaman,Mohammad Hafeez,D Paterson,0,0,"",""
ball,1,9.2,Pakistan,Fakhar Zaman,Mohammad Hafeez,D Paterson,0,0,"",""
ball,1,9.3,Pakistan,Fakhar Zaman,Mohammad Hafeez,D Paterson,0,1,"",""
ball,1,9.4,Pakistan,Fakhar Zaman,Mohammad Hafeez,D Paterson,0,0,"",""
ball,1,9.5,Pakistan,Fakhar Zaman,Mohammad Hafeez,D Paterson,0,0,"",""
ball,1,9.6,Pakistan,Fakhar Zaman,Mohammad Hafeez,D Paterson,0,0,"",""
ball,1,9.7,Pakistan,Fakhar Zaman,Mohammad Hafeez,D Paterson,1,0,"",""
ball,1,10.1,Pakistan,Fakhar Zaman,Mohammad Hafeez,D Olivier,1,0,"",""
ball,1,10.2,Pakistan,Mohammad Hafeez,Fakhar Zaman,D Olivier,1,0,"",""
ball,1,10.3,Pakistan,Fakhar Zaman,Mohammad Hafeez,D Olivier,0,0,"",""
ball,1,10.4,Pakistan,Fakhar Zaman,Mohammad Hafeez,D Olivier,0,0,"",""
ball,1,10.5,Pakistan,Fakhar Zaman,Mohammad Hafeez,D Olivier,0,0,"",""
ball,1,10.6,Pakistan,Fakhar Zaman,Mohammad Hafeez,D Olivier,4,0,"",""
ball,1,11.1,Pakistan,Mohammad Hafeez,Fakhar Zaman,AL Phehlukwayo,0,0,"",""
ball,1,11.2,Pakistan,Mohammad Hafeez,Fakhar Zaman,AL Phehlukwayo,0,0,"",""
ball,1,11.3,Pakistan,Mohammad Hafeez,Fakhar Zaman,AL Phehlukwayo,1,0,"",""
ball,1,11.4,Pakistan,Fakhar Zaman,Mohammad Hafeez,AL Phehlukwayo,0,0,"",""
ball,1,11.5,Pakistan,Fakhar Zaman,Mohammad Hafeez,AL Phehlukwayo,0,0,"",""
ball,1,11.6,Pakistan,Fakhar Zaman,Mohammad Hafeez,AL Phehlukwayo,1,0,"",""
ball,1,12.1,Pakistan,Fakhar Zaman,Mohammad Hafeez,D Olivier,1,0,"",""
ball,1,12.2,Pakistan,Mohammad Hafeez,Fakhar Zaman,D Olivier,1,0,"",""
ball,1,12.3,Pakistan,Fakhar Zaman,Mohammad Hafeez,D Olivier,0,1,"",""
ball,1,12.4,Pakistan,Mohammad Hafeez,Fakhar Zaman,D Olivier,4,0,"",""
ball,1,12.5,Pakistan,Mohammad Hafeez,Fakhar Zaman,D Olivier,0,1,"",""
ball,1,12.6,Pakistan,Mohammad Hafeez,Fakhar Zaman,D Olivier,0,0,"",""
ball,1,12.7,Pakistan,Mohammad Hafeez,Fakhar Zaman,D Olivier,0,0,"",""
ball,1,13.1,Pakistan,Fakhar Zaman,Mohammad Hafeez,AL Phehlukwayo,0,0,"",""
ball,1,13.2,Pakistan,Fakhar Zaman,Mohammad Hafeez,AL Phehlukwayo,1,0,"",""
ball,1,13.3,Pakistan,Mohammad Hafeez,Fakhar Zaman,AL Phehlukwayo,2,0,"",""
ball,1,13.4,Pakistan,Mohammad Hafeez,Fakhar Zaman,AL Phehlukwayo,0,0,"",""
ball,1,13.5,Pakistan,Mohammad Hafeez,Fakhar Zaman,AL Phehlukwayo,0,0,caught,Mohammad Hafeez
ball,1,13.6,Pakistan,Shoaib Malik,Fakhar Zaman,AL Phehlukwayo,0,0,"",""
ball,1,14.1,Pakistan,Fakhar Zaman,Shoaib Malik,D Olivier,0,0,caught,Fakhar Zaman
ball,1,14.2,Pakistan,Shadab Khan,Shoaib Malik,D Olivier,0,0,"",""
ball,1,14.3,Pakistan,Shadab Khan,Shoaib Malik,D Olivier,0,0,"",""
ball,1,14.4,Pakistan,Shadab Khan,Shoaib Malik,D Olivier,0,0,"",""
ball,1,14.5,Pakistan,Shadab Khan,Shoaib Malik,D Olivier,0,0,"",""
ball,1,14.6,Pakistan,Shadab Khan,Shoaib Malik,D Olivier,2,0,"",""
ball,1,15.1,Pakistan,Shoaib Malik,Shadab Khan,AL Phehlukwayo,0,0,"",""
ball,1,15.2,Pakistan,Shoaib Malik,Shadab Khan,AL Phehlukwayo,0,0,"",""
ball,1,15.3,Pakistan,Shoaib Malik,Shadab Khan,AL Phehlukwayo,0,0,"",""
ball,1,15.4,Pakistan,Shoaib Malik,Shadab Khan,AL Phehlukwayo,0,0,"",""
ball,1,15.5,Pakistan,Shoaib Malik,Shadab Khan,AL Phehlukwayo,0,0,"",""
ball,1,15.6,Pakistan,Shoaib Malik,Shadab Khan,AL Phehlukwayo,0,0,"",""
ball,1,16.1,Pakistan,Shadab Khan,Shoaib Malik,D Olivier,2,0,"",""
ball,1,16.2,Pakistan,Shadab Khan,Shoaib Malik,D Olivier,0,0,"",""
ball,1,16.3,Pakistan,Shadab Khan,Shoaib Malik,D Olivier,1,0,"",""
ball,1,16.4,Pakistan,Shoaib Malik,Shadab Khan,D Olivier,1,0,"",""
ball,1,16.5,Pakistan,Shadab Khan,Shoaib Malik,D Olivier,0,0,"",""
ball,1,16.6,Pakistan,Shadab Khan,Shoaib Malik,D Olivier,1,0,"",""
ball,1,17.1,Pakistan,Shadab Khan,Shoaib Malik,AL Phehlukwayo,0,0,"",""
ball,1,17.2,Pakistan,Shadab Khan,Shoaib Malik,AL Phehlukwayo,0,0,"",""
ball,1,17.3,Pakistan,Shadab Khan,Shoaib Malik,AL Phehlukwayo,0,0,"",""
ball,1,17.4,Pakistan,Shadab Khan,Shoaib Malik,AL Phehlukwayo,0,0,"",""
ball,1,17.5,Pakistan,Shadab Khan,Shoaib Malik,AL Phehlukwayo,0,0,"",""
ball,1,17.6,Pakistan,Shadab Khan,Shoaib Malik,AL Phehlukwayo,0,0,"",""
ball,1,18.1,Pakistan,Shoaib Malik,Shadab Khan,D Olivier,1,0,"",""
ball,1,18.2,Pakistan,Shadab Khan,Shoaib Malik,D Olivier,6,0,"",""
ball,1,18.3,Pakistan,Shadab Khan,Shoaib Malik,D Olivier,4,0,"",""
ball,1,18.4,Pakistan,Shadab Khan,Shoaib Malik,D Olivier,0,0,"",""
ball,1,18.5,Pakistan,Shadab Khan,Shoaib Malik,D Olivier,0,0,"",""
ball,1,18.6,Pakistan,Shadab Khan,Shoaib Malik,D Olivier,1,0,"",""
ball,1,19.1,Pakistan,Shadab Khan,Shoaib Malik,AL Phehlukwayo,0,0,"",""
ball,1,19.2,Pakistan,Shadab Khan,Shoaib Malik,AL Phehlukwayo,0,0,"",""
ball,1,19.3,Pakistan,Shadab Khan,Shoaib Malik,AL Phehlukwayo,0,0,"",""
ball,1,19.4,Pakistan,Shadab Khan,Shoaib Malik,AL Phehlukwayo,1,0,"",""
ball,1,19.5,Pakistan,Shoaib Malik,Shadab Khan,AL Phehlukwayo,1,0,"",""
ball,1,19.6,Pakistan,Shadab Khan,Shoaib Malik,AL Phehlukwayo,0,0,"",""
ball,1,20.1,Pakistan,Shoaib Malik,Shadab Khan,K Rabada,1,0,"",""
ball,1,20.2,Pakistan,Shadab Khan,Shoaib Malik,K Rabada,0,0,"",""
ball,1,20.3,Pakistan,Shadab Khan,Shoaib Malik,K Rabada,0,0,"",""
ball,1,20.4,Pakistan,Shadab Khan,Shoaib Malik,K Rabada,0,0,"",""
ball,1,20.5,Pakistan,Shadab Khan,Shoaib Malik,K Rabada,0,0,"",""
ball,1,20.6,Pakistan,Shadab Khan,Shoaib Malik,K Rabada,0,0,"",""
ball,1,21.1,Pakistan,Shoaib Malik,Shadab Khan,T Shamsi,4,0,"",""
ball,1,21.2,Pakistan,Shoaib Malik,Shadab Khan,T Shamsi,1,0,"",""
ball,1,21.3,Pakistan,Shadab Khan,Shoaib Malik,T Shamsi,0,0,"",""
ball,1,21.4,Pakistan,Shadab Khan,Shoaib Malik,T Shamsi,0,0,caught,Shadab Khan
ball,1,21.5,Pakistan,Shoaib Malik,Hussain Talat,T Shamsi,1,0,"",""
ball,1,21.6,Pakistan,Hussain Talat,Shoaib Malik,T Shamsi,1,0,"",""
ball,1,22.1,Pakistan,Hussain Talat,Shoaib Malik,K Rabada,0,0,"",""
ball,1,22.2,Pakistan,Hussain Talat,Shoaib Malik,K Rabada,0,0,"",""
ball,1,22.3,Pakistan,Hussain Talat,Shoaib Malik,K Rabada,0,0,"",""
ball,1,22.4,Pakistan,Hussain Talat,Shoaib Malik,K Rabada,0,0,"",""
ball,1,22.5,Pakistan,Hussain Talat,Shoaib Malik,K Rabada,0,0,"",""
ball,1,22.6,Pakistan,Hussain Talat,Shoaib Malik,K Rabada,0,0,"",""
ball,1,23.1,Pakistan,Shoaib Malik,Hussain Talat,T Shamsi,0,0,"",""
ball,1,23.2,Pakistan,Shoaib Malik,Hussain Talat,T Shamsi,0,0,"",""
ball,1,23.3,Pakistan,Shoaib Malik,Hussain Talat,T Shamsi,0,0,"",""
ball,1,23.4,Pakistan,Shoaib Malik,Hussain Talat,T Shamsi,0,0,"",""
ball,1,23.5,Pakistan,Shoaib Malik,Hussain Talat,T Shamsi,2,0,"",""
ball,1,23.6,Pakistan,Shoaib Malik,Hussain Talat,T Shamsi,0,0,"",""
ball,1,24.1,Pakistan,Hussain Talat,Shoaib Malik,D Paterson,0,0,"",""
ball,1,24.2,Pakistan,Hussain Talat,Shoaib Malik,D Paterson,0,0,"",""
ball,1,24.3,Pakistan,Hussain Talat,Shoaib Malik,D Paterson,0,0,"",""
ball,1,24.4,Pakistan,Hussain Talat,Shoaib Malik,D Paterson,1,0,"",""
ball,1,24.5,Pakistan,Shoaib Malik,Hussain Talat,D Paterson,0,0,"",""
ball,1,24.6,Pakistan,Shoaib Malik,Hussain Talat,D Paterson,2,0,"",""
ball,1,25.1,Pakistan,Hussain Talat,Shoaib Malik,T Shamsi,0,0,"",""
ball,1,25.2,Pakistan,Hussain Talat,Shoaib Malik,T Shamsi,0,0,"",""
ball,1,25.3,Pakistan,Hussain Talat,Shoaib Malik,T Shamsi,0,0,stumped,Hussain Talat
ball,1,25.4,Pakistan,Sarfraz Ahmed,Shoaib Malik,T Shamsi,0,0,"",""
ball,1,25.5,Pakistan,Sarfraz Ahmed,Shoaib Malik,T Shamsi,0,0,"",""
ball,1,25.6,Pakistan,Sarfraz Ahmed,Shoaib Malik,T Shamsi,1,0,"",""
ball,1,26.1,Pakistan,Sarfraz Ahmed,Shoaib Malik,D Paterson,0,0,"",""
ball,1,26.2,Pakistan,Sarfraz Ahmed,Shoaib Malik,D Paterson,0,0,"",""
ball,1,26.3,Pakistan,Sarfraz Ahmed,Shoaib Malik,D Paterson,1,0,"",""
ball,1,26.4,Pakistan,Shoaib Malik,Sarfraz Ahmed,D Paterson,1,0,"",""
ball,1,26.5,Pakistan,Sarfraz Ahmed,Shoaib Malik,D Paterson,1,0,"",""
ball,1,26.6,Pakistan,Shoaib Malik,Sarfraz Ahmed,D Paterson,1,0,"",""
ball,1,27.1,Pakistan,Shoaib Malik,Sarfraz Ahmed,T Shamsi,0,0,"",""
ball,1,27.2,Pakistan,Shoaib Malik,Sarfraz Ahmed,T Shamsi,1,0,"",""
ball,1,27.3,Pakistan,Sarfraz Ahmed,Shoaib Malik,T Shamsi,0,0,"",""
ball,1,27.4,Pakistan,Sarfraz Ahmed,Shoaib Malik,T Shamsi,1,0,"",""
ball,1,27.5,Pakistan,Shoaib Malik,Sarfraz Ahmed,T Shamsi,1,0,"",""
ball,1,27.6,Pakistan,Sarfraz Ahmed,Shoaib Malik,T Shamsi,1,0,"",""
ball,1,28.1,Pakistan,Sarfraz Ahmed,Shoaib Malik,AL Phehlukwayo,0,0,"",""
ball,1,28.2,Pakistan,Sarfraz Ahmed,Shoaib Malik,AL Phehlukwayo,0,0,"",""
ball,1,28.3,Pakistan,Sarfraz Ahmed,Shoaib Malik,AL Phehlukwayo,0,0,"",""
ball,1,28.4,Pakistan,Sarfraz Ahmed,Shoaib Malik,AL Phehlukwayo,1,0,"",""
ball,1,28.5,Pakistan,Shoaib Malik,Sarfraz Ahmed,AL Phehlukwayo,0,0,"",""
ball,1,28.6,Pakistan,Shoaib Malik,Sarfraz Ahmed,AL Phehlukwayo,0,0,"",""
ball,1,29.1,Pakistan,Sarfraz Ahmed,Shoaib Malik,T Shamsi,0,0,"",""
ball,1,29.2,Pakistan,Sarfraz Ahmed,Shoaib Malik,T Shamsi,0,0,"",""
ball,1,29.3,Pakistan,Sarfraz Ahmed,Shoaib Malik,T Shamsi,1,0,"",""
ball,1,29.4,Pakistan,Shoaib Malik,Sarfraz Ahmed,T Shamsi,0,0,"",""
ball,1,29.5,Pakistan,Shoaib Malik,Sarfraz Ahmed,T Shamsi,2,0,"",""
ball,1,29.6,Pakistan,Shoaib Malik,Sarfraz Ahmed,T Shamsi,1,0,"",""
ball,1,30.1,Pakistan,Shoaib Malik,Sarfraz Ahmed,AL Phehlukwayo,0,0,"",""
ball,1,30.2,Pakistan,Shoaib Malik,Sarfraz Ahmed,AL Phehlukwayo,0,1,"",""
ball,1,30.3,Pakistan,Shoaib Malik,Sarfraz Ahmed,AL Phehlukwayo,0,0,caught,Shoaib Malik
ball,1,30.4,Pakistan,Faheem Ashraf,Sarfraz Ahmed,AL Phehlukwayo,0,0,"",""
ball,1,30.5,Pakistan,Faheem Ashraf,Sarfraz Ahmed,AL Phehlukwayo,0,0,"",""
ball,1,30.6,Pakistan,Faheem Ashraf,Sarfraz Ahmed,AL Phehlukwayo,0,0,"",""
ball,1,30.7,Pakistan,Faheem Ashraf,Sarfraz Ahmed,AL Phehlukwayo,0,0,"",""
ball,1,31.1,Pakistan,Sarfraz Ahmed,Faheem Ashraf,T Shamsi,4,0,"",""
ball,1,31.2,Pakistan,Sarfraz Ahmed,Faheem Ashraf,T Shamsi,0,0,"",""
ball,1,31.3,Pakistan,Sarfraz Ahmed,Faheem Ashraf,T Shamsi,0,0,"",""
ball,1,31.4,Pakistan,Sarfraz Ahmed,Faheem Ashraf,T Shamsi,0,0,"",""
ball,1,31.5,Pakistan,Sarfraz Ahmed,Faheem Ashraf,T Shamsi,1,0,"",""
ball,1,31.6,Pakistan,Faheem Ashraf,Sarfraz Ahmed,T Shamsi,0,0,lbw,Faheem Ashraf
ball,1,32.1,Pakistan,Sarfraz Ahmed,Hasan Ali,AL Phehlukwayo,1,0,"",""
ball,1,32.2,Pakistan,Hasan Ali,Sarfraz Ahmed,AL Phehlukwayo,0,0,"",""
ball,1,32.3,Pakistan,Hasan Ali,Sarfraz Ahmed,AL Phehlukwayo,0,0,"",""
ball,1,32.4,Pakistan,Hasan Ali,Sarfraz Ahmed,AL Phehlukwayo,0,0,"",""
ball,1,32.5,Pakistan,Hasan Ali,Sarfraz Ahmed,AL Phehlukwayo,0,0,"",""
ball,1,32.6,Pakistan,Hasan Ali,Sarfraz Ahmed,AL Phehlukwayo,0,0,"",""
ball,1,33.1,Pakistan,Sarfraz Ahmed,Hasan Ali,T Shamsi,0,0,"",""
ball,1,33.2,Pakistan,Sarfraz Ahmed,Hasan Ali,T Shamsi,1,0,"",""
ball,1,33.3,Pakistan,Hasan Ali,Sarfraz Ahmed,T Shamsi,1,0,"",""
ball,1,33.4,Pakistan,Sarfraz Ahmed,Hasan Ali,T Shamsi,1,0,"",""
ball,1,33.5,Pakistan,Hasan Ali,Sarfraz Ahmed,T Shamsi,1,0,"",""
ball,1,33.6,Pakistan,Sarfraz Ahmed,Hasan Ali,T Shamsi,1,0,"",""
ball,1,34.1,Pakistan,Sarfraz Ahmed,Hasan Ali,AL Phehlukwayo,0,0,"",""
ball,1,34.2,Pakistan,Sarfraz Ahmed,Hasan Ali,AL Phehlukwayo,0,0,"",""
ball,1,34.3,Pakistan,Sarfraz Ahmed,Hasan Ali,AL Phehlukwayo,1,0,"",""
ball,1,34.4,Pakistan,Hasan Ali,Sarfraz Ahmed,AL Phehlukwayo,0,0,"",""
ball,1,34.5,Pakistan,Hasan Ali,Sarfraz Ahmed,AL Phehlukwayo,4,0,"",""
ball,1,34.6,Pakistan,Hasan Ali,Sarfraz Ahmed,AL Phehlukwayo,6,0,"",""
ball,1,35.1,Pakistan,Sarfraz Ahmed,Hasan Ali,T Shamsi,1,0,"",""
ball,1,35.2,Pakistan,Hasan Ali,Sarfraz Ahmed,T Shamsi,2,0,"",""
ball,1,35.3,Pakistan,Hasan Ali,Sarfraz Ahmed,T Shamsi,4,0,"",""
ball,1,35.4,Pakistan,Hasan Ali,Sarfraz Ahmed,T Shamsi,2,0,"",""
ball,1,35.5,Pakistan,Hasan Ali,Sarfraz Ahmed,T Shamsi,6,0,"",""
ball,1,35.6,Pakistan,Hasan Ali,Sarfraz Ahmed,T Shamsi,0,0,"",""
ball,1,36.1,Pakistan,Sarfraz Ahmed,Hasan Ali,D Olivier,2,0,"",""
ball,1,36.2,Pakistan,Sarfraz Ahmed,Hasan Ali,D Olivier,1,0,"",""
ball,1,36.3,Pakistan,Hasan Ali,Sarfraz Ahmed,D Olivier,1,0,"",""
ball,1,36.4,Pakistan,Sarfraz Ahmed,Hasan Ali,D Olivier,1,0,"",""
ball,1,36.5,Pakistan,Hasan Ali,Sarfraz Ahmed,D Olivier,0,0,"",""
ball,1,36.6,Pakistan,Hasan Ali,Sarfraz Ahmed,D Olivier,0,0,"",""
ball,1,37.1,Pakistan,Sarfraz Ahmed,Hasan Ali,K Rabada,0,0,"",""
ball,1,37.2,Pakistan,Sarfraz Ahmed,Hasan Ali,K Rabada,1,0,"",""
ball,1,37.3,Pakistan,Hasan Ali,Sarfraz Ahmed,K Rabada,6,0,"",""
ball,1,37.4,Pakistan,Hasan Ali,Sarfraz Ahmed,K Rabada,2,0,"",""
ball,1,37.5,Pakistan,Hasan Ali,Sarfraz Ahmed,K Rabada,0,0,"",""
ball,1,37.6,Pakistan,Hasan Ali,Sarfraz Ahmed,K Rabada,0,0,"",""
ball,1,38.1,Pakistan,Sarfraz Ahmed,Hasan Ali,D Olivier,0,0,"",""
ball,1,38.2,Pakistan,Sarfraz Ahmed,Hasan Ali,D Olivier,1,0,"",""
ball,1,38.3,Pakistan,Hasan Ali,Sarfraz Ahmed,D Olivier,2,0,"",""
ball,1,38.4,Pakistan,Hasan Ali,Sarfraz Ahmed,D Olivier,1,0,"",""
ball,1,38.5,Pakistan,Sarfraz Ahmed,Hasan Ali,D Olivier,0,0,"",""
ball,1,38.6,Pakistan,Sarfraz Ahmed,Hasan Ali,D Olivier,1,0,"",""
ball,1,39.1,Pakistan,Sarfraz Ahmed,Hasan Ali,K Rabada,0,0,"",""
ball,1,39.2,Pakistan,Sarfraz Ahmed,Hasan Ali,K Rabada,0,0,"",""
ball,1,39.3,Pakistan,Sarfraz Ahmed,Hasan Ali,K Rabada,1,0,"",""
ball,1,39.4,Pakistan,Hasan Ali,Sarfraz Ahmed,K Rabada,1,0,"",""
ball,1,39.5,Pakistan,Sarfraz Ahmed,Hasan Ali,K Rabada,0,0,"",""
ball,1,39.6,Pakistan,Sarfraz Ahmed,Hasan Ali,K Rabada,0,0,"",""
ball,1,40.1,Pakistan,Hasan Ali,Sarfraz Ahmed,T Shamsi,1,0,"",""
ball,1,40.2,Pakistan,Sarfraz Ahmed,Hasan Ali,T Shamsi,3,0,"",""
ball,1,40.3,Pakistan,Hasan Ali,Sarfraz Ahmed,T Shamsi,1,0,"",""
ball,1,40.4,Pakistan,Sarfraz Ahmed,Hasan Ali,T Shamsi,0,1,"",""
ball,1,40.5,Pakistan,Sarfraz Ahmed,Hasan Ali,T Shamsi,1,0,"",""
ball,1,40.6,Pakistan,Hasan Ali,Sarfraz Ahmed,T Shamsi,0,0,"",""
ball,1,40.7,Pakistan,Hasan Ali,Sarfraz Ahmed,T Shamsi,0,0,"",""
ball,1,41.1,Pakistan,Sarfraz Ahmed,Hasan Ali,D Olivier,1,0,"",""
ball,1,41.2,Pakistan,Hasan Ali,Sarfraz Ahmed,D Olivier,1,0,"",""
ball,1,41.3,Pakistan,Sarfraz Ahmed,Hasan Ali,D Olivier,1,0,"",""
ball,1,41.4,Pakistan,Hasan Ali,Sarfraz Ahmed,D Olivier,1,0,"",""
ball,1,41.5,Pakistan,Sarfraz Ahmed,Hasan Ali,D Olivier,1,0,"",""
ball,1,41.6,Pakistan,Hasan Ali,Sarfraz Ahmed,D Olivier,0,0,"",""
ball,1,42.1,Pakistan,Sarfraz Ahmed,Hasan Ali,T Shamsi,0,1,"",""
ball,1,42.2,Pakistan,Hasan Ali,Sarfraz Ahmed,T Shamsi,0,0,"",""
ball,1,42.3,Pakistan,Hasan Ali,Sarfraz Ahmed,T Shamsi,4,0,"",""
ball,1,42.4,Pakistan,Hasan Ali,Sarfraz Ahmed,T Shamsi,1,0,"",""
ball,1,42.5,Pakistan,Sarfraz Ahmed,Hasan Ali,T Shamsi,0,0,"",""
ball,1,42.6,Pakistan,Sarfraz Ahmed,Hasan Ali,T Shamsi,1,0,"",""
ball,1,43.1,Pakistan,Sarfraz Ahmed,Hasan Ali,D Olivier,0,0,"",""
ball,1,43.2,Pakistan,Sarfraz Ahmed,Hasan Ali,D Olivier,1,0,"",""
ball,1,43.3,Pakistan,Hasan Ali,Sarfraz Ahmed,D Olivier,0,0,"",""
ball,1,43.4,Pakistan,Hasan Ali,Sarfraz Ahmed,D Olivier,1,0,"",""
ball,1,43.5,Pakistan,Sarfraz Ahmed,Hasan Ali,D Olivier,1,0,"",""
ball,1,43.6,Pakistan,Hasan Ali,Sarfraz Ahmed,D Olivier,1,0,"",""
ball,1,44.1,Pakistan,Hasan Ali,Sarfraz Ahmed,D Paterson,1,0,"",""
ball,1,44.2,Pakistan,Sarfraz Ahmed,Hasan Ali,D Paterson,4,0,"",""
ball,1,44.3,Pakistan,Sarfraz Ahmed,Hasan Ali,D Paterson,1,0,"",""
ball,1,44.4,Pakistan,Hasan Ali,Sarfraz Ahmed,D Paterson,4,0,"",""
ball,1,44.5,Pakistan,Hasan Ali,Sarfraz Ahmed,D Paterson,4,0,"",""
ball,1,44.6,Pakistan,Hasan Ali,Sarfraz Ahmed,D Paterson,0,0,"",""
ball,1,45.1,Pakistan,Sarfraz Ahmed,Hasan Ali,AL Phehlukwayo,0,0,bowled,Sarfraz Ahmed
ball,1,45.2,Pakistan,Shaheen Shah Afridi,Hasan Ali,AL Phehlukwayo,1,0,"",""
ball,1,45.3,Pakistan,Hasan Ali,Shaheen Shah Afridi,AL Phehlukwayo,0,0,"",""
ball,1,45.4,Pakistan,Hasan Ali,Shaheen Shah Afridi,AL Phehlukwayo,0,0,"",""
ball,1,45.5,Pakistan,Hasan Ali,Shaheen Shah Afridi,AL Phehlukwayo,0,0,caught,Hasan Ali
ball,2,0.1,South Africa,RR Hendricks,HM Amla,Faheem Ashraf,0,0,"",""
ball,2,0.2,South Africa,RR Hendricks,HM Amla,Faheem Ashraf,4,0,"",""
ball,2,0.3,South Africa,RR Hendricks,HM Amla,Faheem Ashraf,0,0,"",""
ball,2,0.4,South Africa,RR Hendricks,HM Amla,Faheem Ashraf,0,0,"",""
ball,2,0.5,South Africa,RR Hendricks,HM Amla,Faheem Ashraf,0,0,"",""
ball,2,0.6,South Africa,RR Hendricks,HM Amla,Faheem Ashraf,0,0,"",""
ball,2,1.1,South Africa,HM Amla,RR Hendricks,Shaheen Shah Afridi,0,0,"",""
ball,2,1.2,South Africa,HM Amla,RR Hendricks,Shaheen Shah Afridi,4,0,"",""
ball,2,1.3,South Africa,HM Amla,RR Hendricks,Shaheen Shah Afridi,0,0,"",""
ball,2,1.4,South Africa,HM Amla,RR Hendricks,Shaheen Shah Afridi,4,0,"",""
ball,2,1.5,South Africa,HM Amla,RR Hendricks,Shaheen Shah Afridi,0,0,bowled,HM Amla
ball,2,1.6,South Africa,HE van der Dussen,RR Hendricks,Shaheen Shah Afridi,0,0,"",""
ball,2,2.1,South Africa,RR Hendricks,HE van der Dussen,Faheem Ashraf,1,0,"",""
ball,2,2.2,South Africa,HE van der Dussen,RR Hendricks,Faheem Ashraf,0,0,"",""
ball,2,2.3,South Africa,HE van der Dussen,RR Hendricks,Faheem Ashraf,2,0,"",""
ball,2,2.4,South Africa,HE van der Dussen,RR Hendricks,Faheem Ashraf,0,0,"",""
ball,2,2.5,South Africa,HE van der Dussen,RR Hendricks,Faheem Ashraf,0,0,"",""
ball,2,2.6,South Africa,HE van der Dussen,RR Hendricks,Faheem Ashraf,0,0,"",""
ball,2,3.1,South Africa,RR Hendricks,HE van der Dussen,Shaheen Shah Afridi,0,0,"",""
ball,2,3.2,South Africa,RR Hendricks,HE van der Dussen,Shaheen Shah Afridi,0,0,caught,RR Hendricks
ball,2,3.3,South Africa,F du Plessis,HE van der Dussen,Shaheen Shah Afridi,0,0,"",""
ball,2,3.4,South Africa,F du Plessis,HE van der Dussen,Shaheen Shah Afridi,4,0,"",""
ball,2,3.5,South Africa,F du Plessis,HE van der Dussen,Shaheen Shah Afridi,0,0,"",""
ball,2,3.6,South Africa,F du Plessis,HE van der Dussen,Shaheen Shah Afridi,0,0,"",""
ball,2,4.1,South Africa,HE van der Dussen,F du Plessis,Faheem Ashraf,4,0,"",""
ball,2,4.2,South Africa,HE van der Dussen,F du Plessis,Faheem Ashraf,0,0,"",""
ball,2,4.3,South Africa,HE van der Dussen,F du Plessis,Faheem Ashraf,1,0,"",""
ball,2,4.4,South Africa,F du Plessis,HE van der Dussen,Faheem Ashraf,0,0,"",""
ball,2,4.5,South Africa,F du Plessis,HE van der Dussen,Faheem Ashraf,4,0,"",""
ball,2,4.6,South Africa,F du Plessis,HE van der Dussen,Faheem Ashraf,0,0,"",""
ball,2,5.1,South Africa,HE van der Dussen,F du Plessis,Shaheen Shah Afridi,0,0,"",""
ball,2,5.2,South Africa,HE van der Dussen,F du Plessis,Shaheen Shah Afridi,1,0,"",""
ball,2,5.3,South Africa,F du Plessis,HE van der Dussen,Shaheen Shah Afridi,0,0,caught,F du Plessis
ball,2,5.4,South Africa,DA Miller,HE van der Dussen,Shaheen Shah Afridi,0,0,"",""
ball,2,5.5,South Africa,DA Miller,HE van der Dussen,Shaheen Shah Afridi,0,0,"",""
ball,2,5.6,South Africa,DA Miller,HE van der Dussen,Shaheen Shah Afridi,0,0,"",""
ball,2,6.1,South Africa,HE van der Dussen,DA Miller,Faheem Ashraf,0,0,"",""
ball,2,6.2,South Africa,HE van der Dussen,DA Miller,Faheem Ashraf,0,0,"",""
ball,2,6.3,South Africa,HE van der Dussen,DA Miller,Faheem Ashraf,1,0,"",""
ball,2,6.4,South Africa,DA Miller,HE van der Dussen,Faheem Ashraf,4,0,"",""
ball,2,6.5,South Africa,DA Miller,HE van der Dussen,Faheem Ashraf,0,0,"",""
ball,2,6.6,South Africa,DA Miller,HE van der Dussen,Faheem Ashraf,2,0,"",""
ball,2,7.1,South Africa,HE van der Dussen,DA Miller,Shaheen Shah Afridi,0,0,"",""
ball,2,7.2,South Africa,HE van der Dussen,DA Miller,Shaheen Shah Afridi,0,0,"",""
ball,2,7.3,South Africa,HE van der Dussen,DA Miller,Shaheen Shah Afridi,0,0,"",""
ball,2,7.4,South Africa,HE van der Dussen,DA Miller,Shaheen Shah Afridi,0,0,"",""
ball,2,7.5,South Africa,HE van der Dussen,DA Miller,Shaheen Shah Afridi,1,0,"",""
ball,2,7.6,South Africa,DA Miller,HE van der Dussen,Shaheen Shah Afridi,4,0,"",""
ball,2,8.1,South Africa,HE van der Dussen,DA Miller,Mohammad Hafeez,0,0,"",""
ball,2,8.2,South Africa,HE van der Dussen,DA Miller,Mohammad Hafeez,1,0,"",""
ball,2,8.3,South Africa,DA Miller,HE van der Dussen,Mohammad Hafeez,1,0,"",""
ball,2,8.4,South Africa,HE van der Dussen,DA Miller,Mohammad Hafeez,1,0,"",""
ball,2,8.5,South Africa,DA Miller,HE van der Dussen,Mohammad Hafeez,1,0,"",""
ball,2,8.6,South Africa,HE van der Dussen,DA Miller,Mohammad Hafeez,0,0,"",""
ball,2,9.1,South Africa,DA Miller,HE van der Dussen,Shaheen Shah Afridi,1,0,"",""
ball,2,9.2,South Africa,HE van der Dussen,DA Miller,Shaheen Shah Afridi,4,0,"",""
ball,2,9.3,South Africa,HE van der Dussen,DA Miller,Shaheen Shah Afridi,1,0,"",""
ball,2,9.4,South Africa,DA Miller,HE van der Dussen,Shaheen Shah Afridi,1,0,"",""
ball,2,9.5,South Africa,HE van der Dussen,DA Miller,Shaheen Shah Afridi,0,0,"",""
ball,2,9.6,South Africa,HE van der Dussen,DA Miller,Shaheen Shah Afridi,0,0,"",""
ball,2,10.1,South Africa,DA Miller,HE van der Dussen,Mohammad Hafeez,0,0,"",""
ball,2,10.2,South Africa,DA Miller,HE van der Dussen,Mohammad Hafeez,0,0,"",""
ball,2,10.3,South Africa,DA Miller,HE van der Dussen,Mohammad Hafeez,1,0,"",""
ball,2,10.4,South Africa,HE van der Dussen,DA Miller,Mohammad Hafeez,0,0,"",""
ball,2,10.5,South Africa,HE van der Dussen,DA Miller,Mohammad Hafeez,1,0,"",""
ball,2,10.6,South Africa,DA Miller,HE van der Dussen,Mohammad Hafeez,0,0,"",""
ball,2,11.1,South Africa,HE van der Dussen,DA Miller,Hasan Ali,4,0,"",""
ball,2,11.2,South Africa,HE van der Dussen,DA Miller,Hasan Ali,0,0,"",""
ball,2,11.3,South Africa,HE van der Dussen,DA Miller,Hasan Ali,0,0,"",""
ball,2,11.4,South Africa,HE van der Dussen,DA Miller,Hasan Ali,0,0,"",""
ball,2,11.5,South Africa,HE van der Dussen,DA Miller,Hasan Ali,0,0,"",""
ball,2,11.6,South Africa,HE van der Dussen,DA Miller,Hasan Ali,3,0,"",""
ball,2,12.1,South Africa,HE van der Dussen,DA Miller,Mohammad Hafeez,1,0,"",""
ball,2,12.2,South Africa,DA Miller,HE van der Dussen,Mohammad Hafeez,4,0,"",""
ball,2,12.3,South Africa,DA Miller,HE van der Dussen,Mohammad Hafeez,2,0,"",""
ball,2,12.4,South Africa,DA Miller,HE van der Dussen,Mohammad Hafeez,0,0,"",""
ball,2,12.5,South Africa,DA Miller,HE van der Dussen,Mohammad Hafeez,0,0,"",""
ball,2,12.6,South Africa,DA Miller,HE van der Dussen,Mohammad Hafeez,1,0,"",""
ball,2,13.1,South Africa,DA Miller,HE van der Dussen,Hasan Ali,4,0,"",""
ball,2,13.2,South Africa,DA Miller,HE van der Dussen,Hasan Ali,0,0,"",""
ball,2,13.3,South Africa,DA Miller,HE van der Dussen,Hasan Ali,0,0,"",""
ball,2,13.4,South Africa,DA Miller,HE van der Dussen,Hasan Ali,1,0,"",""
ball,2,13.5,South Africa,HE van der Dussen,DA Miller,Hasan Ali,1,0,"",""
ball,2,13.6,South Africa,DA Miller,HE van der Dussen,Hasan Ali,4,0,"",""
ball,2,14.1,South Africa,HE van der Dussen,DA Miller,Shadab Khan,1,0,"",""
ball,2,14.2,South Africa,DA Miller,HE van der Dussen,Shadab Khan,0,0,caught,DA Miller
ball,2,14.3,South Africa,H Klaasen,HE van der Dussen,Shadab Khan,0,0,bowled,H Klaasen
ball,2,14.4,South Africa,AL Phehlukwayo,HE van der Dussen,Shadab Khan,0,0,"",""
ball,2,14.5,South Africa,AL Phehlukwayo,HE van der Dussen,Shadab Khan,4,0,"",""
ball,2,14.6,South Africa,AL Phehlukwayo,HE van der Dussen,Shadab Khan,0,0,"",""
ball,2,15.1,South Africa,HE van der Dussen,AL Phehlukwayo,Hasan Ali,0,0,"",""
ball,2,15.2,South Africa,HE van der Dussen,AL Phehlukwayo,Hasan Ali,1,0,"",""
ball,2,15.3,South Africa,AL Phehlukwayo,HE van der Dussen,Hasan Ali,0,0,"",""
ball,2,15.4,South Africa,AL Phehlukwayo,HE van der Dussen,Hasan Ali,1,0,"",""
ball,2,15.5,South Africa,HE van der Dussen,AL Phehlukwayo,Hasan Ali,0,0,"",""
ball,2,15.6,South Africa,HE van der Dussen,AL Phehlukwayo,Hasan Ali,0,0,"",""
ball,2,16.1,South Africa,AL Phehlukwayo,HE van der Dussen,Shadab Khan,0,0,"",""
ball,2,16.2,South Africa,AL Phehlukwayo,HE van der Dussen,Shadab Khan,0,0,"",""
ball,2,16.3,South Africa,AL Phehlukwayo,HE van der Dussen,Shadab Khan,0,0,"",""
ball,2,16.4,South Africa,AL Phehlukwayo,HE van der Dussen,Shadab Khan,1,0,"",""
ball,2,16.5,South Africa,HE van der Dussen,AL Phehlukwayo,Shadab Khan,0,0,"",""
ball,2,16.6,South Africa,HE van der Dussen,AL Phehlukwayo,Shadab Khan,1,0,"",""
ball,2,17.1,South Africa,HE van der Dussen,AL Phehlukwayo,Hasan Ali,0,0,"",""
ball,2,17.2,South Africa,HE van der Dussen,AL Phehlukwayo,Hasan Ali,1,0,"",""
ball,2,17.3,South Africa,AL Phehlukwayo,HE van der Dussen,Hasan Ali,0,0,"",""
ball,2,17.4,South Africa,AL Phehlukwayo,HE van der Dussen,Hasan Ali,1,0,"",""
ball,2,17.5,South Africa,HE van der Dussen,AL Phehlukwayo,Hasan Ali,2,0,"",""
ball,2,17.6,South Africa,HE van der Dussen,AL Phehlukwayo,Hasan Ali,0,0,"",""
ball,2,18.1,South Africa,AL Phehlukwayo,HE van der Dussen,Shadab Khan,0,0,"",""
ball,2,18.2,South Africa,AL Phehlukwayo,HE van der Dussen,Shadab Khan,0,0,"",""
ball,2,18.3,South Africa,AL Phehlukwayo,HE van der Dussen,Shadab Khan,0,0,"",""
ball,2,18.4,South Africa,AL Phehlukwayo,HE van der Dussen,Shadab Khan,0,0,"",""
ball,2,18.5,South Africa,AL Phehlukwayo,HE van der Dussen,Shadab Khan,0,0,"",""
ball,2,18.6,South Africa,AL Phehlukwayo,HE van der Dussen,Shadab Khan,1,0,"",""
ball,2,19.1,South Africa,AL Phehlukwayo,HE van der Dussen,Mohammad Hafeez,1,0,"",""
ball,2,19.2,South Africa,HE van der Dussen,AL Phehlukwayo,Mohammad Hafeez,0,0,"",""
ball,2,19.3,South Africa,HE van der Dussen,AL Phehlukwayo,Mohammad Hafeez,0,0,"",""
ball,2,19.4,South Africa,HE van der Dussen,AL Phehlukwayo,Mohammad Hafeez,1,0,"",""
ball,2,19.5,South Africa,AL Phehlukwayo,HE van der Dussen,Mohammad Hafeez,1,0,"",""
ball,2,19.6,South Africa,HE van der Dussen,AL Phehlukwayo,Mohammad Hafeez,0,0,"",""
ball,2,20.1,South Africa,AL Phehlukwayo,HE van der Dussen,Shadab Khan,1,0,"",""
ball,2,20.2,South Africa,HE van der Dussen,AL Phehlukwayo,Shadab Khan,0,0,"",""
ball,2,20.3,South Africa,HE van der Dussen,AL Phehlukwayo,Shadab Khan,0,0,"",""
ball,2,20.4,South Africa,HE van der Dussen,AL Phehlukwayo,Shadab Khan,0,0,"",""
ball,2,20.5,South Africa,HE van der Dussen,AL Phehlukwayo,Shadab Khan,1,0,"",""
ball,2,20.6,South Africa,AL Phehlukwayo,HE van der Dussen,Shadab Khan,0,0,"",""
ball,2,21.1,South Africa,HE van der Dussen,AL Phehlukwayo,Mohammad Hafeez,0,0,"",""
ball,2,21.2,South Africa,HE van der Dussen,AL Phehlukwayo,Mohammad Hafeez,4,0,"",""
ball,2,21.3,South Africa,HE van der Dussen,AL Phehlukwayo,Mohammad Hafeez,1,0,"",""
ball,2,21.4,South Africa,AL Phehlukwayo,HE van der Dussen,Mohammad Hafeez,1,0,"",""
ball,2,21.5,South Africa,HE van der Dussen,AL Phehlukwayo,Mohammad Hafeez,0,0,"",""
ball,2,21.6,South Africa,HE van der Dussen,AL Phehlukwayo,Mohammad Hafeez,0,0,"",""
ball,2,22.1,South Africa,AL Phehlukwayo,HE van der Dussen,Shadab Khan,1,0,"",""
ball,2,22.2,South Africa,HE van der Dussen,AL Phehlukwayo,Shadab Khan,0,0,"",""
ball,2,22.3,South Africa,HE van der Dussen,AL Phehlukwayo,Shadab Khan,4,0,"",""
ball,2,22.4,South Africa,HE van der Dussen,AL Phehlukwayo,Shadab Khan,0,0,"",""
ball,2,22.5,South Africa,HE van der Dussen,AL Phehlukwayo,Shadab Khan,0,0,"",""
ball,2,22.6,South Africa,HE van der Dussen,AL Phehlukwayo,Shadab Khan,1,0,"",""
ball,2,23.1,South Africa,HE van der Dussen,AL Phehlukwayo,Mohammad Hafeez,0,0,"",""
ball,2,23.2,South Africa,HE van der Dussen,AL Phehlukwayo,Mohammad Hafeez,1,0,"",""
ball,2,23.3,South Africa,AL Phehlukwayo,HE van der Dussen,Mohammad Hafeez,0,0,"",""
ball,2,23.4,South Africa,AL Phehlukwayo,HE van der Dussen,Mohammad Hafeez,6,0,"",""
ball,2,23.5,South Africa,AL Phehlukwayo,HE van der Dussen,Mohammad Hafeez,0,0,"",""
ball,2,23.6,South Africa,AL Phehlukwayo,HE van der Dussen,Mohammad Hafeez,6,0,"",""
ball,2,24.1,South Africa,HE van der Dussen,AL Phehlukwayo,Shaheen Shah Afridi,1,0,"",""
ball,2,24.2,South Africa,AL Phehlukwayo,HE van der Dussen,Shaheen Shah Afridi,1,0,"",""
ball,2,24.3,South Africa,HE van der Dussen,AL Phehlukwayo,Shaheen Shah Afridi,0,0,"",""
ball,2,24.4,South Africa,HE van der Dussen,AL Phehlukwayo,Shaheen Shah Afridi,0,0,"",""
ball,2,24.5,South Africa,HE van der Dussen,AL Phehlukwayo,Shaheen Shah Afridi,0,0,"",""
ball,2,24.6,South Africa,HE van der Dussen,AL Phehlukwayo,Shaheen Shah Afridi,1,0,"",""
ball,2,25.1,South Africa,HE van der Dussen,AL Phehlukwayo,Hasan Ali,0,0,"",""
ball,2,25.2,South Africa,HE van der Dussen,AL Phehlukwayo,Hasan Ali,0,0,"",""
ball,2,25.3,South Africa,HE van der Dussen,AL Phehlukwayo,Hasan Ali,0,0,"",""
ball,2,25.4,South Africa,HE van der Dussen,AL Phehlukwayo,Hasan Ali,0,0,"",""
ball,2,25.5,South Africa,HE van der Dussen,AL Phehlukwayo,Hasan Ali,1,0,"",""
ball,2,25.6,South Africa,AL Phehlukwayo,HE van der Dussen,Hasan Ali,0,0,"",""
ball,2,26.1,South Africa,HE van der Dussen,AL Phehlukwayo,Shaheen Shah Afridi,0,0,"",""
ball,2,26.2,South Africa,HE van der Dussen,AL Phehlukwayo,Shaheen Shah Afridi,0,0,"",""
ball,2,26.3,South Africa,HE van der Dussen,AL Phehlukwayo,Shaheen Shah Afridi,4,0,"",""
ball,2,26.4,South Africa,HE van der Dussen,AL Phehlukwayo,Shaheen Shah Afridi,1,0,"",""
ball,2,26.5,South Africa,AL Phehlukwayo,HE van der Dussen,Shaheen Shah Afridi,1,0,"",""
ball,2,26.6,South Africa,HE van der Dussen,AL Phehlukwayo,Shaheen Shah Afridi,0,0,"",""
ball,2,27.1,South Africa,AL Phehlukwayo,HE van der Dussen,Hasan Ali,0,0,"",""
ball,2,27.2,South Africa,AL Phehlukwayo,HE van der Dussen,Hasan Ali,0,0,"",""
ball,2,27.3,South Africa,AL Phehlukwayo,HE van der Dussen,Hasan Ali,0,0,"",""
ball,2,27.4,South Africa,AL Phehlukwayo,HE van der Dussen,Hasan Ali,0,0,"",""
ball,2,27.5,South Africa,AL Phehlukwayo,HE van der Dussen,Hasan Ali,0,0,"",""
ball,2,27.6,South Africa,AL Phehlukwayo,HE van der Dussen,Hasan Ali,1,0,"",""
ball,2,28.1,South Africa,AL Phehlukwayo,HE van der Dussen,Shadab Khan,1,0,"",""
ball,2,28.2,South Africa,HE van der Dussen,AL Phehlukwayo,Shadab Khan,1,0,"",""
ball,2,28.3,South Africa,AL Phehlukwayo,HE van der Dussen,Shadab Khan,4,0,"",""
ball,2,28.4,South Africa,AL Phehlukwayo,HE van der Dussen,Shadab Khan,0,0,"",""
ball,2,28.5,South Africa,AL Phehlukwayo,HE van der Dussen,Shadab Khan,2,0,"",""
ball,2,28.6,South Africa,AL Phehlukwayo,HE van der Dussen,Shadab Khan,0,0,"",""
ball,2,29.1,South Africa,HE van der Dussen,AL Phehlukwayo,Hasan Ali,0,0,"",""
ball,2,29.2,South Africa,HE van der Dussen,AL Phehlukwayo,Hasan Ali,1,0,"",""
ball,2,29.3,South Africa,AL Phehlukwayo,HE van der Dussen,Hasan Ali,0,0,"",""
ball,2,29.4,South Africa,AL Phehlukwayo,HE van der Dussen,Hasan Ali,1,0,"",""
ball,2,29.5,South Africa,HE van der Dussen,AL Phehlukwayo,Hasan Ali,0,0,"",""
ball,2,29.6,South Africa,HE van der Dussen,AL Phehlukwayo,Hasan Ali,1,0,"",""
ball,2,30.1,South Africa,HE van der Dussen,AL Phehlukwayo,Shadab Khan,1,0,"",""
ball,2,30.2,South Africa,AL Phehlukwayo,HE van der Dussen,Shadab Khan,0,0,"",""
ball,2,30.3,South Africa,AL Phehlukwayo,HE van der Dussen,Shadab Khan,0,0,"",""
ball,2,30.4,South Africa,AL Phehlukwayo,HE van der Dussen,Shadab Khan,4,0,"",""
ball,2,30.5,South Africa,AL Phehlukwayo,HE van der Dussen,Shadab Khan,0,0,"",""
ball,2,30.6,South Africa,AL Phehlukwayo,HE van der Dussen,Shadab Khan,0,0,"",""
ball,2,31.1,South Africa,HE van der Dussen,AL Phehlukwayo,Hasan Ali,0,0,"",""
ball,2,31.2,South Africa,HE van der Dussen,AL Phehlukwayo,Hasan Ali,1,0,"",""
ball,2,31.3,South Africa,AL Phehlukwayo,HE van der Dussen,Hasan Ali,1,0,"",""
ball,2,31.4,South Africa,HE van der Dussen,AL Phehlukwayo,Hasan Ali,0,0,"",""
ball,2,31.5,South Africa,HE van der Dussen,AL Phehlukwayo,Hasan Ali,0,0,"",""
ball,2,31.6,South Africa,HE van der Dussen,AL Phehlukwayo,Hasan Ali,1,0,"",""
ball,2,32.1,South Africa,HE van der Dussen,AL Phehlukwayo,Shadab Khan,0,0,"",""
ball,2,32.2,South Africa,HE van der Dussen,AL Phehlukwayo,Shadab Khan,0,0,"",""
ball,2,32.3,South Africa,HE van der Dussen,AL Phehlukwayo,Shadab Khan,4,0,"",""
ball,2,32.4,South Africa,HE van der Dussen,AL Phehlukwayo,Shadab Khan,0,0,"",""
ball,2,32.5,South Africa,HE van der Dussen,AL Phehlukwayo,Shadab Khan,0,0,"",""
ball,2,32.6,South Africa,HE van der Dussen,AL Phehlukwayo,Shadab Khan,0,0,"",""
ball,2,33.1,South Africa,AL Phehlukwayo,HE van der Dussen,Faheem Ashraf,1,0,"",""
ball,2,33.2,South Africa,HE van der Dussen,AL Phehlukwayo,Faheem Ashraf,0,0,"",""
ball,2,33.3,South Africa,HE van der Dussen,AL Phehlukwayo,Faheem Ashraf,4,0,"",""
ball,2,33.4,South Africa,HE van der Dussen,AL Phehlukwayo,Faheem Ashraf,0,0,"",""
ball,2,33.5,South Africa,HE van der Dussen,AL Phehlukwayo,Faheem Ashraf,0,0,"",""
ball,2,33.6,South Africa,HE van der Dussen,AL Phehlukwayo,Faheem Ashraf,0,0,"",""
ball,2,34.1,South Africa,AL Phehlukwayo,HE van der Dussen,Shadab Khan,0,0,"",""
ball,2,34.2,South Africa,AL Phehlukwayo,HE van der Dussen,Shadab Khan,0,0,"",""
ball,2,34.3,South Africa,AL Phehlukwayo,HE van der Dussen,Shadab Khan,4,0,"",""
ball,2,34.4,South Africa,AL Phehlukwayo,HE van der Dussen,Shadab Khan,4,0,"",""
ball,2,34.5,South Africa,AL Phehlukwayo,HE van der Dussen,Shadab Khan,0,0,"",""
ball,2,34.6,South Africa,AL Phehlukwayo,HE van der Dussen,Shadab Khan,0,0,"",""
ball,2,35.1,South Africa,HE van der Dussen,AL Phehlukwayo,Faheem Ashraf,1,0,"",""
ball,2,35.2,South Africa,AL Phehlukwayo,HE van der Dussen,Faheem Ashraf,0,0,"",""
ball,2,35.3,South Africa,AL Phehlukwayo,HE van der Dussen,Faheem Ashraf,0,0,"",""
ball,2,35.4,South Africa,AL Phehlukwayo,HE van der Dussen,Faheem Ashraf,0,0,"",""
ball,2,35.5,South Africa,AL Phehlukwayo,HE van der Dussen,Faheem Ashraf,0,0,"",""
ball,2,35.6,South Africa,AL Phehlukwayo,HE van der Dussen,Faheem Ashraf,0,0,"",""
ball,2,36.1,South Africa,HE van der Dussen,AL Phehlukwayo,Shaheen Shah Afridi,1,0,"",""
ball,2,36.2,South Africa,AL Phehlukwayo,HE van der Dussen,Shaheen Shah Afridi,0,0,"",""
ball,2,36.3,South Africa,AL Phehlukwayo,HE van der Dussen,Shaheen Shah Afridi,1,0,"",""
ball,2,36.4,South Africa,HE van der Dussen,AL Phehlukwayo,Shaheen Shah Afridi,1,0,"",""
ball,2,36.5,South Africa,AL Phehlukwayo,HE van der Dussen,Shaheen Shah Afridi,0,0,"",""
ball,2,36.6,South Africa,AL Phehlukwayo,HE van der Dussen,Shaheen Shah Afridi,0,0,"",""
ball,2,37.1,South Africa,HE van der Dussen,AL Phehlukwayo,Faheem Ashraf,0,0,"",""
ball,2,37.2,South Africa,HE van der Dussen,AL Phehlukwayo,Faheem Ashraf,0,0,"",""
ball,2,37.3,South Africa,HE van der Dussen,AL Phehlukwayo,Faheem Ashraf,1,0,"",""
ball,2,37.4,South Africa,AL Phehlukwayo,HE van der Dussen,Faheem Ashraf,0,1,"",""
ball,2,37.5,South Africa,HE van der Dussen,AL Phehlukwayo,Faheem Ashraf,0,0,"",""
ball,2,37.6,South Africa,HE van der Dussen,AL Phehlukwayo,Faheem Ashraf,2,0,"",""
ball,2,38.1,South Africa,AL Phehlukwayo,HE van der Dussen,Shaheen Shah Afridi,4,0,"",""
ball,2,38.2,South Africa,AL Phehlukwayo,HE van der Dussen,Shaheen Shah Afridi,0,1,"",""
ball,2,38.3,South Africa,AL Phehlukwayo,HE van der Dussen,Shaheen Shah Afridi,1,0,"",""
ball,2,38.4,South Africa,HE van der Dussen,AL Phehlukwayo,Shaheen Shah Afridi,0,0,"",""
ball,2,38.5,South Africa,HE van der Dussen,AL Phehlukwayo,Shaheen Shah Afridi,0,0,"",""
ball,2,38.6,South Africa,HE van der Dussen,AL Phehlukwayo,Shaheen Shah Afridi,0,1,"",""
ball,2,38.7,South Africa,HE van der Dussen,AL Phehlukwayo,Shaheen Shah Afridi,0,0,"",""
ball,2,38.8,South Africa,HE van der Dussen,AL Phehlukwayo,Shaheen Shah Afridi,0,0,"",""
ball,2,39.1,South Africa,AL Phehlukwayo,HE van der Dussen,Hussain Talat,0,0,"",""
ball,2,39.2,South Africa,AL Phehlukwayo,HE van der Dussen,Hussain Talat,4,0,"",""
ball,2,39.3,South Africa,AL Phehlukwayo,HE van der Dussen,Hussain Talat,0,0,"",""
ball,2,39.4,South Africa,AL Phehlukwayo,HE van der Dussen,Hussain Talat,2,0,"",""
ball,2,39.5,South Africa,AL Phehlukwayo,HE van der Dussen,Hussain Talat,0,0,"",""
ball,2,39.6,South Africa,AL Phehlukwayo,HE van der Dussen,Hussain Talat,1,0,"",""
ball,2,40.1,South Africa,AL Phehlukwayo,HE van der Dussen,Shadab Khan,2,0,"",""
ball,2,40.2,South Africa,AL Phehlukwayo,HE van der Dussen,Shadab Khan,1,0,"",""
ball,2,40.3,South Africa,HE van der Dussen,AL Phehlukwayo,Shadab Khan,1,0,"",""
ball,2,40.4,South Africa,AL Phehlukwayo,HE van der Dussen,Shadab Khan,1,0,"",""
ball,2,40.5,South Africa,HE van der Dussen,AL Phehlukwayo,Shadab Khan,0,0,"",""
ball,2,40.6,South Africa,HE van der Dussen,AL Phehlukwayo,Shadab Khan,0,0,"",""
ball,2,41.1,South Africa,AL Phehlukwayo,HE van der Dussen,Hussain Talat,1,0,"",""
ball,2,41.2,South Africa,HE van der Dussen,AL Phehlukwayo,Hussain Talat,1,0,"",""
ball,2,41.3,South Africa,AL Phehlukwayo,HE van der Dussen,Hussain Talat,1,0,"",""
ball,2,41.4,South Africa,HE van der Dussen,AL Phehlukwayo,Hussain Talat,0,2,"",""
ball,2,41.5,South Africa,AL Phehlukwayo,HE van der Dussen,Hussain Talat,0,1,"",""
ball,2,41.6,South Africa,HE van der Dussen,AL Phehlukwayo,Hussain Talat,0,0,"",""
ball,2,41.7,South Africa,HE van der Dussen,AL Phehlukwayo,Hussain Talat,4,0,"",""
