version,1.3.0
info,team,South Africa
info,team,Zimbabwe
info,gender,male
info,season,2018/19
info,date,2018/10/03
info,series,Zimbabwe tour of South Africa 2018/19
info,match_number,2
info,venue,Mangaung Oval
info,city,Bloemfontein
info,toss_winner,South Africa
info,toss_decision,bat
info,player_of_match,DW Steyn
info,umpire,AT Holdstock
info,umpire,CB Gaffaney
info,reserve_umpire,BP Jele
info,reserve_umpire,A Paleker
info,tv_umpire,S George
info,match_referee,JJ Crowe
info,winner,South Africa
info,winner_runs,120
ball,1,0.1,South Africa,D Elgar,AK Markram,KM Jarvis,0,0,"",""
ball,1,0.2,South Africa,D Elgar,AK Markram,KM Jarvis,4,0,"",""
ball,1,0.3,South Africa,D Elgar,AK Markram,KM Jarvis,0,1,"",""
ball,1,0.4,South Africa,D Elgar,AK Markram,KM Jarvis,0,0,"",""
ball,1,0.5,South Africa,D Elgar,AK Markram,KM Jarvis,0,0,"",""
ball,1,0.6,South Africa,D Elgar,AK Markram,KM Jarvis,0,0,"",""
ball,1,0.7,South Africa,D Elgar,AK Markram,KM Jarvis,0,0,"",""
ball,1,1.1,South Africa,AK Markram,D Elgar,TL Chatara,0,1,"",""
ball,1,1.2,South Africa,AK Markram,D Elgar,TL Chatara,1,0,"",""
ball,1,1.3,South Africa,D Elgar,AK Markram,TL Chatara,0,0,caught,D Elgar
ball,1,1.4,South Africa,RR Hendricks,AK Markram,TL Chatara,0,0,"",""
ball,1,1.5,South Africa,RR Hendricks,AK Markram,TL Chatara,0,1,"",""
ball,1,1.6,South Africa,RR Hendricks,AK Markram,TL Chatara,1,0,"",""
ball,1,1.7,South Africa,AK Markram,RR Hendricks,TL Chatara,0,0,"",""
ball,1,1.8,South Africa,AK Markram,RR Hendricks,TL Chatara,0,0,"",""
ball,1,2.1,South Africa,RR Hendricks,AK Markram,KM Jarvis,0,0,bowled,RR Hendricks
ball,1,2.2,South Africa,H Klaasen,AK Markram,KM Jarvis,0,0,"",""
ball,1,2.3,South Africa,H Klaasen,AK Markram,KM Jarvis,0,0,"",""
ball,1,2.4,South Africa,H Klaasen,AK Markram,KM Jarvis,0,0,"",""
ball,1,2.5,South Africa,H Klaasen,AK Markram,KM Jarvis,0,0,"",""
ball,1,2.6,South Africa,H Klaasen,AK Markram,KM Jarvis,0,0,"",""
ball,1,3.1,South Africa,AK Markram,H Klaasen,TL Chatara,4,0,"",""
ball,1,3.2,South Africa,AK Markram,H Klaasen,TL Chatara,0,0,"",""
ball,1,3.3,South Africa,AK Markram,H Klaasen,TL Chatara,0,0,"",""
ball,1,3.4,South Africa,AK Markram,H Klaasen,TL Chatara,1,0,"",""
ball,1,3.5,South Africa,H Klaasen,AK Markram,TL Chatara,0,0,"",""
ball,1,3.6,South Africa,H Klaasen,AK Markram,TL Chatara,0,0,"",""
ball,1,4.1,South Africa,AK Markram,H Klaasen,KM Jarvis,0,0,"",""
ball,1,4.2,South Africa,AK Markram,H Klaasen,KM Jarvis,0,0,"",""
ball,1,4.3,South Africa,AK Markram,H Klaasen,KM Jarvis,4,0,"",""
ball,1,4.4,South Africa,AK Markram,H Klaasen,KM Jarvis,0,0,"",""
ball,1,4.5,South Africa,AK Markram,H Klaasen,KM Jarvis,0,0,"",""
ball,1,4.6,South Africa,AK Markram,H Klaasen,KM Jarvis,1,0,"",""
ball,1,5.1,South Africa,AK Markram,H Klaasen,TL Chatara,0,0,"",""
ball,1,5.2,South Africa,AK Markram,H Klaasen,TL Chatara,0,0,"",""
ball,1,5.3,South Africa,AK Markram,H Klaasen,TL Chatara,2,0,"",""
ball,1,5.4,South Africa,AK Markram,H Klaasen,TL Chatara,0,0,"",""
ball,1,5.5,South Africa,AK Markram,H Klaasen,TL Chatara,4,0,"",""
ball,1,5.6,South Africa,AK Markram,H Klaasen,TL Chatara,0,0,"",""
ball,1,6.1,South Africa,H Klaasen,AK Markram,KM Jarvis,0,0,"",""
ball,1,6.2,South Africa,H Klaasen,AK Markram,KM Jarvis,1,0,"",""
ball,1,6.3,South Africa,AK Markram,H Klaasen,KM Jarvis,0,0,"",""
ball,1,6.4,South Africa,AK Markram,H Klaasen,KM Jarvis,0,0,"",""
ball,1,6.5,South Africa,AK Markram,H Klaasen,KM Jarvis,0,0,"",""
ball,1,6.6,South Africa,AK Markram,H Klaasen,KM Jarvis,0,0,"",""
ball,1,7.1,South Africa,H Klaasen,AK Markram,TL Chatara,0,0,"",""
ball,1,7.2,South Africa,H Klaasen,AK Markram,TL Chatara,0,0,"",""
ball,1,7.3,South Africa,H Klaasen,AK Markram,TL Chatara,0,0,"",""
ball,1,7.4,South Africa,H Klaasen,AK Markram,TL Chatara,0,0,caught,H Klaasen
ball,1,7.5,South Africa,K Zondo,AK Markram,TL Chatara,0,0,"",""
ball,1,7.6,South Africa,K Zondo,AK Markram,TL Chatara,0,0,"",""
ball,1,8.1,South Africa,AK Markram,K Zondo,KM Jarvis,0,0,"",""
ball,1,8.2,South Africa,AK Markram,K Zondo,KM Jarvis,0,0,"",""
ball,1,8.3,South Africa,AK Markram,K Zondo,KM Jarvis,0,0,"",""
ball,1,8.4,South Africa,AK Markram,K Zondo,KM Jarvis,4,0,"",""
ball,1,8.5,South Africa,AK Markram,K Zondo,KM Jarvis,1,0,"",""
ball,1,8.6,South Africa,K Zondo,AK Markram,KM Jarvis,0,0,"",""
ball,1,9.1,South Africa,AK Markram,K Zondo,TL Chatara,0,0,"",""
ball,1,9.2,South Africa,AK Markram,K Zondo,TL Chatara,0,0,"",""
ball,1,9.3,South Africa,AK Markram,K Zondo,TL Chatara,4,0,"",""
ball,1,9.4,South Africa,AK Markram,K Zondo,TL Chatara,4,0,"",""
ball,1,9.5,South Africa,AK Markram,K Zondo,TL Chatara,1,0,"",""
ball,1,9.6,South Africa,K Zondo,AK Markram,TL Chatara,0,0,"",""
ball,1,10.1,South Africa,AK Markram,K Zondo,KM Jarvis,0,1,"",""
ball,1,10.2,South Africa,K Zondo,AK Markram,KM Jarvis,1,0,"",""
ball,1,10.3,South Africa,AK Markram,K Zondo,KM Jarvis,0,0,"",""
ball,1,10.4,South Africa,AK Markram,K Zondo,KM Jarvis,0,0,"",""
ball,1,10.5,South Africa,AK Markram,K Zondo,KM Jarvis,0,0,"",""
ball,1,10.6,South Africa,AK Markram,K Zondo,KM Jarvis,0,0,"",""
ball,1,11.1,South Africa,K Zondo,AK Markram,DT Tiripano,1,0,"",""
ball,1,11.2,South Africa,AK Markram,K Zondo,DT Tiripano,1,0,"",""
ball,1,11.3,South Africa,K Zondo,AK Markram,DT Tiripano,1,0,"",""
ball,1,11.4,South Africa,AK Markram,K Zondo,DT Tiripano,0,0,"",""
ball,1,11.5,South Africa,AK Markram,K Zondo,DT Tiripano,0,0,"",""
ball,1,11.6,South Africa,AK Markram,K Zondo,DT Tiripano,0,0,"",""
ball,1,12.1,South Africa,K Zondo,AK Markram,B Mavuta,1,0,"",""
ball,1,12.2,South Africa,AK Markram,K Zondo,B Mavuta,0,0,"",""
ball,1,12.3,South Africa,AK Markram,K Zondo,B Mavuta,0,0,"",""
ball,1,12.4,South Africa,AK Markram,K Zondo,B Mavuta,1,0,"",""
ball,1,12.5,South Africa,K Zondo,AK Markram,B Mavuta,0,0,"",""
ball,1,12.6,South Africa,K Zondo,AK Markram,B Mavuta,0,0,"",""
ball,1,13.1,South Africa,AK Markram,K Zondo,DT Tiripano,0,0,"",""
ball,1,13.2,South Africa,AK Markram,K Zondo,DT Tiripano,0,0,"",""
ball,1,13.3,South Africa,AK Markram,K Zondo,DT Tiripano,2,0,"",""
ball,1,13.4,South Africa,AK Markram,K Zondo,DT Tiripano,0,0,caught,AK Markram
ball,1,13.5,South Africa,C Jonker,K Zondo,DT Tiripano,0,0,"",""
ball,1,13.6,South Africa,C Jonker,K Zondo,DT Tiripano,0,0,"",""
ball,1,14.1,South Africa,K Zondo,C Jonker,B Mavuta,0,0,"",""
ball,1,14.2,South Africa,K Zondo,C Jonker,B Mavuta,0,0,"",""
ball,1,14.3,South Africa,K Zondo,C Jonker,B Mavuta,0,0,"",""
ball,1,14.4,South Africa,K Zondo,C Jonker,B Mavuta,4,0,"",""
ball,1,14.5,South Africa,K Zondo,C Jonker,B Mavuta,0,0,"",""
ball,1,14.6,South Africa,K Zondo,C Jonker,B Mavuta,0,0,"",""
ball,1,15.1,South Africa,C Jonker,K Zondo,DT Tiripano,0,0,"",""
ball,1,15.2,South Africa,C Jonker,K Zondo,DT Tiripano,0,0,"",""
ball,1,15.3,South Africa,C Jonker,K Zondo,DT Tiripano,0,0,"",""
ball,1,15.4,South Africa,C Jonker,K Zondo,DT Tiripano,0,0,"",""
ball,1,15.5,South Africa,C Jonker,K Zondo,DT Tiripano,0,0,"",""
ball,1,15.6,South Africa,C Jonker,K Zondo,DT Tiripano,0,0,"",""
ball,1,16.1,South Africa,K Zondo,C Jonker,B Mavuta,0,0,"",""
ball,1,16.2,South Africa,K Zondo,C Jonker,B Mavuta,1,0,"",""
ball,1,16.3,South Africa,C Jonker,K Zondo,B Mavuta,0,0,"",""
ball,1,16.4,South Africa,C Jonker,K Zondo,B Mavuta,1,0,"",""
ball,1,16.5,South Africa,K Zondo,C Jonker,B Mavuta,0,0,"",""
ball,1,16.6,South Africa,K Zondo,C Jonker,B Mavuta,4,0,"",""
ball,1,17.1,South Africa,C Jonker,K Zondo,DT Tiripano,0,0,"",""
ball,1,17.2,South Africa,C Jonker,K Zondo,DT Tiripano,0,0,"",""
ball,1,17.3,South Africa,C Jonker,K Zondo,DT Tiripano,4,0,"",""
ball,1,17.4,South Africa,C Jonker,K Zondo,DT Tiripano,2,0,"",""
ball,1,17.5,South Africa,C Jonker,K Zondo,DT Tiripano,6,0,"",""
ball,1,17.6,South Africa,C Jonker,K Zondo,DT Tiripano,4,0,"",""
ball,1,18.1,South Africa,K Zondo,C Jonker,B Mavuta,0,0,"",""
ball,1,18.2,South Africa,K Zondo,C Jonker,B Mavuta,0,0,"",""
ball,1,18.3,South Africa,K Zondo,C Jonker,B Mavuta,0,1,"",""
ball,1,18.4,South Africa,K Zondo,C Jonker,B Mavuta,1,0,"",""
ball,1,18.5,South Africa,C Jonker,K Zondo,B Mavuta,4,0,"",""
ball,1,18.6,South Africa,C Jonker,K Zondo,B Mavuta,4,0,"",""
ball,1,18.7,South Africa,C Jonker,K Zondo,B Mavuta,0,0,bowled,C Jonker
ball,1,19.1,South Africa,K Zondo,JP Duminy,DT Tiripano,1,0,"",""
ball,1,19.2,South Africa,JP Duminy,K Zondo,DT Tiripano,0,0,"",""
ball,1,19.3,South Africa,JP Duminy,K Zondo,DT Tiripano,0,0,"",""
ball,1,19.4,South Africa,JP Duminy,K Zondo,DT Tiripano,0,0,"",""
ball,1,19.5,South Africa,JP Duminy,K Zondo,DT Tiripano,0,0,"",""
ball,1,19.6,South Africa,JP Duminy,K Zondo,DT Tiripano,0,0,"",""
ball,1,20.1,South Africa,K Zondo,JP Duminy,B Mavuta,0,0,"",""
ball,1,20.2,South Africa,K Zondo,JP Duminy,B Mavuta,6,0,"",""
ball,1,20.3,South Africa,K Zondo,JP Duminy,B Mavuta,0,0,"",""
ball,1,20.4,South Africa,K Zondo,JP Duminy,B Mavuta,0,0,stumped,K Zondo
ball,1,20.5,South Africa,AL Phehlukwayo,JP Duminy,B Mavuta,0,0,"",""
ball,1,20.6,South Africa,AL Phehlukwayo,JP Duminy,B Mavuta,0,1,"",""
ball,1,20.7,South Africa,AL Phehlukwayo,JP Duminy,B Mavuta,0,0,"",""
ball,1,21.1,South Africa,JP Duminy,AL Phehlukwayo,TL Chatara,0,0,"",""
ball,1,21.2,South Africa,JP Duminy,AL Phehlukwayo,TL Chatara,0,0,"",""
ball,1,21.3,South Africa,JP Duminy,AL Phehlukwayo,TL Chatara,1,0,"",""
ball,1,21.4,South Africa,AL Phehlukwayo,JP Duminy,TL Chatara,1,0,"",""
ball,1,21.5,South Africa,JP Duminy,AL Phehlukwayo,TL Chatara,0,0,"",""
ball,1,21.6,South Africa,JP Duminy,AL Phehlukwayo,TL Chatara,0,0,"",""
ball,1,22.1,South Africa,AL Phehlukwayo,JP Duminy,B Mavuta,0,0,"",""
ball,1,22.2,South Africa,AL Phehlukwayo,JP Duminy,B Mavuta,0,0,"",""
ball,1,22.3,South Africa,AL Phehlukwayo,JP Duminy,B Mavuta,1,0,"",""
ball,1,22.4,South Africa,JP Duminy,AL Phehlukwayo,B Mavuta,0,0,"",""
ball,1,22.5,South Africa,JP Duminy,AL Phehlukwayo,B Mavuta,1,0,"",""
ball,1,22.6,South Africa,AL Phehlukwayo,JP Duminy,B Mavuta,0,0,"",""
ball,1,23.1,South Africa,JP Duminy,AL Phehlukwayo,TL Chatara,0,0,"",""
ball,1,23.2,South Africa,JP Duminy,AL Phehlukwayo,TL Chatara,1,0,"",""
ball,1,23.3,South Africa,AL Phehlukwayo,JP Duminy,TL Chatara,0,0,"",""
ball,1,23.4,South Africa,AL Phehlukwayo,JP Duminy,TL Chatara,0,0,"",""
ball,1,23.5,South Africa,AL Phehlukwayo,JP Duminy,TL Chatara,0,0,"",""
ball,1,23.6,South Africa,AL Phehlukwayo,JP Duminy,TL Chatara,0,0,"",""
ball,1,24.1,South Africa,JP Duminy,AL Phehlukwayo,SC Williams,0,0,"",""
ball,1,24.2,South Africa,JP Duminy,AL Phehlukwayo,SC Williams,0,0,"",""
ball,1,24.3,South Africa,JP Duminy,AL Phehlukwayo,SC Williams,0,0,"",""
ball,1,24.4,South Africa,JP Duminy,AL Phehlukwayo,SC Williams,1,0,"",""
ball,1,24.5,South Africa,AL Phehlukwayo,JP Duminy,SC Williams,1,0,"",""
ball,1,24.6,South Africa,JP Duminy,AL Phehlukwayo,SC Williams,1,0,"",""
ball,1,25.1,South Africa,JP Duminy,AL Phehlukwayo,KM Jarvis,0,0,lbw,JP Duminy
ball,1,25.2,South Africa,DW Steyn,AL Phehlukwayo,KM Jarvis,0,0,"",""
ball,1,25.3,South Africa,DW Steyn,AL Phehlukwayo,KM Jarvis,0,0,"",""
ball,1,25.4,South Africa,DW Steyn,AL Phehlukwayo,KM Jarvis,0,0,"",""
ball,1,25.5,South Africa,DW Steyn,AL Phehlukwayo,KM Jarvis,0,0,"",""
ball,1,25.6,South Africa,DW Steyn,AL Phehlukwayo,KM Jarvis,0,0,"",""
ball,1,26.1,South Africa,AL Phehlukwayo,DW Steyn,SC Williams,0,0,"",""
ball,1,26.2,South Africa,AL Phehlukwayo,DW Steyn,SC Williams,1,0,"",""
ball,1,26.3,South Africa,DW Steyn,AL Phehlukwayo,SC Williams,0,0,"",""
ball,1,26.4,South Africa,DW Steyn,AL Phehlukwayo,SC Williams,0,0,"",""
ball,1,26.5,South Africa,DW Steyn,AL Phehlukwayo,SC Williams,0,0,"",""
ball,1,26.6,South Africa,DW Steyn,AL Phehlukwayo,SC Williams,0,0,"",""
ball,1,27.1,South Africa,AL Phehlukwayo,DW Steyn,KM Jarvis,1,0,"",""
ball,1,27.2,South Africa,DW Steyn,AL Phehlukwayo,KM Jarvis,0,0,"",""
ball,1,27.3,South Africa,DW Steyn,AL Phehlukwayo,KM Jarvis,0,0,"",""
ball,1,27.4,South Africa,DW Steyn,AL Phehlukwayo,KM Jarvis,0,0,"",""
ball,1,27.5,South Africa,DW Steyn,AL Phehlukwayo,KM Jarvis,4,0,"",""
ball,1,27.6,South Africa,DW Steyn,AL Phehlukwayo,KM Jarvis,0,0,"",""
ball,1,28.1,South Africa,AL Phehlukwayo,DW Steyn,SC Williams,0,0,"",""
ball,1,28.2,South Africa,AL Phehlukwayo,DW Steyn,SC Williams,1,0,"",""
ball,1,28.3,South Africa,DW Steyn,AL Phehlukwayo,SC Williams,0,1,"",""
ball,1,28.4,South Africa,AL Phehlukwayo,DW Steyn,SC Williams,0,0,"",""
ball,1,28.5,South Africa,AL Phehlukwayo,DW Steyn,SC Williams,1,0,"",""
ball,1,28.6,South Africa,DW Steyn,AL Phehlukwayo,SC Williams,1,0,"",""
ball,1,29.1,South Africa,DW Steyn,AL Phehlukwayo,B Mavuta,0,0,"",""
ball,1,29.2,South Africa,DW Steyn,AL Phehlukwayo,B Mavuta,0,0,"",""
ball,1,29.3,South Africa,DW Steyn,AL Phehlukwayo,B Mavuta,0,0,"",""
ball,1,29.4,South Africa,DW Steyn,AL Phehlukwayo,B Mavuta,1,0,"",""
ball,1,29.5,South Africa,AL Phehlukwayo,DW Steyn,B Mavuta,0,0,"",""
ball,1,29.6,South Africa,AL Phehlukwayo,DW Steyn,B Mavuta,0,0,"",""
ball,1,30.1,South Africa,DW Steyn,AL Phehlukwayo,SC Williams,0,0,"",""
ball,1,30.2,South Africa,DW Steyn,AL Phehlukwayo,SC Williams,2,0,"",""
ball,1,30.3,South Africa,DW Steyn,AL Phehlukwayo,SC Williams,1,0,"",""
ball,1,30.4,South Africa,AL Phehlukwayo,DW Steyn,SC Williams,0,2,"",""
ball,1,30.5,South Africa,DW Steyn,AL Phehlukwayo,SC Williams,1,0,"",""
ball,1,30.6,South Africa,AL Phehlukwayo,DW Steyn,SC Williams,0,0,"",""
ball,1,30.7,South Africa,AL Phehlukwayo,DW Steyn,SC Williams,1,0,"",""
ball,1,31.1,South Africa,AL Phehlukwayo,DW Steyn,B Mavuta,1,0,"",""
ball,1,31.2,South Africa,DW Steyn,AL Phehlukwayo,B Mavuta,0,0,"",""
ball,1,31.3,South Africa,DW Steyn,AL Phehlukwayo,B Mavuta,4,0,"",""
ball,1,31.4,South Africa,DW Steyn,AL Phehlukwayo,B Mavuta,0,0,"",""
ball,1,31.5,South Africa,DW Steyn,AL Phehlukwayo,B Mavuta,0,0,"",""
ball,1,31.6,South Africa,DW Steyn,AL Phehlukwayo,B Mavuta,0,0,"",""
ball,1,32.1,South Africa,AL Phehlukwayo,DW Steyn,SC Williams,1,0,"",""
ball,1,32.2,South Africa,DW Steyn,AL Phehlukwayo,SC Williams,1,0,"",""
ball,1,32.3,South Africa,AL Phehlukwayo,DW Steyn,SC Williams,4,0,"",""
ball,1,32.4,South Africa,AL Phehlukwayo,DW Steyn,SC Williams,0,0,"",""
ball,1,32.5,South Africa,AL Phehlukwayo,DW Steyn,SC Williams,1,0,"",""
ball,1,32.6,South Africa,DW Steyn,AL Phehlukwayo,SC Williams,0,0,"",""
ball,1,33.1,South Africa,AL Phehlukwayo,DW Steyn,DT Tiripano,0,0,"",""
ball,1,33.2,South Africa,AL Phehlukwayo,DW Steyn,DT Tiripano,0,0,"",""
ball,1,33.3,South Africa,AL Phehlukwayo,DW Steyn,DT Tiripano,1,0,"",""
ball,1,33.4,South Africa,DW Steyn,AL Phehlukwayo,DT Tiripano,2,0,"",""
ball,1,33.5,South Africa,DW Steyn,AL Phehlukwayo,DT Tiripano,0,0,"",""
ball,1,33.6,South Africa,DW Steyn,AL Phehlukwayo,DT Tiripano,0,0,"",""
ball,1,34.1,South Africa,AL Phehlukwayo,DW Steyn,SC Williams,1,0,"",""
ball,1,34.2,South Africa,DW Steyn,AL Phehlukwayo,SC Williams,0,0,"",""
ball,1,34.3,South Africa,DW Steyn,AL Phehlukwayo,SC Williams,1,0,"",""
ball,1,34.4,South Africa,AL Phehlukwayo,DW Steyn,SC Williams,1,0,"",""
ball,1,34.5,South Africa,DW Steyn,AL Phehlukwayo,SC Williams,0,0,"",""
ball,1,34.6,South Africa,DW Steyn,AL Phehlukwayo,SC Williams,0,0,"",""
ball,1,35.1,South Africa,AL Phehlukwayo,DW Steyn,DT Tiripano,0,0,"",""
ball,1,35.2,South Africa,AL Phehlukwayo,DW Steyn,DT Tiripano,0,0,"",""
ball,1,35.3,South Africa,AL Phehlukwayo,DW Steyn,DT Tiripano,1,0,"",""
ball,1,35.4,South Africa,DW Steyn,AL Phehlukwayo,DT Tiripano,0,0,"",""
ball,1,35.5,South Africa,DW Steyn,AL Phehlukwayo,DT Tiripano,0,0,"",""
ball,1,35.6,South Africa,DW Steyn,AL Phehlukwayo,DT Tiripano,0,0,"",""
ball,1,36.1,South Africa,AL Phehlukwayo,DW Steyn,SC Williams,1,0,"",""
ball,1,36.2,South Africa,DW Steyn,AL Phehlukwayo,SC Williams,0,0,"",""
ball,1,36.3,South Africa,DW Steyn,AL Phehlukwayo,SC Williams,4,0,"",""
ball,1,36.4,South Africa,DW Steyn,AL Phehlukwayo,SC Williams,1,0,"",""
ball,1,36.5,South Africa,AL Phehlukwayo,DW Steyn,SC Williams,6,0,"",""
ball,1,36.6,South Africa,AL Phehlukwayo,DW Steyn,SC Williams,1,0,"",""
ball,1,37.1,South Africa,AL Phehlukwayo,DW Steyn,B Mavuta,1,0,"",""
ball,1,37.2,South Africa,DW Steyn,AL Phehlukwayo,B Mavuta,0,1,"",""
ball,1,37.3,South Africa,DW Steyn,AL Phehlukwayo,B Mavuta,0,0,"",""
ball,1,37.4,South Africa,DW Steyn,AL Phehlukwayo,B Mavuta,0,0,"",""
ball,1,37.5,South Africa,DW Steyn,AL Phehlukwayo,B Mavuta,0,1,"",""
ball,1,37.6,South Africa,DW Steyn,AL Phehlukwayo,B Mavuta,4,0,"",""
ball,1,37.7,South Africa,DW Steyn,AL Phehlukwayo,B Mavuta,1,0,"",""
ball,1,37.8,South Africa,AL Phehlukwayo,DW Steyn,B Mavuta,0,0,"",""
ball,1,38.1,South Africa,DW Steyn,AL Phehlukwayo,TL Chatara,4,0,"",""
ball,1,38.2,South Africa,DW Steyn,AL Phehlukwayo,TL Chatara,4,0,"",""
ball,1,38.3,South Africa,DW Steyn,AL Phehlukwayo,TL Chatara,0,0,"",""
ball,1,38.4,South Africa,DW Steyn,AL Phehlukwayo,TL Chatara,4,0,"",""
ball,1,38.5,South Africa,DW Steyn,AL Phehlukwayo,TL Chatara,1,0,"",""
ball,1,38.6,South Africa,AL Phehlukwayo,DW Steyn,TL Chatara,0,0,"",""
ball,1,39.1,South Africa,DW Steyn,AL Phehlukwayo,B Mavuta,0,0,"",""
ball,1,39.2,South Africa,DW Steyn,AL Phehlukwayo,B Mavuta,0,1,"",""
ball,1,39.3,South Africa,DW Steyn,AL Phehlukwayo,B Mavuta,0,0,"",""
ball,1,39.4,South Africa,DW Steyn,AL Phehlukwayo,B Mavuta,0,0,"",""
ball,1,39.5,South Africa,DW Steyn,AL Phehlukwayo,B Mavuta,0,0,"",""
ball,1,39.6,South Africa,DW Steyn,AL Phehlukwayo,B Mavuta,0,0,"",""
ball,1,39.7,South Africa,DW Steyn,AL Phehlukwayo,B Mavuta,1,1,"",""
ball,1,39.8,South Africa,AL Phehlukwayo,DW Steyn,B Mavuta,0,0,"",""
ball,1,40.1,South Africa,DW Steyn,AL Phehlukwayo,TL Chatara,0,0,"",""
ball,1,40.2,South Africa,DW Steyn,AL Phehlukwayo,TL Chatara,0,0,"",""
ball,1,40.3,South Africa,DW Steyn,AL Phehlukwayo,TL Chatara,1,0,"",""
ball,1,40.4,South Africa,AL Phehlukwayo,DW Steyn,TL Chatara,0,0,caught,AL Phehlukwayo
ball,1,40.5,South Africa,Imran Tahir,DW Steyn,TL Chatara,1,0,"",""
ball,1,40.6,South Africa,DW Steyn,Imran Tahir,TL Chatara,0,0,"",""
ball,1,41.1,South Africa,Imran Tahir,DW Steyn,SC Williams,0,0,"",""
ball,1,41.2,South Africa,Imran Tahir,DW Steyn,SC Williams,0,0,"",""
ball,1,41.3,South Africa,Imran Tahir,DW Steyn,SC Williams,0,0,lbw,Imran Tahir
ball,1,41.4,South Africa,L Ngidi,DW Steyn,SC Williams,0,0,"",""
ball,1,41.5,South Africa,L Ngidi,DW Steyn,SC Williams,4,0,"",""
ball,1,41.6,South Africa,L Ngidi,DW Steyn,SC Williams,0,0,"",""
ball,1,42.1,South Africa,DW Steyn,L Ngidi,KM Jarvis,0,0,"",""
ball,1,42.2,South Africa,DW Steyn,L Ngidi,KM Jarvis,2,0,"",""
ball,1,42.3,South Africa,DW Steyn,L Ngidi,KM Jarvis,0,0,"",""
ball,1,42.4,South Africa,DW Steyn,L Ngidi,KM Jarvis,0,0,"",""
ball,1,42.5,South Africa,DW Steyn,L Ngidi,KM Jarvis,0,0,"",""
ball,1,42.6,South Africa,DW Steyn,L Ngidi,KM Jarvis,1,0,"",""
ball,1,43.1,South Africa,DW Steyn,L Ngidi,SC Williams,1,0,"",""
ball,1,43.2,South Africa,L Ngidi,DW Steyn,SC Williams,0,0,"",""
ball,1,43.3,South Africa,L Ngidi,DW Steyn,SC Williams,0,0,"",""
ball,1,43.4,South Africa,L Ngidi,DW Steyn,SC Williams,0,0,"",""
ball,1,43.5,South Africa,L Ngidi,DW Steyn,SC Williams,0,0,"",""
ball,1,43.6,South Africa,L Ngidi,DW Steyn,SC Williams,0,0,"",""
ball,1,44.1,South Africa,DW Steyn,L Ngidi,KM Jarvis,1,0,"",""
ball,1,44.2,South Africa,L Ngidi,DW Steyn,KM Jarvis,0,0,"",""
ball,1,44.3,South Africa,L Ngidi,DW Steyn,KM Jarvis,0,0,"",""
ball,1,44.4,South Africa,L Ngidi,DW Steyn,KM Jarvis,0,0,"",""
ball,1,44.5,South Africa,L Ngidi,DW Steyn,KM Jarvis,0,0,"",""
ball,1,44.6,South Africa,L Ngidi,DW Steyn,KM Jarvis,0,0,"",""
ball,1,45.1,South Africa,DW Steyn,L Ngidi,DT Tiripano,0,0,"",""
ball,1,45.2,South Africa,DW Steyn,L Ngidi,DT Tiripano,0,0,"",""
ball,1,45.3,South Africa,DW Steyn,L Ngidi,DT Tiripano,0,0,"",""
ball,1,45.4,South Africa,DW Steyn,L Ngidi,DT Tiripano,0,0,"",""
ball,1,45.5,South Africa,DW Steyn,L Ngidi,DT Tiripano,6,0,"",""
ball,1,45.6,South Africa,DW Steyn,L Ngidi,DT Tiripano,1,0,"",""
ball,1,46.1,South Africa,DW Steyn,L Ngidi,SC Williams,0,0,"",""
ball,1,46.2,South Africa,DW Steyn,L Ngidi,SC Williams,0,0,"",""
ball,1,46.3,South Africa,DW Steyn,L Ngidi,SC Williams,0,0,"",""
ball,1,46.4,South Africa,DW Steyn,L Ngidi,SC Williams,0,0,"",""
ball,1,46.5,South Africa,DW Steyn,L Ngidi,SC Williams,1,0,"",""
ball,1,46.6,South Africa,L Ngidi,DW Steyn,SC Williams,0,0,"",""
ball,1,47.1,South Africa,DW Steyn,L Ngidi,DT Tiripano,4,0,"",""
ball,1,47.2,South Africa,DW Steyn,L Ngidi,DT Tiripano,0,0,"",""
ball,1,47.3,South Africa,DW Steyn,L Ngidi,DT Tiripano,0,0,bowled,DW Steyn
ball,2,0.1,Zimbabwe,SF Mire,H Masakadza,DW Steyn,1,0,"",""
ball,2,0.2,Zimbabwe,H Masakadza,SF Mire,DW Steyn,0,0,"",""
ball,2,0.3,Zimbabwe,H Masakadza,SF Mire,DW Steyn,4,0,"",""
ball,2,0.4,Zimbabwe,H Masakadza,SF Mire,DW Steyn,0,0,"",""
ball,2,0.5,Zimbabwe,H Masakadza,SF Mire,DW Steyn,0,0,"",""
ball,2,0.6,Zimbabwe,H Masakadza,SF Mire,DW Steyn,0,0,"",""
ball,2,1.1,Zimbabwe,SF Mire,H Masakadza,L Ngidi,1,0,"",""
ball,2,1.2,Zimbabwe,H Masakadza,SF Mire,L Ngidi,0,0,"",""
ball,2,1.3,Zimbabwe,H Masakadza,SF Mire,L Ngidi,0,0,"",""
ball,2,1.4,Zimbabwe,H Masakadza,SF Mire,L Ngidi,4,0,"",""
ball,2,1.5,Zimbabwe,H Masakadza,SF Mire,L Ngidi,0,0,"",""
ball,2,1.6,Zimbabwe,H Masakadza,SF Mire,L Ngidi,0,0,"",""
ball,2,2.1,Zimbabwe,SF Mire,H Masakadza,DW Steyn,0,0,lbw,SF Mire
ball,2,2.2,Zimbabwe,CR Ervine,H Masakadza,DW Steyn,0,0,"",""
ball,2,2.3,Zimbabwe,CR Ervine,H Masakadza,DW Steyn,0,0,"",""
ball,2,2.4,Zimbabwe,CR Ervine,H Masakadza,DW Steyn,0,0,"",""
ball,2,2.5,Zimbabwe,CR Ervine,H Masakadza,DW Steyn,1,0,"",""
ball,2,2.6,Zimbabwe,H Masakadza,CR Ervine,DW Steyn,0,0,"",""
ball,2,3.1,Zimbabwe,CR Ervine,H Masakadza,L Ngidi,0,0,"",""
ball,2,3.2,Zimbabwe,CR Ervine,H Masakadza,L Ngidi,0,0,"",""
ball,2,3.3,Zimbabwe,CR Ervine,H Masakadza,L Ngidi,0,0,"",""
ball,2,3.4,Zimbabwe,CR Ervine,H Masakadza,L Ngidi,1,0,"",""
ball,2,3.5,Zimbabwe,H Masakadza,CR Ervine,L Ngidi,0,0,"",""
ball,2,3.6,Zimbabwe,H Masakadza,CR Ervine,L Ngidi,1,0,"",""
ball,2,4.1,Zimbabwe,H Masakadza,CR Ervine,DW Steyn,0,0,"",""
ball,2,4.2,Zimbabwe,H Masakadza,CR Ervine,DW Steyn,0,0,"",""
ball,2,4.3,Zimbabwe,H Masakadza,CR Ervine,DW Steyn,0,0,"",""
ball,2,4.4,Zimbabwe,H Masakadza,CR Ervine,DW Steyn,1,0,"",""
ball,2,4.5,Zimbabwe,CR Ervine,H Masakadza,DW Steyn,0,0,"",""
ball,2,4.6,Zimbabwe,CR Ervine,H Masakadza,DW Steyn,0,0,"",""
ball,2,5.1,Zimbabwe,H Masakadza,CR Ervine,L Ngidi,0,0,"",""
ball,2,5.2,Zimbabwe,H Masakadza,CR Ervine,L Ngidi,2,0,"",""
ball,2,5.3,Zimbabwe,H Masakadza,CR Ervine,L Ngidi,0,0,"",""
ball,2,5.4,Zimbabwe,H Masakadza,CR Ervine,L Ngidi,0,0,"",""
ball,2,5.5,Zimbabwe,H Masakadza,CR Ervine,L Ngidi,1,0,"",""
ball,2,5.6,Zimbabwe,CR Ervine,H Masakadza,L Ngidi,0,0,"",""
ball,2,6.1,Zimbabwe,H Masakadza,CR Ervine,DW Steyn,1,0,"",""
ball,2,6.2,Zimbabwe,CR Ervine,H Masakadza,DW Steyn,0,0,"",""
ball,2,6.3,Zimbabwe,CR Ervine,H Masakadza,DW Steyn,0,0,"",""
ball,2,6.4,Zimbabwe,CR Ervine,H Masakadza,DW Steyn,1,0,"",""
ball,2,6.5,Zimbabwe,H Masakadza,CR Ervine,DW Steyn,6,0,"",""
ball,2,6.6,Zimbabwe,H Masakadza,CR Ervine,DW Steyn,0,0,"",""
ball,2,7.1,Zimbabwe,CR Ervine,H Masakadza,AL Phehlukwayo,0,0,"",""
ball,2,7.2,Zimbabwe,CR Ervine,H Masakadza,AL Phehlukwayo,0,0,"",""
ball,2,7.3,Zimbabwe,CR Ervine,H Masakadza,AL Phehlukwayo,0,0,"",""
ball,2,7.4,Zimbabwe,CR Ervine,H Masakadza,AL Phehlukwayo,0,0,"",""
ball,2,7.5,Zimbabwe,CR Ervine,H Masakadza,AL Phehlukwayo,0,0,"",""
ball,2,7.6,Zimbabwe,CR Ervine,H Masakadza,AL Phehlukwayo,0,0,"",""
ball,2,8.1,Zimbabwe,H Masakadza,CR Ervine,DW Steyn,0,0,"",""
ball,2,8.2,Zimbabwe,H Masakadza,CR Ervine,DW Steyn,1,0,"",""
ball,2,8.3,Zimbabwe,CR Ervine,H Masakadza,DW Steyn,0,0,"",""
ball,2,8.4,Zimbabwe,CR Ervine,H Masakadza,DW Steyn,0,0,"",""
ball,2,8.5,Zimbabwe,CR Ervine,H Masakadza,DW Steyn,0,0,"",""
ball,2,8.6,Zimbabwe,CR Ervine,H Masakadza,DW Steyn,0,0,caught,CR Ervine
ball,2,9.1,Zimbabwe,H Masakadza,BRM Taylor,AL Phehlukwayo,0,0,"",""
ball,2,9.2,Zimbabwe,H Masakadza,BRM Taylor,AL Phehlukwayo,0,0,"",""
ball,2,9.3,Zimbabwe,H Masakadza,BRM Taylor,AL Phehlukwayo,0,0,"",""
ball,2,9.4,Zimbabwe,H Masakadza,BRM Taylor,AL Phehlukwayo,0,0,"",""
ball,2,9.5,Zimbabwe,H Masakadza,BRM Taylor,AL Phehlukwayo,2,0,"",""
ball,2,9.6,Zimbabwe,H Masakadza,BRM Taylor,AL Phehlukwayo,0,0,"",""
ball,2,10.1,Zimbabwe,BRM Taylor,H Masakadza,L Ngidi,0,0,"",""
ball,2,10.2,Zimbabwe,BRM Taylor,H Masakadza,L Ngidi,2,0,"",""
ball,2,10.3,Zimbabwe,BRM Taylor,H Masakadza,L Ngidi,0,0,"",""
ball,2,10.4,Zimbabwe,BRM Taylor,H Masakadza,L Ngidi,0,0,"",""
ball,2,10.5,Zimbabwe,BRM Taylor,H Masakadza,L Ngidi,0,0,"",""
ball,2,10.6,Zimbabwe,BRM Taylor,H Masakadza,L Ngidi,1,0,"",""
ball,2,11.1,Zimbabwe,BRM Taylor,H Masakadza,AL Phehlukwayo,0,0,"",""
ball,2,11.2,Zimbabwe,BRM Taylor,H Masakadza,AL Phehlukwayo,0,0,"",""
ball,2,11.3,Zimbabwe,BRM Taylor,H Masakadza,AL Phehlukwayo,0,1,"",""
ball,2,11.4,Zimbabwe,H Masakadza,BRM Taylor,AL Phehlukwayo,0,0,"",""
ball,2,11.5,Zimbabwe,H Masakadza,BRM Taylor,AL Phehlukwayo,1,0,"",""
ball,2,11.6,Zimbabwe,BRM Taylor,H Masakadza,AL Phehlukwayo,0,0,"",""
ball,2,12.1,Zimbabwe,H Masakadza,BRM Taylor,L Ngidi,0,0,"",""
ball,2,12.2,Zimbabwe,H Masakadza,BRM Taylor,L Ngidi,1,0,"",""
ball,2,12.3,Zimbabwe,BRM Taylor,H Masakadza,L Ngidi,1,0,"",""
ball,2,12.4,Zimbabwe,H Masakadza,BRM Taylor,L Ngidi,1,0,"",""
ball,2,12.5,Zimbabwe,BRM Taylor,H Masakadza,L Ngidi,0,0,"",""
ball,2,12.6,Zimbabwe,BRM Taylor,H Masakadza,L Ngidi,1,0,"",""
ball,2,13.1,Zimbabwe,BRM Taylor,H Masakadza,Imran Tahir,0,0,"",""
ball,2,13.2,Zimbabwe,BRM Taylor,H Masakadza,Imran Tahir,1,0,"",""
ball,2,13.3,Zimbabwe,H Masakadza,BRM Taylor,Imran Tahir,1,0,"",""
ball,2,13.4,Zimbabwe,BRM Taylor,H Masakadza,Imran Tahir,4,0,"",""
ball,2,13.5,Zimbabwe,BRM Taylor,H Masakadza,Imran Tahir,0,0,lbw,BRM Taylor
ball,2,13.6,Zimbabwe,SC Williams,H Masakadza,Imran Tahir,0,0,"",""
ball,2,14.1,Zimbabwe,H Masakadza,SC Williams,L Ngidi,0,0,lbw,H Masakadza
ball,2,14.2,Zimbabwe,PJ Moor,SC Williams,L Ngidi,0,0,"",""
ball,2,14.3,Zimbabwe,PJ Moor,SC Williams,L Ngidi,0,0,"",""
ball,2,14.4,Zimbabwe,PJ Moor,SC Williams,L Ngidi,0,1,"",""
ball,2,14.5,Zimbabwe,SC Williams,PJ Moor,L Ngidi,0,0,"",""
ball,2,14.6,Zimbabwe,SC Williams,PJ Moor,L Ngidi,0,0,"",""
ball,2,15.1,Zimbabwe,PJ Moor,SC Williams,Imran Tahir,0,0,"",""
ball,2,15.2,Zimbabwe,PJ Moor,SC Williams,Imran Tahir,0,1,"",""
ball,2,15.3,Zimbabwe,PJ Moor,SC Williams,Imran Tahir,0,0,"",""
ball,2,15.4,Zimbabwe,PJ Moor,SC Williams,Imran Tahir,0,0,"",""
ball,2,15.5,Zimbabwe,PJ Moor,SC Williams,Imran Tahir,0,0,"",""
ball,2,15.6,Zimbabwe,PJ Moor,SC Williams,Imran Tahir,0,0,"",""
ball,2,15.7,Zimbabwe,PJ Moor,SC Williams,Imran Tahir,1,0,"",""
ball,2,16.1,Zimbabwe,PJ Moor,SC Williams,L Ngidi,0,0,"",""
ball,2,16.2,Zimbabwe,PJ Moor,SC Williams,L Ngidi,0,0,"",""
ball,2,16.3,Zimbabwe,PJ Moor,SC Williams,L Ngidi,1,0,"",""
ball,2,16.4,Zimbabwe,SC Williams,PJ Moor,L Ngidi,0,0,"",""
ball,2,16.5,Zimbabwe,SC Williams,PJ Moor,L Ngidi,4,0,"",""
ball,2,16.6,Zimbabwe,SC Williams,PJ Moor,L Ngidi,4,0,"",""
ball,2,17.1,Zimbabwe,PJ Moor,SC Williams,Imran Tahir,1,0,"",""
ball,2,17.2,Zimbabwe,SC Williams,PJ Moor,Imran Tahir,1,0,"",""
ball,2,17.3,Zimbabwe,PJ Moor,SC Williams,Imran Tahir,0,0,"",""
ball,2,17.4,Zimbabwe,PJ Moor,SC Williams,Imran Tahir,0,0,"",""
ball,2,17.5,Zimbabwe,PJ Moor,SC Williams,Imran Tahir,1,0,"",""
ball,2,17.6,Zimbabwe,SC Williams,PJ Moor,Imran Tahir,0,0,stumped,SC Williams
ball,2,18.1,Zimbabwe,PJ Moor,E Chigumbura,AL Phehlukwayo,0,0,"",""
ball,2,18.2,Zimbabwe,PJ Moor,E Chigumbura,AL Phehlukwayo,0,0,"",""
ball,2,18.3,Zimbabwe,PJ Moor,E Chigumbura,AL Phehlukwayo,1,0,"",""
ball,2,18.4,Zimbabwe,E Chigumbura,PJ Moor,AL Phehlukwayo,0,0,"",""
ball,2,18.5,Zimbabwe,E Chigumbura,PJ Moor,AL Phehlukwayo,0,0,caught,E Chigumbura
ball,2,18.6,Zimbabwe,DT Tiripano,PJ Moor,AL Phehlukwayo,0,0,"",""
ball,2,19.1,Zimbabwe,PJ Moor,DT Tiripano,Imran Tahir,0,0,lbw,PJ Moor
ball,2,19.2,Zimbabwe,B Mavuta,DT Tiripano,Imran Tahir,0,0,bowled,B Mavuta
ball,2,19.3,Zimbabwe,KM Jarvis,DT Tiripano,Imran Tahir,1,0,"",""
ball,2,19.4,Zimbabwe,DT Tiripano,KM Jarvis,Imran Tahir,0,3,"",""
ball,2,19.5,Zimbabwe,DT Tiripano,KM Jarvis,Imran Tahir,1,0,"",""
ball,2,19.6,Zimbabwe,KM Jarvis,DT Tiripano,Imran Tahir,0,0,bowled,KM Jarvis
ball,2,19.7,Zimbabwe,TL Chatara,DT Tiripano,Imran Tahir,0,0,"",""
ball,2,20.1,Zimbabwe,DT Tiripano,TL Chatara,AL Phehlukwayo,0,0,"",""
ball,2,20.2,Zimbabwe,DT Tiripano,TL Chatara,AL Phehlukwayo,0,0,"",""
ball,2,20.3,Zimbabwe,DT Tiripano,TL Chatara,AL Phehlukwayo,0,0,"",""
ball,2,20.4,Zimbabwe,DT Tiripano,TL Chatara,AL Phehlukwayo,1,0,"",""
ball,2,20.5,Zimbabwe,TL Chatara,DT Tiripano,AL Phehlukwayo,1,0,"",""
ball,2,20.6,Zimbabwe,DT Tiripano,TL Chatara,AL Phehlukwayo,1,0,"",""
ball,2,21.1,Zimbabwe,DT Tiripano,TL Chatara,Imran Tahir,4,0,"",""
ball,2,21.2,Zimbabwe,DT Tiripano,TL Chatara,Imran Tahir,0,0,"",""
ball,2,21.3,Zimbabwe,DT Tiripano,TL Chatara,Imran Tahir,0,0,"",""
ball,2,21.4,Zimbabwe,DT Tiripano,TL Chatara,Imran Tahir,0,0,"",""
ball,2,21.5,Zimbabwe,DT Tiripano,TL Chatara,Imran Tahir,4,0,"",""
ball,2,21.6,Zimbabwe,DT Tiripano,TL Chatara,Imran Tahir,0,0,"",""
ball,2,22.1,Zimbabwe,TL Chatara,DT Tiripano,DW Steyn,1,0,"",""
ball,2,22.2,Zimbabwe,DT Tiripano,TL Chatara,DW Steyn,1,0,"",""
ball,2,22.3,Zimbabwe,TL Chatara,DT Tiripano,DW Steyn,0,0,"",""
ball,2,22.4,Zimbabwe,TL Chatara,DT Tiripano,DW Steyn,1,0,"",""
ball,2,22.5,Zimbabwe,DT Tiripano,TL Chatara,DW Steyn,0,0,"",""
ball,2,22.6,Zimbabwe,DT Tiripano,TL Chatara,DW Steyn,0,0,"",""
ball,2,23.1,Zimbabwe,TL Chatara,DT Tiripano,Imran Tahir,0,0,"",""
ball,2,23.2,Zimbabwe,TL Chatara,DT Tiripano,Imran Tahir,0,0,"",""
ball,2,23.3,Zimbabwe,TL Chatara,DT Tiripano,Imran Tahir,0,0,"",""
ball,2,23.4,Zimbabwe,TL Chatara,DT Tiripano,Imran Tahir,0,0,"",""
ball,2,23.5,Zimbabwe,TL Chatara,DT Tiripano,Imran Tahir,0,0,"",""
ball,2,23.6,Zimbabwe,TL Chatara,DT Tiripano,Imran Tahir,0,0,caught,TL Chatara
