version,1.3.0
info,team,Afghanistan
info,team,Pakistan
info,gender,male
info,season,2019
info,date,2019/06/29
info,competition,World Cup
info,match_number,36
info,venue,Headingley
info,city,Leeds
info,toss_winner,Afghanistan
info,toss_decision,bat
info,player_of_match,Imad Wasim
info,umpire,P Wilson
info,umpire,NJ Llong
info,reserve_umpire,IJ Gould
info,tv_umpire,CB Gaffaney
info,match_referee,BC Broad
info,winner,Pakistan
info,winner_wickets,3
ball,1,0.1,Afghanistan,Rahmat Shah,Gulbadin Naib,Imad Wasim,0,0,"",""
ball,1,0.2,Afghanistan,Rahmat Shah,Gulbadin Naib,Imad Wasim,1,0,"",""
ball,1,0.3,Afghanistan,Gulbadin Naib,Rahmat Shah,Imad Wasim,0,0,"",""
ball,1,0.4,Afghanistan,Gulbadin Naib,Rahmat Shah,Imad Wasim,1,0,"",""
ball,1,0.5,Afghanistan,Rahmat Shah,Gulbadin Naib,Imad Wasim,2,0,"",""
ball,1,0.6,Afghanistan,Rahmat Shah,Gulbadin Naib,Imad Wasim,1,0,"",""
ball,1,1.1,Afghanistan,Rahmat Shah,Gulbadin Naib,Mohammad Amir,0,0,"",""
ball,1,1.2,Afghanistan,Rahmat Shah,Gulbadin Naib,Mohammad Amir,0,0,"",""
ball,1,1.3,Afghanistan,Rahmat Shah,Gulbadin Naib,Mohammad Amir,0,0,"",""
ball,1,1.4,Afghanistan,Rahmat Shah,Gulbadin Naib,Mohammad Amir,0,0,"",""
ball,1,1.5,Afghanistan,Rahmat Shah,Gulbadin Naib,Mohammad Amir,0,0,"",""
ball,1,1.6,Afghanistan,Rahmat Shah,Gulbadin Naib,Mohammad Amir,0,0,"",""
ball,1,2.1,Afghanistan,Gulbadin Naib,Rahmat Shah,Imad Wasim,0,0,"",""
ball,1,2.2,Afghanistan,Gulbadin Naib,Rahmat Shah,Imad Wasim,0,0,"",""
ball,1,2.3,Afghanistan,Gulbadin Naib,Rahmat Shah,Imad Wasim,0,0,"",""
ball,1,2.4,Afghanistan,Gulbadin Naib,Rahmat Shah,Imad Wasim,0,0,"",""
ball,1,2.5,Afghanistan,Gulbadin Naib,Rahmat Shah,Imad Wasim,0,0,"",""
ball,1,2.6,Afghanistan,Gulbadin Naib,Rahmat Shah,Imad Wasim,4,0,"",""
ball,1,3.1,Afghanistan,Rahmat Shah,Gulbadin Naib,Mohammad Amir,4,0,"",""
ball,1,3.2,Afghanistan,Rahmat Shah,Gulbadin Naib,Mohammad Amir,0,0,"",""
ball,1,3.3,Afghanistan,Rahmat Shah,Gulbadin Naib,Mohammad Amir,0,0,"",""
ball,1,3.4,Afghanistan,Rahmat Shah,Gulbadin Naib,Mohammad Amir,4,0,"",""
ball,1,3.5,Afghanistan,Rahmat Shah,Gulbadin Naib,Mohammad Amir,0,0,"",""
ball,1,3.6,Afghanistan,Rahmat Shah,Gulbadin Naib,Mohammad Amir,0,0,"",""
ball,1,4.1,Afghanistan,Gulbadin Naib,Rahmat Shah,Shaheen Shah Afridi,4,0,"",""
ball,1,4.2,Afghanistan,Gulbadin Naib,Rahmat Shah,Shaheen Shah Afridi,2,0,"",""
ball,1,4.3,Afghanistan,Gulbadin Naib,Rahmat Shah,Shaheen Shah Afridi,4,0,"",""
ball,1,4.4,Afghanistan,Gulbadin Naib,Rahmat Shah,Shaheen Shah Afridi,0,0,caught,Gulbadin Naib
ball,1,4.5,Afghanistan,Hashmatullah Shahidi,Rahmat Shah,Shaheen Shah Afridi,0,0,caught,Hashmatullah Shahidi
ball,1,4.6,Afghanistan,Ikram Alikhil,Rahmat Shah,Shaheen Shah Afridi,0,4,"",""
ball,1,5.1,Afghanistan,Rahmat Shah,Ikram Alikhil,Mohammad Amir,1,0,"",""
ball,1,5.2,Afghanistan,Ikram Alikhil,Rahmat Shah,Mohammad Amir,0,0,"",""
ball,1,5.3,Afghanistan,Ikram Alikhil,Rahmat Shah,Mohammad Amir,0,0,"",""
ball,1,5.4,Afghanistan,Ikram Alikhil,Rahmat Shah,Mohammad Amir,0,0,"",""
ball,1,5.5,Afghanistan,Ikram Alikhil,Rahmat Shah,Mohammad Amir,0,0,"",""
ball,1,5.6,Afghanistan,Ikram Alikhil,Rahmat Shah,Mohammad Amir,0,0,"",""
ball,1,6.1,Afghanistan,Rahmat Shah,Ikram Alikhil,Shaheen Shah Afridi,0,0,"",""
ball,1,6.2,Afghanistan,Rahmat Shah,Ikram Alikhil,Shaheen Shah Afridi,0,0,"",""
ball,1,6.3,Afghanistan,Rahmat Shah,Ikram Alikhil,Shaheen Shah Afridi,4,0,"",""
ball,1,6.4,Afghanistan,Rahmat Shah,Ikram Alikhil,Shaheen Shah Afridi,2,0,"",""
ball,1,6.5,Afghanistan,Rahmat Shah,Ikram Alikhil,Shaheen Shah Afridi,0,0,"",""
ball,1,6.6,Afghanistan,Rahmat Shah,Ikram Alikhil,Shaheen Shah Afridi,1,0,"",""
ball,1,7.1,Afghanistan,Rahmat Shah,Ikram Alikhil,Mohammad Amir,0,0,"",""
ball,1,7.2,Afghanistan,Rahmat Shah,Ikram Alikhil,Mohammad Amir,0,0,"",""
ball,1,7.3,Afghanistan,Rahmat Shah,Ikram Alikhil,Mohammad Amir,0,0,"",""
ball,1,7.4,Afghanistan,Rahmat Shah,Ikram Alikhil,Mohammad Amir,0,0,"",""
ball,1,7.5,Afghanistan,Rahmat Shah,Ikram Alikhil,Mohammad Amir,0,0,"",""
ball,1,7.6,Afghanistan,Rahmat Shah,Ikram Alikhil,Mohammad Amir,1,0,"",""
ball,1,8.1,Afghanistan,Rahmat Shah,Ikram Alikhil,Shaheen Shah Afridi,0,0,"",""
ball,1,8.2,Afghanistan,Rahmat Shah,Ikram Alikhil,Shaheen Shah Afridi,0,0,"",""
ball,1,8.3,Afghanistan,Rahmat Shah,Ikram Alikhil,Shaheen Shah Afridi,4,0,"",""
ball,1,8.4,Afghanistan,Rahmat Shah,Ikram Alikhil,Shaheen Shah Afridi,1,0,"",""
ball,1,8.5,Afghanistan,Ikram Alikhil,Rahmat Shah,Shaheen Shah Afridi,0,0,"",""
ball,1,8.6,Afghanistan,Ikram Alikhil,Rahmat Shah,Shaheen Shah Afridi,0,0,"",""
ball,1,9.1,Afghanistan,Rahmat Shah,Ikram Alikhil,Imad Wasim,0,0,"",""
ball,1,9.2,Afghanistan,Rahmat Shah,Ikram Alikhil,Imad Wasim,0,0,"",""
ball,1,9.3,Afghanistan,Rahmat Shah,Ikram Alikhil,Imad Wasim,0,0,"",""
ball,1,9.4,Afghanistan,Rahmat Shah,Ikram Alikhil,Imad Wasim,1,0,"",""
ball,1,9.5,Afghanistan,Ikram Alikhil,Rahmat Shah,Imad Wasim,0,0,"",""
ball,1,9.6,Afghanistan,Ikram Alikhil,Rahmat Shah,Imad Wasim,0,0,"",""
ball,1,10.1,Afghanistan,Rahmat Shah,Ikram Alikhil,Mohammad Hafeez,1,0,"",""
ball,1,10.2,Afghanistan,Ikram Alikhil,Rahmat Shah,Mohammad Hafeez,1,0,"",""
ball,1,10.3,Afghanistan,Rahmat Shah,Ikram Alikhil,Mohammad Hafeez,1,0,"",""
ball,1,10.4,Afghanistan,Ikram Alikhil,Rahmat Shah,Mohammad Hafeez,1,0,"",""
ball,1,10.5,Afghanistan,Rahmat Shah,Ikram Alikhil,Mohammad Hafeez,1,0,"",""
ball,1,10.6,Afghanistan,Ikram Alikhil,Rahmat Shah,Mohammad Hafeez,0,0,"",""
ball,1,11.1,Afghanistan,Rahmat Shah,Ikram Alikhil,Imad Wasim,1,0,"",""
ball,1,11.2,Afghanistan,Ikram Alikhil,Rahmat Shah,Imad Wasim,0,0,"",""
ball,1,11.3,Afghanistan,Ikram Alikhil,Rahmat Shah,Imad Wasim,0,0,"",""
ball,1,11.4,Afghanistan,Ikram Alikhil,Rahmat Shah,Imad Wasim,1,0,"",""
ball,1,11.5,Afghanistan,Rahmat Shah,Ikram Alikhil,Imad Wasim,4,0,"",""
ball,1,11.6,Afghanistan,Rahmat Shah,Ikram Alikhil,Imad Wasim,0,0,caught,Rahmat Shah
ball,1,12.1,Afghanistan,Ikram Alikhil,Asghar Stanikzai,Mohammad Hafeez,2,0,"",""
ball,1,12.2,Afghanistan,Ikram Alikhil,Asghar Stanikzai,Mohammad Hafeez,0,0,"",""
ball,1,12.3,Afghanistan,Ikram Alikhil,Asghar Stanikzai,Mohammad Hafeez,0,0,"",""
ball,1,12.4,Afghanistan,Ikram Alikhil,Asghar Stanikzai,Mohammad Hafeez,0,0,"",""
ball,1,12.5,Afghanistan,Ikram Alikhil,Asghar Stanikzai,Mohammad Hafeez,1,0,"",""
ball,1,12.6,Afghanistan,Asghar Stanikzai,Ikram Alikhil,Mohammad Hafeez,2,0,"",""
ball,1,13.1,Afghanistan,Ikram Alikhil,Asghar Stanikzai,Imad Wasim,0,0,"",""
ball,1,13.2,Afghanistan,Ikram Alikhil,Asghar Stanikzai,Imad Wasim,1,0,"",""
ball,1,13.3,Afghanistan,Asghar Stanikzai,Ikram Alikhil,Imad Wasim,0,0,"",""
ball,1,13.4,Afghanistan,Asghar Stanikzai,Ikram Alikhil,Imad Wasim,6,0,"",""
ball,1,13.5,Afghanistan,Asghar Stanikzai,Ikram Alikhil,Imad Wasim,0,0,"",""
ball,1,13.6,Afghanistan,Asghar Stanikzai,Ikram Alikhil,Imad Wasim,2,0,"",""
ball,1,14.1,Afghanistan,Ikram Alikhil,Asghar Stanikzai,Wahab Riaz,0,1,"",""
ball,1,14.2,Afghanistan,Ikram Alikhil,Asghar Stanikzai,Wahab Riaz,0,0,"",""
ball,1,14.3,Afghanistan,Ikram Alikhil,Asghar Stanikzai,Wahab Riaz,0,1,"",""
ball,1,14.4,Afghanistan,Ikram Alikhil,Asghar Stanikzai,Wahab Riaz,4,0,"",""
ball,1,14.5,Afghanistan,Ikram Alikhil,Asghar Stanikzai,Wahab Riaz,0,0,"",""
ball,1,14.6,Afghanistan,Ikram Alikhil,Asghar Stanikzai,Wahab Riaz,0,0,"",""
ball,1,14.7,Afghanistan,Ikram Alikhil,Asghar Stanikzai,Wahab Riaz,0,0,"",""
ball,1,14.8,Afghanistan,Ikram Alikhil,Asghar Stanikzai,Wahab Riaz,0,0,"",""
ball,1,15.1,Afghanistan,Asghar Stanikzai,Ikram Alikhil,Shadab Khan,4,0,"",""
ball,1,15.2,Afghanistan,Asghar Stanikzai,Ikram Alikhil,Shadab Khan,1,0,"",""
ball,1,15.3,Afghanistan,Ikram Alikhil,Asghar Stanikzai,Shadab Khan,0,0,"",""
ball,1,15.4,Afghanistan,Ikram Alikhil,Asghar Stanikzai,Shadab Khan,0,0,"",""
ball,1,15.5,Afghanistan,Ikram Alikhil,Asghar Stanikzai,Shadab Khan,0,0,"",""
ball,1,15.6,Afghanistan,Ikram Alikhil,Asghar Stanikzai,Shadab Khan,0,0,"",""
ball,1,16.1,Afghanistan,Asghar Stanikzai,Ikram Alikhil,Wahab Riaz,0,0,"",""
ball,1,16.2,Afghanistan,Asghar Stanikzai,Ikram Alikhil,Wahab Riaz,0,0,"",""
ball,1,16.3,Afghanistan,Asghar Stanikzai,Ikram Alikhil,Wahab Riaz,0,0,"",""
ball,1,16.4,Afghanistan,Asghar Stanikzai,Ikram Alikhil,Wahab Riaz,1,0,"",""
ball,1,16.5,Afghanistan,Ikram Alikhil,Asghar Stanikzai,Wahab Riaz,0,0,"",""
ball,1,16.6,Afghanistan,Ikram Alikhil,Asghar Stanikzai,Wahab Riaz,0,0,"",""
ball,1,17.1,Afghanistan,Asghar Stanikzai,Ikram Alikhil,Shadab Khan,0,0,"",""
ball,1,17.2,Afghanistan,Asghar Stanikzai,Ikram Alikhil,Shadab Khan,4,0,"",""
ball,1,17.3,Afghanistan,Asghar Stanikzai,Ikram Alikhil,Shadab Khan,1,0,"",""
ball,1,17.4,Afghanistan,Ikram Alikhil,Asghar Stanikzai,Shadab Khan,1,0,"",""
ball,1,17.5,Afghanistan,Asghar Stanikzai,Ikram Alikhil,Shadab Khan,6,0,"",""
ball,1,17.6,Afghanistan,Asghar Stanikzai,Ikram Alikhil,Shadab Khan,1,0,"",""
ball,1,18.1,Afghanistan,Asghar Stanikzai,Ikram Alikhil,Wahab Riaz,4,0,"",""
ball,1,18.2,Afghanistan,Asghar Stanikzai,Ikram Alikhil,Wahab Riaz,0,0,"",""
ball,1,18.3,Afghanistan,Asghar Stanikzai,Ikram Alikhil,Wahab Riaz,1,0,"",""
ball,1,18.4,Afghanistan,Ikram Alikhil,Asghar Stanikzai,Wahab Riaz,0,0,"",""
ball,1,18.5,Afghanistan,Ikram Alikhil,Asghar Stanikzai,Wahab Riaz,0,0,"",""
ball,1,18.6,Afghanistan,Ikram Alikhil,Asghar Stanikzai,Wahab Riaz,0,0,"",""
ball,1,19.1,Afghanistan,Asghar Stanikzai,Ikram Alikhil,Shadab Khan,0,0,"",""
ball,1,19.2,Afghanistan,Asghar Stanikzai,Ikram Alikhil,Shadab Khan,1,0,"",""
ball,1,19.3,Afghanistan,Ikram Alikhil,Asghar Stanikzai,Shadab Khan,1,0,"",""
ball,1,19.4,Afghanistan,Asghar Stanikzai,Ikram Alikhil,Shadab Khan,0,0,"",""
ball,1,19.5,Afghanistan,Asghar Stanikzai,Ikram Alikhil,Shadab Khan,1,0,"",""
ball,1,19.6,Afghanistan,Ikram Alikhil,Asghar Stanikzai,Shadab Khan,0,0,"",""
ball,1,20.1,Afghanistan,Asghar Stanikzai,Ikram Alikhil,Wahab Riaz,1,0,"",""
ball,1,20.2,Afghanistan,Ikram Alikhil,Asghar Stanikzai,Wahab Riaz,0,0,"",""
ball,1,20.3,Afghanistan,Ikram Alikhil,Asghar Stanikzai,Wahab Riaz,0,0,"",""
ball,1,20.4,Afghanistan,Ikram Alikhil,Asghar Stanikzai,Wahab Riaz,0,0,"",""
ball,1,20.5,Afghanistan,Ikram Alikhil,Asghar Stanikzai,Wahab Riaz,1,0,"",""
ball,1,20.6,Afghanistan,Asghar Stanikzai,Ikram Alikhil,Wahab Riaz,1,0,"",""
ball,1,21.1,Afghanistan,Asghar Stanikzai,Ikram Alikhil,Shadab Khan,1,0,"",""
ball,1,21.2,Afghanistan,Ikram Alikhil,Asghar Stanikzai,Shadab Khan,1,0,"",""
ball,1,21.3,Afghanistan,Asghar Stanikzai,Ikram Alikhil,Shadab Khan,0,0,"",""
ball,1,21.4,Afghanistan,Asghar Stanikzai,Ikram Alikhil,Shadab Khan,0,0,"",""
ball,1,21.5,Afghanistan,Asghar Stanikzai,Ikram Alikhil,Shadab Khan,1,0,"",""
ball,1,21.6,Afghanistan,Ikram Alikhil,Asghar Stanikzai,Shadab Khan,1,0,"",""
ball,1,22.1,Afghanistan,Ikram Alikhil,Asghar Stanikzai,Imad Wasim,0,0,"",""
ball,1,22.2,Afghanistan,Ikram Alikhil,Asghar Stanikzai,Imad Wasim,1,0,"",""
ball,1,22.3,Afghanistan,Asghar Stanikzai,Ikram Alikhil,Imad Wasim,1,0,"",""
ball,1,22.4,Afghanistan,Ikram Alikhil,Asghar Stanikzai,Imad Wasim,1,0,"",""
ball,1,22.5,Afghanistan,Asghar Stanikzai,Ikram Alikhil,Imad Wasim,0,0,"",""
ball,1,22.6,Afghanistan,Asghar Stanikzai,Ikram Alikhil,Imad Wasim,0,0,"",""
ball,1,23.1,Afghanistan,Ikram Alikhil,Asghar Stanikzai,Shadab Khan,0,0,"",""
ball,1,23.2,Afghanistan,Ikram Alikhil,Asghar Stanikzai,Shadab Khan,0,0,"",""
ball,1,23.3,Afghanistan,Ikram Alikhil,Asghar Stanikzai,Shadab Khan,1,0,"",""
ball,1,23.4,Afghanistan,Asghar Stanikzai,Ikram Alikhil,Shadab Khan,1,0,"",""
ball,1,23.5,Afghanistan,Ikram Alikhil,Asghar Stanikzai,Shadab Khan,0,0,"",""
ball,1,23.6,Afghanistan,Ikram Alikhil,Asghar Stanikzai,Shadab Khan,1,0,"",""
ball,1,24.1,Afghanistan,Ikram Alikhil,Asghar Stanikzai,Imad Wasim,1,0,"",""
ball,1,24.2,Afghanistan,Asghar Stanikzai,Ikram Alikhil,Imad Wasim,1,0,"",""
ball,1,24.3,Afghanistan,Ikram Alikhil,Asghar Stanikzai,Imad Wasim,0,0,"",""
ball,1,24.4,Afghanistan,Ikram Alikhil,Asghar Stanikzai,Imad Wasim,0,0,"",""
ball,1,24.5,Afghanistan,Ikram Alikhil,Asghar Stanikzai,Imad Wasim,0,0,"",""
ball,1,24.6,Afghanistan,Ikram Alikhil,Asghar Stanikzai,Imad Wasim,1,0,"",""
ball,1,25.1,Afghanistan,Ikram Alikhil,Asghar Stanikzai,Shadab Khan,1,0,"",""
ball,1,25.2,Afghanistan,Asghar Stanikzai,Ikram Alikhil,Shadab Khan,0,0,bowled,Asghar Stanikzai
ball,1,25.3,Afghanistan,Mohammad Nabi,Ikram Alikhil,Shadab Khan,0,0,"",""
ball,1,25.4,Afghanistan,Mohammad Nabi,Ikram Alikhil,Shadab Khan,0,0,"",""
ball,1,25.5,Afghanistan,Mohammad Nabi,Ikram Alikhil,Shadab Khan,1,0,"",""
ball,1,25.6,Afghanistan,Ikram Alikhil,Mohammad Nabi,Shadab Khan,0,0,"",""
ball,1,26.1,Afghanistan,Mohammad Nabi,Ikram Alikhil,Imad Wasim,1,0,"",""
ball,1,26.2,Afghanistan,Ikram Alikhil,Mohammad Nabi,Imad Wasim,1,0,"",""
ball,1,26.3,Afghanistan,Mohammad Nabi,Ikram Alikhil,Imad Wasim,1,0,"",""
ball,1,26.4,Afghanistan,Ikram Alikhil,Mohammad Nabi,Imad Wasim,0,0,"",""
ball,1,26.5,Afghanistan,Ikram Alikhil,Mohammad Nabi,Imad Wasim,0,0,"",""
ball,1,26.6,Afghanistan,Ikram Alikhil,Mohammad Nabi,Imad Wasim,0,0,caught,Ikram Alikhil
ball,1,27.1,Afghanistan,Mohammad Nabi,Najibullah Zadran,Shadab Khan,0,0,"",""
ball,1,27.2,Afghanistan,Mohammad Nabi,Najibullah Zadran,Shadab Khan,0,0,"",""
ball,1,27.3,Afghanistan,Mohammad Nabi,Najibullah Zadran,Shadab Khan,0,0,"",""
ball,1,27.4,Afghanistan,Mohammad Nabi,Najibullah Zadran,Shadab Khan,1,0,"",""
ball,1,27.5,Afghanistan,Najibullah Zadran,Mohammad Nabi,Shadab Khan,0,0,"",""
ball,1,27.6,Afghanistan,Najibullah Zadran,Mohammad Nabi,Shadab Khan,0,0,"",""
ball,1,28.1,Afghanistan,Mohammad Nabi,Najibullah Zadran,Shaheen Shah Afridi,0,0,"",""
ball,1,28.2,Afghanistan,Mohammad Nabi,Najibullah Zadran,Shaheen Shah Afridi,0,0,"",""
ball,1,28.3,Afghanistan,Mohammad Nabi,Najibullah Zadran,Shaheen Shah Afridi,1,0,"",""
ball,1,28.4,Afghanistan,Najibullah Zadran,Mohammad Nabi,Shaheen Shah Afridi,0,1,"",""
ball,1,28.5,Afghanistan,Najibullah Zadran,Mohammad Nabi,Shaheen Shah Afridi,0,0,"",""
ball,1,28.6,Afghanistan,Najibullah Zadran,Mohammad Nabi,Shaheen Shah Afridi,0,1,"",""
ball,1,28.7,Afghanistan,Najibullah Zadran,Mohammad Nabi,Shaheen Shah Afridi,0,0,"",""
ball,1,28.8,Afghanistan,Najibullah Zadran,Mohammad Nabi,Shaheen Shah Afridi,1,0,"",""
ball,1,29.1,Afghanistan,Najibullah Zadran,Mohammad Nabi,Mohammad Amir,1,0,"",""
ball,1,29.2,Afghanistan,Mohammad Nabi,Najibullah Zadran,Mohammad Amir,1,0,"",""
ball,1,29.3,Afghanistan,Najibullah Zadran,Mohammad Nabi,Mohammad Amir,1,0,"",""
ball,1,29.4,Afghanistan,Mohammad Nabi,Najibullah Zadran,Mohammad Amir,1,0,"",""
ball,1,29.5,Afghanistan,Najibullah Zadran,Mohammad Nabi,Mohammad Amir,0,0,"",""
ball,1,29.6,Afghanistan,Najibullah Zadran,Mohammad Nabi,Mohammad Amir,0,0,"",""
ball,1,30.1,Afghanistan,Mohammad Nabi,Najibullah Zadran,Shaheen Shah Afridi,1,0,"",""
ball,1,30.2,Afghanistan,Najibullah Zadran,Mohammad Nabi,Shaheen Shah Afridi,0,0,"",""
ball,1,30.3,Afghanistan,Najibullah Zadran,Mohammad Nabi,Shaheen Shah Afridi,4,0,"",""
ball,1,30.4,Afghanistan,Najibullah Zadran,Mohammad Nabi,Shaheen Shah Afridi,1,0,"",""
ball,1,30.5,Afghanistan,Mohammad Nabi,Najibullah Zadran,Shaheen Shah Afridi,0,0,"",""
ball,1,30.6,Afghanistan,Mohammad Nabi,Najibullah Zadran,Shaheen Shah Afridi,0,0,"",""
ball,1,31.1,Afghanistan,Najibullah Zadran,Mohammad Nabi,Mohammad Amir,1,0,"",""
ball,1,31.2,Afghanistan,Mohammad Nabi,Najibullah Zadran,Mohammad Amir,0,0,"",""
ball,1,31.3,Afghanistan,Mohammad Nabi,Najibullah Zadran,Mohammad Amir,0,0,"",""
ball,1,31.4,Afghanistan,Mohammad Nabi,Najibullah Zadran,Mohammad Amir,1,0,"",""
ball,1,31.5,Afghanistan,Najibullah Zadran,Mohammad Nabi,Mohammad Amir,0,0,"",""
ball,1,31.6,Afghanistan,Najibullah Zadran,Mohammad Nabi,Mohammad Amir,0,0,"",""
ball,1,32.1,Afghanistan,Mohammad Nabi,Najibullah Zadran,Shaheen Shah Afridi,0,0,"",""
ball,1,32.2,Afghanistan,Mohammad Nabi,Najibullah Zadran,Shaheen Shah Afridi,1,0,"",""
ball,1,32.3,Afghanistan,Najibullah Zadran,Mohammad Nabi,Shaheen Shah Afridi,0,0,"",""
ball,1,32.4,Afghanistan,Najibullah Zadran,Mohammad Nabi,Shaheen Shah Afridi,0,1,"",""
ball,1,32.5,Afghanistan,Najibullah Zadran,Mohammad Nabi,Shaheen Shah Afridi,0,0,"",""
ball,1,32.6,Afghanistan,Najibullah Zadran,Mohammad Nabi,Shaheen Shah Afridi,0,0,"",""
ball,1,32.7,Afghanistan,Najibullah Zadran,Mohammad Nabi,Shaheen Shah Afridi,1,0,"",""
ball,1,33.1,Afghanistan,Najibullah Zadran,Mohammad Nabi,Mohammad Amir,0,0,"",""
ball,1,33.2,Afghanistan,Najibullah Zadran,Mohammad Nabi,Mohammad Amir,1,0,"",""
ball,1,33.3,Afghanistan,Mohammad Nabi,Najibullah Zadran,Mohammad Amir,1,0,"",""
ball,1,33.4,Afghanistan,Najibullah Zadran,Mohammad Nabi,Mohammad Amir,0,1,"",""
ball,1,33.5,Afghanistan,Najibullah Zadran,Mohammad Nabi,Mohammad Amir,0,0,"",""
ball,1,33.6,Afghanistan,Najibullah Zadran,Mohammad Nabi,Mohammad Amir,4,0,"",""
ball,1,33.7,Afghanistan,Najibullah Zadran,Mohammad Nabi,Mohammad Amir,0,0,"",""
ball,1,34.1,Afghanistan,Mohammad Nabi,Najibullah Zadran,Wahab Riaz,2,0,"",""
ball,1,34.2,Afghanistan,Mohammad Nabi,Najibullah Zadran,Wahab Riaz,0,4,"",""
ball,1,34.3,Afghanistan,Mohammad Nabi,Najibullah Zadran,Wahab Riaz,0,0,"",""
ball,1,34.4,Afghanistan,Mohammad Nabi,Najibullah Zadran,Wahab Riaz,0,0,"",""
ball,1,34.5,Afghanistan,Mohammad Nabi,Najibullah Zadran,Wahab Riaz,1,0,"",""
ball,1,34.6,Afghanistan,Najibullah Zadran,Mohammad Nabi,Wahab Riaz,0,0,"",""
ball,1,35.1,Afghanistan,Mohammad Nabi,Najibullah Zadran,Imad Wasim,0,0,"",""
ball,1,35.2,Afghanistan,Mohammad Nabi,Najibullah Zadran,Imad Wasim,0,0,"",""
ball,1,35.3,Afghanistan,Mohammad Nabi,Najibullah Zadran,Imad Wasim,1,0,"",""
ball,1,35.4,Afghanistan,Najibullah Zadran,Mohammad Nabi,Imad Wasim,4,0,"",""
ball,1,35.5,Afghanistan,Najibullah Zadran,Mohammad Nabi,Imad Wasim,0,0,"",""
ball,1,35.6,Afghanistan,Najibullah Zadran,Mohammad Nabi,Imad Wasim,0,0,"",""
ball,1,36.1,Afghanistan,Mohammad Nabi,Najibullah Zadran,Wahab Riaz,0,1,"",""
ball,1,36.2,Afghanistan,Mohammad Nabi,Najibullah Zadran,Wahab Riaz,1,0,"",""
ball,1,36.3,Afghanistan,Najibullah Zadran,Mohammad Nabi,Wahab Riaz,0,0,"",""
ball,1,36.4,Afghanistan,Najibullah Zadran,Mohammad Nabi,Wahab Riaz,1,0,"",""
ball,1,36.5,Afghanistan,Mohammad Nabi,Najibullah Zadran,Wahab Riaz,0,0,caught,Mohammad Nabi
ball,1,36.6,Afghanistan,Samiullah Shenwari,Najibullah Zadran,Wahab Riaz,1,0,"",""
ball,1,36.7,Afghanistan,Najibullah Zadran,Samiullah Shenwari,Wahab Riaz,1,0,"",""
ball,1,37.1,Afghanistan,Najibullah Zadran,Samiullah Shenwari,Imad Wasim,4,0,"",""
ball,1,37.2,Afghanistan,Najibullah Zadran,Samiullah Shenwari,Imad Wasim,0,0,"",""
ball,1,37.3,Afghanistan,Najibullah Zadran,Samiullah Shenwari,Imad Wasim,4,0,"",""
ball,1,37.4,Afghanistan,Najibullah Zadran,Samiullah Shenwari,Imad Wasim,1,0,"",""
ball,1,37.5,Afghanistan,Samiullah Shenwari,Najibullah Zadran,Imad Wasim,0,0,"",""
ball,1,37.6,Afghanistan,Samiullah Shenwari,Najibullah Zadran,Imad Wasim,0,0,"",""
ball,1,38.1,Afghanistan,Najibullah Zadran,Samiullah Shenwari,Wahab Riaz,0,0,"",""
ball,1,38.2,Afghanistan,Najibullah Zadran,Samiullah Shenwari,Wahab Riaz,0,0,"",""
ball,1,38.3,Afghanistan,Najibullah Zadran,Samiullah Shenwari,Wahab Riaz,0,0,"",""
ball,1,38.4,Afghanistan,Najibullah Zadran,Samiullah Shenwari,Wahab Riaz,1,0,"",""
ball,1,38.5,Afghanistan,Samiullah Shenwari,Najibullah Zadran,Wahab Riaz,1,0,"",""
ball,1,38.6,Afghanistan,Najibullah Zadran,Samiullah Shenwari,Wahab Riaz,1,0,"",""
ball,1,39.1,Afghanistan,Najibullah Zadran,Samiullah Shenwari,Shadab Khan,1,0,"",""
ball,1,39.2,Afghanistan,Samiullah Shenwari,Najibullah Zadran,Shadab Khan,0,0,"",""
ball,1,39.3,Afghanistan,Samiullah Shenwari,Najibullah Zadran,Shadab Khan,1,0,"",""
ball,1,39.4,Afghanistan,Najibullah Zadran,Samiullah Shenwari,Shadab Khan,0,0,"",""
ball,1,39.5,Afghanistan,Najibullah Zadran,Samiullah Shenwari,Shadab Khan,0,1,"",""
ball,1,39.6,Afghanistan,Najibullah Zadran,Samiullah Shenwari,Shadab Khan,0,0,"",""
ball,1,39.7,Afghanistan,Najibullah Zadran,Samiullah Shenwari,Shadab Khan,0,0,"",""
ball,1,40.1,Afghanistan,Samiullah Shenwari,Najibullah Zadran,Shaheen Shah Afridi,0,0,"",""
ball,1,40.2,Afghanistan,Samiullah Shenwari,Najibullah Zadran,Shaheen Shah Afridi,0,0,"",""
ball,1,40.3,Afghanistan,Samiullah Shenwari,Najibullah Zadran,Shaheen Shah Afridi,0,0,"",""
ball,1,40.4,Afghanistan,Samiullah Shenwari,Najibullah Zadran,Shaheen Shah Afridi,0,0,"",""
ball,1,40.5,Afghanistan,Samiullah Shenwari,Najibullah Zadran,Shaheen Shah Afridi,1,0,"",""
ball,1,40.6,Afghanistan,Najibullah Zadran,Samiullah Shenwari,Shaheen Shah Afridi,0,0,"",""
ball,1,41.1,Afghanistan,Samiullah Shenwari,Najibullah Zadran,Shadab Khan,0,0,"",""
ball,1,41.2,Afghanistan,Samiullah Shenwari,Najibullah Zadran,Shadab Khan,1,0,"",""
ball,1,41.3,Afghanistan,Najibullah Zadran,Samiullah Shenwari,Shadab Khan,0,0,"",""
ball,1,41.4,Afghanistan,Najibullah Zadran,Samiullah Shenwari,Shadab Khan,2,0,"",""
ball,1,41.5,Afghanistan,Najibullah Zadran,Samiullah Shenwari,Shadab Khan,1,0,"",""
ball,1,41.6,Afghanistan,Samiullah Shenwari,Najibullah Zadran,Shadab Khan,1,0,"",""
ball,1,42.1,Afghanistan,Samiullah Shenwari,Najibullah Zadran,Shaheen Shah Afridi,0,0,"",""
ball,1,42.2,Afghanistan,Samiullah Shenwari,Najibullah Zadran,Shaheen Shah Afridi,0,0,"",""
ball,1,42.3,Afghanistan,Samiullah Shenwari,Najibullah Zadran,Shaheen Shah Afridi,0,0,"",""
ball,1,42.4,Afghanistan,Samiullah Shenwari,Najibullah Zadran,Shaheen Shah Afridi,0,1,"",""
ball,1,42.5,Afghanistan,Samiullah Shenwari,Najibullah Zadran,Shaheen Shah Afridi,0,0,"",""
ball,1,42.6,Afghanistan,Samiullah Shenwari,Najibullah Zadran,Shaheen Shah Afridi,1,0,"",""
ball,1,42.7,Afghanistan,Najibullah Zadran,Samiullah Shenwari,Shaheen Shah Afridi,0,0,"",""
ball,1,43.1,Afghanistan,Samiullah Shenwari,Najibullah Zadran,Shadab Khan,1,0,"",""
ball,1,43.2,Afghanistan,Najibullah Zadran,Samiullah Shenwari,Shadab Khan,1,0,"",""
ball,1,43.3,Afghanistan,Samiullah Shenwari,Najibullah Zadran,Shadab Khan,0,0,"",""
ball,1,43.4,Afghanistan,Samiullah Shenwari,Najibullah Zadran,Shadab Khan,1,0,"",""
ball,1,43.5,Afghanistan,Najibullah Zadran,Samiullah Shenwari,Shadab Khan,1,0,"",""
ball,1,43.6,Afghanistan,Samiullah Shenwari,Najibullah Zadran,Shadab Khan,1,0,"",""
ball,1,44.1,Afghanistan,Samiullah Shenwari,Najibullah Zadran,Shaheen Shah Afridi,1,0,"",""
ball,1,44.2,Afghanistan,Najibullah Zadran,Samiullah Shenwari,Shaheen Shah Afridi,0,0,"",""
ball,1,44.3,Afghanistan,Najibullah Zadran,Samiullah Shenwari,Shaheen Shah Afridi,4,0,"",""
ball,1,44.4,Afghanistan,Najibullah Zadran,Samiullah Shenwari,Shaheen Shah Afridi,0,0,bowled,Najibullah Zadran
ball,1,44.5,Afghanistan,Rashid Khan,Samiullah Shenwari,Shaheen Shah Afridi,0,0,"",""
ball,1,44.6,Afghanistan,Rashid Khan,Samiullah Shenwari,Shaheen Shah Afridi,1,0,"",""
ball,1,45.1,Afghanistan,Rashid Khan,Samiullah Shenwari,Mohammad Amir,0,0,"",""
ball,1,45.2,Afghanistan,Rashid Khan,Samiullah Shenwari,Mohammad Amir,0,0,"",""
ball,1,45.3,Afghanistan,Rashid Khan,Samiullah Shenwari,Mohammad Amir,0,0,"",""
ball,1,45.4,Afghanistan,Rashid Khan,Samiullah Shenwari,Mohammad Amir,0,0,"",""
ball,1,45.5,Afghanistan,Rashid Khan,Samiullah Shenwari,Mohammad Amir,4,0,"",""
ball,1,45.6,Afghanistan,Rashid Khan,Samiullah Shenwari,Mohammad Amir,1,0,"",""
ball,1,46.1,Afghanistan,Rashid Khan,Samiullah Shenwari,Shaheen Shah Afridi,0,0,"",""
ball,1,46.2,Afghanistan,Rashid Khan,Samiullah Shenwari,Shaheen Shah Afridi,2,0,"",""
ball,1,46.3,Afghanistan,Rashid Khan,Samiullah Shenwari,Shaheen Shah Afridi,0,0,"",""
ball,1,46.4,Afghanistan,Rashid Khan,Samiullah Shenwari,Shaheen Shah Afridi,0,0,caught,Rashid Khan
ball,1,46.5,Afghanistan,Samiullah Shenwari,Hamid Hassan,Shaheen Shah Afridi,0,0,"",""
ball,1,46.6,Afghanistan,Samiullah Shenwari,Hamid Hassan,Shaheen Shah Afridi,1,0,"",""
ball,1,47.1,Afghanistan,Samiullah Shenwari,Hamid Hassan,Mohammad Amir,4,0,"",""
ball,1,47.2,Afghanistan,Samiullah Shenwari,Hamid Hassan,Mohammad Amir,1,0,"",""
ball,1,47.3,Afghanistan,Hamid Hassan,Samiullah Shenwari,Mohammad Amir,0,0,"",""
ball,1,47.4,Afghanistan,Hamid Hassan,Samiullah Shenwari,Mohammad Amir,1,0,"",""
ball,1,47.5,Afghanistan,Samiullah Shenwari,Hamid Hassan,Mohammad Amir,0,0,"",""
ball,1,47.6,Afghanistan,Samiullah Shenwari,Hamid Hassan,Mohammad Amir,1,0,"",""
ball,1,48.1,Afghanistan,Samiullah Shenwari,Hamid Hassan,Wahab Riaz,1,0,"",""
ball,1,48.2,Afghanistan,Hamid Hassan,Samiullah Shenwari,Wahab Riaz,0,0,bowled,Hamid Hassan
ball,1,48.3,Afghanistan,Mujeeb Ur Rahman,Samiullah Shenwari,Wahab Riaz,0,1,"",""
ball,1,48.4,Afghanistan,Mujeeb Ur Rahman,Samiullah Shenwari,Wahab Riaz,0,0,"",""
ball,1,48.5,Afghanistan,Mujeeb Ur Rahman,Samiullah Shenwari,Wahab Riaz,0,0,"",""
ball,1,48.6,Afghanistan,Mujeeb Ur Rahman,Samiullah Shenwari,Wahab Riaz,1,0,"",""
ball,1,48.7,Afghanistan,Samiullah Shenwari,Mujeeb Ur Rahman,Wahab Riaz,0,0,"",""
ball,1,49.1,Afghanistan,Mujeeb Ur Rahman,Samiullah Shenwari,Mohammad Amir,0,0,"",""
ball,1,49.2,Afghanistan,Mujeeb Ur Rahman,Samiullah Shenwari,Mohammad Amir,0,0,"",""
ball,1,49.3,Afghanistan,Mujeeb Ur Rahman,Samiullah Shenwari,Mohammad Amir,0,0,"",""
ball,1,49.4,Afghanistan,Mujeeb Ur Rahman,Samiullah Shenwari,Mohammad Amir,4,0,"",""
ball,1,49.5,Afghanistan,Mujeeb Ur Rahman,Samiullah Shenwari,Mohammad Amir,0,0,"",""
ball,1,49.6,Afghanistan,Mujeeb Ur Rahman,Samiullah Shenwari,Mohammad Amir,2,0,"",""
ball,2,0.1,Pakistan,Fakhar Zaman,Imam-ul-Haq,Mujeeb Ur Rahman,0,0,"",""
ball,2,0.2,Pakistan,Fakhar Zaman,Imam-ul-Haq,Mujeeb Ur Rahman,0,0,lbw,Fakhar Zaman
ball,2,0.3,Pakistan,Babar Azam,Imam-ul-Haq,Mujeeb Ur Rahman,0,0,"",""
ball,2,0.4,Pakistan,Babar Azam,Imam-ul-Haq,Mujeeb Ur Rahman,0,0,"",""
ball,2,0.5,Pakistan,Babar Azam,Imam-ul-Haq,Mujeeb Ur Rahman,4,0,"",""
ball,2,0.6,Pakistan,Babar Azam,Imam-ul-Haq,Mujeeb Ur Rahman,2,0,"",""
ball,2,1.1,Pakistan,Imam-ul-Haq,Babar Azam,Hamid Hassan,0,0,"",""
ball,2,1.2,Pakistan,Imam-ul-Haq,Babar Azam,Hamid Hassan,4,0,"",""
ball,2,1.3,Pakistan,Imam-ul-Haq,Babar Azam,Hamid Hassan,0,0,"",""
ball,2,1.4,Pakistan,Imam-ul-Haq,Babar Azam,Hamid Hassan,0,0,"",""
ball,2,1.5,Pakistan,Imam-ul-Haq,Babar Azam,Hamid Hassan,0,0,"",""
ball,2,1.6,Pakistan,Imam-ul-Haq,Babar Azam,Hamid Hassan,0,0,"",""
ball,2,2.1,Pakistan,Babar Azam,Imam-ul-Haq,Mujeeb Ur Rahman,1,0,"",""
ball,2,2.2,Pakistan,Imam-ul-Haq,Babar Azam,Mujeeb Ur Rahman,4,0,"",""
ball,2,2.3,Pakistan,Imam-ul-Haq,Babar Azam,Mujeeb Ur Rahman,0,0,"",""
ball,2,2.4,Pakistan,Imam-ul-Haq,Babar Azam,Mujeeb Ur Rahman,1,0,"",""
ball,2,2.5,Pakistan,Babar Azam,Imam-ul-Haq,Mujeeb Ur Rahman,0,0,"",""
ball,2,2.6,Pakistan,Babar Azam,Imam-ul-Haq,Mujeeb Ur Rahman,1,0,"",""
ball,2,3.1,Pakistan,Babar Azam,Imam-ul-Haq,Hamid Hassan,4,0,"",""
ball,2,3.2,Pakistan,Babar Azam,Imam-ul-Haq,Hamid Hassan,0,0,"",""
ball,2,3.3,Pakistan,Babar Azam,Imam-ul-Haq,Hamid Hassan,0,0,"",""
ball,2,3.4,Pakistan,Babar Azam,Imam-ul-Haq,Hamid Hassan,4,0,"",""
ball,2,3.5,Pakistan,Babar Azam,Imam-ul-Haq,Hamid Hassan,0,0,"",""
ball,2,3.6,Pakistan,Babar Azam,Imam-ul-Haq,Hamid Hassan,1,0,"",""
ball,2,4.1,Pakistan,Babar Azam,Imam-ul-Haq,Mujeeb Ur Rahman,1,0,"",""
ball,2,4.2,Pakistan,Imam-ul-Haq,Babar Azam,Mujeeb Ur Rahman,1,0,"",""
ball,2,4.3,Pakistan,Babar Azam,Imam-ul-Haq,Mujeeb Ur Rahman,1,0,"",""
ball,2,4.4,Pakistan,Imam-ul-Haq,Babar Azam,Mujeeb Ur Rahman,0,0,"",""
ball,2,4.5,Pakistan,Imam-ul-Haq,Babar Azam,Mujeeb Ur Rahman,1,0,"",""
ball,2,4.6,Pakistan,Babar Azam,Imam-ul-Haq,Mujeeb Ur Rahman,0,0,"",""
ball,2,5.1,Pakistan,Imam-ul-Haq,Babar Azam,Gulbadin Naib,0,0,"",""
ball,2,5.2,Pakistan,Imam-ul-Haq,Babar Azam,Gulbadin Naib,0,0,"",""
ball,2,5.3,Pakistan,Imam-ul-Haq,Babar Azam,Gulbadin Naib,0,0,"",""
ball,2,5.4,Pakistan,Imam-ul-Haq,Babar Azam,Gulbadin Naib,1,0,"",""
ball,2,5.5,Pakistan,Babar Azam,Imam-ul-Haq,Gulbadin Naib,1,0,"",""
ball,2,5.6,Pakistan,Imam-ul-Haq,Babar Azam,Gulbadin Naib,0,0,"",""
ball,2,6.1,Pakistan,Babar Azam,Imam-ul-Haq,Mujeeb Ur Rahman,0,0,"",""
ball,2,6.2,Pakistan,Babar Azam,Imam-ul-Haq,Mujeeb Ur Rahman,0,0,"",""
ball,2,6.3,Pakistan,Babar Azam,Imam-ul-Haq,Mujeeb Ur Rahman,0,0,"",""
ball,2,6.4,Pakistan,Babar Azam,Imam-ul-Haq,Mujeeb Ur Rahman,0,0,"",""
ball,2,6.5,Pakistan,Babar Azam,Imam-ul-Haq,Mujeeb Ur Rahman,0,0,"",""
ball,2,6.6,Pakistan,Babar Azam,Imam-ul-Haq,Mujeeb Ur Rahman,0,0,"",""
ball,2,7.1,Pakistan,Imam-ul-Haq,Babar Azam,Gulbadin Naib,2,0,"",""
ball,2,7.2,Pakistan,Imam-ul-Haq,Babar Azam,Gulbadin Naib,0,0,"",""
ball,2,7.3,Pakistan,Imam-ul-Haq,Babar Azam,Gulbadin Naib,4,0,"",""
ball,2,7.4,Pakistan,Imam-ul-Haq,Babar Azam,Gulbadin Naib,4,0,"",""
ball,2,7.5,Pakistan,Imam-ul-Haq,Babar Azam,Gulbadin Naib,0,0,"",""
ball,2,7.6,Pakistan,Imam-ul-Haq,Babar Azam,Gulbadin Naib,0,0,"",""
ball,2,8.1,Pakistan,Babar Azam,Imam-ul-Haq,Mujeeb Ur Rahman,1,0,"",""
ball,2,8.2,Pakistan,Imam-ul-Haq,Babar Azam,Mujeeb Ur Rahman,0,0,"",""
ball,2,8.3,Pakistan,Imam-ul-Haq,Babar Azam,Mujeeb Ur Rahman,1,0,"",""
ball,2,8.4,Pakistan,Babar Azam,Imam-ul-Haq,Mujeeb Ur Rahman,0,0,"",""
ball,2,8.5,Pakistan,Babar Azam,Imam-ul-Haq,Mujeeb Ur Rahman,0,0,"",""
ball,2,8.6,Pakistan,Babar Azam,Imam-ul-Haq,Mujeeb Ur Rahman,1,0,"",""
ball,2,9.1,Pakistan,Babar Azam,Imam-ul-Haq,Gulbadin Naib,1,0,"",""
ball,2,9.2,Pakistan,Imam-ul-Haq,Babar Azam,Gulbadin Naib,0,0,"",""
ball,2,9.3,Pakistan,Imam-ul-Haq,Babar Azam,Gulbadin Naib,2,0,"",""
ball,2,9.4,Pakistan,Imam-ul-Haq,Babar Azam,Gulbadin Naib,0,0,"",""
ball,2,9.5,Pakistan,Imam-ul-Haq,Babar Azam,Gulbadin Naib,1,0,"",""
ball,2,9.6,Pakistan,Babar Azam,Imam-ul-Haq,Gulbadin Naib,0,0,"",""
ball,2,10.1,Pakistan,Imam-ul-Haq,Babar Azam,Mujeeb Ur Rahman,2,0,"",""
ball,2,10.2,Pakistan,Imam-ul-Haq,Babar Azam,Mujeeb Ur Rahman,1,0,"",""
ball,2,10.3,Pakistan,Babar Azam,Imam-ul-Haq,Mujeeb Ur Rahman,0,0,"",""
ball,2,10.4,Pakistan,Babar Azam,Imam-ul-Haq,Mujeeb Ur Rahman,0,0,"",""
ball,2,10.5,Pakistan,Babar Azam,Imam-ul-Haq,Mujeeb Ur Rahman,0,0,"",""
ball,2,10.6,Pakistan,Babar Azam,Imam-ul-Haq,Mujeeb Ur Rahman,0,0,"",""
ball,2,11.1,Pakistan,Imam-ul-Haq,Babar Azam,Mohammad Nabi,0,0,"",""
ball,2,11.2,Pakistan,Imam-ul-Haq,Babar Azam,Mohammad Nabi,0,0,"",""
ball,2,11.3,Pakistan,Imam-ul-Haq,Babar Azam,Mohammad Nabi,1,0,"",""
ball,2,11.4,Pakistan,Babar Azam,Imam-ul-Haq,Mohammad Nabi,1,0,"",""
ball,2,11.5,Pakistan,Imam-ul-Haq,Babar Azam,Mohammad Nabi,0,0,"",""
ball,2,11.6,Pakistan,Imam-ul-Haq,Babar Azam,Mohammad Nabi,0,0,"",""
ball,2,12.1,Pakistan,Babar Azam,Imam-ul-Haq,Gulbadin Naib,0,0,"",""
ball,2,12.2,Pakistan,Babar Azam,Imam-ul-Haq,Gulbadin Naib,1,0,"",""
ball,2,12.3,Pakistan,Imam-ul-Haq,Babar Azam,Gulbadin Naib,0,0,"",""
ball,2,12.4,Pakistan,Imam-ul-Haq,Babar Azam,Gulbadin Naib,2,0,"",""
ball,2,12.5,Pakistan,Imam-ul-Haq,Babar Azam,Gulbadin Naib,1,0,"",""
ball,2,12.6,Pakistan,Babar Azam,Imam-ul-Haq,Gulbadin Naib,2,0,"",""
ball,2,13.1,Pakistan,Imam-ul-Haq,Babar Azam,Mohammad Nabi,1,0,"",""
ball,2,13.2,Pakistan,Babar Azam,Imam-ul-Haq,Mohammad Nabi,0,0,"",""
ball,2,13.3,Pakistan,Babar Azam,Imam-ul-Haq,Mohammad Nabi,1,0,"",""
ball,2,13.4,Pakistan,Imam-ul-Haq,Babar Azam,Mohammad Nabi,0,0,"",""
ball,2,13.5,Pakistan,Imam-ul-Haq,Babar Azam,Mohammad Nabi,2,0,"",""
ball,2,13.6,Pakistan,Imam-ul-Haq,Babar Azam,Mohammad Nabi,0,0,"",""
ball,2,14.1,Pakistan,Babar Azam,Imam-ul-Haq,Rashid Khan,2,0,"",""
ball,2,14.2,Pakistan,Babar Azam,Imam-ul-Haq,Rashid Khan,4,0,"",""
ball,2,14.3,Pakistan,Babar Azam,Imam-ul-Haq,Rashid Khan,1,0,"",""
ball,2,14.4,Pakistan,Imam-ul-Haq,Babar Azam,Rashid Khan,0,0,"",""
ball,2,14.5,Pakistan,Imam-ul-Haq,Babar Azam,Rashid Khan,0,0,"",""
ball,2,14.6,Pakistan,Imam-ul-Haq,Babar Azam,Rashid Khan,0,0,"",""
ball,2,15.1,Pakistan,Babar Azam,Imam-ul-Haq,Mohammad Nabi,1,0,"",""
ball,2,15.2,Pakistan,Imam-ul-Haq,Babar Azam,Mohammad Nabi,0,0,"",""
ball,2,15.3,Pakistan,Imam-ul-Haq,Babar Azam,Mohammad Nabi,0,0,"",""
ball,2,15.4,Pakistan,Imam-ul-Haq,Babar Azam,Mohammad Nabi,0,0,"",""
ball,2,15.5,Pakistan,Imam-ul-Haq,Babar Azam,Mohammad Nabi,0,0,"",""
ball,2,15.6,Pakistan,Imam-ul-Haq,Babar Azam,Mohammad Nabi,0,0,stumped,Imam-ul-Haq
ball,2,16.1,Pakistan,Babar Azam,Mohammad Hafeez,Rashid Khan,0,0,"",""
ball,2,16.2,Pakistan,Babar Azam,Mohammad Hafeez,Rashid Khan,2,0,"",""
ball,2,16.3,Pakistan,Babar Azam,Mohammad Hafeez,Rashid Khan,0,0,"",""
ball,2,16.4,Pakistan,Babar Azam,Mohammad Hafeez,Rashid Khan,2,0,"",""
ball,2,16.5,Pakistan,Babar Azam,Mohammad Hafeez,Rashid Khan,4,0,"",""
ball,2,16.6,Pakistan,Babar Azam,Mohammad Hafeez,Rashid Khan,1,0,"",""
ball,2,17.1,Pakistan,Babar Azam,Mohammad Hafeez,Mohammad Nabi,0,0,"",""
ball,2,17.2,Pakistan,Babar Azam,Mohammad Hafeez,Mohammad Nabi,0,0,bowled,Babar Azam
ball,2,17.3,Pakistan,Haris Sohail,Mohammad Hafeez,Mohammad Nabi,0,0,"",""
ball,2,17.4,Pakistan,Haris Sohail,Mohammad Hafeez,Mohammad Nabi,0,0,"",""
ball,2,17.5,Pakistan,Haris Sohail,Mohammad Hafeez,Mohammad Nabi,1,0,"",""
ball,2,17.6,Pakistan,Mohammad Hafeez,Haris Sohail,Mohammad Nabi,0,0,"",""
ball,2,18.1,Pakistan,Haris Sohail,Mohammad Hafeez,Rashid Khan,0,1,"",""
ball,2,18.2,Pakistan,Mohammad Hafeez,Haris Sohail,Rashid Khan,1,0,"",""
ball,2,18.3,Pakistan,Haris Sohail,Mohammad Hafeez,Rashid Khan,0,0,"",""
ball,2,18.4,Pakistan,Haris Sohail,Mohammad Hafeez,Rashid Khan,0,0,"",""
ball,2,18.5,Pakistan,Haris Sohail,Mohammad Hafeez,Rashid Khan,0,0,"",""
ball,2,18.6,Pakistan,Haris Sohail,Mohammad Hafeez,Rashid Khan,0,0,"",""
ball,2,19.1,Pakistan,Mohammad Hafeez,Haris Sohail,Mohammad Nabi,0,0,"",""
ball,2,19.2,Pakistan,Mohammad Hafeez,Haris Sohail,Mohammad Nabi,1,0,"",""
ball,2,19.3,Pakistan,Haris Sohail,Mohammad Hafeez,Mohammad Nabi,1,0,"",""
ball,2,19.4,Pakistan,Mohammad Hafeez,Haris Sohail,Mohammad Nabi,0,0,"",""
ball,2,19.5,Pakistan,Mohammad Hafeez,Haris Sohail,Mohammad Nabi,0,0,"",""
ball,2,19.6,Pakistan,Mohammad Hafeez,Haris Sohail,Mohammad Nabi,1,0,"",""
ball,2,20.1,Pakistan,Mohammad Hafeez,Haris Sohail,Rashid Khan,0,0,"",""
ball,2,20.2,Pakistan,Mohammad Hafeez,Haris Sohail,Rashid Khan,1,0,"",""
ball,2,20.3,Pakistan,Haris Sohail,Mohammad Hafeez,Rashid Khan,0,0,"",""
ball,2,20.4,Pakistan,Haris Sohail,Mohammad Hafeez,Rashid Khan,0,0,"",""
ball,2,20.5,Pakistan,Haris Sohail,Mohammad Hafeez,Rashid Khan,1,0,"",""
ball,2,20.6,Pakistan,Mohammad Hafeez,Haris Sohail,Rashid Khan,1,0,"",""
ball,2,21.1,Pakistan,Mohammad Hafeez,Haris Sohail,Mohammad Nabi,0,0,"",""
ball,2,21.2,Pakistan,Mohammad Hafeez,Haris Sohail,Mohammad Nabi,0,0,"",""
ball,2,21.3,Pakistan,Mohammad Hafeez,Haris Sohail,Mohammad Nabi,1,0,"",""
ball,2,21.4,Pakistan,Haris Sohail,Mohammad Hafeez,Mohammad Nabi,0,0,"",""
ball,2,21.5,Pakistan,Haris Sohail,Mohammad Hafeez,Mohammad Nabi,0,0,"",""
ball,2,21.6,Pakistan,Haris Sohail,Mohammad Hafeez,Mohammad Nabi,0,0,"",""
ball,2,22.1,Pakistan,Mohammad Hafeez,Haris Sohail,Samiullah Shenwari,0,0,"",""
ball,2,22.2,Pakistan,Mohammad Hafeez,Haris Sohail,Samiullah Shenwari,1,0,"",""
ball,2,22.3,Pakistan,Haris Sohail,Mohammad Hafeez,Samiullah Shenwari,0,0,"",""
ball,2,22.4,Pakistan,Haris Sohail,Mohammad Hafeez,Samiullah Shenwari,0,0,"",""
ball,2,22.5,Pakistan,Haris Sohail,Mohammad Hafeez,Samiullah Shenwari,1,0,"",""
ball,2,22.6,Pakistan,Mohammad Hafeez,Haris Sohail,Samiullah Shenwari,1,0,"",""
ball,2,23.1,Pakistan,Mohammad Hafeez,Haris Sohail,Mohammad Nabi,1,0,"",""
ball,2,23.2,Pakistan,Haris Sohail,Mohammad Hafeez,Mohammad Nabi,0,0,"",""
ball,2,23.3,Pakistan,Haris Sohail,Mohammad Hafeez,Mohammad Nabi,0,0,"",""
ball,2,23.4,Pakistan,Haris Sohail,Mohammad Hafeez,Mohammad Nabi,1,0,"",""
ball,2,23.5,Pakistan,Mohammad Hafeez,Haris Sohail,Mohammad Nabi,0,0,"",""
ball,2,23.6,Pakistan,Mohammad Hafeez,Haris Sohail,Mohammad Nabi,0,0,"",""
ball,2,24.1,Pakistan,Haris Sohail,Mohammad Hafeez,Samiullah Shenwari,1,0,"",""
ball,2,24.2,Pakistan,Mohammad Hafeez,Haris Sohail,Samiullah Shenwari,0,0,"",""
ball,2,24.3,Pakistan,Mohammad Hafeez,Haris Sohail,Samiullah Shenwari,2,0,"",""
ball,2,24.4,Pakistan,Mohammad Hafeez,Haris Sohail,Samiullah Shenwari,0,0,"",""
ball,2,24.5,Pakistan,Mohammad Hafeez,Haris Sohail,Samiullah Shenwari,4,0,"",""
ball,2,24.6,Pakistan,Mohammad Hafeez,Haris Sohail,Samiullah Shenwari,0,0,"",""
ball,2,25.1,Pakistan,Haris Sohail,Mohammad Hafeez,Gulbadin Naib,1,0,"",""
ball,2,25.2,Pakistan,Mohammad Hafeez,Haris Sohail,Gulbadin Naib,1,0,"",""
ball,2,25.3,Pakistan,Haris Sohail,Mohammad Hafeez,Gulbadin Naib,1,0,"",""
ball,2,25.4,Pakistan,Mohammad Hafeez,Haris Sohail,Gulbadin Naib,1,0,"",""
ball,2,25.5,Pakistan,Haris Sohail,Mohammad Hafeez,Gulbadin Naib,1,0,"",""
ball,2,25.6,Pakistan,Mohammad Hafeez,Haris Sohail,Gulbadin Naib,0,0,"",""
ball,2,26.1,Pakistan,Haris Sohail,Mohammad Hafeez,Samiullah Shenwari,4,0,"",""
ball,2,26.2,Pakistan,Haris Sohail,Mohammad Hafeez,Samiullah Shenwari,0,1,"",""
ball,2,26.3,Pakistan,Haris Sohail,Mohammad Hafeez,Samiullah Shenwari,0,0,"",""
ball,2,26.4,Pakistan,Haris Sohail,Mohammad Hafeez,Samiullah Shenwari,0,0,"",""
ball,2,26.5,Pakistan,Haris Sohail,Mohammad Hafeez,Samiullah Shenwari,0,0,"",""
ball,2,26.6,Pakistan,Haris Sohail,Mohammad Hafeez,Samiullah Shenwari,0,0,"",""
ball,2,26.7,Pakistan,Haris Sohail,Mohammad Hafeez,Samiullah Shenwari,0,0,"",""
ball,2,27.1,Pakistan,Mohammad Hafeez,Haris Sohail,Gulbadin Naib,0,0,"",""
ball,2,27.2,Pakistan,Mohammad Hafeez,Haris Sohail,Gulbadin Naib,0,1,"",""
ball,2,27.3,Pakistan,Haris Sohail,Mohammad Hafeez,Gulbadin Naib,0,0,"",""
ball,2,27.4,Pakistan,Haris Sohail,Mohammad Hafeez,Gulbadin Naib,4,0,"",""
ball,2,27.5,Pakistan,Haris Sohail,Mohammad Hafeez,Gulbadin Naib,0,0,"",""
ball,2,27.6,Pakistan,Haris Sohail,Mohammad Hafeez,Gulbadin Naib,0,0,"",""
ball,2,28.1,Pakistan,Mohammad Hafeez,Haris Sohail,Samiullah Shenwari,0,0,"",""
ball,2,28.2,Pakistan,Mohammad Hafeez,Haris Sohail,Samiullah Shenwari,0,0,"",""
ball,2,28.3,Pakistan,Mohammad Hafeez,Haris Sohail,Samiullah Shenwari,0,0,"",""
ball,2,28.4,Pakistan,Mohammad Hafeez,Haris Sohail,Samiullah Shenwari,1,0,"",""
ball,2,28.5,Pakistan,Haris Sohail,Mohammad Hafeez,Samiullah Shenwari,1,0,"",""
ball,2,28.6,Pakistan,Mohammad Hafeez,Haris Sohail,Samiullah Shenwari,1,0,"",""
ball,2,29.1,Pakistan,Mohammad Hafeez,Haris Sohail,Mujeeb Ur Rahman,0,0,caught,Mohammad Hafeez
ball,2,29.2,Pakistan,Sarfraz Ahmed,Haris Sohail,Mujeeb Ur Rahman,0,0,"",""
ball,2,29.3,Pakistan,Sarfraz Ahmed,Haris Sohail,Mujeeb Ur Rahman,1,0,"",""
ball,2,29.4,Pakistan,Haris Sohail,Sarfraz Ahmed,Mujeeb Ur Rahman,1,0,"",""
ball,2,29.5,Pakistan,Sarfraz Ahmed,Haris Sohail,Mujeeb Ur Rahman,1,0,"",""
ball,2,29.6,Pakistan,Haris Sohail,Sarfraz Ahmed,Mujeeb Ur Rahman,0,0,"",""
ball,2,30.1,Pakistan,Sarfraz Ahmed,Haris Sohail,Samiullah Shenwari,0,0,"",""
ball,2,30.2,Pakistan,Sarfraz Ahmed,Haris Sohail,Samiullah Shenwari,1,0,"",""
ball,2,30.3,Pakistan,Haris Sohail,Sarfraz Ahmed,Samiullah Shenwari,2,0,"",""
ball,2,30.4,Pakistan,Haris Sohail,Sarfraz Ahmed,Samiullah Shenwari,1,0,"",""
ball,2,30.5,Pakistan,Sarfraz Ahmed,Haris Sohail,Samiullah Shenwari,1,0,"",""
ball,2,30.6,Pakistan,Haris Sohail,Sarfraz Ahmed,Samiullah Shenwari,0,0,"",""
ball,2,31.1,Pakistan,Sarfraz Ahmed,Haris Sohail,Mohammad Nabi,1,0,"",""
ball,2,31.2,Pakistan,Haris Sohail,Sarfraz Ahmed,Mohammad Nabi,0,0,"",""
ball,2,31.3,Pakistan,Haris Sohail,Sarfraz Ahmed,Mohammad Nabi,1,0,"",""
ball,2,31.4,Pakistan,Sarfraz Ahmed,Haris Sohail,Mohammad Nabi,0,0,"",""
ball,2,31.5,Pakistan,Sarfraz Ahmed,Haris Sohail,Mohammad Nabi,0,1,"",""
ball,2,31.6,Pakistan,Haris Sohail,Sarfraz Ahmed,Mohammad Nabi,0,0,"",""
ball,2,32.1,Pakistan,Sarfraz Ahmed,Haris Sohail,Samiullah Shenwari,1,0,"",""
ball,2,32.2,Pakistan,Haris Sohail,Sarfraz Ahmed,Samiullah Shenwari,0,0,"",""
ball,2,32.3,Pakistan,Haris Sohail,Sarfraz Ahmed,Samiullah Shenwari,0,0,"",""
ball,2,32.4,Pakistan,Haris Sohail,Sarfraz Ahmed,Samiullah Shenwari,0,0,"",""
ball,2,32.5,Pakistan,Haris Sohail,Sarfraz Ahmed,Samiullah Shenwari,2,0,"",""
ball,2,32.6,Pakistan,Haris Sohail,Sarfraz Ahmed,Samiullah Shenwari,0,0,"",""
ball,2,33.1,Pakistan,Sarfraz Ahmed,Haris Sohail,Mohammad Nabi,1,0,"",""
ball,2,33.2,Pakistan,Haris Sohail,Sarfraz Ahmed,Mohammad Nabi,1,0,"",""
ball,2,33.3,Pakistan,Sarfraz Ahmed,Haris Sohail,Mohammad Nabi,1,0,"",""
ball,2,33.4,Pakistan,Haris Sohail,Sarfraz Ahmed,Mohammad Nabi,1,0,"",""
ball,2,33.5,Pakistan,Sarfraz Ahmed,Haris Sohail,Mohammad Nabi,1,0,"",""
ball,2,33.6,Pakistan,Haris Sohail,Sarfraz Ahmed,Mohammad Nabi,0,0,"",""
ball,2,34.1,Pakistan,Sarfraz Ahmed,Haris Sohail,Rashid Khan,1,0,"",""
ball,2,34.2,Pakistan,Haris Sohail,Sarfraz Ahmed,Rashid Khan,0,0,"",""
ball,2,34.3,Pakistan,Haris Sohail,Sarfraz Ahmed,Rashid Khan,0,0,"",""
ball,2,34.4,Pakistan,Haris Sohail,Sarfraz Ahmed,Rashid Khan,0,0,"",""
ball,2,34.5,Pakistan,Haris Sohail,Sarfraz Ahmed,Rashid Khan,0,1,"",""
ball,2,34.6,Pakistan,Haris Sohail,Sarfraz Ahmed,Rashid Khan,0,0,"",""
ball,2,34.7,Pakistan,Haris Sohail,Sarfraz Ahmed,Rashid Khan,0,0,lbw,Haris Sohail
ball,2,35.1,Pakistan,Sarfraz Ahmed,Imad Wasim,Mohammad Nabi,0,0,"",""
ball,2,35.2,Pakistan,Sarfraz Ahmed,Imad Wasim,Mohammad Nabi,0,0,"",""
ball,2,35.3,Pakistan,Sarfraz Ahmed,Imad Wasim,Mohammad Nabi,1,0,"",""
ball,2,35.4,Pakistan,Imad Wasim,Sarfraz Ahmed,Mohammad Nabi,0,0,"",""
ball,2,35.5,Pakistan,Imad Wasim,Sarfraz Ahmed,Mohammad Nabi,1,0,"",""
ball,2,35.6,Pakistan,Sarfraz Ahmed,Imad Wasim,Mohammad Nabi,0,0,"",""
ball,2,36.1,Pakistan,Imad Wasim,Sarfraz Ahmed,Rashid Khan,0,1,"",""
ball,2,36.2,Pakistan,Imad Wasim,Sarfraz Ahmed,Rashid Khan,0,0,"",""
ball,2,36.3,Pakistan,Imad Wasim,Sarfraz Ahmed,Rashid Khan,0,0,"",""
ball,2,36.4,Pakistan,Imad Wasim,Sarfraz Ahmed,Rashid Khan,0,0,"",""
ball,2,36.5,Pakistan,Imad Wasim,Sarfraz Ahmed,Rashid Khan,0,1,"",""
ball,2,36.6,Pakistan,Imad Wasim,Sarfraz Ahmed,Rashid Khan,0,0,"",""
ball,2,36.7,Pakistan,Imad Wasim,Sarfraz Ahmed,Rashid Khan,0,0,"",""
ball,2,36.8,Pakistan,Imad Wasim,Sarfraz Ahmed,Rashid Khan,0,0,"",""
ball,2,37.1,Pakistan,Sarfraz Ahmed,Imad Wasim,Gulbadin Naib,1,0,"",""
ball,2,37.2,Pakistan,Imad Wasim,Sarfraz Ahmed,Gulbadin Naib,1,0,"",""
ball,2,37.3,Pakistan,Sarfraz Ahmed,Imad Wasim,Gulbadin Naib,1,0,"",""
ball,2,37.4,Pakistan,Imad Wasim,Sarfraz Ahmed,Gulbadin Naib,0,0,"",""
ball,2,37.5,Pakistan,Imad Wasim,Sarfraz Ahmed,Gulbadin Naib,1,0,"",""
ball,2,37.6,Pakistan,Sarfraz Ahmed,Imad Wasim,Gulbadin Naib,4,0,"",""
ball,2,38.1,Pakistan,Imad Wasim,Sarfraz Ahmed,Rashid Khan,0,0,"",""
ball,2,38.2,Pakistan,Imad Wasim,Sarfraz Ahmed,Rashid Khan,0,0,"",""
ball,2,38.3,Pakistan,Imad Wasim,Sarfraz Ahmed,Rashid Khan,0,0,"",""
ball,2,38.4,Pakistan,Imad Wasim,Sarfraz Ahmed,Rashid Khan,0,0,"",""
ball,2,38.5,Pakistan,Imad Wasim,Sarfraz Ahmed,Rashid Khan,1,0,"",""
ball,2,38.6,Pakistan,Sarfraz Ahmed,Imad Wasim,Rashid Khan,1,0,run out,Sarfraz Ahmed
ball,2,39.1,Pakistan,Imad Wasim,Shadab Khan,Mujeeb Ur Rahman,0,0,"",""
ball,2,39.2,Pakistan,Imad Wasim,Shadab Khan,Mujeeb Ur Rahman,0,0,"",""
ball,2,39.3,Pakistan,Imad Wasim,Shadab Khan,Mujeeb Ur Rahman,0,0,"",""
ball,2,39.4,Pakistan,Imad Wasim,Shadab Khan,Mujeeb Ur Rahman,1,0,"",""
ball,2,39.5,Pakistan,Shadab Khan,Imad Wasim,Mujeeb Ur Rahman,0,0,"",""
ball,2,39.6,Pakistan,Shadab Khan,Imad Wasim,Mujeeb Ur Rahman,0,0,"",""
ball,2,40.1,Pakistan,Imad Wasim,Shadab Khan,Samiullah Shenwari,0,0,"",""
ball,2,40.2,Pakistan,Imad Wasim,Shadab Khan,Samiullah Shenwari,0,0,"",""
ball,2,40.3,Pakistan,Imad Wasim,Shadab Khan,Samiullah Shenwari,1,0,"",""
ball,2,40.4,Pakistan,Shadab Khan,Imad Wasim,Samiullah Shenwari,1,0,"",""
ball,2,40.5,Pakistan,Imad Wasim,Shadab Khan,Samiullah Shenwari,2,0,"",""
ball,2,40.6,Pakistan,Imad Wasim,Shadab Khan,Samiullah Shenwari,0,0,"",""
ball,2,41.1,Pakistan,Shadab Khan,Imad Wasim,Gulbadin Naib,1,0,"",""
ball,2,41.2,Pakistan,Imad Wasim,Shadab Khan,Gulbadin Naib,1,0,"",""
ball,2,41.3,Pakistan,Shadab Khan,Imad Wasim,Gulbadin Naib,1,0,"",""
ball,2,41.4,Pakistan,Imad Wasim,Shadab Khan,Gulbadin Naib,0,0,"",""
ball,2,41.5,Pakistan,Imad Wasim,Shadab Khan,Gulbadin Naib,4,0,"",""
ball,2,41.6,Pakistan,Imad Wasim,Shadab Khan,Gulbadin Naib,1,0,"",""
ball,2,42.1,Pakistan,Imad Wasim,Shadab Khan,Mujeeb Ur Rahman,0,0,"",""
ball,2,42.2,Pakistan,Imad Wasim,Shadab Khan,Mujeeb Ur Rahman,1,0,"",""
ball,2,42.3,Pakistan,Shadab Khan,Imad Wasim,Mujeeb Ur Rahman,0,0,"",""
ball,2,42.4,Pakistan,Shadab Khan,Imad Wasim,Mujeeb Ur Rahman,1,0,"",""
ball,2,42.5,Pakistan,Imad Wasim,Shadab Khan,Mujeeb Ur Rahman,2,0,"",""
ball,2,42.6,Pakistan,Imad Wasim,Shadab Khan,Mujeeb Ur Rahman,1,0,"",""
ball,2,43.1,Pakistan,Imad Wasim,Shadab Khan,Rashid Khan,1,0,"",""
ball,2,43.2,Pakistan,Shadab Khan,Imad Wasim,Rashid Khan,0,0,"",""
ball,2,43.3,Pakistan,Shadab Khan,Imad Wasim,Rashid Khan,1,0,"",""
ball,2,43.4,Pakistan,Imad Wasim,Shadab Khan,Rashid Khan,1,0,"",""
ball,2,43.5,Pakistan,Shadab Khan,Imad Wasim,Rashid Khan,0,1,"",""
ball,2,43.6,Pakistan,Imad Wasim,Shadab Khan,Rashid Khan,2,0,"",""
ball,2,44.1,Pakistan,Shadab Khan,Imad Wasim,Samiullah Shenwari,0,0,"",""
ball,2,44.2,Pakistan,Shadab Khan,Imad Wasim,Samiullah Shenwari,0,0,"",""
ball,2,44.3,Pakistan,Shadab Khan,Imad Wasim,Samiullah Shenwari,0,0,"",""
ball,2,44.4,Pakistan,Shadab Khan,Imad Wasim,Samiullah Shenwari,0,0,"",""
ball,2,44.5,Pakistan,Shadab Khan,Imad Wasim,Samiullah Shenwari,1,0,"",""
ball,2,44.6,Pakistan,Imad Wasim,Shadab Khan,Samiullah Shenwari,1,0,"",""
ball,2,45.1,Pakistan,Imad Wasim,Shadab Khan,Gulbadin Naib,4,0,"",""
ball,2,45.2,Pakistan,Imad Wasim,Shadab Khan,Gulbadin Naib,2,0,"",""
ball,2,45.3,Pakistan,Imad Wasim,Shadab Khan,Gulbadin Naib,2,0,"",""
ball,2,45.4,Pakistan,Imad Wasim,Shadab Khan,Gulbadin Naib,4,0,"",""
ball,2,45.5,Pakistan,Imad Wasim,Shadab Khan,Gulbadin Naib,4,0,"",""
ball,2,45.6,Pakistan,Imad Wasim,Shadab Khan,Gulbadin Naib,0,1,"",""
ball,2,45.7,Pakistan,Imad Wasim,Shadab Khan,Gulbadin Naib,1,0,"",""
ball,2,46.1,Pakistan,Imad Wasim,Shadab Khan,Rashid Khan,0,0,"",""
ball,2,46.2,Pakistan,Imad Wasim,Shadab Khan,Rashid Khan,1,0,"",""
ball,2,46.3,Pakistan,Shadab Khan,Imad Wasim,Rashid Khan,4,0,"",""
ball,2,46.4,Pakistan,Shadab Khan,Imad Wasim,Rashid Khan,1,0,run out,Shadab Khan
ball,2,46.5,Pakistan,Wahab Riaz,Imad Wasim,Rashid Khan,0,0,"",""
ball,2,46.6,Pakistan,Wahab Riaz,Imad Wasim,Rashid Khan,4,0,"",""
ball,2,47.1,Pakistan,Imad Wasim,Wahab Riaz,Mujeeb Ur Rahman,0,0,"",""
ball,2,47.2,Pakistan,Imad Wasim,Wahab Riaz,Mujeeb Ur Rahman,0,0,"",""
ball,2,47.3,Pakistan,Imad Wasim,Wahab Riaz,Mujeeb Ur Rahman,0,0,"",""
ball,2,47.4,Pakistan,Imad Wasim,Wahab Riaz,Mujeeb Ur Rahman,1,0,"",""
ball,2,47.5,Pakistan,Wahab Riaz,Imad Wasim,Mujeeb Ur Rahman,1,0,"",""
ball,2,47.6,Pakistan,Imad Wasim,Wahab Riaz,Mujeeb Ur Rahman,0,0,"",""
ball,2,48.1,Pakistan,Wahab Riaz,Imad Wasim,Rashid Khan,0,0,"",""
ball,2,48.2,Pakistan,Wahab Riaz,Imad Wasim,Rashid Khan,6,0,"",""
ball,2,48.3,Pakistan,Wahab Riaz,Imad Wasim,Rashid Khan,2,0,"",""
ball,2,48.4,Pakistan,Wahab Riaz,Imad Wasim,Rashid Khan,0,0,"",""
ball,2,48.5,Pakistan,Wahab Riaz,Imad Wasim,Rashid Khan,1,0,"",""
ball,2,48.6,Pakistan,Imad Wasim,Wahab Riaz,Rashid Khan,0,1,"",""
ball,2,49.1,Pakistan,Imad Wasim,Wahab Riaz,Gulbadin Naib,1,0,"",""
ball,2,49.2,Pakistan,Wahab Riaz,Imad Wasim,Gulbadin Naib,1,0,"",""
ball,2,49.3,Pakistan,Imad Wasim,Wahab Riaz,Gulbadin Naib,2,0,"",""
ball,2,49.4,Pakistan,Imad Wasim,Wahab Riaz,Gulbadin Naib,4,0,"",""
