version,1.3.0
info,team,Bangladesh
info,team,West Indies
info,gender,male
info,season,2018
info,date,2018/07/22
info,series,Bangladesh tour of West Indies and United States of America 2018
info,match_number,1
info,venue,Providence Stadium
info,city,Guyana
info,toss_winner,Bangladesh
info,toss_decision,bat
info,player_of_match,Tamim Iqbal
info,umpire,JS Wilson
info,umpire,S Ravi
info,reserve_umpire,GO Brathwaite
info,tv_umpire,RK Illingworth
info,match_referee,BC Broad
info,winner,Bangladesh
info,winner_runs,48
ball,1,0.1,Bangladesh,Tamim Iqbal,Anamul Haque,AD Russell,0,0,"",""
ball,1,0.2,Bangladesh,Tamim Iqbal,Anamul Haque,AD Russell,0,0,"",""
ball,1,0.3,Bangladesh,Tamim Iqbal,Anamul Haque,AD Russell,0,0,"",""
ball,1,0.4,Bangladesh,Tamim Iqbal,Anamul Haque,AD Russell,0,0,"",""
ball,1,0.5,Bangladesh,Tamim Iqbal,Anamul Haque,AD Russell,0,0,"",""
ball,1,0.6,Bangladesh,Tamim Iqbal,Anamul Haque,AD Russell,0,1,"",""
ball,1,0.7,Bangladesh,Tamim Iqbal,Anamul Haque,AD Russell,0,0,"",""
ball,1,1.1,Bangladesh,Anamul Haque,Tamim Iqbal,JO Holder,0,0,"",""
ball,1,1.2,Bangladesh,Anamul Haque,Tamim Iqbal,JO Holder,0,0,"",""
ball,1,1.3,Bangladesh,Anamul Haque,Tamim Iqbal,JO Holder,0,0,caught,Anamul Haque
ball,1,1.4,Bangladesh,Shakib Al Hasan,Tamim Iqbal,JO Holder,0,0,"",""
ball,1,1.5,Bangladesh,Shakib Al Hasan,Tamim Iqbal,JO Holder,1,0,"",""
ball,1,1.6,Bangladesh,Tamim Iqbal,Shakib Al Hasan,JO Holder,0,0,"",""
ball,1,2.1,Bangladesh,Shakib Al Hasan,Tamim Iqbal,AD Russell,1,0,"",""
ball,1,2.2,Bangladesh,Tamim Iqbal,Shakib Al Hasan,AD Russell,0,0,"",""
ball,1,2.3,Bangladesh,Tamim Iqbal,Shakib Al Hasan,AD Russell,0,0,"",""
ball,1,2.4,Bangladesh,Tamim Iqbal,Shakib Al Hasan,AD Russell,2,0,"",""
ball,1,2.5,Bangladesh,Tamim Iqbal,Shakib Al Hasan,AD Russell,0,0,"",""
ball,1,2.6,Bangladesh,Tamim Iqbal,Shakib Al Hasan,AD Russell,0,0,"",""
ball,1,3.1,Bangladesh,Shakib Al Hasan,Tamim Iqbal,JO Holder,0,0,"",""
ball,1,3.2,Bangladesh,Shakib Al Hasan,Tamim Iqbal,JO Holder,2,0,"",""
ball,1,3.3,Bangladesh,Shakib Al Hasan,Tamim Iqbal,JO Holder,0,0,"",""
ball,1,3.4,Bangladesh,Shakib Al Hasan,Tamim Iqbal,JO Holder,1,0,"",""
ball,1,3.5,Bangladesh,Tamim Iqbal,Shakib Al Hasan,JO Holder,0,0,"",""
ball,1,3.6,Bangladesh,Tamim Iqbal,Shakib Al Hasan,JO Holder,0,0,"",""
ball,1,4.1,Bangladesh,Shakib Al Hasan,Tamim Iqbal,AD Russell,0,0,"",""
ball,1,4.2,Bangladesh,Shakib Al Hasan,Tamim Iqbal,AD Russell,0,0,"",""
ball,1,4.3,Bangladesh,Shakib Al Hasan,Tamim Iqbal,AD Russell,0,0,"",""
ball,1,4.4,Bangladesh,Shakib Al Hasan,Tamim Iqbal,AD Russell,2,0,"",""
ball,1,4.5,Bangladesh,Shakib Al Hasan,Tamim Iqbal,AD Russell,0,0,"",""
ball,1,4.6,Bangladesh,Shakib Al Hasan,Tamim Iqbal,AD Russell,0,0,"",""
ball,1,5.1,Bangladesh,Tamim Iqbal,Shakib Al Hasan,JO Holder,1,0,"",""
ball,1,5.2,Bangladesh,Shakib Al Hasan,Tamim Iqbal,JO Holder,0,1,"",""
ball,1,5.3,Bangladesh,Shakib Al Hasan,Tamim Iqbal,JO Holder,0,0,"",""
ball,1,5.4,Bangladesh,Shakib Al Hasan,Tamim Iqbal,JO Holder,0,0,"",""
ball,1,5.5,Bangladesh,Shakib Al Hasan,Tamim Iqbal,JO Holder,0,0,"",""
ball,1,5.6,Bangladesh,Shakib Al Hasan,Tamim Iqbal,JO Holder,0,0,"",""
ball,1,5.7,Bangladesh,Shakib Al Hasan,Tamim Iqbal,JO Holder,0,0,"",""
ball,1,6.1,Bangladesh,Tamim Iqbal,Shakib Al Hasan,AD Russell,0,0,"",""
ball,1,6.2,Bangladesh,Tamim Iqbal,Shakib Al Hasan,AD Russell,0,0,"",""
ball,1,6.3,Bangladesh,Tamim Iqbal,Shakib Al Hasan,AD Russell,1,0,"",""
ball,1,6.4,Bangladesh,Shakib Al Hasan,Tamim Iqbal,AD Russell,0,1,"",""
ball,1,6.5,Bangladesh,Shakib Al Hasan,Tamim Iqbal,AD Russell,0,0,"",""
ball,1,6.6,Bangladesh,Shakib Al Hasan,Tamim Iqbal,AD Russell,1,0,"",""
ball,1,6.7,Bangladesh,Tamim Iqbal,Shakib Al Hasan,AD Russell,0,0,"",""
ball,1,7.1,Bangladesh,Shakib Al Hasan,Tamim Iqbal,JO Holder,1,0,"",""
ball,1,7.2,Bangladesh,Tamim Iqbal,Shakib Al Hasan,JO Holder,0,0,"",""
ball,1,7.3,Bangladesh,Tamim Iqbal,Shakib Al Hasan,JO Holder,0,0,"",""
ball,1,7.4,Bangladesh,Tamim Iqbal,Shakib Al Hasan,JO Holder,0,0,"",""
ball,1,7.5,Bangladesh,Tamim Iqbal,Shakib Al Hasan,JO Holder,0,0,"",""
ball,1,7.6,Bangladesh,Tamim Iqbal,Shakib Al Hasan,JO Holder,0,0,"",""
ball,1,8.1,Bangladesh,Shakib Al Hasan,Tamim Iqbal,AD Russell,0,0,"",""
ball,1,8.2,Bangladesh,Shakib Al Hasan,Tamim Iqbal,AD Russell,1,0,"",""
ball,1,8.3,Bangladesh,Tamim Iqbal,Shakib Al Hasan,AD Russell,4,0,"",""
ball,1,8.4,Bangladesh,Tamim Iqbal,Shakib Al Hasan,AD Russell,4,0,"",""
ball,1,8.5,Bangladesh,Tamim Iqbal,Shakib Al Hasan,AD Russell,0,0,"",""
ball,1,8.6,Bangladesh,Tamim Iqbal,Shakib Al Hasan,AD Russell,4,0,"",""
ball,1,9.1,Bangladesh,Shakib Al Hasan,Tamim Iqbal,JO Holder,0,0,"",""
ball,1,9.2,Bangladesh,Shakib Al Hasan,Tamim Iqbal,JO Holder,0,0,"",""
ball,1,9.3,Bangladesh,Shakib Al Hasan,Tamim Iqbal,JO Holder,1,0,"",""
ball,1,9.4,Bangladesh,Tamim Iqbal,Shakib Al Hasan,JO Holder,1,0,"",""
ball,1,9.5,Bangladesh,Shakib Al Hasan,Tamim Iqbal,JO Holder,0,0,"",""
ball,1,9.6,Bangladesh,Shakib Al Hasan,Tamim Iqbal,JO Holder,0,0,"",""
ball,1,10.1,Bangladesh,Tamim Iqbal,Shakib Al Hasan,AS Joseph,0,0,"",""
ball,1,10.2,Bangladesh,Tamim Iqbal,Shakib Al Hasan,AS Joseph,0,0,"",""
ball,1,10.3,Bangladesh,Tamim Iqbal,Shakib Al Hasan,AS Joseph,1,0,"",""
ball,1,10.4,Bangladesh,Shakib Al Hasan,Tamim Iqbal,AS Joseph,0,0,"",""
ball,1,10.5,Bangladesh,Shakib Al Hasan,Tamim Iqbal,AS Joseph,1,0,"",""
ball,1,10.6,Bangladesh,Tamim Iqbal,Shakib Al Hasan,AS Joseph,0,0,"",""
ball,1,11.1,Bangladesh,Shakib Al Hasan,Tamim Iqbal,JO Holder,0,4,"",""
ball,1,11.2,Bangladesh,Shakib Al Hasan,Tamim Iqbal,JO Holder,0,0,"",""
ball,1,11.3,Bangladesh,Shakib Al Hasan,Tamim Iqbal,JO Holder,1,0,"",""
ball,1,11.4,Bangladesh,Tamim Iqbal,Shakib Al Hasan,JO Holder,0,0,"",""
ball,1,11.5,Bangladesh,Tamim Iqbal,Shakib Al Hasan,JO Holder,1,0,"",""
ball,1,11.6,Bangladesh,Shakib Al Hasan,Tamim Iqbal,JO Holder,1,0,"",""
ball,1,12.1,Bangladesh,Shakib Al Hasan,Tamim Iqbal,AS Joseph,1,0,"",""
ball,1,12.2,Bangladesh,Tamim Iqbal,Shakib Al Hasan,AS Joseph,0,0,"",""
ball,1,12.3,Bangladesh,Tamim Iqbal,Shakib Al Hasan,AS Joseph,0,0,"",""
ball,1,12.4,Bangladesh,Tamim Iqbal,Shakib Al Hasan,AS Joseph,1,0,"",""
ball,1,12.5,Bangladesh,Shakib Al Hasan,Tamim Iqbal,AS Joseph,0,0,"",""
ball,1,12.6,Bangladesh,Shakib Al Hasan,Tamim Iqbal,AS Joseph,0,0,"",""
ball,1,13.1,Bangladesh,Tamim Iqbal,Shakib Al Hasan,AR Nurse,0,0,"",""
ball,1,13.2,Bangladesh,Tamim Iqbal,Shakib Al Hasan,AR Nurse,0,0,"",""
ball,1,13.3,Bangladesh,Tamim Iqbal,Shakib Al Hasan,AR Nurse,0,0,"",""
ball,1,13.4,Bangladesh,Tamim Iqbal,Shakib Al Hasan,AR Nurse,2,0,"",""
ball,1,13.5,Bangladesh,Tamim Iqbal,Shakib Al Hasan,AR Nurse,0,0,"",""
ball,1,13.6,Bangladesh,Tamim Iqbal,Shakib Al Hasan,AR Nurse,0,0,"",""
ball,1,14.1,Bangladesh,Shakib Al Hasan,Tamim Iqbal,AS Joseph,1,0,"",""
ball,1,14.2,Bangladesh,Tamim Iqbal,Shakib Al Hasan,AS Joseph,0,0,"",""
ball,1,14.3,Bangladesh,Tamim Iqbal,Shakib Al Hasan,AS Joseph,1,0,"",""
ball,1,14.4,Bangladesh,Shakib Al Hasan,Tamim Iqbal,AS Joseph,1,0,"",""
ball,1,14.5,Bangladesh,Tamim Iqbal,Shakib Al Hasan,AS Joseph,3,0,"",""
ball,1,14.6,Bangladesh,Shakib Al Hasan,Tamim Iqbal,AS Joseph,1,0,"",""
ball,1,15.1,Bangladesh,Shakib Al Hasan,Tamim Iqbal,AR Nurse,1,0,"",""
ball,1,15.2,Bangladesh,Tamim Iqbal,Shakib Al Hasan,AR Nurse,0,0,"",""
ball,1,15.3,Bangladesh,Tamim Iqbal,Shakib Al Hasan,AR Nurse,0,0,"",""
ball,1,15.4,Bangladesh,Tamim Iqbal,Shakib Al Hasan,AR Nurse,0,0,"",""
ball,1,15.5,Bangladesh,Tamim Iqbal,Shakib Al Hasan,AR Nurse,0,0,"",""
ball,1,15.6,Bangladesh,Tamim Iqbal,Shakib Al Hasan,AR Nurse,1,0,"",""
ball,1,16.1,Bangladesh,Tamim Iqbal,Shakib Al Hasan,AS Joseph,0,0,"",""
ball,1,16.2,Bangladesh,Tamim Iqbal,Shakib Al Hasan,AS Joseph,0,0,"",""
ball,1,16.3,Bangladesh,Tamim Iqbal,Shakib Al Hasan,AS Joseph,0,0,"",""
ball,1,16.4,Bangladesh,Tamim Iqbal,Shakib Al Hasan,AS Joseph,1,0,"",""
ball,1,16.5,Bangladesh,Shakib Al Hasan,Tamim Iqbal,AS Joseph,4,0,"",""
ball,1,16.6,Bangladesh,Shakib Al Hasan,Tamim Iqbal,AS Joseph,1,0,"",""
ball,1,17.1,Bangladesh,Shakib Al Hasan,Tamim Iqbal,AR Nurse,1,0,"",""
ball,1,17.2,Bangladesh,Tamim Iqbal,Shakib Al Hasan,AR Nurse,0,0,"",""
ball,1,17.3,Bangladesh,Tamim Iqbal,Shakib Al Hasan,AR Nurse,1,0,"",""
ball,1,17.4,Bangladesh,Shakib Al Hasan,Tamim Iqbal,AR Nurse,0,0,"",""
ball,1,17.5,Bangladesh,Shakib Al Hasan,Tamim Iqbal,AR Nurse,0,0,"",""
ball,1,17.6,Bangladesh,Shakib Al Hasan,Tamim Iqbal,AR Nurse,1,0,"",""
ball,1,18.1,Bangladesh,Shakib Al Hasan,Tamim Iqbal,AS Joseph,3,0,"",""
ball,1,18.2,Bangladesh,Tamim Iqbal,Shakib Al Hasan,AS Joseph,0,0,"",""
ball,1,18.3,Bangladesh,Tamim Iqbal,Shakib Al Hasan,AS Joseph,0,1,"",""
ball,1,18.4,Bangladesh,Shakib Al Hasan,Tamim Iqbal,AS Joseph,1,0,"",""
ball,1,18.5,Bangladesh,Tamim Iqbal,Shakib Al Hasan,AS Joseph,1,0,"",""
ball,1,18.6,Bangladesh,Shakib Al Hasan,Tamim Iqbal,AS Joseph,4,0,"",""
ball,1,19.1,Bangladesh,Tamim Iqbal,Shakib Al Hasan,AR Nurse,1,0,"",""
ball,1,19.2,Bangladesh,Shakib Al Hasan,Tamim Iqbal,AR Nurse,0,0,"",""
ball,1,19.3,Bangladesh,Shakib Al Hasan,Tamim Iqbal,AR Nurse,0,0,"",""
ball,1,19.4,Bangladesh,Shakib Al Hasan,Tamim Iqbal,AR Nurse,2,0,"",""
ball,1,19.5,Bangladesh,Shakib Al Hasan,Tamim Iqbal,AR Nurse,2,0,"",""
ball,1,19.6,Bangladesh,Shakib Al Hasan,Tamim Iqbal,AR Nurse,0,0,"",""
ball,1,20.1,Bangladesh,Tamim Iqbal,Shakib Al Hasan,D Bishoo,0,0,"",""
ball,1,20.2,Bangladesh,Tamim Iqbal,Shakib Al Hasan,D Bishoo,0,0,"",""
ball,1,20.3,Bangladesh,Tamim Iqbal,Shakib Al Hasan,D Bishoo,4,0,"",""
ball,1,20.4,Bangladesh,Tamim Iqbal,Shakib Al Hasan,D Bishoo,0,0,"",""
ball,1,20.5,Bangladesh,Tamim Iqbal,Shakib Al Hasan,D Bishoo,1,0,"",""
ball,1,20.6,Bangladesh,Shakib Al Hasan,Tamim Iqbal,D Bishoo,0,0,"",""
ball,1,21.1,Bangladesh,Tamim Iqbal,Shakib Al Hasan,AR Nurse,0,0,"",""
ball,1,21.2,Bangladesh,Tamim Iqbal,Shakib Al Hasan,AR Nurse,0,0,"",""
ball,1,21.3,Bangladesh,Tamim Iqbal,Shakib Al Hasan,AR Nurse,0,0,"",""
ball,1,21.4,Bangladesh,Tamim Iqbal,Shakib Al Hasan,AR Nurse,1,0,"",""
ball,1,21.5,Bangladesh,Shakib Al Hasan,Tamim Iqbal,AR Nurse,0,0,"",""
ball,1,21.6,Bangladesh,Shakib Al Hasan,Tamim Iqbal,AR Nurse,1,0,"",""
ball,1,22.1,Bangladesh,Shakib Al Hasan,Tamim Iqbal,D Bishoo,1,0,"",""
ball,1,22.2,Bangladesh,Tamim Iqbal,Shakib Al Hasan,D Bishoo,0,0,"",""
ball,1,22.3,Bangladesh,Tamim Iqbal,Shakib Al Hasan,D Bishoo,1,0,"",""
ball,1,22.4,Bangladesh,Shakib Al Hasan,Tamim Iqbal,D Bishoo,1,0,"",""
ball,1,22.5,Bangladesh,Tamim Iqbal,Shakib Al Hasan,D Bishoo,0,0,"",""
ball,1,22.6,Bangladesh,Tamim Iqbal,Shakib Al Hasan,D Bishoo,1,0,"",""
ball,1,23.1,Bangladesh,Tamim Iqbal,Shakib Al Hasan,AR Nurse,0,0,"",""
ball,1,23.2,Bangladesh,Tamim Iqbal,Shakib Al Hasan,AR Nurse,1,0,"",""
ball,1,23.3,Bangladesh,Shakib Al Hasan,Tamim Iqbal,AR Nurse,1,0,"",""
ball,1,23.4,Bangladesh,Tamim Iqbal,Shakib Al Hasan,AR Nurse,0,0,"",""
ball,1,23.5,Bangladesh,Tamim Iqbal,Shakib Al Hasan,AR Nurse,0,0,"",""
ball,1,23.6,Bangladesh,Tamim Iqbal,Shakib Al Hasan,AR Nurse,6,0,"",""
ball,1,24.1,Bangladesh,Shakib Al Hasan,Tamim Iqbal,D Bishoo,0,0,"",""
ball,1,24.2,Bangladesh,Shakib Al Hasan,Tamim Iqbal,D Bishoo,0,0,"",""
ball,1,24.3,Bangladesh,Shakib Al Hasan,Tamim Iqbal,D Bishoo,1,0,"",""
ball,1,24.4,Bangladesh,Tamim Iqbal,Shakib Al Hasan,D Bishoo,0,0,"",""
ball,1,24.5,Bangladesh,Tamim Iqbal,Shakib Al Hasan,D Bishoo,0,0,"",""
ball,1,24.6,Bangladesh,Tamim Iqbal,Shakib Al Hasan,D Bishoo,1,0,"",""
ball,1,25.1,Bangladesh,Tamim Iqbal,Shakib Al Hasan,JN Mohammed,0,0,"",""
ball,1,25.2,Bangladesh,Tamim Iqbal,Shakib Al Hasan,JN Mohammed,1,0,"",""
ball,1,25.3,Bangladesh,Shakib Al Hasan,Tamim Iqbal,JN Mohammed,1,0,"",""
ball,1,25.4,Bangladesh,Tamim Iqbal,Shakib Al Hasan,JN Mohammed,1,0,"",""
ball,1,25.5,Bangladesh,Shakib Al Hasan,Tamim Iqbal,JN Mohammed,1,0,"",""
ball,1,25.6,Bangladesh,Tamim Iqbal,Shakib Al Hasan,JN Mohammed,1,0,"",""
ball,1,26.1,Bangladesh,Tamim Iqbal,Shakib Al Hasan,D Bishoo,0,0,"",""
ball,1,26.2,Bangladesh,Tamim Iqbal,Shakib Al Hasan,D Bishoo,1,0,"",""
ball,1,26.3,Bangladesh,Shakib Al Hasan,Tamim Iqbal,D Bishoo,1,0,"",""
ball,1,26.4,Bangladesh,Tamim Iqbal,Shakib Al Hasan,D Bishoo,0,0,"",""
ball,1,26.5,Bangladesh,Tamim Iqbal,Shakib Al Hasan,D Bishoo,0,1,"",""
ball,1,26.6,Bangladesh,Shakib Al Hasan,Tamim Iqbal,D Bishoo,4,0,"",""
ball,1,27.1,Bangladesh,Tamim Iqbal,Shakib Al Hasan,JN Mohammed,0,0,"",""
ball,1,27.2,Bangladesh,Tamim Iqbal,Shakib Al Hasan,JN Mohammed,1,0,"",""
ball,1,27.3,Bangladesh,Shakib Al Hasan,Tamim Iqbal,JN Mohammed,4,0,"",""
ball,1,27.4,Bangladesh,Shakib Al Hasan,Tamim Iqbal,JN Mohammed,1,0,"",""
ball,1,27.5,Bangladesh,Tamim Iqbal,Shakib Al Hasan,JN Mohammed,0,0,"",""
ball,1,27.6,Bangladesh,Tamim Iqbal,Shakib Al Hasan,JN Mohammed,4,0,"",""
ball,1,28.1,Bangladesh,Shakib Al Hasan,Tamim Iqbal,AD Russell,1,0,"",""
ball,1,28.2,Bangladesh,Tamim Iqbal,Shakib Al Hasan,AD Russell,0,0,"",""
ball,1,28.3,Bangladesh,Tamim Iqbal,Shakib Al Hasan,AD Russell,1,0,"",""
ball,1,28.4,Bangladesh,Shakib Al Hasan,Tamim Iqbal,AD Russell,0,0,"",""
ball,1,28.5,Bangladesh,Shakib Al Hasan,Tamim Iqbal,AD Russell,1,0,"",""
ball,1,28.6,Bangladesh,Tamim Iqbal,Shakib Al Hasan,AD Russell,0,0,"",""
ball,1,29.1,Bangladesh,Shakib Al Hasan,Tamim Iqbal,AS Joseph,1,0,"",""
ball,1,29.2,Bangladesh,Tamim Iqbal,Shakib Al Hasan,AS Joseph,1,0,"",""
ball,1,29.3,Bangladesh,Shakib Al Hasan,Tamim Iqbal,AS Joseph,0,0,"",""
ball,1,29.4,Bangladesh,Shakib Al Hasan,Tamim Iqbal,AS Joseph,1,0,"",""
ball,1,29.5,Bangladesh,Tamim Iqbal,Shakib Al Hasan,AS Joseph,4,0,"",""
ball,1,29.6,Bangladesh,Tamim Iqbal,Shakib Al Hasan,AS Joseph,0,0,"",""
ball,1,30.1,Bangladesh,Shakib Al Hasan,Tamim Iqbal,AD Russell,1,0,"",""
ball,1,30.2,Bangladesh,Tamim Iqbal,Shakib Al Hasan,AD Russell,1,0,"",""
ball,1,30.3,Bangladesh,Shakib Al Hasan,Tamim Iqbal,AD Russell,1,0,"",""
ball,1,30.4,Bangladesh,Tamim Iqbal,Shakib Al Hasan,AD Russell,1,0,"",""
ball,1,30.5,Bangladesh,Shakib Al Hasan,Tamim Iqbal,AD Russell,1,0,"",""
ball,1,30.6,Bangladesh,Tamim Iqbal,Shakib Al Hasan,AD Russell,1,0,"",""
ball,1,31.1,Bangladesh,Tamim Iqbal,Shakib Al Hasan,AS Joseph,1,0,"",""
ball,1,31.2,Bangladesh,Shakib Al Hasan,Tamim Iqbal,AS Joseph,1,0,"",""
ball,1,31.3,Bangladesh,Tamim Iqbal,Shakib Al Hasan,AS Joseph,1,0,"",""
ball,1,31.4,Bangladesh,Shakib Al Hasan,Tamim Iqbal,AS Joseph,1,0,"",""
ball,1,31.5,Bangladesh,Tamim Iqbal,Shakib Al Hasan,AS Joseph,0,0,"",""
ball,1,31.6,Bangladesh,Tamim Iqbal,Shakib Al Hasan,AS Joseph,1,0,"",""
ball,1,32.1,Bangladesh,Tamim Iqbal,Shakib Al Hasan,JO Holder,0,0,"",""
ball,1,32.2,Bangladesh,Tamim Iqbal,Shakib Al Hasan,JO Holder,1,0,"",""
ball,1,32.3,Bangladesh,Shakib Al Hasan,Tamim Iqbal,JO Holder,0,0,"",""
ball,1,32.4,Bangladesh,Shakib Al Hasan,Tamim Iqbal,JO Holder,0,0,"",""
ball,1,32.5,Bangladesh,Shakib Al Hasan,Tamim Iqbal,JO Holder,0,0,"",""
ball,1,32.6,Bangladesh,Shakib Al Hasan,Tamim Iqbal,JO Holder,0,0,"",""
ball,1,33.1,Bangladesh,Tamim Iqbal,Shakib Al Hasan,AS Joseph,0,0,"",""
ball,1,33.2,Bangladesh,Tamim Iqbal,Shakib Al Hasan,AS Joseph,0,0,"",""
ball,1,33.3,Bangladesh,Tamim Iqbal,Shakib Al Hasan,AS Joseph,0,0,"",""
ball,1,33.4,Bangladesh,Tamim Iqbal,Shakib Al Hasan,AS Joseph,1,0,"",""
ball,1,33.5,Bangladesh,Shakib Al Hasan,Tamim Iqbal,AS Joseph,1,0,"",""
ball,1,33.6,Bangladesh,Tamim Iqbal,Shakib Al Hasan,AS Joseph,4,0,"",""
ball,1,34.1,Bangladesh,Shakib Al Hasan,Tamim Iqbal,JO Holder,0,0,"",""
ball,1,34.2,Bangladesh,Shakib Al Hasan,Tamim Iqbal,JO Holder,4,0,"",""
ball,1,34.3,Bangladesh,Shakib Al Hasan,Tamim Iqbal,JO Holder,0,0,"",""
ball,1,34.4,Bangladesh,Shakib Al Hasan,Tamim Iqbal,JO Holder,2,0,"",""
ball,1,34.5,Bangladesh,Shakib Al Hasan,Tamim Iqbal,JO Holder,2,0,"",""
ball,1,34.6,Bangladesh,Shakib Al Hasan,Tamim Iqbal,JO Holder,4,0,"",""
ball,1,35.1,Bangladesh,Tamim Iqbal,Shakib Al Hasan,AR Nurse,1,0,"",""
ball,1,35.2,Bangladesh,Shakib Al Hasan,Tamim Iqbal,AR Nurse,0,0,"",""
ball,1,35.3,Bangladesh,Shakib Al Hasan,Tamim Iqbal,AR Nurse,0,0,"",""
ball,1,35.4,Bangladesh,Shakib Al Hasan,Tamim Iqbal,AR Nurse,1,0,"",""
ball,1,35.5,Bangladesh,Tamim Iqbal,Shakib Al Hasan,AR Nurse,0,0,"",""
ball,1,35.6,Bangladesh,Tamim Iqbal,Shakib Al Hasan,AR Nurse,1,0,"",""
ball,1,36.1,Bangladesh,Tamim Iqbal,Shakib Al Hasan,D Bishoo,2,0,"",""
ball,1,36.2,Bangladesh,Tamim Iqbal,Shakib Al Hasan,D Bishoo,0,1,"",""
ball,1,36.3,Bangladesh,Tamim Iqbal,Shakib Al Hasan,D Bishoo,0,1,"",""
ball,1,36.4,Bangladesh,Tamim Iqbal,Shakib Al Hasan,D Bishoo,1,0,"",""
ball,1,36.5,Bangladesh,Shakib Al Hasan,Tamim Iqbal,D Bishoo,1,0,"",""
ball,1,36.6,Bangladesh,Tamim Iqbal,Shakib Al Hasan,D Bishoo,0,0,"",""
ball,1,36.7,Bangladesh,Tamim Iqbal,Shakib Al Hasan,D Bishoo,1,0,"",""
ball,1,36.8,Bangladesh,Shakib Al Hasan,Tamim Iqbal,D Bishoo,1,0,"",""
ball,1,37.1,Bangladesh,Shakib Al Hasan,Tamim Iqbal,AR Nurse,0,0,"",""
ball,1,37.2,Bangladesh,Shakib Al Hasan,Tamim Iqbal,AR Nurse,1,0,"",""
ball,1,37.3,Bangladesh,Tamim Iqbal,Shakib Al Hasan,AR Nurse,1,0,"",""
ball,1,37.4,Bangladesh,Shakib Al Hasan,Tamim Iqbal,AR Nurse,1,0,"",""
ball,1,37.5,Bangladesh,Tamim Iqbal,Shakib Al Hasan,AR Nurse,1,0,"",""
ball,1,37.6,Bangladesh,Shakib Al Hasan,Tamim Iqbal,AR Nurse,1,0,"",""
ball,1,38.1,Bangladesh,Shakib Al Hasan,Tamim Iqbal,D Bishoo,1,0,"",""
ball,1,38.2,Bangladesh,Tamim Iqbal,Shakib Al Hasan,D Bishoo,1,0,"",""
ball,1,38.3,Bangladesh,Shakib Al Hasan,Tamim Iqbal,D Bishoo,1,0,"",""
ball,1,38.4,Bangladesh,Tamim Iqbal,Shakib Al Hasan,D Bishoo,1,0,"",""
ball,1,38.5,Bangladesh,Shakib Al Hasan,Tamim Iqbal,D Bishoo,0,0,"",""
ball,1,38.6,Bangladesh,Shakib Al Hasan,Tamim Iqbal,D Bishoo,1,0,"",""
ball,1,39.1,Bangladesh,Shakib Al Hasan,Tamim Iqbal,AR Nurse,1,0,"",""
ball,1,39.2,Bangladesh,Tamim Iqbal,Shakib Al Hasan,AR Nurse,0,0,"",""
ball,1,39.3,Bangladesh,Tamim Iqbal,Shakib Al Hasan,AR Nurse,1,0,"",""
ball,1,39.4,Bangladesh,Shakib Al Hasan,Tamim Iqbal,AR Nurse,1,0,"",""
ball,1,39.5,Bangladesh,Tamim Iqbal,Shakib Al Hasan,AR Nurse,1,0,"",""
ball,1,39.6,Bangladesh,Shakib Al Hasan,Tamim Iqbal,AR Nurse,2,0,"",""
ball,1,40.1,Bangladesh,Tamim Iqbal,Shakib Al Hasan,D Bishoo,1,0,"",""
ball,1,40.2,Bangladesh,Shakib Al Hasan,Tamim Iqbal,D Bishoo,0,1,"",""
ball,1,40.3,Bangladesh,Tamim Iqbal,Shakib Al Hasan,D Bishoo,0,0,"",""
ball,1,40.4,Bangladesh,Tamim Iqbal,Shakib Al Hasan,D Bishoo,1,0,"",""
ball,1,40.5,Bangladesh,Shakib Al Hasan,Tamim Iqbal,D Bishoo,0,0,"",""
ball,1,40.6,Bangladesh,Shakib Al Hasan,Tamim Iqbal,D Bishoo,1,0,"",""
ball,1,41.1,Bangladesh,Shakib Al Hasan,Tamim Iqbal,AR Nurse,0,0,"",""
ball,1,41.2,Bangladesh,Shakib Al Hasan,Tamim Iqbal,AR Nurse,0,0,"",""
ball,1,41.3,Bangladesh,Shakib Al Hasan,Tamim Iqbal,AR Nurse,1,0,"",""
ball,1,41.4,Bangladesh,Tamim Iqbal,Shakib Al Hasan,AR Nurse,0,0,"",""
ball,1,41.5,Bangladesh,Tamim Iqbal,Shakib Al Hasan,AR Nurse,1,0,"",""
ball,1,41.6,Bangladesh,Shakib Al Hasan,Tamim Iqbal,AR Nurse,1,0,"",""
ball,1,42.1,Bangladesh,Shakib Al Hasan,Tamim Iqbal,D Bishoo,1,0,"",""
ball,1,42.2,Bangladesh,Tamim Iqbal,Shakib Al Hasan,D Bishoo,1,0,"",""
ball,1,42.3,Bangladesh,Shakib Al Hasan,Tamim Iqbal,D Bishoo,0,1,"",""
ball,1,42.4,Bangladesh,Shakib Al Hasan,Tamim Iqbal,D Bishoo,1,0,"",""
ball,1,42.5,Bangladesh,Tamim Iqbal,Shakib Al Hasan,D Bishoo,2,0,"",""
ball,1,42.6,Bangladesh,Tamim Iqbal,Shakib Al Hasan,D Bishoo,1,0,"",""
ball,1,42.7,Bangladesh,Shakib Al Hasan,Tamim Iqbal,D Bishoo,0,1,"",""
ball,1,42.8,Bangladesh,Shakib Al Hasan,Tamim Iqbal,D Bishoo,1,0,"",""
ball,1,43.1,Bangladesh,Shakib Al Hasan,Tamim Iqbal,AS Joseph,1,0,"",""
ball,1,43.2,Bangladesh,Tamim Iqbal,Shakib Al Hasan,AS Joseph,2,0,"",""
ball,1,43.3,Bangladesh,Tamim Iqbal,Shakib Al Hasan,AS Joseph,0,0,"",""
ball,1,43.4,Bangladesh,Tamim Iqbal,Shakib Al Hasan,AS Joseph,0,0,"",""
ball,1,43.5,Bangladesh,Tamim Iqbal,Shakib Al Hasan,AS Joseph,1,0,"",""
ball,1,43.6,Bangladesh,Shakib Al Hasan,Tamim Iqbal,AS Joseph,0,0,"",""
ball,1,44.1,Bangladesh,Tamim Iqbal,Shakib Al Hasan,D Bishoo,0,0,"",""
ball,1,44.2,Bangladesh,Tamim Iqbal,Shakib Al Hasan,D Bishoo,1,0,"",""
ball,1,44.3,Bangladesh,Shakib Al Hasan,Tamim Iqbal,D Bishoo,0,0,caught,Shakib Al Hasan
ball,1,44.4,Bangladesh,Tamim Iqbal,Sabbir Rahman,D Bishoo,1,0,"",""
ball,1,44.5,Bangladesh,Sabbir Rahman,Tamim Iqbal,D Bishoo,1,0,"",""
ball,1,44.6,Bangladesh,Tamim Iqbal,Sabbir Rahman,D Bishoo,1,0,"",""
ball,1,45.1,Bangladesh,Tamim Iqbal,Sabbir Rahman,AS Joseph,1,0,"",""
ball,1,45.2,Bangladesh,Sabbir Rahman,Tamim Iqbal,AS Joseph,1,0,"",""
ball,1,45.3,Bangladesh,Tamim Iqbal,Sabbir Rahman,AS Joseph,1,0,"",""
ball,1,45.4,Bangladesh,Sabbir Rahman,Tamim Iqbal,AS Joseph,1,0,"",""
ball,1,45.5,Bangladesh,Tamim Iqbal,Sabbir Rahman,AS Joseph,4,0,"",""
ball,1,45.6,Bangladesh,Tamim Iqbal,Sabbir Rahman,AS Joseph,1,0,"",""
ball,1,46.1,Bangladesh,Tamim Iqbal,Sabbir Rahman,D Bishoo,0,0,"",""
ball,1,46.2,Bangladesh,Tamim Iqbal,Sabbir Rahman,D Bishoo,1,0,"",""
ball,1,46.3,Bangladesh,Sabbir Rahman,Tamim Iqbal,D Bishoo,0,0,stumped,Sabbir Rahman
ball,1,46.4,Bangladesh,Mushfiqur Rahim,Tamim Iqbal,D Bishoo,2,0,"",""
ball,1,46.5,Bangladesh,Mushfiqur Rahim,Tamim Iqbal,D Bishoo,0,1,"",""
ball,1,46.6,Bangladesh,Mushfiqur Rahim,Tamim Iqbal,D Bishoo,1,0,"",""
ball,1,46.7,Bangladesh,Tamim Iqbal,Mushfiqur Rahim,D Bishoo,1,0,"",""
ball,1,47.1,Bangladesh,Tamim Iqbal,Mushfiqur Rahim,AD Russell,1,0,"",""
ball,1,47.2,Bangladesh,Mushfiqur Rahim,Tamim Iqbal,AD Russell,1,0,"",""
ball,1,47.3,Bangladesh,Tamim Iqbal,Mushfiqur Rahim,AD Russell,0,0,"",""
ball,1,47.4,Bangladesh,Tamim Iqbal,Mushfiqur Rahim,AD Russell,0,0,"",""
ball,1,47.5,Bangladesh,Tamim Iqbal,Mushfiqur Rahim,AD Russell,4,0,"",""
ball,1,47.6,Bangladesh,Tamim Iqbal,Mushfiqur Rahim,AD Russell,4,0,"",""
ball,1,48.1,Bangladesh,Mushfiqur Rahim,Tamim Iqbal,JO Holder,6,0,"",""
ball,1,48.2,Bangladesh,Mushfiqur Rahim,Tamim Iqbal,JO Holder,2,0,"",""
ball,1,48.3,Bangladesh,Mushfiqur Rahim,Tamim Iqbal,JO Holder,0,0,"",""
ball,1,48.4,Bangladesh,Mushfiqur Rahim,Tamim Iqbal,JO Holder,4,0,"",""
ball,1,48.5,Bangladesh,Mushfiqur Rahim,Tamim Iqbal,JO Holder,6,0,"",""
ball,1,48.6,Bangladesh,Mushfiqur Rahim,Tamim Iqbal,JO Holder,4,0,"",""
ball,1,49.1,Bangladesh,Tamim Iqbal,Mushfiqur Rahim,AD Russell,6,0,"",""
ball,1,49.2,Bangladesh,Tamim Iqbal,Mushfiqur Rahim,AD Russell,6,0,"",""
ball,1,49.3,Bangladesh,Tamim Iqbal,Mushfiqur Rahim,AD Russell,1,0,"",""
ball,1,49.4,Bangladesh,Mushfiqur Rahim,Tamim Iqbal,AD Russell,4,0,"",""
ball,1,49.5,Bangladesh,Mushfiqur Rahim,Tamim Iqbal,AD Russell,0,0,caught,Mushfiqur Rahim
ball,1,49.6,Bangladesh,Mahmudullah,Tamim Iqbal,AD Russell,4,0,"",""
ball,2,0.1,West Indies,CH Gayle,E Lewis,Mashrafe Mortaza,0,0,"",""
ball,2,0.2,West Indies,CH Gayle,E Lewis,Mashrafe Mortaza,1,0,"",""
ball,2,0.3,West Indies,E Lewis,CH Gayle,Mashrafe Mortaza,0,0,"",""
ball,2,0.4,West Indies,E Lewis,CH Gayle,Mashrafe Mortaza,0,0,"",""
ball,2,0.5,West Indies,E Lewis,CH Gayle,Mashrafe Mortaza,0,0,"",""
ball,2,0.6,West Indies,E Lewis,CH Gayle,Mashrafe Mortaza,0,0,"",""
ball,2,1.1,West Indies,CH Gayle,E Lewis,Mehedi Hasan Miraz,0,0,"",""
ball,2,1.2,West Indies,CH Gayle,E Lewis,Mehedi Hasan Miraz,0,0,"",""
ball,2,1.3,West Indies,CH Gayle,E Lewis,Mehedi Hasan Miraz,0,0,"",""
ball,2,1.4,West Indies,CH Gayle,E Lewis,Mehedi Hasan Miraz,1,0,"",""
ball,2,1.5,West Indies,E Lewis,CH Gayle,Mehedi Hasan Miraz,0,0,"",""
ball,2,1.6,West Indies,E Lewis,CH Gayle,Mehedi Hasan Miraz,0,0,"",""
ball,2,2.1,West Indies,CH Gayle,E Lewis,Mashrafe Mortaza,0,0,"",""
ball,2,2.2,West Indies,CH Gayle,E Lewis,Mashrafe Mortaza,0,0,"",""
ball,2,2.3,West Indies,CH Gayle,E Lewis,Mashrafe Mortaza,0,0,"",""
ball,2,2.4,West Indies,CH Gayle,E Lewis,Mashrafe Mortaza,1,0,"",""
ball,2,2.5,West Indies,E Lewis,CH Gayle,Mashrafe Mortaza,0,0,"",""
ball,2,2.6,West Indies,E Lewis,CH Gayle,Mashrafe Mortaza,6,0,"",""
ball,2,3.1,West Indies,CH Gayle,E Lewis,Mehedi Hasan Miraz,0,0,"",""
ball,2,3.2,West Indies,CH Gayle,E Lewis,Mehedi Hasan Miraz,0,0,"",""
ball,2,3.3,West Indies,CH Gayle,E Lewis,Mehedi Hasan Miraz,1,0,"",""
ball,2,3.4,West Indies,E Lewis,CH Gayle,Mehedi Hasan Miraz,0,0,"",""
ball,2,3.5,West Indies,E Lewis,CH Gayle,Mehedi Hasan Miraz,2,0,"",""
ball,2,3.6,West Indies,E Lewis,CH Gayle,Mehedi Hasan Miraz,0,0,"",""
ball,2,4.1,West Indies,CH Gayle,E Lewis,Mashrafe Mortaza,1,0,"",""
ball,2,4.2,West Indies,E Lewis,CH Gayle,Mashrafe Mortaza,0,0,"",""
ball,2,4.3,West Indies,E Lewis,CH Gayle,Mashrafe Mortaza,0,0,"",""
ball,2,4.4,West Indies,E Lewis,CH Gayle,Mashrafe Mortaza,0,0,"",""
ball,2,4.5,West Indies,E Lewis,CH Gayle,Mashrafe Mortaza,0,0,"",""
ball,2,4.6,West Indies,E Lewis,CH Gayle,Mashrafe Mortaza,1,0,"",""
ball,2,5.1,West Indies,E Lewis,CH Gayle,Mehedi Hasan Miraz,4,0,"",""
ball,2,5.2,West Indies,E Lewis,CH Gayle,Mehedi Hasan Miraz,0,0,"",""
ball,2,5.3,West Indies,E Lewis,CH Gayle,Mehedi Hasan Miraz,0,0,"",""
ball,2,5.4,West Indies,E Lewis,CH Gayle,Mehedi Hasan Miraz,0,0,"",""
ball,2,5.5,West Indies,E Lewis,CH Gayle,Mehedi Hasan Miraz,0,0,"",""
ball,2,5.6,West Indies,E Lewis,CH Gayle,Mehedi Hasan Miraz,0,0,"",""
ball,2,6.1,West Indies,CH Gayle,E Lewis,Mashrafe Mortaza,0,0,"",""
ball,2,6.2,West Indies,CH Gayle,E Lewis,Mashrafe Mortaza,4,0,"",""
ball,2,6.3,West Indies,CH Gayle,E Lewis,Mashrafe Mortaza,0,0,"",""
ball,2,6.4,West Indies,CH Gayle,E Lewis,Mashrafe Mortaza,0,0,"",""
ball,2,6.5,West Indies,CH Gayle,E Lewis,Mashrafe Mortaza,0,0,"",""
ball,2,6.6,West Indies,CH Gayle,E Lewis,Mashrafe Mortaza,0,0,"",""
ball,2,7.1,West Indies,E Lewis,CH Gayle,Mehedi Hasan Miraz,4,0,"",""
ball,2,7.2,West Indies,E Lewis,CH Gayle,Mehedi Hasan Miraz,0,0,"",""
ball,2,7.3,West Indies,E Lewis,CH Gayle,Mehedi Hasan Miraz,0,0,"",""
ball,2,7.4,West Indies,E Lewis,CH Gayle,Mehedi Hasan Miraz,0,0,"",""
ball,2,7.5,West Indies,E Lewis,CH Gayle,Mehedi Hasan Miraz,0,0,"",""
ball,2,7.6,West Indies,E Lewis,CH Gayle,Mehedi Hasan Miraz,0,0,"",""
ball,2,8.1,West Indies,CH Gayle,E Lewis,Mashrafe Mortaza,0,0,"",""
ball,2,8.2,West Indies,CH Gayle,E Lewis,Mashrafe Mortaza,0,0,"",""
ball,2,8.3,West Indies,CH Gayle,E Lewis,Mashrafe Mortaza,1,0,"",""
ball,2,8.4,West Indies,E Lewis,CH Gayle,Mashrafe Mortaza,0,0,caught,E Lewis
ball,2,8.5,West Indies,SD Hope,CH Gayle,Mashrafe Mortaza,0,0,"",""
ball,2,8.6,West Indies,SD Hope,CH Gayle,Mashrafe Mortaza,0,0,"",""
ball,2,9.1,West Indies,CH Gayle,SD Hope,Mehedi Hasan Miraz,1,0,"",""
ball,2,9.2,West Indies,SD Hope,CH Gayle,Mehedi Hasan Miraz,0,0,"",""
ball,2,9.3,West Indies,SD Hope,CH Gayle,Mehedi Hasan Miraz,0,0,"",""
ball,2,9.4,West Indies,SD Hope,CH Gayle,Mehedi Hasan Miraz,1,0,"",""
ball,2,9.5,West Indies,CH Gayle,SD Hope,Mehedi Hasan Miraz,1,0,"",""
ball,2,9.6,West Indies,SD Hope,CH Gayle,Mehedi Hasan Miraz,1,0,"",""
ball,2,10.1,West Indies,SD Hope,CH Gayle,Mashrafe Mortaza,2,0,"",""
ball,2,10.2,West Indies,SD Hope,CH Gayle,Mashrafe Mortaza,0,0,"",""
ball,2,10.3,West Indies,SD Hope,CH Gayle,Mashrafe Mortaza,1,0,"",""
ball,2,10.4,West Indies,CH Gayle,SD Hope,Mashrafe Mortaza,0,0,"",""
ball,2,10.5,West Indies,CH Gayle,SD Hope,Mashrafe Mortaza,0,0,"",""
ball,2,10.6,West Indies,CH Gayle,SD Hope,Mashrafe Mortaza,0,0,"",""
ball,2,11.1,West Indies,SD Hope,CH Gayle,Mehedi Hasan Miraz,1,0,"",""
ball,2,11.2,West Indies,CH Gayle,SD Hope,Mehedi Hasan Miraz,0,0,"",""
ball,2,11.3,West Indies,CH Gayle,SD Hope,Mehedi Hasan Miraz,0,0,"",""
ball,2,11.4,West Indies,CH Gayle,SD Hope,Mehedi Hasan Miraz,6,0,"",""
ball,2,11.5,West Indies,CH Gayle,SD Hope,Mehedi Hasan Miraz,0,0,"",""
ball,2,11.6,West Indies,CH Gayle,SD Hope,Mehedi Hasan Miraz,0,0,"",""
ball,2,12.1,West Indies,SD Hope,CH Gayle,Rubel Hossain,0,0,lbw,SD Hope
ball,2,12.2,West Indies,SO Hetmyer,CH Gayle,Rubel Hossain,1,0,"",""
ball,2,12.3,West Indies,CH Gayle,SO Hetmyer,Rubel Hossain,0,0,"",""
ball,2,12.4,West Indies,CH Gayle,SO Hetmyer,Rubel Hossain,1,0,"",""
ball,2,12.5,West Indies,SO Hetmyer,CH Gayle,Rubel Hossain,1,0,"",""
ball,2,12.6,West Indies,CH Gayle,SO Hetmyer,Rubel Hossain,1,0,"",""
ball,2,13.1,West Indies,CH Gayle,SO Hetmyer,Mosaddek Hossain,0,1,"",""
ball,2,13.2,West Indies,CH Gayle,SO Hetmyer,Mosaddek Hossain,0,0,"",""
ball,2,13.3,West Indies,CH Gayle,SO Hetmyer,Mosaddek Hossain,0,0,"",""
ball,2,13.4,West Indies,CH Gayle,SO Hetmyer,Mosaddek Hossain,0,0,"",""
ball,2,13.5,West Indies,CH Gayle,SO Hetmyer,Mosaddek Hossain,1,0,"",""
ball,2,13.6,West Indies,SO Hetmyer,CH Gayle,Mosaddek Hossain,0,0,"",""
ball,2,13.7,West Indies,SO Hetmyer,CH Gayle,Mosaddek Hossain,1,0,"",""
ball,2,14.1,West Indies,SO Hetmyer,CH Gayle,Rubel Hossain,1,0,"",""
ball,2,14.2,West Indies,CH Gayle,SO Hetmyer,Rubel Hossain,0,0,"",""
ball,2,14.3,West Indies,CH Gayle,SO Hetmyer,Rubel Hossain,1,0,"",""
ball,2,14.4,West Indies,SO Hetmyer,CH Gayle,Rubel Hossain,0,0,"",""
ball,2,14.5,West Indies,SO Hetmyer,CH Gayle,Rubel Hossain,4,0,"",""
ball,2,14.6,West Indies,SO Hetmyer,CH Gayle,Rubel Hossain,1,0,"",""
ball,2,15.1,West Indies,SO Hetmyer,CH Gayle,Mosaddek Hossain,0,0,"",""
ball,2,15.2,West Indies,SO Hetmyer,CH Gayle,Mosaddek Hossain,0,0,"",""
ball,2,15.3,West Indies,SO Hetmyer,CH Gayle,Mosaddek Hossain,0,0,"",""
ball,2,15.4,West Indies,SO Hetmyer,CH Gayle,Mosaddek Hossain,1,0,"",""
ball,2,15.5,West Indies,CH Gayle,SO Hetmyer,Mosaddek Hossain,1,0,"",""
ball,2,15.6,West Indies,SO Hetmyer,CH Gayle,Mosaddek Hossain,0,0,"",""
ball,2,16.1,West Indies,CH Gayle,SO Hetmyer,Rubel Hossain,2,0,"",""
ball,2,16.2,West Indies,CH Gayle,SO Hetmyer,Rubel Hossain,6,0,"",""
ball,2,16.3,West Indies,CH Gayle,SO Hetmyer,Rubel Hossain,1,0,"",""
ball,2,16.4,West Indies,SO Hetmyer,CH Gayle,Rubel Hossain,0,0,"",""
ball,2,16.5,West Indies,SO Hetmyer,CH Gayle,Rubel Hossain,0,0,"",""
ball,2,16.6,West Indies,SO Hetmyer,CH Gayle,Rubel Hossain,1,0,"",""
ball,2,17.1,West Indies,SO Hetmyer,CH Gayle,Mosaddek Hossain,0,0,"",""
ball,2,17.2,West Indies,SO Hetmyer,CH Gayle,Mosaddek Hossain,1,0,"",""
ball,2,17.3,West Indies,CH Gayle,SO Hetmyer,Mosaddek Hossain,0,0,"",""
ball,2,17.4,West Indies,CH Gayle,SO Hetmyer,Mosaddek Hossain,0,0,"",""
ball,2,17.5,West Indies,CH Gayle,SO Hetmyer,Mosaddek Hossain,0,0,"",""
ball,2,17.6,West Indies,CH Gayle,SO Hetmyer,Mosaddek Hossain,1,0,"",""
ball,2,18.1,West Indies,CH Gayle,SO Hetmyer,Rubel Hossain,1,0,"",""
ball,2,18.2,West Indies,SO Hetmyer,CH Gayle,Rubel Hossain,1,0,"",""
ball,2,18.3,West Indies,CH Gayle,SO Hetmyer,Rubel Hossain,1,0,"",""
ball,2,18.4,West Indies,SO Hetmyer,CH Gayle,Rubel Hossain,1,0,"",""
ball,2,18.5,West Indies,CH Gayle,SO Hetmyer,Rubel Hossain,1,0,"",""
ball,2,18.6,West Indies,SO Hetmyer,CH Gayle,Rubel Hossain,0,0,"",""
ball,2,19.1,West Indies,CH Gayle,SO Hetmyer,Mosaddek Hossain,0,0,"",""
ball,2,19.2,West Indies,CH Gayle,SO Hetmyer,Mosaddek Hossain,0,0,"",""
ball,2,19.3,West Indies,CH Gayle,SO Hetmyer,Mosaddek Hossain,1,0,"",""
ball,2,19.4,West Indies,SO Hetmyer,CH Gayle,Mosaddek Hossain,2,0,"",""
ball,2,19.5,West Indies,SO Hetmyer,CH Gayle,Mosaddek Hossain,0,0,"",""
ball,2,19.6,West Indies,SO Hetmyer,CH Gayle,Mosaddek Hossain,0,0,"",""
ball,2,20.1,West Indies,CH Gayle,SO Hetmyer,Mustafizur Rahman,0,0,"",""
ball,2,20.2,West Indies,CH Gayle,SO Hetmyer,Mustafizur Rahman,1,0,"",""
ball,2,20.3,West Indies,SO Hetmyer,CH Gayle,Mustafizur Rahman,1,0,"",""
ball,2,20.4,West Indies,CH Gayle,SO Hetmyer,Mustafizur Rahman,1,0,"",""
ball,2,20.5,West Indies,SO Hetmyer,CH Gayle,Mustafizur Rahman,0,0,"",""
ball,2,20.6,West Indies,SO Hetmyer,CH Gayle,Mustafizur Rahman,0,0,"",""
ball,2,21.1,West Indies,CH Gayle,SO Hetmyer,Mosaddek Hossain,1,0,"",""
ball,2,21.2,West Indies,SO Hetmyer,CH Gayle,Mosaddek Hossain,0,0,"",""
ball,2,21.3,West Indies,SO Hetmyer,CH Gayle,Mosaddek Hossain,0,0,run out,CH Gayle
ball,2,21.4,West Indies,SO Hetmyer,JN Mohammed,Mosaddek Hossain,0,0,"",""
ball,2,21.5,West Indies,SO Hetmyer,JN Mohammed,Mosaddek Hossain,1,0,"",""
ball,2,21.6,West Indies,JN Mohammed,SO Hetmyer,Mosaddek Hossain,0,0,"",""
ball,2,22.1,West Indies,SO Hetmyer,JN Mohammed,Mustafizur Rahman,0,0,"",""
ball,2,22.2,West Indies,SO Hetmyer,JN Mohammed,Mustafizur Rahman,1,0,"",""
ball,2,22.3,West Indies,JN Mohammed,SO Hetmyer,Mustafizur Rahman,1,0,"",""
ball,2,22.4,West Indies,SO Hetmyer,JN Mohammed,Mustafizur Rahman,0,0,"",""
ball,2,22.5,West Indies,SO Hetmyer,JN Mohammed,Mustafizur Rahman,1,0,"",""
ball,2,22.6,West Indies,JN Mohammed,SO Hetmyer,Mustafizur Rahman,0,0,"",""
ball,2,23.1,West Indies,SO Hetmyer,JN Mohammed,Mosaddek Hossain,1,0,"",""
ball,2,23.2,West Indies,JN Mohammed,SO Hetmyer,Mosaddek Hossain,0,0,"",""
ball,2,23.3,West Indies,JN Mohammed,SO Hetmyer,Mosaddek Hossain,0,0,"",""
ball,2,23.4,West Indies,JN Mohammed,SO Hetmyer,Mosaddek Hossain,2,0,"",""
ball,2,23.5,West Indies,JN Mohammed,SO Hetmyer,Mosaddek Hossain,0,0,"",""
ball,2,23.6,West Indies,JN Mohammed,SO Hetmyer,Mosaddek Hossain,0,0,"",""
ball,2,24.1,West Indies,SO Hetmyer,JN Mohammed,Mustafizur Rahman,2,0,"",""
ball,2,24.2,West Indies,SO Hetmyer,JN Mohammed,Mustafizur Rahman,0,0,"",""
ball,2,24.3,West Indies,SO Hetmyer,JN Mohammed,Mustafizur Rahman,4,0,"",""
ball,2,24.4,West Indies,SO Hetmyer,JN Mohammed,Mustafizur Rahman,1,0,"",""
ball,2,24.5,West Indies,JN Mohammed,SO Hetmyer,Mustafizur Rahman,1,0,"",""
ball,2,24.6,West Indies,SO Hetmyer,JN Mohammed,Mustafizur Rahman,0,0,"",""
ball,2,25.1,West Indies,JN Mohammed,SO Hetmyer,Mosaddek Hossain,1,0,"",""
ball,2,25.2,West Indies,SO Hetmyer,JN Mohammed,Mosaddek Hossain,0,0,"",""
ball,2,25.3,West Indies,SO Hetmyer,JN Mohammed,Mosaddek Hossain,1,0,"",""
ball,2,25.4,West Indies,JN Mohammed,SO Hetmyer,Mosaddek Hossain,1,0,"",""
ball,2,25.5,West Indies,SO Hetmyer,JN Mohammed,Mosaddek Hossain,0,0,"",""
ball,2,25.6,West Indies,SO Hetmyer,JN Mohammed,Mosaddek Hossain,4,0,"",""
ball,2,26.1,West Indies,JN Mohammed,SO Hetmyer,Mehedi Hasan Miraz,1,0,"",""
ball,2,26.2,West Indies,SO Hetmyer,JN Mohammed,Mehedi Hasan Miraz,0,0,"",""
ball,2,26.3,West Indies,SO Hetmyer,JN Mohammed,Mehedi Hasan Miraz,0,0,"",""
ball,2,26.4,West Indies,SO Hetmyer,JN Mohammed,Mehedi Hasan Miraz,1,0,"",""
ball,2,26.5,West Indies,JN Mohammed,SO Hetmyer,Mehedi Hasan Miraz,1,0,"",""
ball,2,26.6,West Indies,SO Hetmyer,JN Mohammed,Mehedi Hasan Miraz,2,0,"",""
ball,2,27.1,West Indies,JN Mohammed,SO Hetmyer,Shakib Al Hasan,1,0,"",""
ball,2,27.2,West Indies,SO Hetmyer,JN Mohammed,Shakib Al Hasan,0,0,"",""
ball,2,27.3,West Indies,SO Hetmyer,JN Mohammed,Shakib Al Hasan,1,0,"",""
ball,2,27.4,West Indies,JN Mohammed,SO Hetmyer,Shakib Al Hasan,0,0,"",""
ball,2,27.5,West Indies,JN Mohammed,SO Hetmyer,Shakib Al Hasan,0,0,"",""
ball,2,27.6,West Indies,JN Mohammed,SO Hetmyer,Shakib Al Hasan,1,0,"",""
ball,2,28.1,West Indies,JN Mohammed,SO Hetmyer,Mehedi Hasan Miraz,0,0,"",""
ball,2,28.2,West Indies,JN Mohammed,SO Hetmyer,Mehedi Hasan Miraz,0,0,caught,JN Mohammed
ball,2,28.3,West Indies,JO Holder,SO Hetmyer,Mehedi Hasan Miraz,1,0,"",""
ball,2,28.4,West Indies,SO Hetmyer,JO Holder,Mehedi Hasan Miraz,0,0,"",""
ball,2,28.5,West Indies,SO Hetmyer,JO Holder,Mehedi Hasan Miraz,0,0,"",""
ball,2,28.6,West Indies,SO Hetmyer,JO Holder,Mehedi Hasan Miraz,1,0,"",""
ball,2,29.1,West Indies,SO Hetmyer,JO Holder,Shakib Al Hasan,0,0,"",""
ball,2,29.2,West Indies,SO Hetmyer,JO Holder,Shakib Al Hasan,0,0,"",""
ball,2,29.3,West Indies,SO Hetmyer,JO Holder,Shakib Al Hasan,1,0,"",""
ball,2,29.4,West Indies,JO Holder,SO Hetmyer,Shakib Al Hasan,1,0,"",""
ball,2,29.5,West Indies,SO Hetmyer,JO Holder,Shakib Al Hasan,4,0,"",""
ball,2,29.6,West Indies,SO Hetmyer,JO Holder,Shakib Al Hasan,1,0,"",""
ball,2,30.1,West Indies,SO Hetmyer,JO Holder,Mehedi Hasan Miraz,1,0,"",""
ball,2,30.2,West Indies,JO Holder,SO Hetmyer,Mehedi Hasan Miraz,0,0,"",""
ball,2,30.3,West Indies,JO Holder,SO Hetmyer,Mehedi Hasan Miraz,1,0,"",""
ball,2,30.4,West Indies,SO Hetmyer,JO Holder,Mehedi Hasan Miraz,0,0,"",""
ball,2,30.5,West Indies,SO Hetmyer,JO Holder,Mehedi Hasan Miraz,0,0,"",""
ball,2,30.6,West Indies,SO Hetmyer,JO Holder,Mehedi Hasan Miraz,0,0,"",""
ball,2,31.1,West Indies,JO Holder,SO Hetmyer,Shakib Al Hasan,1,0,"",""
ball,2,31.2,West Indies,SO Hetmyer,JO Holder,Shakib Al Hasan,0,1,"",""
ball,2,31.3,West Indies,SO Hetmyer,JO Holder,Shakib Al Hasan,0,0,"",""
ball,2,31.4,West Indies,SO Hetmyer,JO Holder,Shakib Al Hasan,4,0,"",""
ball,2,31.5,West Indies,SO Hetmyer,JO Holder,Shakib Al Hasan,0,0,"",""
ball,2,31.6,West Indies,SO Hetmyer,JO Holder,Shakib Al Hasan,0,0,"",""
ball,2,31.7,West Indies,SO Hetmyer,JO Holder,Shakib Al Hasan,0,0,"",""
ball,2,32.1,West Indies,JO Holder,SO Hetmyer,Mehedi Hasan Miraz,1,0,"",""
ball,2,32.2,West Indies,SO Hetmyer,JO Holder,Mehedi Hasan Miraz,0,0,"",""
ball,2,32.3,West Indies,SO Hetmyer,JO Holder,Mehedi Hasan Miraz,1,0,"",""
ball,2,32.4,West Indies,JO Holder,SO Hetmyer,Mehedi Hasan Miraz,1,0,"",""
ball,2,32.5,West Indies,SO Hetmyer,JO Holder,Mehedi Hasan Miraz,1,0,"",""
ball,2,32.6,West Indies,JO Holder,SO Hetmyer,Mehedi Hasan Miraz,1,0,"",""
ball,2,33.1,West Indies,JO Holder,SO Hetmyer,Shakib Al Hasan,1,0,"",""
ball,2,33.2,West Indies,SO Hetmyer,JO Holder,Shakib Al Hasan,0,3,"",""
ball,2,33.3,West Indies,SO Hetmyer,JO Holder,Shakib Al Hasan,0,0,"",""
ball,2,33.4,West Indies,SO Hetmyer,JO Holder,Shakib Al Hasan,1,0,"",""
ball,2,33.5,West Indies,JO Holder,SO Hetmyer,Shakib Al Hasan,0,0,"",""
ball,2,33.6,West Indies,JO Holder,SO Hetmyer,Shakib Al Hasan,1,0,"",""
ball,2,33.7,West Indies,SO Hetmyer,JO Holder,Shakib Al Hasan,0,0,"",""
ball,2,34.1,West Indies,JO Holder,SO Hetmyer,Mashrafe Mortaza,0,0,"",""
ball,2,34.2,West Indies,JO Holder,SO Hetmyer,Mashrafe Mortaza,0,0,"",""
ball,2,34.3,West Indies,JO Holder,SO Hetmyer,Mashrafe Mortaza,0,1,"",""
ball,2,34.4,West Indies,SO Hetmyer,JO Holder,Mashrafe Mortaza,0,0,"",""
ball,2,34.5,West Indies,SO Hetmyer,JO Holder,Mashrafe Mortaza,0,0,"",""
ball,2,34.6,West Indies,SO Hetmyer,JO Holder,Mashrafe Mortaza,0,0,"",""
ball,2,35.1,West Indies,JO Holder,SO Hetmyer,Mustafizur Rahman,1,0,"",""
ball,2,35.2,West Indies,SO Hetmyer,JO Holder,Mustafizur Rahman,0,0,caught,SO Hetmyer
ball,2,35.3,West Indies,R Powell,JO Holder,Mustafizur Rahman,0,0,caught,R Powell
ball,2,35.4,West Indies,AD Russell,JO Holder,Mustafizur Rahman,0,0,"",""
ball,2,35.5,West Indies,AD Russell,JO Holder,Mustafizur Rahman,0,0,"",""
ball,2,35.6,West Indies,AD Russell,JO Holder,Mustafizur Rahman,1,0,"",""
ball,2,36.1,West Indies,AD Russell,JO Holder,Mashrafe Mortaza,1,0,"",""
ball,2,36.2,West Indies,JO Holder,AD Russell,Mashrafe Mortaza,1,0,"",""
ball,2,36.3,West Indies,AD Russell,JO Holder,Mashrafe Mortaza,1,0,"",""
ball,2,36.4,West Indies,JO Holder,AD Russell,Mashrafe Mortaza,6,0,"",""
ball,2,36.5,West Indies,JO Holder,AD Russell,Mashrafe Mortaza,0,0,caught,JO Holder
ball,2,36.6,West Indies,AD Russell,AR Nurse,Mashrafe Mortaza,0,0,"",""
ball,2,37.1,West Indies,AR Nurse,AD Russell,Mustafizur Rahman,0,0,"",""
ball,2,37.2,West Indies,AR Nurse,AD Russell,Mustafizur Rahman,0,0,"",""
ball,2,37.3,West Indies,AR Nurse,AD Russell,Mustafizur Rahman,1,0,"",""
ball,2,37.4,West Indies,AD Russell,AR Nurse,Mustafizur Rahman,6,0,"",""
ball,2,37.5,West Indies,AD Russell,AR Nurse,Mustafizur Rahman,4,0,"",""
ball,2,37.6,West Indies,AD Russell,AR Nurse,Mustafizur Rahman,0,0,"",""
ball,2,38.1,West Indies,AR Nurse,AD Russell,Mashrafe Mortaza,0,0,"",""
ball,2,38.2,West Indies,AR Nurse,AD Russell,Mashrafe Mortaza,1,0,"",""
ball,2,38.3,West Indies,AD Russell,AR Nurse,Mashrafe Mortaza,0,0,"",""
ball,2,38.4,West Indies,AD Russell,AR Nurse,Mashrafe Mortaza,0,0,"",""
ball,2,38.5,West Indies,AD Russell,AR Nurse,Mashrafe Mortaza,0,0,caught,AD Russell
ball,2,38.6,West Indies,D Bishoo,AR Nurse,Mashrafe Mortaza,0,0,"",""
ball,2,39.1,West Indies,AR Nurse,D Bishoo,Shakib Al Hasan,0,0,"",""
ball,2,39.2,West Indies,AR Nurse,D Bishoo,Shakib Al Hasan,1,0,"",""
ball,2,39.3,West Indies,D Bishoo,AR Nurse,Shakib Al Hasan,1,0,"",""
ball,2,39.4,West Indies,AR Nurse,D Bishoo,Shakib Al Hasan,1,0,"",""
ball,2,39.5,West Indies,D Bishoo,AR Nurse,Shakib Al Hasan,2,0,"",""
ball,2,39.6,West Indies,D Bishoo,AR Nurse,Shakib Al Hasan,0,0,"",""
ball,2,40.1,West Indies,AR Nurse,D Bishoo,Mashrafe Mortaza,1,0,"",""
ball,2,40.2,West Indies,D Bishoo,AR Nurse,Mashrafe Mortaza,1,0,"",""
ball,2,40.3,West Indies,AR Nurse,D Bishoo,Mashrafe Mortaza,2,0,"",""
ball,2,40.4,West Indies,AR Nurse,D Bishoo,Mashrafe Mortaza,0,0,caught,AR Nurse
ball,2,40.5,West Indies,AS Joseph,D Bishoo,Mashrafe Mortaza,1,0,"",""
ball,2,40.6,West Indies,D Bishoo,AS Joseph,Mashrafe Mortaza,4,0,"",""
ball,2,41.1,West Indies,AS Joseph,D Bishoo,Shakib Al Hasan,1,0,"",""
ball,2,41.2,West Indies,D Bishoo,AS Joseph,Shakib Al Hasan,0,0,"",""
ball,2,41.3,West Indies,D Bishoo,AS Joseph,Shakib Al Hasan,0,0,"",""
ball,2,41.4,West Indies,D Bishoo,AS Joseph,Shakib Al Hasan,0,0,"",""
ball,2,41.5,West Indies,D Bishoo,AS Joseph,Shakib Al Hasan,1,0,"",""
ball,2,41.6,West Indies,AS Joseph,D Bishoo,Shakib Al Hasan,0,0,"",""
ball,2,42.1,West Indies,D Bishoo,AS Joseph,Rubel Hossain,0,0,"",""
ball,2,42.2,West Indies,D Bishoo,AS Joseph,Rubel Hossain,1,0,"",""
ball,2,42.3,West Indies,AS Joseph,D Bishoo,Rubel Hossain,0,0,"",""
ball,2,42.4,West Indies,AS Joseph,D Bishoo,Rubel Hossain,0,0,"",""
ball,2,42.5,West Indies,AS Joseph,D Bishoo,Rubel Hossain,1,0,"",""
ball,2,42.6,West Indies,D Bishoo,AS Joseph,Rubel Hossain,0,0,"",""
ball,2,43.1,West Indies,AS Joseph,D Bishoo,Shakib Al Hasan,1,0,"",""
ball,2,43.2,West Indies,D Bishoo,AS Joseph,Shakib Al Hasan,1,0,"",""
ball,2,43.3,West Indies,AS Joseph,D Bishoo,Shakib Al Hasan,6,0,"",""
ball,2,43.4,West Indies,AS Joseph,D Bishoo,Shakib Al Hasan,0,4,"",""
ball,2,43.5,West Indies,AS Joseph,D Bishoo,Shakib Al Hasan,0,0,"",""
ball,2,43.6,West Indies,AS Joseph,D Bishoo,Shakib Al Hasan,6,0,"",""
ball,2,44.1,West Indies,D Bishoo,AS Joseph,Rubel Hossain,0,0,"",""
ball,2,44.2,West Indies,D Bishoo,AS Joseph,Rubel Hossain,0,0,"",""
ball,2,44.3,West Indies,D Bishoo,AS Joseph,Rubel Hossain,0,0,"",""
ball,2,44.4,West Indies,D Bishoo,AS Joseph,Rubel Hossain,1,0,"",""
ball,2,44.5,West Indies,AS Joseph,D Bishoo,Rubel Hossain,4,0,"",""
ball,2,44.6,West Indies,AS Joseph,D Bishoo,Rubel Hossain,0,0,"",""
ball,2,45.1,West Indies,D Bishoo,AS Joseph,Mustafizur Rahman,0,0,"",""
ball,2,45.2,West Indies,D Bishoo,AS Joseph,Mustafizur Rahman,1,0,"",""
ball,2,45.3,West Indies,AS Joseph,D Bishoo,Mustafizur Rahman,1,0,"",""
ball,2,45.4,West Indies,D Bishoo,AS Joseph,Mustafizur Rahman,0,0,"",""
ball,2,45.5,West Indies,D Bishoo,AS Joseph,Mustafizur Rahman,0,0,"",""
ball,2,45.6,West Indies,D Bishoo,AS Joseph,Mustafizur Rahman,1,0,"",""
ball,2,46.1,West Indies,D Bishoo,AS Joseph,Rubel Hossain,1,0,"",""
ball,2,46.2,West Indies,AS Joseph,D Bishoo,Rubel Hossain,4,0,"",""
ball,2,46.3,West Indies,AS Joseph,D Bishoo,Rubel Hossain,0,0,"",""
ball,2,46.4,West Indies,AS Joseph,D Bishoo,Rubel Hossain,0,1,"",""
ball,2,46.5,West Indies,AS Joseph,D Bishoo,Rubel Hossain,1,0,"",""
ball,2,46.6,West Indies,D Bishoo,AS Joseph,Rubel Hossain,0,0,"",""
ball,2,46.7,West Indies,D Bishoo,AS Joseph,Rubel Hossain,0,0,"",""
ball,2,47.1,West Indies,AS Joseph,D Bishoo,Mustafizur Rahman,1,0,"",""
ball,2,47.2,West Indies,D Bishoo,AS Joseph,Mustafizur Rahman,0,0,"",""
ball,2,47.3,West Indies,D Bishoo,AS Joseph,Mustafizur Rahman,0,0,"",""
ball,2,47.4,West Indies,D Bishoo,AS Joseph,Mustafizur Rahman,0,0,"",""
ball,2,47.5,West Indies,D Bishoo,AS Joseph,Mustafizur Rahman,1,0,"",""
ball,2,47.6,West Indies,AS Joseph,D Bishoo,Mustafizur Rahman,0,0,"",""
ball,2,48.1,West Indies,D Bishoo,AS Joseph,Rubel Hossain,4,0,"",""
ball,2,48.2,West Indies,D Bishoo,AS Joseph,Rubel Hossain,2,0,"",""
ball,2,48.3,West Indies,D Bishoo,AS Joseph,Rubel Hossain,1,0,"",""
ball,2,48.4,West Indies,AS Joseph,D Bishoo,Rubel Hossain,1,0,"",""
ball,2,48.5,West Indies,D Bishoo,AS Joseph,Rubel Hossain,0,0,"",""
ball,2,48.6,West Indies,D Bishoo,AS Joseph,Rubel Hossain,4,0,"",""
ball,2,49.1,West Indies,AS Joseph,D Bishoo,Mustafizur Rahman,1,0,"",""
ball,2,49.2,West Indies,D Bishoo,AS Joseph,Mustafizur Rahman,0,0,"",""
ball,2,49.3,West Indies,D Bishoo,AS Joseph,Mustafizur Rahman,0,0,"",""
ball,2,49.4,West Indies,D Bishoo,AS Joseph,Mustafizur Rahman,2,0,"",""
ball,2,49.5,West Indies,D Bishoo,AS Joseph,Mustafizur Rahman,0,0,"",""
ball,2,49.6,West Indies,D Bishoo,AS Joseph,Mustafizur Rahman,0,0,"",""
