version,1.3.0
info,team,Ireland
info,team,Afghanistan
info,gender,male
info,season,2018
info,date,2018/08/31
info,series,Afghanistan tour of Ireland 2018
info,match_number,3
info,venue,"Civil Service Cricket Club, Stormont"
info,city,Belfast
info,toss_winner,Ireland
info,toss_decision,bat
info,umpire,IJ Gould
info,umpire,AJ Neill
info,reserve_umpire,PA Reynolds
info,tv_umpire,M Hawthorne
info,match_referee,RS Madugalle
info,winner,Afghanistan
info,winner_wickets,8
ball,1,0.1,Ireland,WTS Porterfield,PR Stirling,Aftab Alam,0,0,"",""
ball,1,0.2,Ireland,WTS Porterfield,PR Stirling,Aftab Alam,0,0,"",""
ball,1,0.3,Ireland,WTS Porterfield,PR Stirling,Aftab Alam,0,0,"",""
ball,1,0.4,Ireland,WTS Porterfield,PR Stirling,Aftab Alam,0,0,"",""
ball,1,0.5,Ireland,WTS Porterfield,PR Stirling,Aftab Alam,1,0,"",""
ball,1,0.6,Ireland,PR Stirling,WTS Porterfield,Aftab Alam,2,0,"",""
ball,1,1.1,Ireland,WTS Porterfield,PR Stirling,Mujeeb Ur Rahman,0,0,"",""
ball,1,1.2,Ireland,WTS Porterfield,PR Stirling,Mujeeb Ur Rahman,0,0,"",""
ball,1,1.3,Ireland,WTS Porterfield,PR Stirling,Mujeeb Ur Rahman,0,0,"",""
ball,1,1.4,Ireland,WTS Porterfield,PR Stirling,Mujeeb Ur Rahman,4,0,"",""
ball,1,1.5,Ireland,WTS Porterfield,PR Stirling,Mujeeb Ur Rahman,0,0,"",""
ball,1,1.6,Ireland,WTS Porterfield,PR Stirling,Mujeeb Ur Rahman,0,0,"",""
ball,1,2.1,Ireland,PR Stirling,WTS Porterfield,Aftab Alam,0,0,"",""
ball,1,2.2,Ireland,PR Stirling,WTS Porterfield,Aftab Alam,0,0,caught,PR Stirling
ball,1,2.3,Ireland,A Balbirnie,WTS Porterfield,Aftab Alam,0,0,"",""
ball,1,2.4,Ireland,A Balbirnie,WTS Porterfield,Aftab Alam,0,0,"",""
ball,1,2.5,Ireland,A Balbirnie,WTS Porterfield,Aftab Alam,0,0,"",""
ball,1,2.6,Ireland,A Balbirnie,WTS Porterfield,Aftab Alam,1,0,"",""
ball,1,3.1,Ireland,A Balbirnie,WTS Porterfield,Mujeeb Ur Rahman,1,0,"",""
ball,1,3.2,Ireland,WTS Porterfield,A Balbirnie,Mujeeb Ur Rahman,0,0,"",""
ball,1,3.3,Ireland,WTS Porterfield,A Balbirnie,Mujeeb Ur Rahman,1,0,"",""
ball,1,3.4,Ireland,A Balbirnie,WTS Porterfield,Mujeeb Ur Rahman,0,0,"",""
ball,1,3.5,Ireland,A Balbirnie,WTS Porterfield,Mujeeb Ur Rahman,0,0,"",""
ball,1,3.6,Ireland,A Balbirnie,WTS Porterfield,Mujeeb Ur Rahman,0,0,"",""
ball,1,4.1,Ireland,WTS Porterfield,A Balbirnie,Aftab Alam,0,0,"",""
ball,1,4.2,Ireland,WTS Porterfield,A Balbirnie,Aftab Alam,0,0,"",""
ball,1,4.3,Ireland,WTS Porterfield,A Balbirnie,Aftab Alam,3,0,"",""
ball,1,4.4,Ireland,A Balbirnie,WTS Porterfield,Aftab Alam,0,0,"",""
ball,1,4.5,Ireland,A Balbirnie,WTS Porterfield,Aftab Alam,0,0,"",""
ball,1,4.6,Ireland,A Balbirnie,WTS Porterfield,Aftab Alam,0,0,"",""
ball,1,5.1,Ireland,WTS Porterfield,A Balbirnie,Gulbadin Naib,0,0,"",""
ball,1,5.2,Ireland,WTS Porterfield,A Balbirnie,Gulbadin Naib,1,0,"",""
ball,1,5.3,Ireland,A Balbirnie,WTS Porterfield,Gulbadin Naib,4,0,"",""
ball,1,5.4,Ireland,A Balbirnie,WTS Porterfield,Gulbadin Naib,4,0,"",""
ball,1,5.5,Ireland,A Balbirnie,WTS Porterfield,Gulbadin Naib,0,0,"",""
ball,1,5.6,Ireland,A Balbirnie,WTS Porterfield,Gulbadin Naib,0,0,"",""
ball,1,6.1,Ireland,WTS Porterfield,A Balbirnie,Aftab Alam,0,4,"",""
ball,1,6.2,Ireland,WTS Porterfield,A Balbirnie,Aftab Alam,0,0,"",""
ball,1,6.3,Ireland,WTS Porterfield,A Balbirnie,Aftab Alam,0,0,"",""
ball,1,6.4,Ireland,WTS Porterfield,A Balbirnie,Aftab Alam,3,0,"",""
ball,1,6.5,Ireland,A Balbirnie,WTS Porterfield,Aftab Alam,1,0,"",""
ball,1,6.6,Ireland,WTS Porterfield,A Balbirnie,Aftab Alam,1,0,"",""
ball,1,7.1,Ireland,WTS Porterfield,A Balbirnie,Gulbadin Naib,0,0,"",""
ball,1,7.2,Ireland,WTS Porterfield,A Balbirnie,Gulbadin Naib,0,0,"",""
ball,1,7.3,Ireland,WTS Porterfield,A Balbirnie,Gulbadin Naib,0,0,"",""
ball,1,7.4,Ireland,WTS Porterfield,A Balbirnie,Gulbadin Naib,0,0,"",""
ball,1,7.5,Ireland,WTS Porterfield,A Balbirnie,Gulbadin Naib,0,0,"",""
ball,1,7.6,Ireland,WTS Porterfield,A Balbirnie,Gulbadin Naib,0,0,"",""
ball,1,8.1,Ireland,A Balbirnie,WTS Porterfield,Aftab Alam,3,0,"",""
ball,1,8.2,Ireland,WTS Porterfield,A Balbirnie,Aftab Alam,0,0,"",""
ball,1,8.3,Ireland,WTS Porterfield,A Balbirnie,Aftab Alam,0,0,"",""
ball,1,8.4,Ireland,WTS Porterfield,A Balbirnie,Aftab Alam,0,0,"",""
ball,1,8.5,Ireland,WTS Porterfield,A Balbirnie,Aftab Alam,0,0,"",""
ball,1,8.6,Ireland,WTS Porterfield,A Balbirnie,Aftab Alam,0,0,caught,WTS Porterfield
ball,1,9.1,Ireland,A Balbirnie,NJ O'Brien,Mujeeb Ur Rahman,0,0,"",""
ball,1,9.2,Ireland,A Balbirnie,NJ O'Brien,Mujeeb Ur Rahman,2,0,"",""
ball,1,9.3,Ireland,A Balbirnie,NJ O'Brien,Mujeeb Ur Rahman,1,0,"",""
ball,1,9.4,Ireland,NJ O'Brien,A Balbirnie,Mujeeb Ur Rahman,0,0,"",""
ball,1,9.5,Ireland,NJ O'Brien,A Balbirnie,Mujeeb Ur Rahman,1,0,"",""
ball,1,9.6,Ireland,A Balbirnie,NJ O'Brien,Mujeeb Ur Rahman,0,0,"",""
ball,1,10.1,Ireland,NJ O'Brien,A Balbirnie,Gulbadin Naib,0,0,lbw,NJ O'Brien
ball,1,10.2,Ireland,Simi Singh,A Balbirnie,Gulbadin Naib,0,0,"",""
ball,1,10.3,Ireland,Simi Singh,A Balbirnie,Gulbadin Naib,1,0,"",""
ball,1,10.4,Ireland,A Balbirnie,Simi Singh,Gulbadin Naib,0,0,"",""
ball,1,10.5,Ireland,A Balbirnie,Simi Singh,Gulbadin Naib,0,0,caught,A Balbirnie
ball,1,10.6,Ireland,KJ O'Brien,Simi Singh,Gulbadin Naib,4,0,"",""
ball,1,11.1,Ireland,Simi Singh,KJ O'Brien,Mujeeb Ur Rahman,0,0,"",""
ball,1,11.2,Ireland,Simi Singh,KJ O'Brien,Mujeeb Ur Rahman,0,0,"",""
ball,1,11.3,Ireland,Simi Singh,KJ O'Brien,Mujeeb Ur Rahman,0,0,"",""
ball,1,11.4,Ireland,Simi Singh,KJ O'Brien,Mujeeb Ur Rahman,0,0,"",""
ball,1,11.5,Ireland,Simi Singh,KJ O'Brien,Mujeeb Ur Rahman,0,0,"",""
ball,1,11.6,Ireland,Simi Singh,KJ O'Brien,Mujeeb Ur Rahman,0,0,"",""
ball,1,12.1,Ireland,KJ O'Brien,Simi Singh,Gulbadin Naib,0,0,"",""
ball,1,12.2,Ireland,KJ O'Brien,Simi Singh,Gulbadin Naib,1,0,"",""
ball,1,12.3,Ireland,Simi Singh,KJ O'Brien,Gulbadin Naib,2,0,"",""
ball,1,12.4,Ireland,Simi Singh,KJ O'Brien,Gulbadin Naib,0,0,"",""
ball,1,12.5,Ireland,Simi Singh,KJ O'Brien,Gulbadin Naib,4,0,"",""
ball,1,12.6,Ireland,Simi Singh,KJ O'Brien,Gulbadin Naib,0,0,"",""
ball,1,13.1,Ireland,KJ O'Brien,Simi Singh,Mujeeb Ur Rahman,4,0,"",""
ball,1,13.2,Ireland,KJ O'Brien,Simi Singh,Mujeeb Ur Rahman,0,0,"",""
ball,1,13.3,Ireland,KJ O'Brien,Simi Singh,Mujeeb Ur Rahman,0,0,"",""
ball,1,13.4,Ireland,KJ O'Brien,Simi Singh,Mujeeb Ur Rahman,1,0,"",""
ball,1,13.5,Ireland,Simi Singh,KJ O'Brien,Mujeeb Ur Rahman,0,0,"",""
ball,1,13.6,Ireland,Simi Singh,KJ O'Brien,Mujeeb Ur Rahman,0,0,"",""
ball,1,14.1,Ireland,KJ O'Brien,Simi Singh,Gulbadin Naib,1,0,"",""
ball,1,14.2,Ireland,Simi Singh,KJ O'Brien,Gulbadin Naib,0,0,"",""
ball,1,14.3,Ireland,Simi Singh,KJ O'Brien,Gulbadin Naib,4,0,"",""
ball,1,14.4,Ireland,Simi Singh,KJ O'Brien,Gulbadin Naib,0,1,"",""
ball,1,14.5,Ireland,Simi Singh,KJ O'Brien,Gulbadin Naib,0,0,"",""
ball,1,14.6,Ireland,Simi Singh,KJ O'Brien,Gulbadin Naib,3,0,"",""
ball,1,14.7,Ireland,KJ O'Brien,Simi Singh,Gulbadin Naib,4,0,"",""
ball,1,15.1,Ireland,Simi Singh,KJ O'Brien,Rashid Khan,1,0,"",""
ball,1,15.2,Ireland,KJ O'Brien,Simi Singh,Rashid Khan,0,0,"",""
ball,1,15.3,Ireland,KJ O'Brien,Simi Singh,Rashid Khan,1,0,"",""
ball,1,15.4,Ireland,Simi Singh,KJ O'Brien,Rashid Khan,0,0,"",""
ball,1,15.5,Ireland,Simi Singh,KJ O'Brien,Rashid Khan,1,0,"",""
ball,1,15.6,Ireland,KJ O'Brien,Simi Singh,Rashid Khan,0,0,lbw,KJ O'Brien
ball,1,16.1,Ireland,Simi Singh,GC Wilson,Mujeeb Ur Rahman,0,0,"",""
ball,1,16.2,Ireland,Simi Singh,GC Wilson,Mujeeb Ur Rahman,0,0,"",""
ball,1,16.3,Ireland,Simi Singh,GC Wilson,Mujeeb Ur Rahman,0,0,"",""
ball,1,16.4,Ireland,Simi Singh,GC Wilson,Mujeeb Ur Rahman,0,0,"",""
ball,1,16.5,Ireland,Simi Singh,GC Wilson,Mujeeb Ur Rahman,1,0,"",""
ball,1,16.6,Ireland,GC Wilson,Simi Singh,Mujeeb Ur Rahman,0,0,"",""
ball,1,17.1,Ireland,Simi Singh,GC Wilson,Rashid Khan,0,0,lbw,Simi Singh
ball,1,17.2,Ireland,AR McBrine,GC Wilson,Rashid Khan,0,0,"",""
ball,1,17.3,Ireland,AR McBrine,GC Wilson,Rashid Khan,0,0,"",""
ball,1,17.4,Ireland,AR McBrine,GC Wilson,Rashid Khan,0,0,"",""
ball,1,17.5,Ireland,AR McBrine,GC Wilson,Rashid Khan,0,0,"",""
ball,1,17.6,Ireland,AR McBrine,GC Wilson,Rashid Khan,0,0,"",""
ball,1,18.1,Ireland,GC Wilson,AR McBrine,Mujeeb Ur Rahman,0,0,"",""
ball,1,18.2,Ireland,GC Wilson,AR McBrine,Mujeeb Ur Rahman,1,0,"",""
ball,1,18.3,Ireland,AR McBrine,GC Wilson,Mujeeb Ur Rahman,1,0,"",""
ball,1,18.4,Ireland,GC Wilson,AR McBrine,Mujeeb Ur Rahman,0,0,"",""
ball,1,18.5,Ireland,GC Wilson,AR McBrine,Mujeeb Ur Rahman,1,0,"",""
ball,1,18.6,Ireland,AR McBrine,GC Wilson,Mujeeb Ur Rahman,0,0,"",""
ball,1,19.1,Ireland,GC Wilson,AR McBrine,Rashid Khan,2,0,"",""
ball,1,19.2,Ireland,GC Wilson,AR McBrine,Rashid Khan,0,0,"",""
ball,1,19.3,Ireland,GC Wilson,AR McBrine,Rashid Khan,0,0,"",""
ball,1,19.4,Ireland,GC Wilson,AR McBrine,Rashid Khan,0,0,"",""
ball,1,19.5,Ireland,GC Wilson,AR McBrine,Rashid Khan,0,0,"",""
ball,1,19.6,Ireland,GC Wilson,AR McBrine,Rashid Khan,1,0,"",""
ball,1,20.1,Ireland,GC Wilson,AR McBrine,Mohammad Nabi,0,0,"",""
ball,1,20.2,Ireland,GC Wilson,AR McBrine,Mohammad Nabi,4,0,"",""
ball,1,20.3,Ireland,GC Wilson,AR McBrine,Mohammad Nabi,1,0,"",""
ball,1,20.4,Ireland,AR McBrine,GC Wilson,Mohammad Nabi,0,0,"",""
ball,1,20.5,Ireland,AR McBrine,GC Wilson,Mohammad Nabi,0,0,"",""
ball,1,20.6,Ireland,AR McBrine,GC Wilson,Mohammad Nabi,0,0,"",""
ball,1,21.1,Ireland,GC Wilson,AR McBrine,Rashid Khan,0,0,"",""
ball,1,21.2,Ireland,GC Wilson,AR McBrine,Rashid Khan,0,0,"",""
ball,1,21.3,Ireland,GC Wilson,AR McBrine,Rashid Khan,1,0,"",""
ball,1,21.4,Ireland,AR McBrine,GC Wilson,Rashid Khan,0,0,"",""
ball,1,21.5,Ireland,AR McBrine,GC Wilson,Rashid Khan,0,0,"",""
ball,1,21.6,Ireland,AR McBrine,GC Wilson,Rashid Khan,0,2,"",""
ball,1,21.7,Ireland,GC Wilson,AR McBrine,Rashid Khan,1,0,"",""
ball,1,22.1,Ireland,GC Wilson,AR McBrine,Mohammad Nabi,0,0,"",""
ball,1,22.2,Ireland,GC Wilson,AR McBrine,Mohammad Nabi,0,0,"",""
ball,1,22.3,Ireland,GC Wilson,AR McBrine,Mohammad Nabi,1,0,"",""
ball,1,22.4,Ireland,AR McBrine,GC Wilson,Mohammad Nabi,0,0,"",""
ball,1,22.5,Ireland,AR McBrine,GC Wilson,Mohammad Nabi,0,0,"",""
ball,1,22.6,Ireland,AR McBrine,GC Wilson,Mohammad Nabi,0,0,"",""
ball,1,23.1,Ireland,GC Wilson,AR McBrine,Rashid Khan,0,0,"",""
ball,1,23.2,Ireland,GC Wilson,AR McBrine,Rashid Khan,1,0,"",""
ball,1,23.3,Ireland,AR McBrine,GC Wilson,Rashid Khan,0,0,"",""
ball,1,23.4,Ireland,AR McBrine,GC Wilson,Rashid Khan,1,0,"",""
ball,1,23.5,Ireland,GC Wilson,AR McBrine,Rashid Khan,0,0,"",""
ball,1,23.6,Ireland,GC Wilson,AR McBrine,Rashid Khan,0,1,"",""
ball,1,23.7,Ireland,GC Wilson,AR McBrine,Rashid Khan,0,0,"",""
ball,1,24.1,Ireland,AR McBrine,GC Wilson,Mohammad Nabi,0,0,"",""
ball,1,24.2,Ireland,AR McBrine,GC Wilson,Mohammad Nabi,1,0,"",""
ball,1,24.3,Ireland,GC Wilson,AR McBrine,Mohammad Nabi,1,0,"",""
ball,1,24.4,Ireland,AR McBrine,GC Wilson,Mohammad Nabi,0,0,"",""
ball,1,24.5,Ireland,AR McBrine,GC Wilson,Mohammad Nabi,0,0,"",""
ball,1,24.6,Ireland,AR McBrine,GC Wilson,Mohammad Nabi,1,0,"",""
ball,1,25.1,Ireland,AR McBrine,GC Wilson,Aftab Alam,0,0,"",""
ball,1,25.2,Ireland,AR McBrine,GC Wilson,Aftab Alam,0,0,"",""
ball,1,25.3,Ireland,AR McBrine,GC Wilson,Aftab Alam,0,0,"",""
ball,1,25.4,Ireland,AR McBrine,GC Wilson,Aftab Alam,1,0,"",""
ball,1,25.5,Ireland,GC Wilson,AR McBrine,Aftab Alam,1,0,"",""
ball,1,25.6,Ireland,AR McBrine,GC Wilson,Aftab Alam,1,0,"",""
ball,1,26.1,Ireland,AR McBrine,GC Wilson,Mohammad Nabi,1,0,"",""
ball,1,26.2,Ireland,GC Wilson,AR McBrine,Mohammad Nabi,0,0,"",""
ball,1,26.3,Ireland,GC Wilson,AR McBrine,Mohammad Nabi,1,0,"",""
ball,1,26.4,Ireland,AR McBrine,GC Wilson,Mohammad Nabi,1,0,"",""
ball,1,26.5,Ireland,GC Wilson,AR McBrine,Mohammad Nabi,1,0,"",""
ball,1,26.6,Ireland,AR McBrine,GC Wilson,Mohammad Nabi,0,0,"",""
ball,1,27.1,Ireland,GC Wilson,AR McBrine,Aftab Alam,1,0,"",""
ball,1,27.2,Ireland,AR McBrine,GC Wilson,Aftab Alam,0,0,"",""
ball,1,27.3,Ireland,AR McBrine,GC Wilson,Aftab Alam,0,0,"",""
ball,1,27.4,Ireland,AR McBrine,GC Wilson,Aftab Alam,0,0,"",""
ball,1,27.5,Ireland,AR McBrine,GC Wilson,Aftab Alam,1,0,"",""
ball,1,27.6,Ireland,GC Wilson,AR McBrine,Aftab Alam,2,0,"",""
ball,1,28.1,Ireland,AR McBrine,GC Wilson,Mohammad Nabi,0,0,"",""
ball,1,28.2,Ireland,AR McBrine,GC Wilson,Mohammad Nabi,1,0,"",""
ball,1,28.3,Ireland,GC Wilson,AR McBrine,Mohammad Nabi,0,0,"",""
ball,1,28.4,Ireland,GC Wilson,AR McBrine,Mohammad Nabi,1,0,"",""
ball,1,28.5,Ireland,AR McBrine,GC Wilson,Mohammad Nabi,1,0,"",""
ball,1,28.6,Ireland,GC Wilson,AR McBrine,Mohammad Nabi,1,0,"",""
ball,1,29.1,Ireland,GC Wilson,AR McBrine,Asghar Stanikzai,0,0,lbw,GC Wilson
ball,1,29.2,Ireland,TJ Murtagh,AR McBrine,Asghar Stanikzai,0,0,"",""
ball,1,29.3,Ireland,TJ Murtagh,AR McBrine,Asghar Stanikzai,0,0,"",""
ball,1,29.4,Ireland,TJ Murtagh,AR McBrine,Asghar Stanikzai,0,0,"",""
ball,1,29.5,Ireland,TJ Murtagh,AR McBrine,Asghar Stanikzai,0,0,"",""
ball,1,29.6,Ireland,TJ Murtagh,AR McBrine,Asghar Stanikzai,1,0,"",""
ball,1,30.1,Ireland,TJ Murtagh,AR McBrine,Mohammad Nabi,0,0,"",""
ball,1,30.2,Ireland,TJ Murtagh,AR McBrine,Mohammad Nabi,0,0,"",""
ball,1,30.3,Ireland,TJ Murtagh,AR McBrine,Mohammad Nabi,1,0,"",""
ball,1,30.4,Ireland,AR McBrine,TJ Murtagh,Mohammad Nabi,0,0,"",""
ball,1,30.5,Ireland,AR McBrine,TJ Murtagh,Mohammad Nabi,0,0,"",""
ball,1,30.6,Ireland,AR McBrine,TJ Murtagh,Mohammad Nabi,0,0,"",""
ball,1,31.1,Ireland,TJ Murtagh,AR McBrine,Rashid Khan,0,0,"",""
ball,1,31.2,Ireland,TJ Murtagh,AR McBrine,Rashid Khan,0,0,"",""
ball,1,31.3,Ireland,TJ Murtagh,AR McBrine,Rashid Khan,0,0,"",""
ball,1,31.4,Ireland,TJ Murtagh,AR McBrine,Rashid Khan,0,0,"",""
ball,1,31.5,Ireland,TJ Murtagh,AR McBrine,Rashid Khan,0,0,lbw,TJ Murtagh
ball,1,31.6,Ireland,WB Rankin,AR McBrine,Rashid Khan,0,0,"",""
ball,1,32.1,Ireland,AR McBrine,WB Rankin,Mohammad Nabi,1,0,"",""
ball,1,32.2,Ireland,WB Rankin,AR McBrine,Mohammad Nabi,0,0,"",""
ball,1,32.3,Ireland,WB Rankin,AR McBrine,Mohammad Nabi,0,0,"",""
ball,1,32.4,Ireland,WB Rankin,AR McBrine,Mohammad Nabi,2,0,"",""
ball,1,32.5,Ireland,WB Rankin,AR McBrine,Mohammad Nabi,0,0,"",""
ball,1,32.6,Ireland,WB Rankin,AR McBrine,Mohammad Nabi,0,0,"",""
ball,1,33.1,Ireland,AR McBrine,WB Rankin,Rashid Khan,0,0,"",""
ball,1,33.2,Ireland,AR McBrine,WB Rankin,Rashid Khan,0,0,"",""
ball,1,33.3,Ireland,AR McBrine,WB Rankin,Rashid Khan,0,0,"",""
ball,1,33.4,Ireland,AR McBrine,WB Rankin,Rashid Khan,0,0,"",""
ball,1,33.5,Ireland,AR McBrine,WB Rankin,Rashid Khan,0,0,"",""
ball,1,33.6,Ireland,AR McBrine,WB Rankin,Rashid Khan,4,0,"",""
ball,1,34.1,Ireland,WB Rankin,AR McBrine,Mohammad Nabi,1,0,"",""
ball,1,34.2,Ireland,AR McBrine,WB Rankin,Mohammad Nabi,0,0,"",""
ball,1,34.3,Ireland,AR McBrine,WB Rankin,Mohammad Nabi,0,0,"",""
ball,1,34.4,Ireland,AR McBrine,WB Rankin,Mohammad Nabi,0,0,caught,AR McBrine
ball,1,34.5,Ireland,PKD Chase,WB Rankin,Mohammad Nabi,4,0,"",""
ball,1,34.6,Ireland,PKD Chase,WB Rankin,Mohammad Nabi,0,0,"",""
ball,1,35.1,Ireland,WB Rankin,PKD Chase,Rashid Khan,0,0,"",""
ball,1,35.2,Ireland,WB Rankin,PKD Chase,Rashid Khan,0,0,"",""
ball,1,35.3,Ireland,WB Rankin,PKD Chase,Rashid Khan,0,0,"",""
ball,1,35.4,Ireland,WB Rankin,PKD Chase,Rashid Khan,0,0,"",""
ball,1,35.5,Ireland,WB Rankin,PKD Chase,Rashid Khan,1,0,"",""
ball,1,35.6,Ireland,PKD Chase,WB Rankin,Rashid Khan,0,0,"",""
ball,1,36.1,Ireland,WB Rankin,PKD Chase,Mohammad Nabi,0,0,caught,WB Rankin
ball,2,0.1,Afghanistan,Mohammad Shahzad,Ihsanullah,TJ Murtagh,1,0,"",""
ball,2,0.2,Afghanistan,Ihsanullah,Mohammad Shahzad,TJ Murtagh,0,0,"",""
ball,2,0.3,Afghanistan,Ihsanullah,Mohammad Shahzad,TJ Murtagh,0,0,"",""
ball,2,0.4,Afghanistan,Ihsanullah,Mohammad Shahzad,TJ Murtagh,0,0,"",""
ball,2,0.5,Afghanistan,Ihsanullah,Mohammad Shahzad,TJ Murtagh,2,0,"",""
ball,2,0.6,Afghanistan,Ihsanullah,Mohammad Shahzad,TJ Murtagh,0,0,"",""
ball,2,1.1,Afghanistan,Mohammad Shahzad,Ihsanullah,WB Rankin,0,0,caught,Mohammad Shahzad
ball,2,1.2,Afghanistan,Rahmat Shah,Ihsanullah,WB Rankin,0,0,"",""
ball,2,1.3,Afghanistan,Rahmat Shah,Ihsanullah,WB Rankin,0,0,"",""
ball,2,1.4,Afghanistan,Rahmat Shah,Ihsanullah,WB Rankin,1,0,"",""
ball,2,1.5,Afghanistan,Ihsanullah,Rahmat Shah,WB Rankin,0,0,"",""
ball,2,1.6,Afghanistan,Ihsanullah,Rahmat Shah,WB Rankin,0,0,"",""
ball,2,2.1,Afghanistan,Rahmat Shah,Ihsanullah,TJ Murtagh,0,0,"",""
ball,2,2.2,Afghanistan,Rahmat Shah,Ihsanullah,TJ Murtagh,2,0,"",""
ball,2,2.3,Afghanistan,Rahmat Shah,Ihsanullah,TJ Murtagh,0,0,"",""
ball,2,2.4,Afghanistan,Rahmat Shah,Ihsanullah,TJ Murtagh,0,0,"",""
ball,2,2.5,Afghanistan,Rahmat Shah,Ihsanullah,TJ Murtagh,0,0,"",""
ball,2,2.6,Afghanistan,Rahmat Shah,Ihsanullah,TJ Murtagh,4,0,"",""
ball,2,3.1,Afghanistan,Ihsanullah,Rahmat Shah,WB Rankin,0,0,"",""
ball,2,3.2,Afghanistan,Ihsanullah,Rahmat Shah,WB Rankin,0,0,"",""
ball,2,3.3,Afghanistan,Ihsanullah,Rahmat Shah,WB Rankin,0,0,"",""
ball,2,3.4,Afghanistan,Ihsanullah,Rahmat Shah,WB Rankin,0,0,"",""
ball,2,3.5,Afghanistan,Ihsanullah,Rahmat Shah,WB Rankin,0,0,"",""
ball,2,3.6,Afghanistan,Ihsanullah,Rahmat Shah,WB Rankin,0,0,"",""
ball,2,4.1,Afghanistan,Rahmat Shah,Ihsanullah,TJ Murtagh,0,1,"",""
ball,2,4.2,Afghanistan,Rahmat Shah,Ihsanullah,TJ Murtagh,0,0,"",""
ball,2,4.3,Afghanistan,Rahmat Shah,Ihsanullah,TJ Murtagh,2,0,"",""
ball,2,4.4,Afghanistan,Rahmat Shah,Ihsanullah,TJ Murtagh,1,0,"",""
ball,2,4.5,Afghanistan,Ihsanullah,Rahmat Shah,TJ Murtagh,2,0,"",""
ball,2,4.6,Afghanistan,Ihsanullah,Rahmat Shah,TJ Murtagh,6,0,"",""
ball,2,4.7,Afghanistan,Ihsanullah,Rahmat Shah,TJ Murtagh,0,0,"",""
ball,2,5.1,Afghanistan,Rahmat Shah,Ihsanullah,WB Rankin,0,0,"",""
ball,2,5.2,Afghanistan,Rahmat Shah,Ihsanullah,WB Rankin,0,0,"",""
ball,2,5.3,Afghanistan,Rahmat Shah,Ihsanullah,WB Rankin,0,0,"",""
ball,2,5.4,Afghanistan,Rahmat Shah,Ihsanullah,WB Rankin,4,0,"",""
ball,2,5.5,Afghanistan,Rahmat Shah,Ihsanullah,WB Rankin,2,0,"",""
ball,2,5.6,Afghanistan,Rahmat Shah,Ihsanullah,WB Rankin,0,0,"",""
ball,2,6.1,Afghanistan,Ihsanullah,Rahmat Shah,PKD Chase,0,0,"",""
ball,2,6.2,Afghanistan,Ihsanullah,Rahmat Shah,PKD Chase,1,0,"",""
ball,2,6.3,Afghanistan,Rahmat Shah,Ihsanullah,PKD Chase,0,0,"",""
ball,2,6.4,Afghanistan,Rahmat Shah,Ihsanullah,PKD Chase,1,0,"",""
ball,2,6.5,Afghanistan,Ihsanullah,Rahmat Shah,PKD Chase,1,0,"",""
ball,2,6.6,Afghanistan,Rahmat Shah,Ihsanullah,PKD Chase,0,0,"",""
ball,2,7.1,Afghanistan,Ihsanullah,Rahmat Shah,WB Rankin,0,0,"",""
ball,2,7.2,Afghanistan,Ihsanullah,Rahmat Shah,WB Rankin,0,0,"",""
ball,2,7.3,Afghanistan,Ihsanullah,Rahmat Shah,WB Rankin,4,0,"",""
ball,2,7.4,Afghanistan,Ihsanullah,Rahmat Shah,WB Rankin,0,0,"",""
ball,2,7.5,Afghanistan,Ihsanullah,Rahmat Shah,WB Rankin,1,0,"",""
ball,2,7.6,Afghanistan,Rahmat Shah,Ihsanullah,WB Rankin,3,0,"",""
ball,2,8.1,Afghanistan,Rahmat Shah,Ihsanullah,PKD Chase,4,0,"",""
ball,2,8.2,Afghanistan,Rahmat Shah,Ihsanullah,PKD Chase,0,0,"",""
ball,2,8.3,Afghanistan,Rahmat Shah,Ihsanullah,PKD Chase,0,0,"",""
ball,2,8.4,Afghanistan,Rahmat Shah,Ihsanullah,PKD Chase,0,0,"",""
ball,2,8.5,Afghanistan,Rahmat Shah,Ihsanullah,PKD Chase,4,0,"",""
ball,2,8.6,Afghanistan,Rahmat Shah,Ihsanullah,PKD Chase,4,0,"",""
ball,2,9.1,Afghanistan,Ihsanullah,Rahmat Shah,AR McBrine,0,0,"",""
ball,2,9.2,Afghanistan,Ihsanullah,Rahmat Shah,AR McBrine,1,0,"",""
ball,2,9.3,Afghanistan,Rahmat Shah,Ihsanullah,AR McBrine,0,0,"",""
ball,2,9.4,Afghanistan,Rahmat Shah,Ihsanullah,AR McBrine,0,0,"",""
ball,2,9.5,Afghanistan,Rahmat Shah,Ihsanullah,AR McBrine,0,0,"",""
ball,2,9.6,Afghanistan,Rahmat Shah,Ihsanullah,AR McBrine,1,0,"",""
ball,2,10.1,Afghanistan,Rahmat Shah,Ihsanullah,TJ Murtagh,0,0,"",""
ball,2,10.2,Afghanistan,Rahmat Shah,Ihsanullah,TJ Murtagh,0,0,"",""
ball,2,10.3,Afghanistan,Rahmat Shah,Ihsanullah,TJ Murtagh,0,0,caught,Rahmat Shah
ball,2,10.4,Afghanistan,Hashmatullah Shahidi,Ihsanullah,TJ Murtagh,2,0,"",""
ball,2,10.5,Afghanistan,Hashmatullah Shahidi,Ihsanullah,TJ Murtagh,0,0,"",""
ball,2,10.6,Afghanistan,Hashmatullah Shahidi,Ihsanullah,TJ Murtagh,0,0,"",""
ball,2,11.1,Afghanistan,Ihsanullah,Hashmatullah Shahidi,WB Rankin,0,0,"",""
ball,2,11.2,Afghanistan,Ihsanullah,Hashmatullah Shahidi,WB Rankin,0,0,"",""
ball,2,11.3,Afghanistan,Ihsanullah,Hashmatullah Shahidi,WB Rankin,0,0,"",""
ball,2,11.4,Afghanistan,Ihsanullah,Hashmatullah Shahidi,WB Rankin,0,0,"",""
ball,2,11.5,Afghanistan,Ihsanullah,Hashmatullah Shahidi,WB Rankin,0,0,"",""
ball,2,11.6,Afghanistan,Ihsanullah,Hashmatullah Shahidi,WB Rankin,6,0,"",""
ball,2,12.1,Afghanistan,Hashmatullah Shahidi,Ihsanullah,TJ Murtagh,0,0,"",""
ball,2,12.2,Afghanistan,Hashmatullah Shahidi,Ihsanullah,TJ Murtagh,0,0,"",""
ball,2,12.3,Afghanistan,Hashmatullah Shahidi,Ihsanullah,TJ Murtagh,0,0,"",""
ball,2,12.4,Afghanistan,Hashmatullah Shahidi,Ihsanullah,TJ Murtagh,0,0,"",""
ball,2,12.5,Afghanistan,Hashmatullah Shahidi,Ihsanullah,TJ Murtagh,1,0,"",""
ball,2,12.6,Afghanistan,Ihsanullah,Hashmatullah Shahidi,TJ Murtagh,0,0,"",""
ball,2,13.1,Afghanistan,Hashmatullah Shahidi,Ihsanullah,WB Rankin,4,0,"",""
ball,2,13.2,Afghanistan,Hashmatullah Shahidi,Ihsanullah,WB Rankin,0,0,"",""
ball,2,13.3,Afghanistan,Hashmatullah Shahidi,Ihsanullah,WB Rankin,0,0,"",""
ball,2,13.4,Afghanistan,Hashmatullah Shahidi,Ihsanullah,WB Rankin,0,0,"",""
ball,2,13.5,Afghanistan,Hashmatullah Shahidi,Ihsanullah,WB Rankin,0,0,"",""
ball,2,13.6,Afghanistan,Hashmatullah Shahidi,Ihsanullah,WB Rankin,0,0,"",""
ball,2,14.1,Afghanistan,Ihsanullah,Hashmatullah Shahidi,TJ Murtagh,2,0,"",""
ball,2,14.2,Afghanistan,Ihsanullah,Hashmatullah Shahidi,TJ Murtagh,0,0,"",""
ball,2,14.3,Afghanistan,Ihsanullah,Hashmatullah Shahidi,TJ Murtagh,0,0,"",""
ball,2,14.4,Afghanistan,Ihsanullah,Hashmatullah Shahidi,TJ Murtagh,0,0,"",""
ball,2,14.5,Afghanistan,Ihsanullah,Hashmatullah Shahidi,TJ Murtagh,4,0,"",""
ball,2,14.6,Afghanistan,Ihsanullah,Hashmatullah Shahidi,TJ Murtagh,1,0,"",""
ball,2,15.1,Afghanistan,Ihsanullah,Hashmatullah Shahidi,WB Rankin,0,0,"",""
ball,2,15.2,Afghanistan,Ihsanullah,Hashmatullah Shahidi,WB Rankin,1,0,"",""
ball,2,15.3,Afghanistan,Hashmatullah Shahidi,Ihsanullah,WB Rankin,0,0,"",""
ball,2,15.4,Afghanistan,Hashmatullah Shahidi,Ihsanullah,WB Rankin,4,0,"",""
ball,2,15.5,Afghanistan,Hashmatullah Shahidi,Ihsanullah,WB Rankin,0,0,"",""
ball,2,15.6,Afghanistan,Hashmatullah Shahidi,Ihsanullah,WB Rankin,0,0,"",""
ball,2,16.1,Afghanistan,Ihsanullah,Hashmatullah Shahidi,TJ Murtagh,0,0,"",""
ball,2,16.2,Afghanistan,Ihsanullah,Hashmatullah Shahidi,TJ Murtagh,0,0,"",""
ball,2,16.3,Afghanistan,Ihsanullah,Hashmatullah Shahidi,TJ Murtagh,4,0,"",""
ball,2,16.4,Afghanistan,Ihsanullah,Hashmatullah Shahidi,TJ Murtagh,0,0,"",""
ball,2,16.5,Afghanistan,Ihsanullah,Hashmatullah Shahidi,TJ Murtagh,4,0,"",""
ball,2,16.6,Afghanistan,Ihsanullah,Hashmatullah Shahidi,TJ Murtagh,0,0,"",""
ball,2,17.1,Afghanistan,Hashmatullah Shahidi,Ihsanullah,AR McBrine,0,0,"",""
ball,2,17.2,Afghanistan,Hashmatullah Shahidi,Ihsanullah,AR McBrine,0,0,"",""
ball,2,17.3,Afghanistan,Hashmatullah Shahidi,Ihsanullah,AR McBrine,0,0,"",""
ball,2,17.4,Afghanistan,Hashmatullah Shahidi,Ihsanullah,AR McBrine,4,0,"",""
ball,2,17.5,Afghanistan,Hashmatullah Shahidi,Ihsanullah,AR McBrine,0,0,"",""
ball,2,17.6,Afghanistan,Hashmatullah Shahidi,Ihsanullah,AR McBrine,2,0,"",""
ball,2,18.1,Afghanistan,Ihsanullah,Hashmatullah Shahidi,PKD Chase,3,0,"",""
ball,2,18.2,Afghanistan,Hashmatullah Shahidi,Ihsanullah,PKD Chase,0,0,"",""
ball,2,18.3,Afghanistan,Hashmatullah Shahidi,Ihsanullah,PKD Chase,0,0,"",""
ball,2,18.4,Afghanistan,Hashmatullah Shahidi,Ihsanullah,PKD Chase,0,0,"",""
ball,2,18.5,Afghanistan,Hashmatullah Shahidi,Ihsanullah,PKD Chase,0,1,"",""
ball,2,18.6,Afghanistan,Hashmatullah Shahidi,Ihsanullah,PKD Chase,0,0,"",""
ball,2,18.7,Afghanistan,Hashmatullah Shahidi,Ihsanullah,PKD Chase,1,0,"",""
ball,2,19.1,Afghanistan,Hashmatullah Shahidi,Ihsanullah,AR McBrine,0,0,"",""
ball,2,19.2,Afghanistan,Hashmatullah Shahidi,Ihsanullah,AR McBrine,3,0,"",""
ball,2,19.3,Afghanistan,Ihsanullah,Hashmatullah Shahidi,AR McBrine,0,0,"",""
ball,2,19.4,Afghanistan,Ihsanullah,Hashmatullah Shahidi,AR McBrine,0,0,"",""
ball,2,19.5,Afghanistan,Ihsanullah,Hashmatullah Shahidi,AR McBrine,1,0,"",""
ball,2,19.6,Afghanistan,Hashmatullah Shahidi,Ihsanullah,AR McBrine,0,0,"",""
ball,2,20.1,Afghanistan,Ihsanullah,Hashmatullah Shahidi,PKD Chase,1,0,"",""
ball,2,20.2,Afghanistan,Hashmatullah Shahidi,Ihsanullah,PKD Chase,1,0,"",""
ball,2,20.3,Afghanistan,Ihsanullah,Hashmatullah Shahidi,PKD Chase,4,0,"",""
ball,2,20.4,Afghanistan,Ihsanullah,Hashmatullah Shahidi,PKD Chase,0,0,"",""
ball,2,20.5,Afghanistan,Ihsanullah,Hashmatullah Shahidi,PKD Chase,1,0,"",""
ball,2,20.6,Afghanistan,Hashmatullah Shahidi,Ihsanullah,PKD Chase,0,0,"",""
ball,2,21.1,Afghanistan,Ihsanullah,Hashmatullah Shahidi,AR McBrine,0,0,"",""
ball,2,21.2,Afghanistan,Ihsanullah,Hashmatullah Shahidi,AR McBrine,4,0,"",""
ball,2,21.3,Afghanistan,Ihsanullah,Hashmatullah Shahidi,AR McBrine,1,0,"",""
ball,2,21.4,Afghanistan,Hashmatullah Shahidi,Ihsanullah,AR McBrine,0,0,"",""
ball,2,21.5,Afghanistan,Hashmatullah Shahidi,Ihsanullah,AR McBrine,0,0,"",""
ball,2,21.6,Afghanistan,Hashmatullah Shahidi,Ihsanullah,AR McBrine,3,0,"",""
ball,2,22.1,Afghanistan,Hashmatullah Shahidi,Ihsanullah,PKD Chase,4,0,"",""
ball,2,22.2,Afghanistan,Hashmatullah Shahidi,Ihsanullah,PKD Chase,0,0,"",""
ball,2,22.3,Afghanistan,Hashmatullah Shahidi,Ihsanullah,PKD Chase,0,0,"",""
ball,2,22.4,Afghanistan,Hashmatullah Shahidi,Ihsanullah,PKD Chase,1,0,"",""
ball,2,22.5,Afghanistan,Ihsanullah,Hashmatullah Shahidi,PKD Chase,1,0,"",""
ball,2,22.6,Afghanistan,Hashmatullah Shahidi,Ihsanullah,PKD Chase,0,0,"",""
ball,2,23.1,Afghanistan,Ihsanullah,Hashmatullah Shahidi,AR McBrine,0,0,"",""
ball,2,23.2,Afghanistan,Ihsanullah,Hashmatullah Shahidi,AR McBrine,0,0,"",""
ball,2,23.3,Afghanistan,Ihsanullah,Hashmatullah Shahidi,AR McBrine,1,0,"",""
ball,2,23.4,Afghanistan,Hashmatullah Shahidi,Ihsanullah,AR McBrine,0,0,"",""
ball,2,23.5,Afghanistan,Hashmatullah Shahidi,Ihsanullah,AR McBrine,4,0,"",""
