version,1.3.0
info,team,Pakistan
info,team,New Zealand
info,gender,male
info,season,2018/19
info,date,2018/11/11
info,series,New Zealand tour of United Arab Emirates 2018/19
info,match_number,3
info,venue,Dubai International Cricket Stadium
info,city,
info,toss_winner,Pakistan
info,toss_decision,bat
info,player_of_match,LH Ferguson
info,umpire,JS Wilson
info,umpire,Shozab Raza
info,reserve_umpire,Rashid Riaz
info,tv_umpire,NJ Llong
info,match_referee,J Srinath
info,outcome,no result
ball,1,0.1,Pakistan,Fakhar Zaman,Mohammad Hafeez,MJ Henry,0,0,"",""
ball,1,0.2,Pakistan,Fakhar Zaman,Mohammad Hafeez,MJ Henry,0,0,"",""
ball,1,0.3,Pakistan,Fakhar Zaman,Mohammad Hafeez,MJ Henry,3,0,"",""
ball,1,0.4,Pakistan,Mohammad Hafeez,Fakhar Zaman,MJ Henry,0,0,"",""
ball,1,0.5,Pakistan,Mohammad Hafeez,Fakhar Zaman,MJ Henry,0,0,"",""
ball,1,0.6,Pakistan,Mohammad Hafeez,Fakhar Zaman,MJ Henry,0,0,"",""
ball,1,1.1,Pakistan,Fakhar Zaman,Mohammad Hafeez,TA Boult,0,0,"",""
ball,1,1.2,Pakistan,Fakhar Zaman,Mohammad Hafeez,TA Boult,0,0,"",""
ball,1,1.3,Pakistan,Fakhar Zaman,Mohammad Hafeez,TA Boult,0,0,"",""
ball,1,1.4,Pakistan,Fakhar Zaman,Mohammad Hafeez,TA Boult,0,0,"",""
ball,1,1.5,Pakistan,Fakhar Zaman,Mohammad Hafeez,TA Boult,1,0,"",""
ball,1,1.6,Pakistan,Mohammad Hafeez,Fakhar Zaman,TA Boult,0,0,"",""
ball,1,2.1,Pakistan,Fakhar Zaman,Mohammad Hafeez,MJ Henry,1,0,"",""
ball,1,2.2,Pakistan,Mohammad Hafeez,Fakhar Zaman,MJ Henry,0,0,"",""
ball,1,2.3,Pakistan,Mohammad Hafeez,Fakhar Zaman,MJ Henry,0,0,"",""
ball,1,2.4,Pakistan,Mohammad Hafeez,Fakhar Zaman,MJ Henry,4,0,"",""
ball,1,2.5,Pakistan,Mohammad Hafeez,Fakhar Zaman,MJ Henry,0,0,"",""
ball,1,2.6,Pakistan,Mohammad Hafeez,Fakhar Zaman,MJ Henry,1,0,"",""
ball,1,3.1,Pakistan,Mohammad Hafeez,Fakhar Zaman,TA Boult,1,0,"",""
ball,1,3.2,Pakistan,Fakhar Zaman,Mohammad Hafeez,TA Boult,1,0,"",""
ball,1,3.3,Pakistan,Mohammad Hafeez,Fakhar Zaman,TA Boult,2,0,"",""
ball,1,3.4,Pakistan,Mohammad Hafeez,Fakhar Zaman,TA Boult,3,0,"",""
ball,1,3.5,Pakistan,Fakhar Zaman,Mohammad Hafeez,TA Boult,0,0,"",""
ball,1,3.6,Pakistan,Fakhar Zaman,Mohammad Hafeez,TA Boult,2,0,"",""
ball,1,4.1,Pakistan,Mohammad Hafeez,Fakhar Zaman,MJ Henry,1,0,"",""
ball,1,4.2,Pakistan,Fakhar Zaman,Mohammad Hafeez,MJ Henry,1,0,"",""
ball,1,4.3,Pakistan,Mohammad Hafeez,Fakhar Zaman,MJ Henry,0,0,"",""
ball,1,4.4,Pakistan,Mohammad Hafeez,Fakhar Zaman,MJ Henry,1,0,"",""
ball,1,4.5,Pakistan,Fakhar Zaman,Mohammad Hafeez,MJ Henry,0,0,"",""
ball,1,4.6,Pakistan,Fakhar Zaman,Mohammad Hafeez,MJ Henry,1,0,"",""
ball,1,5.1,Pakistan,Fakhar Zaman,Mohammad Hafeez,TA Boult,0,0,"",""
ball,1,5.2,Pakistan,Fakhar Zaman,Mohammad Hafeez,TA Boult,0,0,"",""
ball,1,5.3,Pakistan,Fakhar Zaman,Mohammad Hafeez,TA Boult,4,0,"",""
ball,1,5.4,Pakistan,Fakhar Zaman,Mohammad Hafeez,TA Boult,4,0,"",""
ball,1,5.5,Pakistan,Fakhar Zaman,Mohammad Hafeez,TA Boult,1,0,"",""
ball,1,5.6,Pakistan,Mohammad Hafeez,Fakhar Zaman,TA Boult,0,0,"",""
ball,1,6.1,Pakistan,Fakhar Zaman,Mohammad Hafeez,MJ Henry,0,0,"",""
ball,1,6.2,Pakistan,Fakhar Zaman,Mohammad Hafeez,MJ Henry,0,0,"",""
ball,1,6.3,Pakistan,Fakhar Zaman,Mohammad Hafeez,MJ Henry,4,0,"",""
ball,1,6.4,Pakistan,Fakhar Zaman,Mohammad Hafeez,MJ Henry,0,0,"",""
ball,1,6.5,Pakistan,Fakhar Zaman,Mohammad Hafeez,MJ Henry,0,0,"",""
ball,1,6.6,Pakistan,Fakhar Zaman,Mohammad Hafeez,MJ Henry,0,0,"",""
ball,1,7.1,Pakistan,Mohammad Hafeez,Fakhar Zaman,TA Boult,0,0,"",""
ball,1,7.2,Pakistan,Mohammad Hafeez,Fakhar Zaman,TA Boult,0,0,"",""
ball,1,7.3,Pakistan,Mohammad Hafeez,Fakhar Zaman,TA Boult,1,0,"",""
ball,1,7.4,Pakistan,Fakhar Zaman,Mohammad Hafeez,TA Boult,1,0,"",""
ball,1,7.5,Pakistan,Mohammad Hafeez,Fakhar Zaman,TA Boult,0,0,"",""
ball,1,7.6,Pakistan,Mohammad Hafeez,Fakhar Zaman,TA Boult,1,0,"",""
ball,1,8.1,Pakistan,Mohammad Hafeez,Fakhar Zaman,MJ Henry,1,0,"",""
ball,1,8.2,Pakistan,Fakhar Zaman,Mohammad Hafeez,MJ Henry,4,0,"",""
ball,1,8.3,Pakistan,Fakhar Zaman,Mohammad Hafeez,MJ Henry,0,0,"",""
ball,1,8.4,Pakistan,Fakhar Zaman,Mohammad Hafeez,MJ Henry,0,0,"",""
ball,1,8.5,Pakistan,Fakhar Zaman,Mohammad Hafeez,MJ Henry,0,0,"",""
ball,1,8.6,Pakistan,Fakhar Zaman,Mohammad Hafeez,MJ Henry,0,0,"",""
ball,1,9.1,Pakistan,Mohammad Hafeez,Fakhar Zaman,LH Ferguson,0,0,"",""
ball,1,9.2,Pakistan,Mohammad Hafeez,Fakhar Zaman,LH Ferguson,0,0,"",""
ball,1,9.3,Pakistan,Mohammad Hafeez,Fakhar Zaman,LH Ferguson,1,0,"",""
ball,1,9.4,Pakistan,Fakhar Zaman,Mohammad Hafeez,LH Ferguson,2,0,"",""
ball,1,9.5,Pakistan,Fakhar Zaman,Mohammad Hafeez,LH Ferguson,0,0,"",""
ball,1,9.6,Pakistan,Fakhar Zaman,Mohammad Hafeez,LH Ferguson,1,0,"",""
ball,1,10.1,Pakistan,Fakhar Zaman,Mohammad Hafeez,C de Grandhomme,0,0,"",""
ball,1,10.2,Pakistan,Fakhar Zaman,Mohammad Hafeez,C de Grandhomme,1,0,"",""
ball,1,10.3,Pakistan,Mohammad Hafeez,Fakhar Zaman,C de Grandhomme,0,0,"",""
ball,1,10.4,Pakistan,Mohammad Hafeez,Fakhar Zaman,C de Grandhomme,1,0,"",""
ball,1,10.5,Pakistan,Fakhar Zaman,Mohammad Hafeez,C de Grandhomme,0,0,"",""
ball,1,10.6,Pakistan,Fakhar Zaman,Mohammad Hafeez,C de Grandhomme,1,0,"",""
ball,1,11.1,Pakistan,Fakhar Zaman,Mohammad Hafeez,LH Ferguson,0,0,"",""
ball,1,11.2,Pakistan,Fakhar Zaman,Mohammad Hafeez,LH Ferguson,4,0,"",""
ball,1,11.3,Pakistan,Fakhar Zaman,Mohammad Hafeez,LH Ferguson,0,0,"",""
ball,1,11.4,Pakistan,Fakhar Zaman,Mohammad Hafeez,LH Ferguson,0,0,"",""
ball,1,11.5,Pakistan,Fakhar Zaman,Mohammad Hafeez,LH Ferguson,1,0,"",""
ball,1,11.6,Pakistan,Mohammad Hafeez,Fakhar Zaman,LH Ferguson,0,0,"",""
ball,1,12.1,Pakistan,Fakhar Zaman,Mohammad Hafeez,C de Grandhomme,0,0,"",""
ball,1,12.2,Pakistan,Fakhar Zaman,Mohammad Hafeez,C de Grandhomme,0,0,"",""
ball,1,12.3,Pakistan,Fakhar Zaman,Mohammad Hafeez,C de Grandhomme,4,0,"",""
ball,1,12.4,Pakistan,Fakhar Zaman,Mohammad Hafeez,C de Grandhomme,1,0,"",""
ball,1,12.5,Pakistan,Mohammad Hafeez,Fakhar Zaman,C de Grandhomme,1,0,"",""
ball,1,12.6,Pakistan,Fakhar Zaman,Mohammad Hafeez,C de Grandhomme,1,0,"",""
ball,1,13.1,Pakistan,Fakhar Zaman,Mohammad Hafeez,LH Ferguson,1,0,"",""
ball,1,13.2,Pakistan,Mohammad Hafeez,Fakhar Zaman,LH Ferguson,0,0,"",""
ball,1,13.3,Pakistan,Mohammad Hafeez,Fakhar Zaman,LH Ferguson,0,0,"",""
ball,1,13.4,Pakistan,Mohammad Hafeez,Fakhar Zaman,LH Ferguson,0,0,"",""
ball,1,13.5,Pakistan,Mohammad Hafeez,Fakhar Zaman,LH Ferguson,0,0,"",""
ball,1,13.6,Pakistan,Mohammad Hafeez,Fakhar Zaman,LH Ferguson,0,0,hit wicket,Mohammad Hafeez
ball,1,14.1,Pakistan,Fakhar Zaman,Babar Azam,C de Grandhomme,1,0,"",""
ball,1,14.2,Pakistan,Babar Azam,Fakhar Zaman,C de Grandhomme,0,1,"",""
ball,1,14.3,Pakistan,Babar Azam,Fakhar Zaman,C de Grandhomme,0,0,"",""
ball,1,14.4,Pakistan,Babar Azam,Fakhar Zaman,C de Grandhomme,1,0,"",""
ball,1,14.5,Pakistan,Fakhar Zaman,Babar Azam,C de Grandhomme,1,0,"",""
ball,1,14.6,Pakistan,Babar Azam,Fakhar Zaman,C de Grandhomme,0,0,"",""
ball,1,14.7,Pakistan,Babar Azam,Fakhar Zaman,C de Grandhomme,1,0,"",""
ball,1,15.1,Pakistan,Babar Azam,Fakhar Zaman,LH Ferguson,0,0,"",""
ball,1,15.2,Pakistan,Babar Azam,Fakhar Zaman,LH Ferguson,0,0,"",""
ball,1,15.3,Pakistan,Babar Azam,Fakhar Zaman,LH Ferguson,1,0,"",""
ball,1,15.4,Pakistan,Fakhar Zaman,Babar Azam,LH Ferguson,0,0,"",""
ball,1,15.5,Pakistan,Fakhar Zaman,Babar Azam,LH Ferguson,1,0,"",""
ball,1,15.6,Pakistan,Babar Azam,Fakhar Zaman,LH Ferguson,2,0,"",""
ball,1,16.1,Pakistan,Fakhar Zaman,Babar Azam,C de Grandhomme,1,0,"",""
ball,1,16.2,Pakistan,Babar Azam,Fakhar Zaman,C de Grandhomme,0,0,"",""
ball,1,16.3,Pakistan,Babar Azam,Fakhar Zaman,C de Grandhomme,0,0,"",""
ball,1,16.4,Pakistan,Babar Azam,Fakhar Zaman,C de Grandhomme,0,0,"",""
ball,1,16.5,Pakistan,Babar Azam,Fakhar Zaman,C de Grandhomme,2,0,"",""
ball,1,16.6,Pakistan,Babar Azam,Fakhar Zaman,C de Grandhomme,0,0,"",""
ball,1,17.1,Pakistan,Fakhar Zaman,Babar Azam,IS Sodhi,1,0,"",""
ball,1,17.2,Pakistan,Babar Azam,Fakhar Zaman,IS Sodhi,1,0,"",""
ball,1,17.3,Pakistan,Fakhar Zaman,Babar Azam,IS Sodhi,1,0,"",""
ball,1,17.4,Pakistan,Babar Azam,Fakhar Zaman,IS Sodhi,1,0,"",""
ball,1,17.5,Pakistan,Fakhar Zaman,Babar Azam,IS Sodhi,0,0,"",""
ball,1,17.6,Pakistan,Fakhar Zaman,Babar Azam,IS Sodhi,1,0,"",""
ball,1,18.1,Pakistan,Fakhar Zaman,Babar Azam,C de Grandhomme,0,0,"",""
ball,1,18.2,Pakistan,Fakhar Zaman,Babar Azam,C de Grandhomme,4,0,"",""
ball,1,18.3,Pakistan,Fakhar Zaman,Babar Azam,C de Grandhomme,1,0,"",""
ball,1,18.4,Pakistan,Babar Azam,Fakhar Zaman,C de Grandhomme,0,0,"",""
ball,1,18.5,Pakistan,Babar Azam,Fakhar Zaman,C de Grandhomme,0,0,"",""
ball,1,18.6,Pakistan,Babar Azam,Fakhar Zaman,C de Grandhomme,0,0,"",""
ball,1,19.1,Pakistan,Fakhar Zaman,Babar Azam,IS Sodhi,0,0,"",""
ball,1,19.2,Pakistan,Fakhar Zaman,Babar Azam,IS Sodhi,4,0,"",""
ball,1,19.3,Pakistan,Fakhar Zaman,Babar Azam,IS Sodhi,0,0,"",""
ball,1,19.4,Pakistan,Fakhar Zaman,Babar Azam,IS Sodhi,1,0,"",""
ball,1,19.5,Pakistan,Babar Azam,Fakhar Zaman,IS Sodhi,1,0,"",""
ball,1,19.6,Pakistan,Fakhar Zaman,Babar Azam,IS Sodhi,1,0,"",""
ball,1,20.1,Pakistan,Fakhar Zaman,Babar Azam,C de Grandhomme,0,0,"",""
ball,1,20.2,Pakistan,Fakhar Zaman,Babar Azam,C de Grandhomme,1,0,"",""
ball,1,20.3,Pakistan,Babar Azam,Fakhar Zaman,C de Grandhomme,0,0,"",""
ball,1,20.4,Pakistan,Babar Azam,Fakhar Zaman,C de Grandhomme,0,0,"",""
ball,1,20.5,Pakistan,Babar Azam,Fakhar Zaman,C de Grandhomme,1,0,"",""
ball,1,20.6,Pakistan,Fakhar Zaman,Babar Azam,C de Grandhomme,1,0,"",""
ball,1,21.1,Pakistan,Fakhar Zaman,Babar Azam,IS Sodhi,0,0,"",""
ball,1,21.2,Pakistan,Fakhar Zaman,Babar Azam,IS Sodhi,0,0,"",""
ball,1,21.3,Pakistan,Fakhar Zaman,Babar Azam,IS Sodhi,0,0,"",""
ball,1,21.4,Pakistan,Fakhar Zaman,Babar Azam,IS Sodhi,0,0,"",""
ball,1,21.5,Pakistan,Fakhar Zaman,Babar Azam,IS Sodhi,0,0,"",""
ball,1,21.6,Pakistan,Fakhar Zaman,Babar Azam,IS Sodhi,0,0,"",""
ball,1,22.1,Pakistan,Babar Azam,Fakhar Zaman,C de Grandhomme,0,1,"",""
ball,1,22.2,Pakistan,Babar Azam,Fakhar Zaman,C de Grandhomme,0,0,"",""
ball,1,22.3,Pakistan,Babar Azam,Fakhar Zaman,C de Grandhomme,1,0,"",""
ball,1,22.4,Pakistan,Fakhar Zaman,Babar Azam,C de Grandhomme,0,0,caught,Fakhar Zaman
ball,1,22.5,Pakistan,Haris Sohail,Babar Azam,C de Grandhomme,0,0,"",""
ball,1,22.6,Pakistan,Haris Sohail,Babar Azam,C de Grandhomme,0,0,"",""
ball,1,22.7,Pakistan,Haris Sohail,Babar Azam,C de Grandhomme,0,0,"",""
ball,1,23.1,Pakistan,Babar Azam,Haris Sohail,IS Sodhi,1,0,"",""
ball,1,23.2,Pakistan,Haris Sohail,Babar Azam,IS Sodhi,0,0,"",""
ball,1,23.3,Pakistan,Haris Sohail,Babar Azam,IS Sodhi,4,0,"",""
ball,1,23.4,Pakistan,Haris Sohail,Babar Azam,IS Sodhi,1,0,"",""
ball,1,23.5,Pakistan,Babar Azam,Haris Sohail,IS Sodhi,0,0,"",""
ball,1,23.6,Pakistan,Babar Azam,Haris Sohail,IS Sodhi,4,0,"",""
ball,1,24.1,Pakistan,Haris Sohail,Babar Azam,C de Grandhomme,0,0,"",""
ball,1,24.2,Pakistan,Haris Sohail,Babar Azam,C de Grandhomme,0,0,"",""
ball,1,24.3,Pakistan,Haris Sohail,Babar Azam,C de Grandhomme,0,0,"",""
ball,1,24.4,Pakistan,Haris Sohail,Babar Azam,C de Grandhomme,4,0,"",""
ball,1,24.5,Pakistan,Haris Sohail,Babar Azam,C de Grandhomme,1,0,"",""
ball,1,24.6,Pakistan,Babar Azam,Haris Sohail,C de Grandhomme,1,0,"",""
ball,1,25.1,Pakistan,Babar Azam,Haris Sohail,IS Sodhi,1,0,"",""
ball,1,25.2,Pakistan,Haris Sohail,Babar Azam,IS Sodhi,1,0,"",""
ball,1,25.3,Pakistan,Babar Azam,Haris Sohail,IS Sodhi,0,0,"",""
ball,1,25.4,Pakistan,Babar Azam,Haris Sohail,IS Sodhi,0,0,"",""
ball,1,25.5,Pakistan,Babar Azam,Haris Sohail,IS Sodhi,1,0,"",""
ball,1,25.6,Pakistan,Haris Sohail,Babar Azam,IS Sodhi,4,0,"",""
ball,1,26.1,Pakistan,Babar Azam,Haris Sohail,TA Boult,0,1,"",""
ball,1,26.2,Pakistan,Babar Azam,Haris Sohail,TA Boult,0,0,"",""
ball,1,26.3,Pakistan,Babar Azam,Haris Sohail,TA Boult,1,0,"",""
ball,1,26.4,Pakistan,Haris Sohail,Babar Azam,TA Boult,1,0,"",""
ball,1,26.5,Pakistan,Babar Azam,Haris Sohail,TA Boult,1,0,"",""
ball,1,26.6,Pakistan,Haris Sohail,Babar Azam,TA Boult,4,0,"",""
ball,1,26.7,Pakistan,Haris Sohail,Babar Azam,TA Boult,1,0,"",""
ball,1,27.1,Pakistan,Haris Sohail,Babar Azam,C Munro,2,0,"",""
ball,1,27.2,Pakistan,Haris Sohail,Babar Azam,C Munro,1,0,"",""
ball,1,27.3,Pakistan,Babar Azam,Haris Sohail,C Munro,1,0,"",""
ball,1,27.4,Pakistan,Haris Sohail,Babar Azam,C Munro,0,1,"",""
ball,1,27.5,Pakistan,Haris Sohail,Babar Azam,C Munro,0,0,"",""
ball,1,27.6,Pakistan,Haris Sohail,Babar Azam,C Munro,1,0,"",""
ball,1,27.7,Pakistan,Babar Azam,Haris Sohail,C Munro,0,0,"",""
ball,1,28.1,Pakistan,Haris Sohail,Babar Azam,TA Boult,1,0,"",""
ball,1,28.2,Pakistan,Babar Azam,Haris Sohail,TA Boult,1,0,"",""
ball,1,28.3,Pakistan,Haris Sohail,Babar Azam,TA Boult,4,0,"",""
ball,1,28.4,Pakistan,Haris Sohail,Babar Azam,TA Boult,0,0,"",""
ball,1,28.5,Pakistan,Haris Sohail,Babar Azam,TA Boult,0,0,"",""
ball,1,28.6,Pakistan,Haris Sohail,Babar Azam,TA Boult,4,0,"",""
ball,1,29.1,Pakistan,Babar Azam,Haris Sohail,C Munro,1,0,"",""
ball,1,29.2,Pakistan,Haris Sohail,Babar Azam,C Munro,0,0,"",""
ball,1,29.3,Pakistan,Haris Sohail,Babar Azam,C Munro,0,0,"",""
ball,1,29.4,Pakistan,Haris Sohail,Babar Azam,C Munro,0,0,"",""
ball,1,29.5,Pakistan,Haris Sohail,Babar Azam,C Munro,2,0,"",""
ball,1,29.6,Pakistan,Haris Sohail,Babar Azam,C Munro,1,0,"",""
ball,1,30.1,Pakistan,Haris Sohail,Babar Azam,MJ Henry,0,0,"",""
ball,1,30.2,Pakistan,Haris Sohail,Babar Azam,MJ Henry,1,0,"",""
ball,1,30.3,Pakistan,Babar Azam,Haris Sohail,MJ Henry,1,0,"",""
ball,1,30.4,Pakistan,Haris Sohail,Babar Azam,MJ Henry,1,0,"",""
ball,1,30.5,Pakistan,Babar Azam,Haris Sohail,MJ Henry,0,0,"",""
ball,1,30.6,Pakistan,Babar Azam,Haris Sohail,MJ Henry,1,0,"",""
ball,1,31.1,Pakistan,Babar Azam,Haris Sohail,C Munro,1,0,"",""
ball,1,31.2,Pakistan,Haris Sohail,Babar Azam,C Munro,1,0,"",""
ball,1,31.3,Pakistan,Babar Azam,Haris Sohail,C Munro,1,0,"",""
ball,1,31.4,Pakistan,Haris Sohail,Babar Azam,C Munro,1,0,"",""
ball,1,31.5,Pakistan,Babar Azam,Haris Sohail,C Munro,0,0,"",""
ball,1,31.6,Pakistan,Babar Azam,Haris Sohail,C Munro,1,0,"",""
ball,1,32.1,Pakistan,Babar Azam,Haris Sohail,MJ Henry,1,0,"",""
ball,1,32.2,Pakistan,Haris Sohail,Babar Azam,MJ Henry,0,0,"",""
ball,1,32.3,Pakistan,Haris Sohail,Babar Azam,MJ Henry,1,0,"",""
ball,1,32.4,Pakistan,Babar Azam,Haris Sohail,MJ Henry,0,0,"",""
ball,1,32.5,Pakistan,Babar Azam,Haris Sohail,MJ Henry,0,0,"",""
ball,1,32.6,Pakistan,Babar Azam,Haris Sohail,MJ Henry,1,0,"",""
ball,1,33.1,Pakistan,Babar Azam,Haris Sohail,IS Sodhi,0,0,"",""
ball,1,33.2,Pakistan,Babar Azam,Haris Sohail,IS Sodhi,0,0,"",""
ball,1,33.3,Pakistan,Babar Azam,Haris Sohail,IS Sodhi,2,0,"",""
ball,1,33.4,Pakistan,Babar Azam,Haris Sohail,IS Sodhi,0,0,"",""
ball,1,33.5,Pakistan,Babar Azam,Haris Sohail,IS Sodhi,1,0,"",""
ball,1,33.6,Pakistan,Haris Sohail,Babar Azam,IS Sodhi,0,0,"",""
ball,1,34.1,Pakistan,Babar Azam,Haris Sohail,MJ Henry,1,0,"",""
ball,1,34.2,Pakistan,Haris Sohail,Babar Azam,MJ Henry,1,0,"",""
ball,1,34.3,Pakistan,Babar Azam,Haris Sohail,MJ Henry,4,0,"",""
ball,1,34.4,Pakistan,Babar Azam,Haris Sohail,MJ Henry,1,0,"",""
ball,1,34.5,Pakistan,Haris Sohail,Babar Azam,MJ Henry,0,0,"",""
ball,1,34.6,Pakistan,Haris Sohail,Babar Azam,MJ Henry,0,0,"",""
ball,1,35.1,Pakistan,Babar Azam,Haris Sohail,IS Sodhi,1,0,"",""
ball,1,35.2,Pakistan,Haris Sohail,Babar Azam,IS Sodhi,1,0,"",""
ball,1,35.3,Pakistan,Babar Azam,Haris Sohail,IS Sodhi,1,0,"",""
ball,1,35.4,Pakistan,Haris Sohail,Babar Azam,IS Sodhi,0,0,"",""
ball,1,35.5,Pakistan,Haris Sohail,Babar Azam,IS Sodhi,0,0,"",""
ball,1,35.6,Pakistan,Haris Sohail,Babar Azam,IS Sodhi,0,0,"",""
ball,1,36.1,Pakistan,Babar Azam,Haris Sohail,LH Ferguson,1,0,"",""
ball,1,36.2,Pakistan,Haris Sohail,Babar Azam,LH Ferguson,0,0,"",""
ball,1,36.3,Pakistan,Haris Sohail,Babar Azam,LH Ferguson,0,0,"",""
ball,1,36.4,Pakistan,Haris Sohail,Babar Azam,LH Ferguson,1,0,"",""
ball,1,36.5,Pakistan,Babar Azam,Haris Sohail,LH Ferguson,0,0,"",""
ball,1,36.6,Pakistan,Babar Azam,Haris Sohail,LH Ferguson,2,0,"",""
ball,1,37.1,Pakistan,Haris Sohail,Babar Azam,IS Sodhi,0,0,"",""
ball,1,37.2,Pakistan,Haris Sohail,Babar Azam,IS Sodhi,6,0,"",""
ball,1,37.3,Pakistan,Haris Sohail,Babar Azam,IS Sodhi,1,0,"",""
ball,1,37.4,Pakistan,Babar Azam,Haris Sohail,IS Sodhi,1,0,"",""
ball,1,37.5,Pakistan,Haris Sohail,Babar Azam,IS Sodhi,0,0,"",""
ball,1,37.6,Pakistan,Haris Sohail,Babar Azam,IS Sodhi,1,0,"",""
ball,1,38.1,Pakistan,Haris Sohail,Babar Azam,LH Ferguson,1,0,"",""
ball,1,38.2,Pakistan,Babar Azam,Haris Sohail,LH Ferguson,0,0,"",""
ball,1,38.3,Pakistan,Babar Azam,Haris Sohail,LH Ferguson,0,0,"",""
ball,1,38.4,Pakistan,Babar Azam,Haris Sohail,LH Ferguson,1,0,"",""
ball,1,38.5,Pakistan,Haris Sohail,Babar Azam,LH Ferguson,0,0,"",""
ball,1,38.6,Pakistan,Haris Sohail,Babar Azam,LH Ferguson,0,1,"",""
ball,1,38.7,Pakistan,Haris Sohail,Babar Azam,LH Ferguson,0,0,"",""
ball,1,39.1,Pakistan,Babar Azam,Haris Sohail,TA Boult,2,0,"",""
ball,1,39.2,Pakistan,Babar Azam,Haris Sohail,TA Boult,0,0,"",""
ball,1,39.3,Pakistan,Babar Azam,Haris Sohail,TA Boult,4,0,"",""
ball,1,39.4,Pakistan,Babar Azam,Haris Sohail,TA Boult,1,0,"",""
ball,1,39.5,Pakistan,Haris Sohail,Babar Azam,TA Boult,6,0,"",""
ball,1,39.6,Pakistan,Haris Sohail,Babar Azam,TA Boult,0,0,"",""
ball,1,40.1,Pakistan,Babar Azam,Haris Sohail,LH Ferguson,0,0,"",""
ball,1,40.2,Pakistan,Babar Azam,Haris Sohail,LH Ferguson,1,0,"",""
ball,1,40.3,Pakistan,Haris Sohail,Babar Azam,LH Ferguson,0,1,"",""
ball,1,40.4,Pakistan,Haris Sohail,Babar Azam,LH Ferguson,0,0,caught,Haris Sohail
ball,1,40.5,Pakistan,Babar Azam,Shoaib Malik,LH Ferguson,0,0,"",""
ball,1,40.6,Pakistan,Babar Azam,Shoaib Malik,LH Ferguson,1,0,"",""
ball,1,40.7,Pakistan,Shoaib Malik,Babar Azam,LH Ferguson,1,0,"",""
ball,1,41.1,Pakistan,Shoaib Malik,Babar Azam,IS Sodhi,0,0,"",""
ball,1,41.2,Pakistan,Shoaib Malik,Babar Azam,IS Sodhi,2,0,"",""
ball,1,41.3,Pakistan,Shoaib Malik,Babar Azam,IS Sodhi,0,0,"",""
ball,1,41.4,Pakistan,Shoaib Malik,Babar Azam,IS Sodhi,1,0,"",""
ball,1,41.5,Pakistan,Babar Azam,Shoaib Malik,IS Sodhi,2,0,"",""
ball,1,41.6,Pakistan,Babar Azam,Shoaib Malik,IS Sodhi,2,0,"",""
ball,1,42.1,Pakistan,Shoaib Malik,Babar Azam,LH Ferguson,1,0,"",""
ball,1,42.2,Pakistan,Babar Azam,Shoaib Malik,LH Ferguson,4,0,"",""
ball,1,42.3,Pakistan,Babar Azam,Shoaib Malik,LH Ferguson,2,0,"",""
ball,1,42.4,Pakistan,Babar Azam,Shoaib Malik,LH Ferguson,1,0,"",""
ball,1,42.5,Pakistan,Shoaib Malik,Babar Azam,LH Ferguson,2,0,"",""
ball,1,42.6,Pakistan,Shoaib Malik,Babar Azam,LH Ferguson,0,0,"",""
ball,1,43.1,Pakistan,Babar Azam,Shoaib Malik,TA Boult,0,0,"",""
ball,1,43.2,Pakistan,Babar Azam,Shoaib Malik,TA Boult,1,0,"",""
ball,1,43.3,Pakistan,Shoaib Malik,Babar Azam,TA Boult,1,0,"",""
ball,1,43.4,Pakistan,Babar Azam,Shoaib Malik,TA Boult,1,0,"",""
ball,1,43.5,Pakistan,Shoaib Malik,Babar Azam,TA Boult,2,0,"",""
ball,1,43.6,Pakistan,Shoaib Malik,Babar Azam,TA Boult,0,0,"",""
ball,1,44.1,Pakistan,Babar Azam,Shoaib Malik,MJ Henry,6,0,"",""
ball,1,44.2,Pakistan,Babar Azam,Shoaib Malik,MJ Henry,1,0,"",""
ball,1,44.3,Pakistan,Shoaib Malik,Babar Azam,MJ Henry,1,0,"",""
ball,1,44.4,Pakistan,Babar Azam,Shoaib Malik,MJ Henry,1,0,"",""
ball,1,44.5,Pakistan,Shoaib Malik,Babar Azam,MJ Henry,1,0,"",""
ball,1,44.6,Pakistan,Babar Azam,Shoaib Malik,MJ Henry,0,1,"",""
ball,1,44.7,Pakistan,Babar Azam,Shoaib Malik,MJ Henry,0,0,"",""
ball,1,45.1,Pakistan,Shoaib Malik,Babar Azam,TA Boult,1,0,"",""
ball,1,45.2,Pakistan,Babar Azam,Shoaib Malik,TA Boult,1,0,"",""
ball,1,45.3,Pakistan,Shoaib Malik,Babar Azam,TA Boult,2,0,"",""
ball,1,45.4,Pakistan,Shoaib Malik,Babar Azam,TA Boult,2,0,"",""
ball,1,45.5,Pakistan,Shoaib Malik,Babar Azam,TA Boult,1,0,"",""
ball,1,45.6,Pakistan,Babar Azam,Shoaib Malik,TA Boult,1,0,"",""
ball,1,46.1,Pakistan,Babar Azam,Shoaib Malik,MJ Henry,1,0,"",""
ball,1,46.2,Pakistan,Shoaib Malik,Babar Azam,MJ Henry,0,0,caught,Shoaib Malik
ball,1,46.3,Pakistan,Babar Azam,Asif Ali,MJ Henry,1,0,"",""
ball,1,46.4,Pakistan,Asif Ali,Babar Azam,MJ Henry,1,0,"",""
ball,1,46.5,Pakistan,Babar Azam,Asif Ali,MJ Henry,2,0,"",""
ball,1,46.6,Pakistan,Babar Azam,Asif Ali,MJ Henry,1,0,"",""
ball,1,47.1,Pakistan,Babar Azam,Asif Ali,LH Ferguson,2,0,"",""
ball,1,47.2,Pakistan,Babar Azam,Asif Ali,LH Ferguson,0,0,"",""
ball,1,47.3,Pakistan,Babar Azam,Asif Ali,LH Ferguson,2,0,"",""
ball,1,47.4,Pakistan,Babar Azam,Asif Ali,LH Ferguson,1,0,"",""
ball,1,47.5,Pakistan,Asif Ali,Babar Azam,LH Ferguson,1,0,"",""
ball,1,47.6,Pakistan,Babar Azam,Asif Ali,LH Ferguson,1,0,"",""
ball,1,48.1,Pakistan,Babar Azam,Asif Ali,TA Boult,1,0,"",""
ball,1,48.2,Pakistan,Asif Ali,Babar Azam,TA Boult,0,0,"",""
ball,1,48.3,Pakistan,Asif Ali,Babar Azam,TA Boult,1,0,"",""
ball,1,48.4,Pakistan,Babar Azam,Asif Ali,TA Boult,0,0,caught,Babar Azam
ball,1,48.5,Pakistan,Faheem Ashraf,Asif Ali,TA Boult,5,0,"",""
ball,1,48.6,Pakistan,Asif Ali,Faheem Ashraf,TA Boult,6,0,"",""
ball,1,49.1,Pakistan,Faheem Ashraf,Asif Ali,LH Ferguson,0,0,bowled,Faheem Ashraf
ball,1,49.2,Pakistan,Hasan Ali,Asif Ali,LH Ferguson,2,0,"",""
ball,1,49.3,Pakistan,Hasan Ali,Asif Ali,LH Ferguson,0,1,"",""
ball,1,49.4,Pakistan,Asif Ali,Hasan Ali,LH Ferguson,0,0,bowled,Asif Ali
ball,1,49.5,Pakistan,Sarfraz Ahmed,Hasan Ali,LH Ferguson,1,0,"",""
ball,1,49.6,Pakistan,Hasan Ali,Sarfraz Ahmed,LH Ferguson,0,0,caught,Hasan Ali
ball,2,0.1,New Zealand,GH Worker,C Munro,Shaheen Shah Afridi,0,1,"",""
ball,2,0.2,New Zealand,GH Worker,C Munro,Shaheen Shah Afridi,0,0,"",""
ball,2,0.3,New Zealand,GH Worker,C Munro,Shaheen Shah Afridi,0,1,"",""
ball,2,0.4,New Zealand,GH Worker,C Munro,Shaheen Shah Afridi,1,0,"",""
ball,2,0.5,New Zealand,C Munro,GH Worker,Shaheen Shah Afridi,0,0,"",""
ball,2,0.6,New Zealand,C Munro,GH Worker,Shaheen Shah Afridi,0,0,bowled,C Munro
ball,2,0.7,New Zealand,HM Nicholls,GH Worker,Shaheen Shah Afridi,0,0,"",""
ball,2,0.8,New Zealand,HM Nicholls,GH Worker,Shaheen Shah Afridi,0,0,"",""
ball,2,1.1,New Zealand,GH Worker,HM Nicholls,Faheem Ashraf,1,0,"",""
ball,2,1.2,New Zealand,HM Nicholls,GH Worker,Faheem Ashraf,0,0,"",""
ball,2,1.3,New Zealand,HM Nicholls,GH Worker,Faheem Ashraf,0,0,"",""
ball,2,1.4,New Zealand,HM Nicholls,GH Worker,Faheem Ashraf,0,0,"",""
ball,2,1.5,New Zealand,HM Nicholls,GH Worker,Faheem Ashraf,2,0,"",""
ball,2,1.6,New Zealand,HM Nicholls,GH Worker,Faheem Ashraf,2,0,"",""
ball,2,2.1,New Zealand,GH Worker,HM Nicholls,Shaheen Shah Afridi,1,0,"",""
ball,2,2.2,New Zealand,HM Nicholls,GH Worker,Shaheen Shah Afridi,0,0,"",""
ball,2,2.3,New Zealand,HM Nicholls,GH Worker,Shaheen Shah Afridi,1,0,"",""
ball,2,2.4,New Zealand,GH Worker,HM Nicholls,Shaheen Shah Afridi,0,0,"",""
ball,2,2.5,New Zealand,GH Worker,HM Nicholls,Shaheen Shah Afridi,3,0,"",""
ball,2,2.6,New Zealand,HM Nicholls,GH Worker,Shaheen Shah Afridi,0,0,"",""
ball,2,3.1,New Zealand,GH Worker,HM Nicholls,Faheem Ashraf,0,0,"",""
ball,2,3.2,New Zealand,GH Worker,HM Nicholls,Faheem Ashraf,1,0,"",""
ball,2,3.3,New Zealand,HM Nicholls,GH Worker,Faheem Ashraf,0,0,"",""
ball,2,3.4,New Zealand,HM Nicholls,GH Worker,Faheem Ashraf,0,0,"",""
ball,2,3.5,New Zealand,HM Nicholls,GH Worker,Faheem Ashraf,1,0,"",""
ball,2,3.6,New Zealand,GH Worker,HM Nicholls,Faheem Ashraf,1,0,"",""
ball,2,4.1,New Zealand,GH Worker,HM Nicholls,Shaheen Shah Afridi,0,0,"",""
ball,2,4.2,New Zealand,GH Worker,HM Nicholls,Shaheen Shah Afridi,1,0,"",""
ball,2,4.3,New Zealand,HM Nicholls,GH Worker,Shaheen Shah Afridi,2,0,"",""
ball,2,4.4,New Zealand,HM Nicholls,GH Worker,Shaheen Shah Afridi,1,0,"",""
ball,2,4.5,New Zealand,GH Worker,HM Nicholls,Shaheen Shah Afridi,0,0,"",""
ball,2,4.6,New Zealand,GH Worker,HM Nicholls,Shaheen Shah Afridi,0,0,"",""
ball,2,5.1,New Zealand,HM Nicholls,GH Worker,Faheem Ashraf,1,0,"",""
ball,2,5.2,New Zealand,GH Worker,HM Nicholls,Faheem Ashraf,0,0,"",""
ball,2,5.3,New Zealand,GH Worker,HM Nicholls,Faheem Ashraf,4,0,"",""
ball,2,5.4,New Zealand,GH Worker,HM Nicholls,Faheem Ashraf,4,0,"",""
ball,2,5.5,New Zealand,GH Worker,HM Nicholls,Faheem Ashraf,0,0,"",""
ball,2,5.6,New Zealand,GH Worker,HM Nicholls,Faheem Ashraf,0,0,"",""
ball,2,6.1,New Zealand,HM Nicholls,GH Worker,Shaheen Shah Afridi,0,0,"",""
ball,2,6.2,New Zealand,HM Nicholls,GH Worker,Shaheen Shah Afridi,0,0,"",""
ball,2,6.3,New Zealand,HM Nicholls,GH Worker,Shaheen Shah Afridi,1,0,"",""
ball,2,6.4,New Zealand,GH Worker,HM Nicholls,Shaheen Shah Afridi,1,0,"",""
ball,2,6.5,New Zealand,HM Nicholls,GH Worker,Shaheen Shah Afridi,4,0,"",""
