version,1.3.0
info,team,Afghanistan
info,team,Ireland
info,gender,male
info,season,2018/19
info,date,2019/03/10
info,series,Ireland tour of India 2018/19
info,match_number,5
info,venue,"Rajiv Gandhi International Cricket Stadium, Dehradun"
info,city,Dehra Dun
info,toss_winner,Ireland
info,toss_decision,field
info,player_of_match,Asghar Stanikzai
info,umpire,Bismillah Shinwari
info,umpire,S Ravi
info,reserve_umpire,Izatullah Safi
info,tv_umpire,Ahmed Shah Pakteen
info,match_referee,J Srinath
info,winner,Ireland
info,winner_wickets,5
ball,1,0.1,Afghanistan,Mohammad Shahzad,Javed Ahmadi,TJ Murtagh,6,0,"",""
ball,1,0.2,Afghanistan,Mohammad Shahzad,Javed Ahmadi,TJ Murtagh,0,0,"",""
ball,1,0.3,Afghanistan,Mohammad Shahzad,Javed Ahmadi,TJ Murtagh,0,0,"",""
ball,1,0.4,Afghanistan,Mohammad Shahzad,Javed Ahmadi,TJ Murtagh,0,0,caught,Mohammad Shahzad
ball,1,0.5,Afghanistan,Rahmat Shah,Javed Ahmadi,TJ Murtagh,1,0,"",""
ball,1,0.6,Afghanistan,Javed Ahmadi,Rahmat Shah,TJ Murtagh,1,0,"",""
ball,1,1.1,Afghanistan,Javed Ahmadi,Rahmat Shah,WB Rankin,0,0,"",""
ball,1,1.2,Afghanistan,Javed Ahmadi,Rahmat Shah,WB Rankin,1,0,"",""
ball,1,1.3,Afghanistan,Rahmat Shah,Javed Ahmadi,WB Rankin,1,0,"",""
ball,1,1.4,Afghanistan,Javed Ahmadi,Rahmat Shah,WB Rankin,0,0,"",""
ball,1,1.5,Afghanistan,Javed Ahmadi,Rahmat Shah,WB Rankin,0,0,"",""
ball,1,1.6,Afghanistan,Javed Ahmadi,Rahmat Shah,WB Rankin,4,0,"",""
ball,1,2.1,Afghanistan,Rahmat Shah,Javed Ahmadi,TJ Murtagh,0,0,"",""
ball,1,2.2,Afghanistan,Rahmat Shah,Javed Ahmadi,TJ Murtagh,0,0,"",""
ball,1,2.3,Afghanistan,Rahmat Shah,Javed Ahmadi,TJ Murtagh,0,0,"",""
ball,1,2.4,Afghanistan,Rahmat Shah,Javed Ahmadi,TJ Murtagh,0,0,"",""
ball,1,2.5,Afghanistan,Rahmat Shah,Javed Ahmadi,TJ Murtagh,0,0,"",""
ball,1,2.6,Afghanistan,Rahmat Shah,Javed Ahmadi,TJ Murtagh,0,0,"",""
ball,1,3.1,Afghanistan,Javed Ahmadi,Rahmat Shah,WB Rankin,0,0,"",""
ball,1,3.2,Afghanistan,Javed Ahmadi,Rahmat Shah,WB Rankin,0,0,"",""
ball,1,3.3,Afghanistan,Javed Ahmadi,Rahmat Shah,WB Rankin,4,0,"",""
ball,1,3.4,Afghanistan,Javed Ahmadi,Rahmat Shah,WB Rankin,0,0,"",""
ball,1,3.5,Afghanistan,Javed Ahmadi,Rahmat Shah,WB Rankin,0,0,"",""
ball,1,3.6,Afghanistan,Javed Ahmadi,Rahmat Shah,WB Rankin,1,0,"",""
ball,1,4.1,Afghanistan,Javed Ahmadi,Rahmat Shah,TJ Murtagh,0,0,"",""
ball,1,4.2,Afghanistan,Javed Ahmadi,Rahmat Shah,TJ Murtagh,1,0,"",""
ball,1,4.3,Afghanistan,Rahmat Shah,Javed Ahmadi,TJ Murtagh,0,0,"",""
ball,1,4.4,Afghanistan,Rahmat Shah,Javed Ahmadi,TJ Murtagh,0,0,"",""
ball,1,4.5,Afghanistan,Rahmat Shah,Javed Ahmadi,TJ Murtagh,0,0,"",""
ball,1,4.6,Afghanistan,Rahmat Shah,Javed Ahmadi,TJ Murtagh,0,0,"",""
ball,1,5.1,Afghanistan,Javed Ahmadi,Rahmat Shah,WB Rankin,0,1,"",""
ball,1,5.2,Afghanistan,Javed Ahmadi,Rahmat Shah,WB Rankin,0,0,"",""
ball,1,5.3,Afghanistan,Javed Ahmadi,Rahmat Shah,WB Rankin,1,0,"",""
ball,1,5.4,Afghanistan,Rahmat Shah,Javed Ahmadi,WB Rankin,0,0,"",""
ball,1,5.5,Afghanistan,Rahmat Shah,Javed Ahmadi,WB Rankin,0,0,"",""
ball,1,5.6,Afghanistan,Rahmat Shah,Javed Ahmadi,WB Rankin,0,0,"",""
ball,1,5.7,Afghanistan,Rahmat Shah,Javed Ahmadi,WB Rankin,0,0,"",""
ball,1,6.1,Afghanistan,Javed Ahmadi,Rahmat Shah,TJ Murtagh,0,0,"",""
ball,1,6.2,Afghanistan,Javed Ahmadi,Rahmat Shah,TJ Murtagh,1,0,"",""
ball,1,6.3,Afghanistan,Rahmat Shah,Javed Ahmadi,TJ Murtagh,1,0,"",""
ball,1,6.4,Afghanistan,Javed Ahmadi,Rahmat Shah,TJ Murtagh,6,0,"",""
ball,1,6.5,Afghanistan,Javed Ahmadi,Rahmat Shah,TJ Murtagh,0,0,"",""
ball,1,6.6,Afghanistan,Javed Ahmadi,Rahmat Shah,TJ Murtagh,0,0,"",""
ball,1,7.1,Afghanistan,Rahmat Shah,Javed Ahmadi,AR McBrine,0,0,"",""
ball,1,7.2,Afghanistan,Rahmat Shah,Javed Ahmadi,AR McBrine,0,0,"",""
ball,1,7.3,Afghanistan,Rahmat Shah,Javed Ahmadi,AR McBrine,0,0,"",""
ball,1,7.4,Afghanistan,Rahmat Shah,Javed Ahmadi,AR McBrine,0,0,"",""
ball,1,7.5,Afghanistan,Rahmat Shah,Javed Ahmadi,AR McBrine,0,0,"",""
ball,1,7.6,Afghanistan,Rahmat Shah,Javed Ahmadi,AR McBrine,1,0,"",""
ball,1,8.1,Afghanistan,Rahmat Shah,Javed Ahmadi,TJ Murtagh,0,0,"",""
ball,1,8.2,Afghanistan,Rahmat Shah,Javed Ahmadi,TJ Murtagh,0,0,"",""
ball,1,8.3,Afghanistan,Rahmat Shah,Javed Ahmadi,TJ Murtagh,0,0,"",""
ball,1,8.4,Afghanistan,Rahmat Shah,Javed Ahmadi,TJ Murtagh,1,0,"",""
ball,1,8.5,Afghanistan,Javed Ahmadi,Rahmat Shah,TJ Murtagh,0,0,"",""
ball,1,8.6,Afghanistan,Javed Ahmadi,Rahmat Shah,TJ Murtagh,0,0,"",""
ball,1,9.1,Afghanistan,Rahmat Shah,Javed Ahmadi,AR McBrine,0,0,"",""
ball,1,9.2,Afghanistan,Rahmat Shah,Javed Ahmadi,AR McBrine,0,0,"",""
ball,1,9.3,Afghanistan,Rahmat Shah,Javed Ahmadi,AR McBrine,2,0,"",""
ball,1,9.4,Afghanistan,Rahmat Shah,Javed Ahmadi,AR McBrine,0,0,"",""
ball,1,9.5,Afghanistan,Rahmat Shah,Javed Ahmadi,AR McBrine,0,0,"",""
ball,1,9.6,Afghanistan,Rahmat Shah,Javed Ahmadi,AR McBrine,0,0,"",""
ball,1,10.1,Afghanistan,Javed Ahmadi,Rahmat Shah,GH Dockrell,0,0,"",""
ball,1,10.2,Afghanistan,Javed Ahmadi,Rahmat Shah,GH Dockrell,0,0,"",""
ball,1,10.3,Afghanistan,Javed Ahmadi,Rahmat Shah,GH Dockrell,1,0,"",""
ball,1,10.4,Afghanistan,Rahmat Shah,Javed Ahmadi,GH Dockrell,0,0,"",""
ball,1,10.5,Afghanistan,Rahmat Shah,Javed Ahmadi,GH Dockrell,1,0,"",""
ball,1,10.6,Afghanistan,Javed Ahmadi,Rahmat Shah,GH Dockrell,1,0,"",""
ball,1,11.1,Afghanistan,Javed Ahmadi,Rahmat Shah,AR McBrine,2,0,"",""
ball,1,11.2,Afghanistan,Javed Ahmadi,Rahmat Shah,AR McBrine,0,0,"",""
ball,1,11.3,Afghanistan,Javed Ahmadi,Rahmat Shah,AR McBrine,0,0,bowled,Javed Ahmadi
ball,1,11.4,Afghanistan,Asghar Stanikzai,Rahmat Shah,AR McBrine,0,0,"",""
ball,1,11.5,Afghanistan,Asghar Stanikzai,Rahmat Shah,AR McBrine,0,0,"",""
ball,1,11.6,Afghanistan,Asghar Stanikzai,Rahmat Shah,AR McBrine,0,0,"",""
ball,1,12.1,Afghanistan,Rahmat Shah,Asghar Stanikzai,GH Dockrell,1,0,"",""
ball,1,12.2,Afghanistan,Asghar Stanikzai,Rahmat Shah,GH Dockrell,1,0,"",""
ball,1,12.3,Afghanistan,Rahmat Shah,Asghar Stanikzai,GH Dockrell,0,0,"",""
ball,1,12.4,Afghanistan,Rahmat Shah,Asghar Stanikzai,GH Dockrell,1,0,"",""
ball,1,12.5,Afghanistan,Asghar Stanikzai,Rahmat Shah,GH Dockrell,0,0,"",""
ball,1,12.6,Afghanistan,Asghar Stanikzai,Rahmat Shah,GH Dockrell,0,0,"",""
ball,1,13.1,Afghanistan,Rahmat Shah,Asghar Stanikzai,AR McBrine,1,0,"",""
ball,1,13.2,Afghanistan,Asghar Stanikzai,Rahmat Shah,AR McBrine,0,0,"",""
ball,1,13.3,Afghanistan,Asghar Stanikzai,Rahmat Shah,AR McBrine,0,0,"",""
ball,1,13.4,Afghanistan,Asghar Stanikzai,Rahmat Shah,AR McBrine,0,1,"",""
ball,1,13.5,Afghanistan,Asghar Stanikzai,Rahmat Shah,AR McBrine,0,0,"",""
ball,1,13.6,Afghanistan,Asghar Stanikzai,Rahmat Shah,AR McBrine,0,0,"",""
ball,1,13.7,Afghanistan,Asghar Stanikzai,Rahmat Shah,AR McBrine,0,0,"",""
ball,1,14.1,Afghanistan,Rahmat Shah,Asghar Stanikzai,GH Dockrell,0,0,"",""
ball,1,14.2,Afghanistan,Rahmat Shah,Asghar Stanikzai,GH Dockrell,6,0,"",""
ball,1,14.3,Afghanistan,Rahmat Shah,Asghar Stanikzai,GH Dockrell,0,0,caught,Rahmat Shah
ball,1,14.4,Afghanistan,Samiullah Shenwari,Asghar Stanikzai,GH Dockrell,0,0,caught,Samiullah Shenwari
ball,1,14.5,Afghanistan,Mohammad Nabi,Asghar Stanikzai,GH Dockrell,0,0,"",""
ball,1,14.6,Afghanistan,Mohammad Nabi,Asghar Stanikzai,GH Dockrell,0,0,"",""
ball,1,15.1,Afghanistan,Asghar Stanikzai,Mohammad Nabi,AR McBrine,0,0,"",""
ball,1,15.2,Afghanistan,Asghar Stanikzai,Mohammad Nabi,AR McBrine,0,0,"",""
ball,1,15.3,Afghanistan,Asghar Stanikzai,Mohammad Nabi,AR McBrine,0,0,"",""
ball,1,15.4,Afghanistan,Asghar Stanikzai,Mohammad Nabi,AR McBrine,0,0,"",""
ball,1,15.5,Afghanistan,Asghar Stanikzai,Mohammad Nabi,AR McBrine,0,0,"",""
ball,1,15.6,Afghanistan,Asghar Stanikzai,Mohammad Nabi,AR McBrine,0,0,"",""
ball,1,16.1,Afghanistan,Mohammad Nabi,Asghar Stanikzai,GH Dockrell,0,0,"",""
ball,1,16.2,Afghanistan,Mohammad Nabi,Asghar Stanikzai,GH Dockrell,0,0,"",""
ball,1,16.3,Afghanistan,Mohammad Nabi,Asghar Stanikzai,GH Dockrell,0,0,"",""
ball,1,16.4,Afghanistan,Mohammad Nabi,Asghar Stanikzai,GH Dockrell,1,0,"",""
ball,1,16.5,Afghanistan,Asghar Stanikzai,Mohammad Nabi,GH Dockrell,1,0,"",""
ball,1,16.6,Afghanistan,Mohammad Nabi,Asghar Stanikzai,GH Dockrell,1,0,"",""
ball,1,17.1,Afghanistan,Mohammad Nabi,Asghar Stanikzai,J Cameron-Dow,2,0,"",""
ball,1,17.2,Afghanistan,Mohammad Nabi,Asghar Stanikzai,J Cameron-Dow,0,0,"",""
ball,1,17.3,Afghanistan,Mohammad Nabi,Asghar Stanikzai,J Cameron-Dow,1,0,"",""
ball,1,17.4,Afghanistan,Asghar Stanikzai,Mohammad Nabi,J Cameron-Dow,0,0,"",""
ball,1,17.5,Afghanistan,Asghar Stanikzai,Mohammad Nabi,J Cameron-Dow,0,1,"",""
ball,1,17.6,Afghanistan,Asghar Stanikzai,Mohammad Nabi,J Cameron-Dow,0,0,"",""
ball,1,17.7,Afghanistan,Asghar Stanikzai,Mohammad Nabi,J Cameron-Dow,0,0,"",""
ball,1,18.1,Afghanistan,Mohammad Nabi,Asghar Stanikzai,GH Dockrell,0,0,"",""
ball,1,18.2,Afghanistan,Mohammad Nabi,Asghar Stanikzai,GH Dockrell,1,0,"",""
ball,1,18.3,Afghanistan,Asghar Stanikzai,Mohammad Nabi,GH Dockrell,0,0,"",""
ball,1,18.4,Afghanistan,Asghar Stanikzai,Mohammad Nabi,GH Dockrell,0,0,"",""
ball,1,18.5,Afghanistan,Asghar Stanikzai,Mohammad Nabi,GH Dockrell,0,0,"",""
ball,1,18.6,Afghanistan,Asghar Stanikzai,Mohammad Nabi,GH Dockrell,0,0,"",""
ball,1,19.1,Afghanistan,Mohammad Nabi,Asghar Stanikzai,J Cameron-Dow,4,0,"",""
ball,1,19.2,Afghanistan,Mohammad Nabi,Asghar Stanikzai,J Cameron-Dow,0,0,"",""
ball,1,19.3,Afghanistan,Mohammad Nabi,Asghar Stanikzai,J Cameron-Dow,2,0,"",""
ball,1,19.4,Afghanistan,Mohammad Nabi,Asghar Stanikzai,J Cameron-Dow,0,0,"",""
ball,1,19.5,Afghanistan,Mohammad Nabi,Asghar Stanikzai,J Cameron-Dow,0,0,"",""
ball,1,19.6,Afghanistan,Mohammad Nabi,Asghar Stanikzai,J Cameron-Dow,1,0,"",""
ball,1,20.1,Afghanistan,Mohammad Nabi,Asghar Stanikzai,GH Dockrell,1,0,"",""
ball,1,20.2,Afghanistan,Asghar Stanikzai,Mohammad Nabi,GH Dockrell,1,0,"",""
ball,1,20.3,Afghanistan,Mohammad Nabi,Asghar Stanikzai,GH Dockrell,0,0,"",""
ball,1,20.4,Afghanistan,Mohammad Nabi,Asghar Stanikzai,GH Dockrell,0,0,"",""
ball,1,20.5,Afghanistan,Mohammad Nabi,Asghar Stanikzai,GH Dockrell,0,0,"",""
ball,1,20.6,Afghanistan,Mohammad Nabi,Asghar Stanikzai,GH Dockrell,0,0,"",""
ball,1,21.1,Afghanistan,Asghar Stanikzai,Mohammad Nabi,J Cameron-Dow,1,0,"",""
ball,1,21.2,Afghanistan,Mohammad Nabi,Asghar Stanikzai,J Cameron-Dow,1,0,"",""
ball,1,21.3,Afghanistan,Asghar Stanikzai,Mohammad Nabi,J Cameron-Dow,0,0,"",""
ball,1,21.4,Afghanistan,Asghar Stanikzai,Mohammad Nabi,J Cameron-Dow,0,0,"",""
ball,1,21.5,Afghanistan,Asghar Stanikzai,Mohammad Nabi,J Cameron-Dow,0,0,"",""
ball,1,21.6,Afghanistan,Asghar Stanikzai,Mohammad Nabi,J Cameron-Dow,0,0,"",""
ball,1,22.1,Afghanistan,Mohammad Nabi,Asghar Stanikzai,Simi Singh,0,0,"",""
ball,1,22.2,Afghanistan,Mohammad Nabi,Asghar Stanikzai,Simi Singh,1,0,"",""
ball,1,22.3,Afghanistan,Asghar Stanikzai,Mohammad Nabi,Simi Singh,0,0,"",""
ball,1,22.4,Afghanistan,Asghar Stanikzai,Mohammad Nabi,Simi Singh,0,0,"",""
ball,1,22.5,Afghanistan,Asghar Stanikzai,Mohammad Nabi,Simi Singh,1,0,"",""
ball,1,22.6,Afghanistan,Mohammad Nabi,Asghar Stanikzai,Simi Singh,0,0,"",""
ball,1,23.1,Afghanistan,Asghar Stanikzai,Mohammad Nabi,J Cameron-Dow,0,0,"",""
ball,1,23.2,Afghanistan,Asghar Stanikzai,Mohammad Nabi,J Cameron-Dow,0,0,"",""
ball,1,23.3,Afghanistan,Asghar Stanikzai,Mohammad Nabi,J Cameron-Dow,1,0,"",""
ball,1,23.4,Afghanistan,Mohammad Nabi,Asghar Stanikzai,J Cameron-Dow,1,0,"",""
ball,1,23.5,Afghanistan,Asghar Stanikzai,Mohammad Nabi,J Cameron-Dow,0,0,"",""
ball,1,23.6,Afghanistan,Asghar Stanikzai,Mohammad Nabi,J Cameron-Dow,0,0,"",""
ball,1,24.1,Afghanistan,Mohammad Nabi,Asghar Stanikzai,Simi Singh,1,0,"",""
ball,1,24.2,Afghanistan,Asghar Stanikzai,Mohammad Nabi,Simi Singh,1,0,"",""
ball,1,24.3,Afghanistan,Mohammad Nabi,Asghar Stanikzai,Simi Singh,0,0,"",""
ball,1,24.4,Afghanistan,Mohammad Nabi,Asghar Stanikzai,Simi Singh,1,0,"",""
ball,1,24.5,Afghanistan,Asghar Stanikzai,Mohammad Nabi,Simi Singh,1,0,"",""
ball,1,24.6,Afghanistan,Mohammad Nabi,Asghar Stanikzai,Simi Singh,0,0,"",""
ball,1,25.1,Afghanistan,Asghar Stanikzai,Mohammad Nabi,J Cameron-Dow,0,0,"",""
ball,1,25.2,Afghanistan,Asghar Stanikzai,Mohammad Nabi,J Cameron-Dow,0,0,"",""
ball,1,25.3,Afghanistan,Asghar Stanikzai,Mohammad Nabi,J Cameron-Dow,4,0,"",""
ball,1,25.4,Afghanistan,Asghar Stanikzai,Mohammad Nabi,J Cameron-Dow,6,0,"",""
ball,1,25.5,Afghanistan,Asghar Stanikzai,Mohammad Nabi,J Cameron-Dow,0,0,"",""
ball,1,25.6,Afghanistan,Asghar Stanikzai,Mohammad Nabi,J Cameron-Dow,0,0,"",""
ball,1,26.1,Afghanistan,Mohammad Nabi,Asghar Stanikzai,Simi Singh,0,0,"",""
ball,1,26.2,Afghanistan,Mohammad Nabi,Asghar Stanikzai,Simi Singh,0,0,"",""
ball,1,26.3,Afghanistan,Mohammad Nabi,Asghar Stanikzai,Simi Singh,0,0,"",""
ball,1,26.4,Afghanistan,Mohammad Nabi,Asghar Stanikzai,Simi Singh,0,0,"",""
ball,1,26.5,Afghanistan,Mohammad Nabi,Asghar Stanikzai,Simi Singh,0,0,"",""
ball,1,26.6,Afghanistan,Mohammad Nabi,Asghar Stanikzai,Simi Singh,1,0,"",""
ball,1,27.1,Afghanistan,Mohammad Nabi,Asghar Stanikzai,AR McBrine,0,0,"",""
ball,1,27.2,Afghanistan,Mohammad Nabi,Asghar Stanikzai,AR McBrine,1,0,"",""
ball,1,27.3,Afghanistan,Asghar Stanikzai,Mohammad Nabi,AR McBrine,0,0,"",""
ball,1,27.4,Afghanistan,Asghar Stanikzai,Mohammad Nabi,AR McBrine,1,0,"",""
ball,1,27.5,Afghanistan,Mohammad Nabi,Asghar Stanikzai,AR McBrine,0,0,"",""
ball,1,27.6,Afghanistan,Mohammad Nabi,Asghar Stanikzai,AR McBrine,0,0,"",""
ball,1,28.1,Afghanistan,Asghar Stanikzai,Mohammad Nabi,WB Rankin,0,0,"",""
ball,1,28.2,Afghanistan,Asghar Stanikzai,Mohammad Nabi,WB Rankin,0,0,"",""
ball,1,28.3,Afghanistan,Asghar Stanikzai,Mohammad Nabi,WB Rankin,1,0,"",""
ball,1,28.4,Afghanistan,Mohammad Nabi,Asghar Stanikzai,WB Rankin,1,0,"",""
ball,1,28.5,Afghanistan,Asghar Stanikzai,Mohammad Nabi,WB Rankin,0,0,"",""
ball,1,28.6,Afghanistan,Asghar Stanikzai,Mohammad Nabi,WB Rankin,0,0,"",""
ball,1,29.1,Afghanistan,Mohammad Nabi,Asghar Stanikzai,Simi Singh,0,0,"",""
ball,1,29.2,Afghanistan,Mohammad Nabi,Asghar Stanikzai,Simi Singh,1,0,"",""
ball,1,29.3,Afghanistan,Asghar Stanikzai,Mohammad Nabi,Simi Singh,3,0,"",""
ball,1,29.4,Afghanistan,Mohammad Nabi,Asghar Stanikzai,Simi Singh,1,0,"",""
ball,1,29.5,Afghanistan,Asghar Stanikzai,Mohammad Nabi,Simi Singh,0,0,"",""
ball,1,29.6,Afghanistan,Asghar Stanikzai,Mohammad Nabi,Simi Singh,1,0,"",""
ball,1,30.1,Afghanistan,Asghar Stanikzai,Mohammad Nabi,WB Rankin,1,0,"",""
ball,1,30.2,Afghanistan,Mohammad Nabi,Asghar Stanikzai,WB Rankin,0,0,"",""
ball,1,30.3,Afghanistan,Mohammad Nabi,Asghar Stanikzai,WB Rankin,0,0,"",""
ball,1,30.4,Afghanistan,Mohammad Nabi,Asghar Stanikzai,WB Rankin,0,0,"",""
ball,1,30.5,Afghanistan,Mohammad Nabi,Asghar Stanikzai,WB Rankin,0,0,"",""
ball,1,30.6,Afghanistan,Mohammad Nabi,Asghar Stanikzai,WB Rankin,0,0,"",""
ball,1,31.1,Afghanistan,Asghar Stanikzai,Mohammad Nabi,J Cameron-Dow,1,0,"",""
ball,1,31.2,Afghanistan,Mohammad Nabi,Asghar Stanikzai,J Cameron-Dow,1,0,"",""
ball,1,31.3,Afghanistan,Asghar Stanikzai,Mohammad Nabi,J Cameron-Dow,1,0,"",""
ball,1,31.4,Afghanistan,Mohammad Nabi,Asghar Stanikzai,J Cameron-Dow,1,0,"",""
ball,1,31.5,Afghanistan,Asghar Stanikzai,Mohammad Nabi,J Cameron-Dow,0,0,"",""
ball,1,31.6,Afghanistan,Asghar Stanikzai,Mohammad Nabi,J Cameron-Dow,0,0,"",""
ball,1,32.1,Afghanistan,Mohammad Nabi,Asghar Stanikzai,TJ Murtagh,6,0,"",""
ball,1,32.2,Afghanistan,Mohammad Nabi,Asghar Stanikzai,TJ Murtagh,1,0,"",""
ball,1,32.3,Afghanistan,Asghar Stanikzai,Mohammad Nabi,TJ Murtagh,1,0,"",""
ball,1,32.4,Afghanistan,Mohammad Nabi,Asghar Stanikzai,TJ Murtagh,2,0,"",""
ball,1,32.5,Afghanistan,Mohammad Nabi,Asghar Stanikzai,TJ Murtagh,1,0,"",""
ball,1,32.6,Afghanistan,Asghar Stanikzai,Mohammad Nabi,TJ Murtagh,4,0,"",""
ball,1,33.1,Afghanistan,Mohammad Nabi,Asghar Stanikzai,Simi Singh,0,0,"",""
ball,1,33.2,Afghanistan,Mohammad Nabi,Asghar Stanikzai,Simi Singh,1,0,"",""
ball,1,33.3,Afghanistan,Asghar Stanikzai,Mohammad Nabi,Simi Singh,0,0,"",""
ball,1,33.4,Afghanistan,Asghar Stanikzai,Mohammad Nabi,Simi Singh,1,0,"",""
ball,1,33.5,Afghanistan,Mohammad Nabi,Asghar Stanikzai,Simi Singh,0,0,"",""
ball,1,33.6,Afghanistan,Mohammad Nabi,Asghar Stanikzai,Simi Singh,1,0,"",""
ball,1,34.1,Afghanistan,Mohammad Nabi,Asghar Stanikzai,GH Dockrell,0,0,"",""
ball,1,34.2,Afghanistan,Mohammad Nabi,Asghar Stanikzai,GH Dockrell,0,0,"",""
ball,1,34.3,Afghanistan,Mohammad Nabi,Asghar Stanikzai,GH Dockrell,0,0,"",""
ball,1,34.4,Afghanistan,Mohammad Nabi,Asghar Stanikzai,GH Dockrell,0,0,"",""
ball,1,34.5,Afghanistan,Mohammad Nabi,Asghar Stanikzai,GH Dockrell,0,0,"",""
ball,1,34.6,Afghanistan,Mohammad Nabi,Asghar Stanikzai,GH Dockrell,0,0,"",""
ball,1,35.1,Afghanistan,Asghar Stanikzai,Mohammad Nabi,Simi Singh,1,0,"",""
ball,1,35.2,Afghanistan,Mohammad Nabi,Asghar Stanikzai,Simi Singh,1,0,"",""
ball,1,35.3,Afghanistan,Asghar Stanikzai,Mohammad Nabi,Simi Singh,1,0,"",""
ball,1,35.4,Afghanistan,Mohammad Nabi,Asghar Stanikzai,Simi Singh,1,0,"",""
ball,1,35.5,Afghanistan,Asghar Stanikzai,Mohammad Nabi,Simi Singh,1,0,"",""
ball,1,35.6,Afghanistan,Mohammad Nabi,Asghar Stanikzai,Simi Singh,0,0,caught,Mohammad Nabi
ball,1,36.1,Afghanistan,Asghar Stanikzai,Najibullah Zadran,GH Dockrell,0,0,"",""
ball,1,36.2,Afghanistan,Asghar Stanikzai,Najibullah Zadran,GH Dockrell,1,0,"",""
ball,1,36.3,Afghanistan,Najibullah Zadran,Asghar Stanikzai,GH Dockrell,0,0,"",""
ball,1,36.4,Afghanistan,Najibullah Zadran,Asghar Stanikzai,GH Dockrell,0,0,"",""
ball,1,36.5,Afghanistan,Najibullah Zadran,Asghar Stanikzai,GH Dockrell,4,0,"",""
ball,1,36.6,Afghanistan,Najibullah Zadran,Asghar Stanikzai,GH Dockrell,0,0,"",""
ball,1,37.1,Afghanistan,Asghar Stanikzai,Najibullah Zadran,AR McBrine,1,0,"",""
ball,1,37.2,Afghanistan,Najibullah Zadran,Asghar Stanikzai,AR McBrine,0,0,"",""
ball,1,37.3,Afghanistan,Najibullah Zadran,Asghar Stanikzai,AR McBrine,0,0,"",""
ball,1,37.4,Afghanistan,Najibullah Zadran,Asghar Stanikzai,AR McBrine,0,0,"",""
ball,1,37.5,Afghanistan,Najibullah Zadran,Asghar Stanikzai,AR McBrine,1,0,"",""
ball,1,37.6,Afghanistan,Asghar Stanikzai,Najibullah Zadran,AR McBrine,1,0,"",""
ball,1,38.1,Afghanistan,Asghar Stanikzai,Najibullah Zadran,J Cameron-Dow,0,0,"",""
ball,1,38.2,Afghanistan,Asghar Stanikzai,Najibullah Zadran,J Cameron-Dow,0,0,"",""
ball,1,38.3,Afghanistan,Asghar Stanikzai,Najibullah Zadran,J Cameron-Dow,0,0,"",""
ball,1,38.4,Afghanistan,Asghar Stanikzai,Najibullah Zadran,J Cameron-Dow,1,0,"",""
ball,1,38.5,Afghanistan,Najibullah Zadran,Asghar Stanikzai,J Cameron-Dow,2,0,"",""
ball,1,38.6,Afghanistan,Najibullah Zadran,Asghar Stanikzai,J Cameron-Dow,0,0,"",""
ball,1,39.1,Afghanistan,Asghar Stanikzai,Najibullah Zadran,AR McBrine,0,0,"",""
ball,1,39.2,Afghanistan,Asghar Stanikzai,Najibullah Zadran,AR McBrine,2,0,"",""
ball,1,39.3,Afghanistan,Asghar Stanikzai,Najibullah Zadran,AR McBrine,0,0,"",""
ball,1,39.4,Afghanistan,Asghar Stanikzai,Najibullah Zadran,AR McBrine,1,0,"",""
ball,1,39.5,Afghanistan,Najibullah Zadran,Asghar Stanikzai,AR McBrine,0,0,"",""
ball,1,39.6,Afghanistan,Najibullah Zadran,Asghar Stanikzai,AR McBrine,0,0,"",""
ball,1,40.1,Afghanistan,Asghar Stanikzai,Najibullah Zadran,J Cameron-Dow,0,0,"",""
ball,1,40.2,Afghanistan,Asghar Stanikzai,Najibullah Zadran,J Cameron-Dow,1,0,"",""
ball,1,40.3,Afghanistan,Najibullah Zadran,Asghar Stanikzai,J Cameron-Dow,0,0,"",""
ball,1,40.4,Afghanistan,Najibullah Zadran,Asghar Stanikzai,J Cameron-Dow,0,0,caught,Najibullah Zadran
ball,1,40.5,Afghanistan,Rashid Khan,Asghar Stanikzai,J Cameron-Dow,1,0,"",""
ball,1,40.6,Afghanistan,Asghar Stanikzai,Rashid Khan,J Cameron-Dow,1,0,"",""
ball,1,41.1,Afghanistan,Asghar Stanikzai,Rashid Khan,Simi Singh,1,0,"",""
ball,1,41.2,Afghanistan,Rashid Khan,Asghar Stanikzai,Simi Singh,0,0,"",""
ball,1,41.3,Afghanistan,Rashid Khan,Asghar Stanikzai,Simi Singh,1,0,"",""
ball,1,41.4,Afghanistan,Asghar Stanikzai,Rashid Khan,Simi Singh,1,0,"",""
ball,1,41.5,Afghanistan,Rashid Khan,Asghar Stanikzai,Simi Singh,0,0,"",""
ball,1,41.6,Afghanistan,Rashid Khan,Asghar Stanikzai,Simi Singh,0,0,"",""
ball,1,42.1,Afghanistan,Asghar Stanikzai,Rashid Khan,J Cameron-Dow,1,0,"",""
ball,1,42.2,Afghanistan,Rashid Khan,Asghar Stanikzai,J Cameron-Dow,4,0,"",""
ball,1,42.3,Afghanistan,Rashid Khan,Asghar Stanikzai,J Cameron-Dow,1,0,"",""
ball,1,42.4,Afghanistan,Asghar Stanikzai,Rashid Khan,J Cameron-Dow,0,0,"",""
ball,1,42.5,Afghanistan,Asghar Stanikzai,Rashid Khan,J Cameron-Dow,0,0,"",""
ball,1,42.6,Afghanistan,Asghar Stanikzai,Rashid Khan,J Cameron-Dow,1,0,"",""
ball,1,43.1,Afghanistan,Asghar Stanikzai,Rashid Khan,Simi Singh,1,0,"",""
ball,1,43.2,Afghanistan,Rashid Khan,Asghar Stanikzai,Simi Singh,1,0,"",""
ball,1,43.3,Afghanistan,Asghar Stanikzai,Rashid Khan,Simi Singh,0,0,"",""
ball,1,43.4,Afghanistan,Asghar Stanikzai,Rashid Khan,Simi Singh,1,0,"",""
ball,1,43.5,Afghanistan,Rashid Khan,Asghar Stanikzai,Simi Singh,0,0,"",""
ball,1,43.6,Afghanistan,Rashid Khan,Asghar Stanikzai,Simi Singh,0,0,"",""
ball,1,44.1,Afghanistan,Asghar Stanikzai,Rashid Khan,J Cameron-Dow,1,0,"",""
ball,1,44.2,Afghanistan,Rashid Khan,Asghar Stanikzai,J Cameron-Dow,0,0,"",""
ball,1,44.3,Afghanistan,Rashid Khan,Asghar Stanikzai,J Cameron-Dow,1,0,"",""
ball,1,44.4,Afghanistan,Asghar Stanikzai,Rashid Khan,J Cameron-Dow,0,0,"",""
ball,1,44.5,Afghanistan,Asghar Stanikzai,Rashid Khan,J Cameron-Dow,1,0,"",""
ball,1,44.6,Afghanistan,Rashid Khan,Asghar Stanikzai,J Cameron-Dow,1,0,"",""
ball,1,45.1,Afghanistan,Rashid Khan,Asghar Stanikzai,AR McBrine,1,0,"",""
ball,1,45.2,Afghanistan,Asghar Stanikzai,Rashid Khan,AR McBrine,4,0,"",""
ball,1,45.3,Afghanistan,Asghar Stanikzai,Rashid Khan,AR McBrine,0,0,"",""
ball,1,45.4,Afghanistan,Asghar Stanikzai,Rashid Khan,AR McBrine,0,0,"",""
ball,1,45.5,Afghanistan,Asghar Stanikzai,Rashid Khan,AR McBrine,1,0,"",""
ball,1,45.6,Afghanistan,Rashid Khan,Asghar Stanikzai,AR McBrine,0,0,"",""
ball,1,46.1,Afghanistan,Asghar Stanikzai,Rashid Khan,GH Dockrell,0,0,"",""
ball,1,46.2,Afghanistan,Asghar Stanikzai,Rashid Khan,GH Dockrell,1,0,"",""
ball,1,46.3,Afghanistan,Rashid Khan,Asghar Stanikzai,GH Dockrell,6,0,"",""
ball,1,46.4,Afghanistan,Rashid Khan,Asghar Stanikzai,GH Dockrell,0,0,"",""
ball,1,46.5,Afghanistan,Rashid Khan,Asghar Stanikzai,GH Dockrell,1,0,"",""
ball,1,46.6,Afghanistan,Asghar Stanikzai,Rashid Khan,GH Dockrell,1,0,"",""
ball,1,47.1,Afghanistan,Asghar Stanikzai,Rashid Khan,AR McBrine,6,0,"",""
ball,1,47.2,Afghanistan,Asghar Stanikzai,Rashid Khan,AR McBrine,1,0,"",""
ball,1,47.3,Afghanistan,Rashid Khan,Asghar Stanikzai,AR McBrine,0,0,"",""
ball,1,47.4,Afghanistan,Rashid Khan,Asghar Stanikzai,AR McBrine,1,0,"",""
ball,1,47.5,Afghanistan,Asghar Stanikzai,Rashid Khan,AR McBrine,1,0,"",""
ball,1,47.6,Afghanistan,Rashid Khan,Asghar Stanikzai,AR McBrine,0,0,"",""
ball,1,48.1,Afghanistan,Asghar Stanikzai,Rashid Khan,Simi Singh,4,0,"",""
ball,1,48.2,Afghanistan,Asghar Stanikzai,Rashid Khan,Simi Singh,4,0,"",""
ball,1,48.3,Afghanistan,Asghar Stanikzai,Rashid Khan,Simi Singh,1,0,"",""
ball,1,48.4,Afghanistan,Rashid Khan,Asghar Stanikzai,Simi Singh,4,0,"",""
ball,1,48.5,Afghanistan,Rashid Khan,Asghar Stanikzai,Simi Singh,1,0,"",""
ball,1,48.6,Afghanistan,Asghar Stanikzai,Rashid Khan,Simi Singh,4,0,"",""
ball,1,49.1,Afghanistan,Rashid Khan,Asghar Stanikzai,GH Dockrell,2,0,"",""
ball,1,49.2,Afghanistan,Rashid Khan,Asghar Stanikzai,GH Dockrell,1,0,"",""
ball,1,49.3,Afghanistan,Asghar Stanikzai,Rashid Khan,GH Dockrell,1,0,retired hurt,Asghar Stanikzai
ball,1,49.4,Afghanistan,Rashid Khan,Mujeeb Ur Rahman,GH Dockrell,2,0,"",""
ball,1,49.5,Afghanistan,Rashid Khan,Mujeeb Ur Rahman,GH Dockrell,6,0,"",""
ball,1,49.6,Afghanistan,Rashid Khan,Mujeeb Ur Rahman,GH Dockrell,0,1,"",""
ball,1,49.7,Afghanistan,Rashid Khan,Mujeeb Ur Rahman,GH Dockrell,0,1,"",""
ball,1,49.8,Afghanistan,Rashid Khan,Mujeeb Ur Rahman,GH Dockrell,0,0,"",""
ball,2,0.1,Ireland,WTS Porterfield,PR Stirling,Mujeeb Ur Rahman,0,0,"",""
ball,2,0.2,Ireland,WTS Porterfield,PR Stirling,Mujeeb Ur Rahman,0,0,"",""
ball,2,0.3,Ireland,WTS Porterfield,PR Stirling,Mujeeb Ur Rahman,0,0,"",""
ball,2,0.4,Ireland,WTS Porterfield,PR Stirling,Mujeeb Ur Rahman,0,0,"",""
ball,2,0.5,Ireland,WTS Porterfield,PR Stirling,Mujeeb Ur Rahman,0,0,"",""
ball,2,0.6,Ireland,WTS Porterfield,PR Stirling,Mujeeb Ur Rahman,0,0,"",""
ball,2,1.1,Ireland,PR Stirling,WTS Porterfield,Shapoor Zadran,0,0,"",""
ball,2,1.2,Ireland,PR Stirling,WTS Porterfield,Shapoor Zadran,4,0,"",""
ball,2,1.3,Ireland,PR Stirling,WTS Porterfield,Shapoor Zadran,1,0,"",""
ball,2,1.4,Ireland,WTS Porterfield,PR Stirling,Shapoor Zadran,0,0,"",""
ball,2,1.5,Ireland,WTS Porterfield,PR Stirling,Shapoor Zadran,4,0,"",""
ball,2,1.6,Ireland,WTS Porterfield,PR Stirling,Shapoor Zadran,0,0,"",""
ball,2,2.1,Ireland,PR Stirling,WTS Porterfield,Mujeeb Ur Rahman,0,0,"",""
ball,2,2.2,Ireland,PR Stirling,WTS Porterfield,Mujeeb Ur Rahman,0,0,"",""
ball,2,2.3,Ireland,PR Stirling,WTS Porterfield,Mujeeb Ur Rahman,0,0,"",""
ball,2,2.4,Ireland,PR Stirling,WTS Porterfield,Mujeeb Ur Rahman,4,0,"",""
ball,2,2.5,Ireland,PR Stirling,WTS Porterfield,Mujeeb Ur Rahman,0,0,"",""
ball,2,2.6,Ireland,PR Stirling,WTS Porterfield,Mujeeb Ur Rahman,0,0,"",""
ball,2,3.1,Ireland,WTS Porterfield,PR Stirling,Shapoor Zadran,4,0,"",""
ball,2,3.2,Ireland,WTS Porterfield,PR Stirling,Shapoor Zadran,0,0,"",""
ball,2,3.3,Ireland,WTS Porterfield,PR Stirling,Shapoor Zadran,0,0,"",""
ball,2,3.4,Ireland,WTS Porterfield,PR Stirling,Shapoor Zadran,0,0,"",""
ball,2,3.5,Ireland,WTS Porterfield,PR Stirling,Shapoor Zadran,0,1,"",""
ball,2,3.6,Ireland,PR Stirling,WTS Porterfield,Shapoor Zadran,0,0,"",""
ball,2,4.1,Ireland,WTS Porterfield,PR Stirling,Mujeeb Ur Rahman,0,0,"",""
ball,2,4.2,Ireland,WTS Porterfield,PR Stirling,Mujeeb Ur Rahman,0,0,"",""
ball,2,4.3,Ireland,WTS Porterfield,PR Stirling,Mujeeb Ur Rahman,0,0,"",""
ball,2,4.4,Ireland,WTS Porterfield,PR Stirling,Mujeeb Ur Rahman,0,0,"",""
ball,2,4.5,Ireland,WTS Porterfield,PR Stirling,Mujeeb Ur Rahman,0,0,"",""
ball,2,4.6,Ireland,WTS Porterfield,PR Stirling,Mujeeb Ur Rahman,0,0,"",""
ball,2,5.1,Ireland,PR Stirling,WTS Porterfield,Shapoor Zadran,0,0,"",""
ball,2,5.2,Ireland,PR Stirling,WTS Porterfield,Shapoor Zadran,4,0,"",""
ball,2,5.3,Ireland,PR Stirling,WTS Porterfield,Shapoor Zadran,4,0,"",""
ball,2,5.4,Ireland,PR Stirling,WTS Porterfield,Shapoor Zadran,0,0,"",""
ball,2,5.5,Ireland,PR Stirling,WTS Porterfield,Shapoor Zadran,0,0,"",""
ball,2,5.6,Ireland,PR Stirling,WTS Porterfield,Shapoor Zadran,0,1,"",""
ball,2,6.1,Ireland,PR Stirling,WTS Porterfield,Mujeeb Ur Rahman,1,0,"",""
ball,2,6.2,Ireland,WTS Porterfield,PR Stirling,Mujeeb Ur Rahman,1,0,"",""
ball,2,6.3,Ireland,PR Stirling,WTS Porterfield,Mujeeb Ur Rahman,0,0,"",""
ball,2,6.4,Ireland,PR Stirling,WTS Porterfield,Mujeeb Ur Rahman,0,0,"",""
ball,2,6.5,Ireland,PR Stirling,WTS Porterfield,Mujeeb Ur Rahman,0,0,"",""
ball,2,6.6,Ireland,PR Stirling,WTS Porterfield,Mujeeb Ur Rahman,4,0,"",""
ball,2,7.1,Ireland,WTS Porterfield,PR Stirling,Mohammad Nabi,1,0,"",""
ball,2,7.2,Ireland,PR Stirling,WTS Porterfield,Mohammad Nabi,0,0,"",""
ball,2,7.3,Ireland,PR Stirling,WTS Porterfield,Mohammad Nabi,0,0,"",""
ball,2,7.4,Ireland,PR Stirling,WTS Porterfield,Mohammad Nabi,0,0,"",""
ball,2,7.5,Ireland,PR Stirling,WTS Porterfield,Mohammad Nabi,0,0,"",""
ball,2,7.6,Ireland,PR Stirling,WTS Porterfield,Mohammad Nabi,0,0,"",""
ball,2,8.1,Ireland,WTS Porterfield,PR Stirling,Mujeeb Ur Rahman,0,0,"",""
ball,2,8.2,Ireland,WTS Porterfield,PR Stirling,Mujeeb Ur Rahman,0,0,"",""
ball,2,8.3,Ireland,WTS Porterfield,PR Stirling,Mujeeb Ur Rahman,0,0,"",""
ball,2,8.4,Ireland,WTS Porterfield,PR Stirling,Mujeeb Ur Rahman,0,0,"",""
ball,2,8.5,Ireland,WTS Porterfield,PR Stirling,Mujeeb Ur Rahman,4,0,"",""
ball,2,8.6,Ireland,WTS Porterfield,PR Stirling,Mujeeb Ur Rahman,0,0,"",""
ball,2,9.1,Ireland,PR Stirling,WTS Porterfield,Mohammad Nabi,1,0,"",""
ball,2,9.2,Ireland,WTS Porterfield,PR Stirling,Mohammad Nabi,1,0,"",""
ball,2,9.3,Ireland,PR Stirling,WTS Porterfield,Mohammad Nabi,2,0,"",""
ball,2,9.4,Ireland,PR Stirling,WTS Porterfield,Mohammad Nabi,0,0,"",""
ball,2,9.5,Ireland,PR Stirling,WTS Porterfield,Mohammad Nabi,0,0,"",""
ball,2,9.6,Ireland,PR Stirling,WTS Porterfield,Mohammad Nabi,6,0,"",""
ball,2,10.1,Ireland,WTS Porterfield,PR Stirling,Mujeeb Ur Rahman,0,0,"",""
ball,2,10.2,Ireland,WTS Porterfield,PR Stirling,Mujeeb Ur Rahman,0,0,"",""
ball,2,10.3,Ireland,WTS Porterfield,PR Stirling,Mujeeb Ur Rahman,0,0,"",""
ball,2,10.4,Ireland,WTS Porterfield,PR Stirling,Mujeeb Ur Rahman,2,0,"",""
ball,2,10.5,Ireland,WTS Porterfield,PR Stirling,Mujeeb Ur Rahman,0,0,"",""
ball,2,10.6,Ireland,WTS Porterfield,PR Stirling,Mujeeb Ur Rahman,0,0,"",""
ball,2,11.1,Ireland,PR Stirling,WTS Porterfield,Mohammad Nabi,1,0,"",""
ball,2,11.2,Ireland,WTS Porterfield,PR Stirling,Mohammad Nabi,0,0,"",""
ball,2,11.3,Ireland,WTS Porterfield,PR Stirling,Mohammad Nabi,0,0,"",""
ball,2,11.4,Ireland,WTS Porterfield,PR Stirling,Mohammad Nabi,0,0,"",""
ball,2,11.5,Ireland,WTS Porterfield,PR Stirling,Mohammad Nabi,0,0,"",""
ball,2,11.6,Ireland,WTS Porterfield,PR Stirling,Mohammad Nabi,0,0,"",""
ball,2,12.1,Ireland,PR Stirling,WTS Porterfield,Zahir Khan,4,0,"",""
ball,2,12.2,Ireland,PR Stirling,WTS Porterfield,Zahir Khan,0,0,"",""
ball,2,12.3,Ireland,PR Stirling,WTS Porterfield,Zahir Khan,0,0,"",""
ball,2,12.4,Ireland,PR Stirling,WTS Porterfield,Zahir Khan,0,1,"",""
ball,2,12.5,Ireland,PR Stirling,WTS Porterfield,Zahir Khan,0,0,"",""
ball,2,12.6,Ireland,PR Stirling,WTS Porterfield,Zahir Khan,1,0,"",""
ball,2,12.7,Ireland,WTS Porterfield,PR Stirling,Zahir Khan,0,0,bowled,WTS Porterfield
ball,2,13.1,Ireland,PR Stirling,A Balbirnie,Mohammad Nabi,1,0,"",""
ball,2,13.2,Ireland,A Balbirnie,PR Stirling,Mohammad Nabi,2,0,"",""
ball,2,13.3,Ireland,A Balbirnie,PR Stirling,Mohammad Nabi,1,0,"",""
ball,2,13.4,Ireland,PR Stirling,A Balbirnie,Mohammad Nabi,0,0,"",""
ball,2,13.5,Ireland,PR Stirling,A Balbirnie,Mohammad Nabi,1,0,"",""
ball,2,13.6,Ireland,A Balbirnie,PR Stirling,Mohammad Nabi,4,0,"",""
ball,2,14.1,Ireland,PR Stirling,A Balbirnie,Zahir Khan,1,0,"",""
ball,2,14.2,Ireland,A Balbirnie,PR Stirling,Zahir Khan,0,0,"",""
ball,2,14.3,Ireland,A Balbirnie,PR Stirling,Zahir Khan,0,0,"",""
ball,2,14.4,Ireland,A Balbirnie,PR Stirling,Zahir Khan,0,0,"",""
ball,2,14.5,Ireland,A Balbirnie,PR Stirling,Zahir Khan,0,0,"",""
ball,2,14.6,Ireland,A Balbirnie,PR Stirling,Zahir Khan,0,0,"",""
ball,2,15.1,Ireland,PR Stirling,A Balbirnie,Mohammad Nabi,1,0,"",""
ball,2,15.2,Ireland,A Balbirnie,PR Stirling,Mohammad Nabi,1,0,"",""
ball,2,15.3,Ireland,PR Stirling,A Balbirnie,Mohammad Nabi,0,0,"",""
ball,2,15.4,Ireland,PR Stirling,A Balbirnie,Mohammad Nabi,0,0,"",""
ball,2,15.5,Ireland,PR Stirling,A Balbirnie,Mohammad Nabi,1,0,"",""
ball,2,15.6,Ireland,A Balbirnie,PR Stirling,Mohammad Nabi,1,0,"",""
ball,2,16.1,Ireland,A Balbirnie,PR Stirling,Zahir Khan,1,0,"",""
ball,2,16.2,Ireland,PR Stirling,A Balbirnie,Zahir Khan,1,0,"",""
ball,2,16.3,Ireland,A Balbirnie,PR Stirling,Zahir Khan,1,0,"",""
ball,2,16.4,Ireland,PR Stirling,A Balbirnie,Zahir Khan,0,0,"",""
ball,2,16.5,Ireland,PR Stirling,A Balbirnie,Zahir Khan,1,0,"",""
ball,2,16.6,Ireland,A Balbirnie,PR Stirling,Zahir Khan,1,0,"",""
ball,2,17.1,Ireland,A Balbirnie,PR Stirling,Rashid Khan,0,0,"",""
ball,2,17.2,Ireland,A Balbirnie,PR Stirling,Rashid Khan,2,0,"",""
ball,2,17.3,Ireland,A Balbirnie,PR Stirling,Rashid Khan,0,0,"",""
ball,2,17.4,Ireland,A Balbirnie,PR Stirling,Rashid Khan,1,0,"",""
ball,2,17.5,Ireland,PR Stirling,A Balbirnie,Rashid Khan,0,0,"",""
ball,2,17.6,Ireland,PR Stirling,A Balbirnie,Rashid Khan,0,0,"",""
ball,2,18.1,Ireland,A Balbirnie,PR Stirling,Zahir Khan,1,0,"",""
ball,2,18.2,Ireland,PR Stirling,A Balbirnie,Zahir Khan,1,0,"",""
ball,2,18.3,Ireland,A Balbirnie,PR Stirling,Zahir Khan,1,0,"",""
ball,2,18.4,Ireland,PR Stirling,A Balbirnie,Zahir Khan,1,0,"",""
ball,2,18.5,Ireland,A Balbirnie,PR Stirling,Zahir Khan,1,0,"",""
ball,2,18.6,Ireland,PR Stirling,A Balbirnie,Zahir Khan,0,0,"",""
ball,2,19.1,Ireland,A Balbirnie,PR Stirling,Rashid Khan,4,0,"",""
ball,2,19.2,Ireland,A Balbirnie,PR Stirling,Rashid Khan,0,0,"",""
ball,2,19.3,Ireland,A Balbirnie,PR Stirling,Rashid Khan,4,0,"",""
ball,2,19.4,Ireland,A Balbirnie,PR Stirling,Rashid Khan,0,0,"",""
ball,2,19.5,Ireland,A Balbirnie,PR Stirling,Rashid Khan,1,0,"",""
ball,2,19.6,Ireland,PR Stirling,A Balbirnie,Rashid Khan,1,0,"",""
ball,2,20.1,Ireland,PR Stirling,A Balbirnie,Zahir Khan,1,0,"",""
ball,2,20.2,Ireland,A Balbirnie,PR Stirling,Zahir Khan,0,0,"",""
ball,2,20.3,Ireland,A Balbirnie,PR Stirling,Zahir Khan,0,0,"",""
ball,2,20.4,Ireland,A Balbirnie,PR Stirling,Zahir Khan,0,0,"",""
ball,2,20.5,Ireland,A Balbirnie,PR Stirling,Zahir Khan,0,0,"",""
ball,2,20.6,Ireland,A Balbirnie,PR Stirling,Zahir Khan,0,0,"",""
ball,2,21.1,Ireland,PR Stirling,A Balbirnie,Shapoor Zadran,0,0,"",""
ball,2,21.2,Ireland,PR Stirling,A Balbirnie,Shapoor Zadran,0,0,"",""
ball,2,21.3,Ireland,PR Stirling,A Balbirnie,Shapoor Zadran,1,0,"",""
ball,2,21.4,Ireland,A Balbirnie,PR Stirling,Shapoor Zadran,1,0,"",""
ball,2,21.5,Ireland,PR Stirling,A Balbirnie,Shapoor Zadran,0,0,"",""
ball,2,21.6,Ireland,PR Stirling,A Balbirnie,Shapoor Zadran,1,0,"",""
ball,2,22.1,Ireland,PR Stirling,A Balbirnie,Zahir Khan,0,5,"",""
ball,2,22.2,Ireland,PR Stirling,A Balbirnie,Zahir Khan,1,0,"",""
ball,2,22.3,Ireland,A Balbirnie,PR Stirling,Zahir Khan,2,0,"",""
ball,2,22.4,Ireland,A Balbirnie,PR Stirling,Zahir Khan,0,0,"",""
ball,2,22.5,Ireland,A Balbirnie,PR Stirling,Zahir Khan,0,0,"",""
ball,2,22.6,Ireland,A Balbirnie,PR Stirling,Zahir Khan,1,0,"",""
ball,2,22.7,Ireland,PR Stirling,A Balbirnie,Zahir Khan,0,0,"",""
ball,2,23.1,Ireland,A Balbirnie,PR Stirling,Shapoor Zadran,0,0,"",""
ball,2,23.2,Ireland,A Balbirnie,PR Stirling,Shapoor Zadran,0,0,"",""
ball,2,23.3,Ireland,A Balbirnie,PR Stirling,Shapoor Zadran,1,0,"",""
ball,2,23.4,Ireland,PR Stirling,A Balbirnie,Shapoor Zadran,1,0,"",""
ball,2,23.5,Ireland,A Balbirnie,PR Stirling,Shapoor Zadran,0,0,"",""
ball,2,23.6,Ireland,A Balbirnie,PR Stirling,Shapoor Zadran,2,0,"",""
ball,2,24.1,Ireland,PR Stirling,A Balbirnie,Rashid Khan,1,0,"",""
ball,2,24.2,Ireland,A Balbirnie,PR Stirling,Rashid Khan,0,0,"",""
ball,2,24.3,Ireland,A Balbirnie,PR Stirling,Rashid Khan,1,0,"",""
ball,2,24.4,Ireland,PR Stirling,A Balbirnie,Rashid Khan,1,0,"",""
ball,2,24.5,Ireland,A Balbirnie,PR Stirling,Rashid Khan,0,0,"",""
ball,2,24.6,Ireland,A Balbirnie,PR Stirling,Rashid Khan,0,0,"",""
ball,2,25.1,Ireland,PR Stirling,A Balbirnie,Shapoor Zadran,0,0,"",""
ball,2,25.2,Ireland,PR Stirling,A Balbirnie,Shapoor Zadran,0,0,"",""
ball,2,25.3,Ireland,PR Stirling,A Balbirnie,Shapoor Zadran,4,0,"",""
ball,2,25.4,Ireland,PR Stirling,A Balbirnie,Shapoor Zadran,1,0,"",""
ball,2,25.5,Ireland,A Balbirnie,PR Stirling,Shapoor Zadran,0,0,"",""
ball,2,25.6,Ireland,A Balbirnie,PR Stirling,Shapoor Zadran,1,0,"",""
ball,2,26.1,Ireland,A Balbirnie,PR Stirling,Rashid Khan,1,0,"",""
ball,2,26.2,Ireland,PR Stirling,A Balbirnie,Rashid Khan,0,0,"",""
ball,2,26.3,Ireland,PR Stirling,A Balbirnie,Rashid Khan,0,0,"",""
ball,2,26.4,Ireland,PR Stirling,A Balbirnie,Rashid Khan,0,0,"",""
ball,2,26.5,Ireland,PR Stirling,A Balbirnie,Rashid Khan,1,0,"",""
ball,2,26.6,Ireland,A Balbirnie,PR Stirling,Rashid Khan,0,0,"",""
ball,2,27.1,Ireland,PR Stirling,A Balbirnie,Mohammad Nabi,1,0,"",""
ball,2,27.2,Ireland,A Balbirnie,PR Stirling,Mohammad Nabi,0,0,"",""
ball,2,27.3,Ireland,A Balbirnie,PR Stirling,Mohammad Nabi,1,0,"",""
ball,2,27.4,Ireland,PR Stirling,A Balbirnie,Mohammad Nabi,0,0,"",""
ball,2,27.5,Ireland,PR Stirling,A Balbirnie,Mohammad Nabi,0,0,"",""
ball,2,27.6,Ireland,PR Stirling,A Balbirnie,Mohammad Nabi,1,0,"",""
ball,2,28.1,Ireland,PR Stirling,A Balbirnie,Rashid Khan,0,0,"",""
ball,2,28.2,Ireland,PR Stirling,A Balbirnie,Rashid Khan,0,0,"",""
ball,2,28.3,Ireland,PR Stirling,A Balbirnie,Rashid Khan,0,0,"",""
ball,2,28.4,Ireland,PR Stirling,A Balbirnie,Rashid Khan,0,0,"",""
ball,2,28.5,Ireland,PR Stirling,A Balbirnie,Rashid Khan,1,0,"",""
ball,2,28.6,Ireland,A Balbirnie,PR Stirling,Rashid Khan,0,1,"",""
ball,2,29.1,Ireland,A Balbirnie,PR Stirling,Mohammad Nabi,1,0,"",""
ball,2,29.2,Ireland,PR Stirling,A Balbirnie,Mohammad Nabi,0,0,"",""
ball,2,29.3,Ireland,PR Stirling,A Balbirnie,Mohammad Nabi,1,0,"",""
ball,2,29.4,Ireland,A Balbirnie,PR Stirling,Mohammad Nabi,1,0,"",""
ball,2,29.5,Ireland,PR Stirling,A Balbirnie,Mohammad Nabi,0,0,"",""
ball,2,29.6,Ireland,PR Stirling,A Balbirnie,Mohammad Nabi,6,0,"",""
ball,2,30.1,Ireland,A Balbirnie,PR Stirling,Rashid Khan,0,0,"",""
ball,2,30.2,Ireland,A Balbirnie,PR Stirling,Rashid Khan,1,0,"",""
ball,2,30.3,Ireland,PR Stirling,A Balbirnie,Rashid Khan,0,1,"",""
ball,2,30.4,Ireland,PR Stirling,A Balbirnie,Rashid Khan,0,0,"",""
ball,2,30.5,Ireland,PR Stirling,A Balbirnie,Rashid Khan,0,0,lbw,PR Stirling
ball,2,30.6,Ireland,Simi Singh,A Balbirnie,Rashid Khan,0,0,"",""
ball,2,30.7,Ireland,Simi Singh,A Balbirnie,Rashid Khan,2,0,"",""
ball,2,31.1,Ireland,A Balbirnie,Simi Singh,Mujeeb Ur Rahman,0,0,"",""
ball,2,31.2,Ireland,A Balbirnie,Simi Singh,Mujeeb Ur Rahman,0,0,"",""
ball,2,31.3,Ireland,A Balbirnie,Simi Singh,Mujeeb Ur Rahman,1,0,"",""
ball,2,31.4,Ireland,Simi Singh,A Balbirnie,Mujeeb Ur Rahman,0,0,"",""
ball,2,31.5,Ireland,Simi Singh,A Balbirnie,Mujeeb Ur Rahman,0,0,"",""
ball,2,31.6,Ireland,Simi Singh,A Balbirnie,Mujeeb Ur Rahman,0,0,"",""
ball,2,32.1,Ireland,A Balbirnie,Simi Singh,Rashid Khan,1,0,"",""
ball,2,32.2,Ireland,Simi Singh,A Balbirnie,Rashid Khan,0,0,"",""
ball,2,32.3,Ireland,Simi Singh,A Balbirnie,Rashid Khan,0,0,"",""
ball,2,32.4,Ireland,Simi Singh,A Balbirnie,Rashid Khan,0,0,"",""
ball,2,32.5,Ireland,Simi Singh,A Balbirnie,Rashid Khan,3,0,"",""
ball,2,32.6,Ireland,A Balbirnie,Simi Singh,Rashid Khan,0,0,"",""
ball,2,33.1,Ireland,Simi Singh,A Balbirnie,Mujeeb Ur Rahman,0,0,"",""
ball,2,33.2,Ireland,Simi Singh,A Balbirnie,Mujeeb Ur Rahman,0,0,"",""
ball,2,33.3,Ireland,Simi Singh,A Balbirnie,Mujeeb Ur Rahman,0,0,"",""
ball,2,33.4,Ireland,Simi Singh,A Balbirnie,Mujeeb Ur Rahman,1,0,"",""
ball,2,33.5,Ireland,A Balbirnie,Simi Singh,Mujeeb Ur Rahman,0,0,"",""
ball,2,33.6,Ireland,A Balbirnie,Simi Singh,Mujeeb Ur Rahman,1,0,"",""
ball,2,34.1,Ireland,A Balbirnie,Simi Singh,Zahir Khan,4,0,"",""
ball,2,34.2,Ireland,A Balbirnie,Simi Singh,Zahir Khan,0,0,"",""
ball,2,34.3,Ireland,A Balbirnie,Simi Singh,Zahir Khan,1,0,"",""
ball,2,34.4,Ireland,Simi Singh,A Balbirnie,Zahir Khan,0,1,"",""
ball,2,34.5,Ireland,Simi Singh,A Balbirnie,Zahir Khan,1,0,"",""
ball,2,34.6,Ireland,A Balbirnie,Simi Singh,Zahir Khan,0,0,"",""
ball,2,34.7,Ireland,A Balbirnie,Simi Singh,Zahir Khan,0,0,"",""
ball,2,35.1,Ireland,Simi Singh,A Balbirnie,Mujeeb Ur Rahman,0,0,"",""
ball,2,35.2,Ireland,Simi Singh,A Balbirnie,Mujeeb Ur Rahman,0,0,"",""
ball,2,35.3,Ireland,Simi Singh,A Balbirnie,Mujeeb Ur Rahman,1,0,"",""
ball,2,35.4,Ireland,A Balbirnie,Simi Singh,Mujeeb Ur Rahman,1,0,"",""
ball,2,35.5,Ireland,Simi Singh,A Balbirnie,Mujeeb Ur Rahman,1,0,"",""
ball,2,35.6,Ireland,A Balbirnie,Simi Singh,Mujeeb Ur Rahman,0,0,"",""
ball,2,36.1,Ireland,Simi Singh,A Balbirnie,Zahir Khan,4,0,"",""
ball,2,36.2,Ireland,Simi Singh,A Balbirnie,Zahir Khan,0,0,lbw,Simi Singh
ball,2,36.3,Ireland,KJ O'Brien,A Balbirnie,Zahir Khan,0,0,"",""
ball,2,36.4,Ireland,KJ O'Brien,A Balbirnie,Zahir Khan,1,0,"",""
ball,2,36.5,Ireland,A Balbirnie,KJ O'Brien,Zahir Khan,0,0,"",""
ball,2,36.6,Ireland,A Balbirnie,KJ O'Brien,Zahir Khan,1,0,"",""
ball,2,37.1,Ireland,A Balbirnie,KJ O'Brien,Mohammad Nabi,1,0,"",""
ball,2,37.2,Ireland,KJ O'Brien,A Balbirnie,Mohammad Nabi,1,0,"",""
ball,2,37.3,Ireland,A Balbirnie,KJ O'Brien,Mohammad Nabi,1,0,"",""
ball,2,37.4,Ireland,KJ O'Brien,A Balbirnie,Mohammad Nabi,0,0,"",""
ball,2,37.5,Ireland,KJ O'Brien,A Balbirnie,Mohammad Nabi,0,0,"",""
ball,2,37.6,Ireland,KJ O'Brien,A Balbirnie,Mohammad Nabi,1,0,"",""
ball,2,38.1,Ireland,KJ O'Brien,A Balbirnie,Rashid Khan,0,0,"",""
ball,2,38.2,Ireland,KJ O'Brien,A Balbirnie,Rashid Khan,0,0,"",""
ball,2,38.3,Ireland,KJ O'Brien,A Balbirnie,Rashid Khan,0,0,"",""
ball,2,38.4,Ireland,KJ O'Brien,A Balbirnie,Rashid Khan,0,0,"",""
ball,2,38.5,Ireland,KJ O'Brien,A Balbirnie,Rashid Khan,0,0,"",""
ball,2,38.6,Ireland,KJ O'Brien,A Balbirnie,Rashid Khan,1,0,"",""
ball,2,39.1,Ireland,KJ O'Brien,A Balbirnie,Mohammad Nabi,1,0,"",""
ball,2,39.2,Ireland,A Balbirnie,KJ O'Brien,Mohammad Nabi,1,0,"",""
ball,2,39.3,Ireland,KJ O'Brien,A Balbirnie,Mohammad Nabi,0,0,"",""
ball,2,39.4,Ireland,KJ O'Brien,A Balbirnie,Mohammad Nabi,0,0,"",""
ball,2,39.5,Ireland,KJ O'Brien,A Balbirnie,Mohammad Nabi,0,0,"",""
ball,2,39.6,Ireland,KJ O'Brien,A Balbirnie,Mohammad Nabi,0,0,"",""
ball,2,40.1,Ireland,A Balbirnie,KJ O'Brien,Zahir Khan,1,0,"",""
ball,2,40.2,Ireland,KJ O'Brien,A Balbirnie,Zahir Khan,1,0,"",""
ball,2,40.3,Ireland,A Balbirnie,KJ O'Brien,Zahir Khan,0,0,"",""
ball,2,40.4,Ireland,A Balbirnie,KJ O'Brien,Zahir Khan,1,0,"",""
ball,2,40.5,Ireland,KJ O'Brien,A Balbirnie,Zahir Khan,0,0,"",""
ball,2,40.6,Ireland,KJ O'Brien,A Balbirnie,Zahir Khan,0,1,"",""
ball,2,41.1,Ireland,KJ O'Brien,A Balbirnie,Shapoor Zadran,0,0,"",""
ball,2,41.2,Ireland,KJ O'Brien,A Balbirnie,Shapoor Zadran,0,0,"",""
ball,2,41.3,Ireland,KJ O'Brien,A Balbirnie,Shapoor Zadran,0,0,"",""
ball,2,41.4,Ireland,KJ O'Brien,A Balbirnie,Shapoor Zadran,1,0,"",""
ball,2,41.5,Ireland,A Balbirnie,KJ O'Brien,Shapoor Zadran,1,0,"",""
ball,2,41.6,Ireland,KJ O'Brien,A Balbirnie,Shapoor Zadran,1,0,"",""
ball,2,42.1,Ireland,KJ O'Brien,A Balbirnie,Zahir Khan,4,0,"",""
ball,2,42.2,Ireland,KJ O'Brien,A Balbirnie,Zahir Khan,0,1,"",""
ball,2,42.3,Ireland,KJ O'Brien,A Balbirnie,Zahir Khan,0,0,"",""
ball,2,42.4,Ireland,KJ O'Brien,A Balbirnie,Zahir Khan,0,1,"",""
ball,2,42.5,Ireland,KJ O'Brien,A Balbirnie,Zahir Khan,4,0,"",""
ball,2,42.6,Ireland,KJ O'Brien,A Balbirnie,Zahir Khan,0,0,"",""
ball,2,42.7,Ireland,KJ O'Brien,A Balbirnie,Zahir Khan,1,0,"",""
ball,2,42.8,Ireland,A Balbirnie,KJ O'Brien,Zahir Khan,1,0,"",""
ball,2,43.1,Ireland,A Balbirnie,KJ O'Brien,Shapoor Zadran,2,0,"",""
ball,2,43.2,Ireland,A Balbirnie,KJ O'Brien,Shapoor Zadran,0,0,"",""
ball,2,43.3,Ireland,A Balbirnie,KJ O'Brien,Shapoor Zadran,2,0,"",""
ball,2,43.4,Ireland,A Balbirnie,KJ O'Brien,Shapoor Zadran,1,0,"",""
ball,2,43.5,Ireland,KJ O'Brien,A Balbirnie,Shapoor Zadran,4,0,"",""
ball,2,43.6,Ireland,KJ O'Brien,A Balbirnie,Shapoor Zadran,0,0,"",""
ball,2,44.1,Ireland,A Balbirnie,KJ O'Brien,Rashid Khan,1,0,"",""
ball,2,44.2,Ireland,KJ O'Brien,A Balbirnie,Rashid Khan,1,0,"",""
ball,2,44.3,Ireland,A Balbirnie,KJ O'Brien,Rashid Khan,1,0,"",""
ball,2,44.4,Ireland,KJ O'Brien,A Balbirnie,Rashid Khan,1,0,"",""
ball,2,44.5,Ireland,A Balbirnie,KJ O'Brien,Rashid Khan,0,0,"",""
ball,2,44.6,Ireland,A Balbirnie,KJ O'Brien,Rashid Khan,1,0,"",""
ball,2,45.1,Ireland,A Balbirnie,KJ O'Brien,Mujeeb Ur Rahman,0,0,"",""
ball,2,45.2,Ireland,A Balbirnie,KJ O'Brien,Mujeeb Ur Rahman,1,0,"",""
ball,2,45.3,Ireland,KJ O'Brien,A Balbirnie,Mujeeb Ur Rahman,1,0,"",""
ball,2,45.4,Ireland,A Balbirnie,KJ O'Brien,Mujeeb Ur Rahman,1,0,"",""
ball,2,45.5,Ireland,KJ O'Brien,A Balbirnie,Mujeeb Ur Rahman,1,0,"",""
ball,2,45.6,Ireland,A Balbirnie,KJ O'Brien,Mujeeb Ur Rahman,0,0,bowled,A Balbirnie
ball,2,46.1,Ireland,KJ O'Brien,GH Dockrell,Rashid Khan,2,0,"",""
ball,2,46.2,Ireland,KJ O'Brien,GH Dockrell,Rashid Khan,0,0,"",""
ball,2,46.3,Ireland,KJ O'Brien,GH Dockrell,Rashid Khan,0,0,"",""
ball,2,46.4,Ireland,KJ O'Brien,GH Dockrell,Rashid Khan,4,0,"",""
ball,2,46.5,Ireland,KJ O'Brien,GH Dockrell,Rashid Khan,2,0,"",""
ball,2,46.6,Ireland,KJ O'Brien,GH Dockrell,Rashid Khan,0,0,"",""
ball,2,47.1,Ireland,GH Dockrell,KJ O'Brien,Mohammad Nabi,0,0,bowled,GH Dockrell
ball,2,47.2,Ireland,SW Poynter,KJ O'Brien,Mohammad Nabi,4,0,"",""
