version,1.3.0
info,team,Zimbabwe
info,team,United Arab Emirates
info,gender,male
info,season,2019
info,date,2019/04/16
info,series,United Arab Emirates tour of Zimbabwe 2019
info,match_number,4
info,venue,Harare Sports Club
info,city,Harare
info,toss_winner,United Arab Emirates
info,toss_decision,bat
info,player_of_match,KM Jarvis
info,umpire,L Rusere
info,umpire,S George
info,reserve_umpire,C Phiri
info,tv_umpire,I Chabi
info,match_referee,SR Bernard
info,winner,Zimbabwe
info,winner_wickets,3
info,method,D/L
ball,1,0.1,United Arab Emirates,Ashfaq Ahmed,Chirag Suri,KM Jarvis,0,0,"",""
ball,1,0.2,United Arab Emirates,Ashfaq Ahmed,Chirag Suri,KM Jarvis,0,0,"",""
ball,1,0.3,United Arab Emirates,Ashfaq Ahmed,Chirag Suri,KM Jarvis,1,0,"",""
ball,1,0.4,United Arab Emirates,Chirag Suri,Ashfaq Ahmed,KM Jarvis,0,0,"",""
ball,1,0.5,United Arab Emirates,Chirag Suri,Ashfaq Ahmed,KM Jarvis,1,0,"",""
ball,1,0.6,United Arab Emirates,Ashfaq Ahmed,Chirag Suri,KM Jarvis,0,0,"",""
ball,1,1.1,United Arab Emirates,Chirag Suri,Ashfaq Ahmed,TL Chatara,1,0,"",""
ball,1,1.2,United Arab Emirates,Ashfaq Ahmed,Chirag Suri,TL Chatara,1,0,"",""
ball,1,1.3,United Arab Emirates,Chirag Suri,Ashfaq Ahmed,TL Chatara,0,0,"",""
ball,1,1.4,United Arab Emirates,Chirag Suri,Ashfaq Ahmed,TL Chatara,0,0,"",""
ball,1,1.5,United Arab Emirates,Chirag Suri,Ashfaq Ahmed,TL Chatara,0,0,"",""
ball,1,1.6,United Arab Emirates,Chirag Suri,Ashfaq Ahmed,TL Chatara,0,0,"",""
ball,1,2.1,United Arab Emirates,Ashfaq Ahmed,Chirag Suri,KM Jarvis,0,0,"",""
ball,1,2.2,United Arab Emirates,Ashfaq Ahmed,Chirag Suri,KM Jarvis,0,0,"",""
ball,1,2.3,United Arab Emirates,Ashfaq Ahmed,Chirag Suri,KM Jarvis,0,0,"",""
ball,1,2.4,United Arab Emirates,Ashfaq Ahmed,Chirag Suri,KM Jarvis,2,0,"",""
ball,1,2.5,United Arab Emirates,Ashfaq Ahmed,Chirag Suri,KM Jarvis,1,0,"",""
ball,1,2.6,United Arab Emirates,Chirag Suri,Ashfaq Ahmed,KM Jarvis,0,0,"",""
ball,1,3.1,United Arab Emirates,Ashfaq Ahmed,Chirag Suri,TL Chatara,0,0,"",""
ball,1,3.2,United Arab Emirates,Ashfaq Ahmed,Chirag Suri,TL Chatara,2,0,"",""
ball,1,3.3,United Arab Emirates,Ashfaq Ahmed,Chirag Suri,TL Chatara,0,0,"",""
ball,1,3.4,United Arab Emirates,Ashfaq Ahmed,Chirag Suri,TL Chatara,1,0,"",""
ball,1,3.5,United Arab Emirates,Chirag Suri,Ashfaq Ahmed,TL Chatara,1,0,"",""
ball,1,3.6,United Arab Emirates,Ashfaq Ahmed,Chirag Suri,TL Chatara,0,0,"",""
ball,1,4.1,United Arab Emirates,Chirag Suri,Ashfaq Ahmed,KM Jarvis,0,0,"",""
ball,1,4.2,United Arab Emirates,Chirag Suri,Ashfaq Ahmed,KM Jarvis,0,0,"",""
ball,1,4.3,United Arab Emirates,Chirag Suri,Ashfaq Ahmed,KM Jarvis,0,0,"",""
ball,1,4.4,United Arab Emirates,Chirag Suri,Ashfaq Ahmed,KM Jarvis,0,0,"",""
ball,1,4.5,United Arab Emirates,Chirag Suri,Ashfaq Ahmed,KM Jarvis,0,0,"",""
ball,1,4.6,United Arab Emirates,Chirag Suri,Ashfaq Ahmed,KM Jarvis,0,0,"",""
ball,1,5.1,United Arab Emirates,Ashfaq Ahmed,Chirag Suri,TL Chatara,0,0,caught,Ashfaq Ahmed
ball,1,5.2,United Arab Emirates,Ghulam Shabber,Chirag Suri,TL Chatara,0,0,"",""
ball,1,5.3,United Arab Emirates,Ghulam Shabber,Chirag Suri,TL Chatara,0,0,"",""
ball,1,5.4,United Arab Emirates,Ghulam Shabber,Chirag Suri,TL Chatara,0,0,"",""
ball,1,5.5,United Arab Emirates,Ghulam Shabber,Chirag Suri,TL Chatara,0,0,"",""
ball,1,5.6,United Arab Emirates,Ghulam Shabber,Chirag Suri,TL Chatara,0,0,"",""
ball,1,6.1,United Arab Emirates,Chirag Suri,Ghulam Shabber,KM Jarvis,0,0,"",""
ball,1,6.2,United Arab Emirates,Chirag Suri,Ghulam Shabber,KM Jarvis,0,1,"",""
ball,1,6.3,United Arab Emirates,Chirag Suri,Ghulam Shabber,KM Jarvis,0,0,"",""
ball,1,6.4,United Arab Emirates,Chirag Suri,Ghulam Shabber,KM Jarvis,2,0,"",""
ball,1,6.5,United Arab Emirates,Chirag Suri,Ghulam Shabber,KM Jarvis,0,0,"",""
ball,1,6.6,United Arab Emirates,Chirag Suri,Ghulam Shabber,KM Jarvis,1,0,"",""
ball,1,6.7,United Arab Emirates,Ghulam Shabber,Chirag Suri,KM Jarvis,0,0,"",""
ball,1,7.1,United Arab Emirates,Chirag Suri,Ghulam Shabber,TL Chatara,0,0,"",""
ball,1,7.2,United Arab Emirates,Chirag Suri,Ghulam Shabber,TL Chatara,1,0,"",""
ball,1,7.3,United Arab Emirates,Ghulam Shabber,Chirag Suri,TL Chatara,1,0,"",""
ball,1,7.4,United Arab Emirates,Chirag Suri,Ghulam Shabber,TL Chatara,0,0,"",""
ball,1,7.5,United Arab Emirates,Chirag Suri,Ghulam Shabber,TL Chatara,0,1,"",""
ball,1,7.6,United Arab Emirates,Chirag Suri,Ghulam Shabber,TL Chatara,1,0,"",""
ball,1,7.7,United Arab Emirates,Ghulam Shabber,Chirag Suri,TL Chatara,0,0,"",""
ball,1,8.1,United Arab Emirates,Chirag Suri,Ghulam Shabber,KM Jarvis,0,0,"",""
ball,1,8.2,United Arab Emirates,Chirag Suri,Ghulam Shabber,KM Jarvis,0,0,"",""
ball,1,8.3,United Arab Emirates,Chirag Suri,Ghulam Shabber,KM Jarvis,1,0,"",""
ball,1,8.4,United Arab Emirates,Ghulam Shabber,Chirag Suri,KM Jarvis,1,0,"",""
ball,1,8.5,United Arab Emirates,Chirag Suri,Ghulam Shabber,KM Jarvis,0,0,"",""
ball,1,8.6,United Arab Emirates,Chirag Suri,Ghulam Shabber,KM Jarvis,0,0,"",""
ball,1,9.1,United Arab Emirates,Ghulam Shabber,Chirag Suri,TL Chatara,0,0,"",""
ball,1,9.2,United Arab Emirates,Ghulam Shabber,Chirag Suri,TL Chatara,0,1,"",""
ball,1,9.3,United Arab Emirates,Ghulam Shabber,Chirag Suri,TL Chatara,0,0,"",""
ball,1,9.4,United Arab Emirates,Ghulam Shabber,Chirag Suri,TL Chatara,0,0,"",""
ball,1,9.5,United Arab Emirates,Ghulam Shabber,Chirag Suri,TL Chatara,3,0,"",""
ball,1,9.6,United Arab Emirates,Chirag Suri,Ghulam Shabber,TL Chatara,0,0,"",""
ball,1,9.7,United Arab Emirates,Chirag Suri,Ghulam Shabber,TL Chatara,0,0,"",""
ball,1,10.1,United Arab Emirates,Ghulam Shabber,Chirag Suri,CB Mpofu,3,0,"",""
ball,1,10.2,United Arab Emirates,Chirag Suri,Ghulam Shabber,CB Mpofu,0,0,"",""
ball,1,10.3,United Arab Emirates,Chirag Suri,Ghulam Shabber,CB Mpofu,0,0,"",""
ball,1,10.4,United Arab Emirates,Chirag Suri,Ghulam Shabber,CB Mpofu,0,0,"",""
ball,1,10.5,United Arab Emirates,Chirag Suri,Ghulam Shabber,CB Mpofu,1,0,"",""
ball,1,10.6,United Arab Emirates,Ghulam Shabber,Chirag Suri,CB Mpofu,0,0,"",""
ball,1,11.1,United Arab Emirates,Chirag Suri,Ghulam Shabber,TL Chatara,1,0,"",""
ball,1,11.2,United Arab Emirates,Ghulam Shabber,Chirag Suri,TL Chatara,1,0,"",""
ball,1,11.3,United Arab Emirates,Chirag Suri,Ghulam Shabber,TL Chatara,0,0,"",""
ball,1,11.4,United Arab Emirates,Chirag Suri,Ghulam Shabber,TL Chatara,2,0,"",""
ball,1,11.5,United Arab Emirates,Chirag Suri,Ghulam Shabber,TL Chatara,1,0,"",""
ball,1,11.6,United Arab Emirates,Ghulam Shabber,Chirag Suri,TL Chatara,0,0,"",""
ball,1,12.1,United Arab Emirates,Chirag Suri,Ghulam Shabber,CB Mpofu,2,0,"",""
ball,1,12.2,United Arab Emirates,Chirag Suri,Ghulam Shabber,CB Mpofu,0,0,"",""
ball,1,12.3,United Arab Emirates,Chirag Suri,Ghulam Shabber,CB Mpofu,0,0,"",""
ball,1,12.4,United Arab Emirates,Chirag Suri,Ghulam Shabber,CB Mpofu,0,0,"",""
ball,1,12.5,United Arab Emirates,Chirag Suri,Ghulam Shabber,CB Mpofu,0,0,"",""
ball,1,12.6,United Arab Emirates,Chirag Suri,Ghulam Shabber,CB Mpofu,0,0,"",""
ball,1,13.1,United Arab Emirates,Ghulam Shabber,Chirag Suri,TL Chatara,0,0,"",""
ball,1,13.2,United Arab Emirates,Ghulam Shabber,Chirag Suri,TL Chatara,3,0,"",""
ball,1,13.3,United Arab Emirates,Chirag Suri,Ghulam Shabber,TL Chatara,4,0,"",""
ball,1,13.4,United Arab Emirates,Chirag Suri,Ghulam Shabber,TL Chatara,0,0,"",""
ball,1,13.5,United Arab Emirates,Chirag Suri,Ghulam Shabber,TL Chatara,2,0,"",""
ball,1,13.6,United Arab Emirates,Chirag Suri,Ghulam Shabber,TL Chatara,0,0,"",""
ball,1,14.1,United Arab Emirates,Ghulam Shabber,Chirag Suri,CB Mpofu,0,0,"",""
ball,1,14.2,United Arab Emirates,Ghulam Shabber,Chirag Suri,CB Mpofu,4,0,"",""
ball,1,14.3,United Arab Emirates,Ghulam Shabber,Chirag Suri,CB Mpofu,0,0,"",""
ball,1,14.4,United Arab Emirates,Ghulam Shabber,Chirag Suri,CB Mpofu,2,0,"",""
ball,1,14.5,United Arab Emirates,Ghulam Shabber,Chirag Suri,CB Mpofu,0,0,"",""
ball,1,14.6,United Arab Emirates,Ghulam Shabber,Chirag Suri,CB Mpofu,0,0,"",""
ball,1,15.1,United Arab Emirates,Chirag Suri,Ghulam Shabber,SC Williams,1,0,"",""
ball,1,15.2,United Arab Emirates,Ghulam Shabber,Chirag Suri,SC Williams,0,0,"",""
ball,1,15.3,United Arab Emirates,Ghulam Shabber,Chirag Suri,SC Williams,0,1,"",""
ball,1,15.4,United Arab Emirates,Ghulam Shabber,Chirag Suri,SC Williams,0,0,bowled,Ghulam Shabber
ball,1,15.5,United Arab Emirates,CP Rizwan,Chirag Suri,SC Williams,1,0,"",""
ball,1,15.6,United Arab Emirates,Chirag Suri,CP Rizwan,SC Williams,1,0,"",""
ball,1,15.7,United Arab Emirates,CP Rizwan,Chirag Suri,SC Williams,0,0,"",""
ball,1,16.1,United Arab Emirates,Chirag Suri,CP Rizwan,CB Mpofu,0,0,"",""
ball,1,16.2,United Arab Emirates,Chirag Suri,CP Rizwan,CB Mpofu,0,0,"",""
ball,1,16.3,United Arab Emirates,Chirag Suri,CP Rizwan,CB Mpofu,0,0,"",""
ball,1,16.4,United Arab Emirates,Chirag Suri,CP Rizwan,CB Mpofu,4,0,"",""
ball,1,16.5,United Arab Emirates,Chirag Suri,CP Rizwan,CB Mpofu,6,0,"",""
ball,1,16.6,United Arab Emirates,Chirag Suri,CP Rizwan,CB Mpofu,0,0,"",""
ball,1,17.1,United Arab Emirates,CP Rizwan,Chirag Suri,SC Williams,0,0,"",""
ball,1,17.2,United Arab Emirates,CP Rizwan,Chirag Suri,SC Williams,0,0,"",""
ball,1,17.3,United Arab Emirates,CP Rizwan,Chirag Suri,SC Williams,1,0,"",""
ball,1,17.4,United Arab Emirates,Chirag Suri,CP Rizwan,SC Williams,0,0,"",""
ball,1,17.5,United Arab Emirates,Chirag Suri,CP Rizwan,SC Williams,0,0,"",""
ball,1,17.6,United Arab Emirates,Chirag Suri,CP Rizwan,SC Williams,1,0,"",""
ball,1,18.1,United Arab Emirates,Chirag Suri,CP Rizwan,CB Mpofu,4,0,"",""
ball,1,18.2,United Arab Emirates,Chirag Suri,CP Rizwan,CB Mpofu,1,0,"",""
ball,1,18.3,United Arab Emirates,CP Rizwan,Chirag Suri,CB Mpofu,0,0,"",""
ball,1,18.4,United Arab Emirates,CP Rizwan,Chirag Suri,CB Mpofu,0,0,"",""
ball,1,18.5,United Arab Emirates,CP Rizwan,Chirag Suri,CB Mpofu,0,0,"",""
ball,1,18.6,United Arab Emirates,CP Rizwan,Chirag Suri,CB Mpofu,2,0,"",""
ball,1,19.1,United Arab Emirates,Chirag Suri,CP Rizwan,SC Williams,0,0,"",""
ball,1,19.2,United Arab Emirates,Chirag Suri,CP Rizwan,SC Williams,0,0,"",""
ball,1,19.3,United Arab Emirates,Chirag Suri,CP Rizwan,SC Williams,1,0,"",""
ball,1,19.4,United Arab Emirates,CP Rizwan,Chirag Suri,SC Williams,0,0,"",""
ball,1,19.5,United Arab Emirates,CP Rizwan,Chirag Suri,SC Williams,0,0,"",""
ball,1,19.6,United Arab Emirates,CP Rizwan,Chirag Suri,SC Williams,1,0,"",""
ball,1,20.1,United Arab Emirates,CP Rizwan,Chirag Suri,Sikandar Raza,1,0,"",""
ball,1,20.2,United Arab Emirates,Chirag Suri,CP Rizwan,Sikandar Raza,2,0,"",""
ball,1,20.3,United Arab Emirates,Chirag Suri,CP Rizwan,Sikandar Raza,0,0,"",""
ball,1,20.4,United Arab Emirates,Chirag Suri,CP Rizwan,Sikandar Raza,1,0,"",""
ball,1,20.5,United Arab Emirates,CP Rizwan,Chirag Suri,Sikandar Raza,0,0,"",""
ball,1,20.6,United Arab Emirates,CP Rizwan,Chirag Suri,Sikandar Raza,0,0,"",""
ball,1,21.1,United Arab Emirates,Chirag Suri,CP Rizwan,SC Williams,0,0,"",""
ball,1,21.2,United Arab Emirates,Chirag Suri,CP Rizwan,SC Williams,0,0,"",""
ball,1,21.3,United Arab Emirates,Chirag Suri,CP Rizwan,SC Williams,0,0,"",""
ball,1,21.4,United Arab Emirates,Chirag Suri,CP Rizwan,SC Williams,0,0,"",""
ball,1,21.5,United Arab Emirates,Chirag Suri,CP Rizwan,SC Williams,2,0,"",""
ball,1,21.6,United Arab Emirates,Chirag Suri,CP Rizwan,SC Williams,0,0,"",""
ball,1,22.1,United Arab Emirates,CP Rizwan,Chirag Suri,Sikandar Raza,0,0,"",""
ball,1,22.2,United Arab Emirates,CP Rizwan,Chirag Suri,Sikandar Raza,2,0,"",""
ball,1,22.3,United Arab Emirates,CP Rizwan,Chirag Suri,Sikandar Raza,4,0,"",""
ball,1,22.4,United Arab Emirates,CP Rizwan,Chirag Suri,Sikandar Raza,0,0,"",""
ball,1,22.5,United Arab Emirates,CP Rizwan,Chirag Suri,Sikandar Raza,0,0,"",""
ball,1,22.6,United Arab Emirates,CP Rizwan,Chirag Suri,Sikandar Raza,1,0,"",""
ball,1,23.1,United Arab Emirates,CP Rizwan,Chirag Suri,SC Williams,0,0,"",""
ball,1,23.2,United Arab Emirates,CP Rizwan,Chirag Suri,SC Williams,2,0,"",""
ball,1,23.3,United Arab Emirates,CP Rizwan,Chirag Suri,SC Williams,0,0,"",""
ball,1,23.4,United Arab Emirates,CP Rizwan,Chirag Suri,SC Williams,0,0,"",""
ball,1,23.5,United Arab Emirates,CP Rizwan,Chirag Suri,SC Williams,0,0,"",""
ball,1,23.6,United Arab Emirates,CP Rizwan,Chirag Suri,SC Williams,0,0,"",""
ball,1,24.1,United Arab Emirates,Chirag Suri,CP Rizwan,Sikandar Raza,0,0,"",""
ball,1,24.2,United Arab Emirates,Chirag Suri,CP Rizwan,Sikandar Raza,0,0,lbw,Chirag Suri
ball,1,24.3,United Arab Emirates,Shaiman Anwar,CP Rizwan,Sikandar Raza,0,0,"",""
ball,1,24.4,United Arab Emirates,Shaiman Anwar,CP Rizwan,Sikandar Raza,0,0,"",""
ball,1,24.5,United Arab Emirates,Shaiman Anwar,CP Rizwan,Sikandar Raza,0,0,"",""
ball,1,24.6,United Arab Emirates,Shaiman Anwar,CP Rizwan,Sikandar Raza,0,0,"",""
ball,1,25.1,United Arab Emirates,CP Rizwan,Shaiman Anwar,SC Williams,1,0,"",""
ball,1,25.2,United Arab Emirates,Shaiman Anwar,CP Rizwan,SC Williams,0,0,"",""
ball,1,25.3,United Arab Emirates,Shaiman Anwar,CP Rizwan,SC Williams,0,0,"",""
ball,1,25.4,United Arab Emirates,Shaiman Anwar,CP Rizwan,SC Williams,0,0,"",""
ball,1,25.5,United Arab Emirates,Shaiman Anwar,CP Rizwan,SC Williams,0,0,"",""
ball,1,25.6,United Arab Emirates,Shaiman Anwar,CP Rizwan,SC Williams,0,0,"",""
ball,1,26.1,United Arab Emirates,CP Rizwan,Shaiman Anwar,Sikandar Raza,0,0,"",""
ball,1,26.2,United Arab Emirates,CP Rizwan,Shaiman Anwar,Sikandar Raza,0,0,"",""
ball,1,26.3,United Arab Emirates,CP Rizwan,Shaiman Anwar,Sikandar Raza,0,1,"",""
ball,1,26.4,United Arab Emirates,CP Rizwan,Shaiman Anwar,Sikandar Raza,1,0,"",""
ball,1,26.5,United Arab Emirates,Shaiman Anwar,CP Rizwan,Sikandar Raza,0,0,"",""
ball,1,26.6,United Arab Emirates,Shaiman Anwar,CP Rizwan,Sikandar Raza,0,0,"",""
ball,1,26.7,United Arab Emirates,Shaiman Anwar,CP Rizwan,Sikandar Raza,1,0,"",""
ball,1,27.1,United Arab Emirates,Shaiman Anwar,CP Rizwan,SC Williams,0,0,"",""
ball,1,27.2,United Arab Emirates,Shaiman Anwar,CP Rizwan,SC Williams,1,0,"",""
ball,1,27.3,United Arab Emirates,CP Rizwan,Shaiman Anwar,SC Williams,0,0,run out,Shaiman Anwar
ball,1,27.4,United Arab Emirates,CP Rizwan,Muhammad Usman,SC Williams,1,0,"",""
ball,1,27.5,United Arab Emirates,Muhammad Usman,CP Rizwan,SC Williams,0,1,"",""
ball,1,27.6,United Arab Emirates,Muhammad Usman,CP Rizwan,SC Williams,1,0,"",""
ball,1,27.7,United Arab Emirates,CP Rizwan,Muhammad Usman,SC Williams,0,0,"",""
ball,1,28.1,United Arab Emirates,Muhammad Usman,CP Rizwan,Sikandar Raza,1,0,"",""
ball,1,28.2,United Arab Emirates,CP Rizwan,Muhammad Usman,Sikandar Raza,1,0,"",""
ball,1,28.3,United Arab Emirates,Muhammad Usman,CP Rizwan,Sikandar Raza,1,0,"",""
ball,1,28.4,United Arab Emirates,CP Rizwan,Muhammad Usman,Sikandar Raza,0,0,"",""
ball,1,28.5,United Arab Emirates,CP Rizwan,Muhammad Usman,Sikandar Raza,0,0,"",""
ball,1,28.6,United Arab Emirates,CP Rizwan,Muhammad Usman,Sikandar Raza,1,0,"",""
ball,1,29.1,United Arab Emirates,CP Rizwan,Muhammad Usman,RP Burl,0,0,"",""
ball,1,29.2,United Arab Emirates,CP Rizwan,Muhammad Usman,RP Burl,1,0,"",""
ball,1,29.3,United Arab Emirates,Muhammad Usman,CP Rizwan,RP Burl,0,0,"",""
ball,1,29.4,United Arab Emirates,Muhammad Usman,CP Rizwan,RP Burl,1,0,"",""
ball,1,29.5,United Arab Emirates,CP Rizwan,Muhammad Usman,RP Burl,1,0,"",""
ball,1,29.6,United Arab Emirates,Muhammad Usman,CP Rizwan,RP Burl,0,0,"",""
ball,1,30.1,United Arab Emirates,CP Rizwan,Muhammad Usman,Sikandar Raza,0,0,"",""
ball,1,30.2,United Arab Emirates,CP Rizwan,Muhammad Usman,Sikandar Raza,1,0,"",""
ball,1,30.3,United Arab Emirates,Muhammad Usman,CP Rizwan,Sikandar Raza,1,0,"",""
ball,1,30.4,United Arab Emirates,CP Rizwan,Muhammad Usman,Sikandar Raza,0,0,"",""
ball,1,30.5,United Arab Emirates,CP Rizwan,Muhammad Usman,Sikandar Raza,1,0,"",""
ball,1,30.6,United Arab Emirates,Muhammad Usman,CP Rizwan,Sikandar Raza,1,0,"",""
ball,1,31.1,United Arab Emirates,Muhammad Usman,CP Rizwan,RP Burl,0,0,"",""
ball,1,31.2,United Arab Emirates,Muhammad Usman,CP Rizwan,RP Burl,0,0,"",""
ball,1,31.3,United Arab Emirates,Muhammad Usman,CP Rizwan,RP Burl,1,0,"",""
ball,1,31.4,United Arab Emirates,CP Rizwan,Muhammad Usman,RP Burl,1,0,"",""
ball,1,31.5,United Arab Emirates,Muhammad Usman,CP Rizwan,RP Burl,4,0,"",""
ball,1,31.6,United Arab Emirates,Muhammad Usman,CP Rizwan,RP Burl,0,0,"",""
ball,1,32.1,United Arab Emirates,CP Rizwan,Muhammad Usman,KM Jarvis,1,0,"",""
ball,1,32.2,United Arab Emirates,Muhammad Usman,CP Rizwan,KM Jarvis,0,0,"",""
ball,1,32.3,United Arab Emirates,Muhammad Usman,CP Rizwan,KM Jarvis,0,1,"",""
ball,1,32.4,United Arab Emirates,Muhammad Usman,CP Rizwan,KM Jarvis,1,0,"",""
ball,1,32.5,United Arab Emirates,CP Rizwan,Muhammad Usman,KM Jarvis,0,0,"",""
ball,1,32.6,United Arab Emirates,CP Rizwan,Muhammad Usman,KM Jarvis,0,0,"",""
ball,1,32.7,United Arab Emirates,CP Rizwan,Muhammad Usman,KM Jarvis,0,0,"",""
ball,1,33.1,United Arab Emirates,Muhammad Usman,CP Rizwan,RP Burl,3,0,"",""
ball,1,33.2,United Arab Emirates,CP Rizwan,Muhammad Usman,RP Burl,1,0,"",""
ball,1,33.3,United Arab Emirates,Muhammad Usman,CP Rizwan,RP Burl,0,0,"",""
ball,1,33.4,United Arab Emirates,Muhammad Usman,CP Rizwan,RP Burl,0,1,"",""
ball,1,33.5,United Arab Emirates,Muhammad Usman,CP Rizwan,RP Burl,4,0,"",""
ball,1,33.6,United Arab Emirates,Muhammad Usman,CP Rizwan,RP Burl,1,0,"",""
ball,1,33.7,United Arab Emirates,CP Rizwan,Muhammad Usman,RP Burl,0,0,"",""
ball,1,34.1,United Arab Emirates,Muhammad Usman,CP Rizwan,KM Jarvis,0,0,"",""
ball,1,34.2,United Arab Emirates,Muhammad Usman,CP Rizwan,KM Jarvis,6,0,"",""
ball,1,34.3,United Arab Emirates,Muhammad Usman,CP Rizwan,KM Jarvis,0,0,"",""
ball,1,34.4,United Arab Emirates,Muhammad Usman,CP Rizwan,KM Jarvis,1,0,"",""
ball,1,34.5,United Arab Emirates,CP Rizwan,Muhammad Usman,KM Jarvis,0,0,"",""
ball,1,34.6,United Arab Emirates,CP Rizwan,Muhammad Usman,KM Jarvis,0,0,"",""
ball,1,35.1,United Arab Emirates,Muhammad Usman,CP Rizwan,SC Williams,0,0,lbw,Muhammad Usman
ball,1,35.2,United Arab Emirates,Rohan Mustafa,CP Rizwan,SC Williams,0,0,"",""
ball,1,35.3,United Arab Emirates,Rohan Mustafa,CP Rizwan,SC Williams,0,0,"",""
ball,1,35.4,United Arab Emirates,Rohan Mustafa,CP Rizwan,SC Williams,0,0,"",""
ball,1,35.5,United Arab Emirates,Rohan Mustafa,CP Rizwan,SC Williams,0,0,"",""
ball,1,35.6,United Arab Emirates,Rohan Mustafa,CP Rizwan,SC Williams,0,0,"",""
ball,1,36.1,United Arab Emirates,CP Rizwan,Rohan Mustafa,KM Jarvis,0,1,"",""
ball,1,36.2,United Arab Emirates,Rohan Mustafa,CP Rizwan,KM Jarvis,1,0,"",""
ball,1,36.3,United Arab Emirates,CP Rizwan,Rohan Mustafa,KM Jarvis,1,0,"",""
ball,1,36.4,United Arab Emirates,Rohan Mustafa,CP Rizwan,KM Jarvis,0,0,"",""
ball,1,36.5,United Arab Emirates,Rohan Mustafa,CP Rizwan,KM Jarvis,0,0,caught,Rohan Mustafa
ball,1,36.6,United Arab Emirates,Imran Haider,CP Rizwan,KM Jarvis,0,0,caught,Imran Haider
ball,1,37.1,United Arab Emirates,CP Rizwan,Sultan Ahmed (2),SC Williams,0,0,"",""
ball,1,37.2,United Arab Emirates,CP Rizwan,Sultan Ahmed (2),SC Williams,1,0,"",""
ball,1,37.3,United Arab Emirates,Sultan Ahmed (2),CP Rizwan,SC Williams,4,0,"",""
ball,1,37.4,United Arab Emirates,Sultan Ahmed (2),CP Rizwan,SC Williams,4,0,"",""
ball,1,37.5,United Arab Emirates,Sultan Ahmed (2),CP Rizwan,SC Williams,0,0,"",""
ball,1,37.6,United Arab Emirates,Sultan Ahmed (2),CP Rizwan,SC Williams,0,0,"",""
ball,1,38.1,United Arab Emirates,CP Rizwan,Sultan Ahmed (2),Sikandar Raza,0,0,"",""
ball,1,38.2,United Arab Emirates,CP Rizwan,Sultan Ahmed (2),Sikandar Raza,1,0,"",""
ball,1,38.3,United Arab Emirates,Sultan Ahmed (2),CP Rizwan,Sikandar Raza,0,0,"",""
ball,1,38.4,United Arab Emirates,Sultan Ahmed (2),CP Rizwan,Sikandar Raza,0,0,"",""
ball,1,38.5,United Arab Emirates,Sultan Ahmed (2),CP Rizwan,Sikandar Raza,1,0,"",""
ball,1,38.6,United Arab Emirates,CP Rizwan,Sultan Ahmed (2),Sikandar Raza,0,0,"",""
ball,1,39.1,United Arab Emirates,Sultan Ahmed (2),CP Rizwan,SC Williams,0,0,"",""
ball,1,39.2,United Arab Emirates,Sultan Ahmed (2),CP Rizwan,SC Williams,0,0,"",""
ball,1,39.3,United Arab Emirates,Sultan Ahmed (2),CP Rizwan,SC Williams,1,0,"",""
ball,1,39.4,United Arab Emirates,CP Rizwan,Sultan Ahmed (2),SC Williams,0,0,"",""
ball,1,39.5,United Arab Emirates,CP Rizwan,Sultan Ahmed (2),SC Williams,0,0,"",""
ball,1,39.6,United Arab Emirates,CP Rizwan,Sultan Ahmed (2),SC Williams,0,0,"",""
ball,1,40.1,United Arab Emirates,Sultan Ahmed (2),CP Rizwan,Sikandar Raza,0,0,"",""
ball,1,40.2,United Arab Emirates,Sultan Ahmed (2),CP Rizwan,Sikandar Raza,0,0,"",""
ball,1,40.3,United Arab Emirates,Sultan Ahmed (2),CP Rizwan,Sikandar Raza,1,0,"",""
ball,1,40.4,United Arab Emirates,CP Rizwan,Sultan Ahmed (2),Sikandar Raza,0,0,"",""
ball,1,40.5,United Arab Emirates,CP Rizwan,Sultan Ahmed (2),Sikandar Raza,1,0,"",""
ball,1,40.6,United Arab Emirates,Sultan Ahmed (2),CP Rizwan,Sikandar Raza,0,0,"",""
ball,1,41.1,United Arab Emirates,CP Rizwan,Sultan Ahmed (2),CB Mpofu,0,0,"",""
ball,1,41.2,United Arab Emirates,CP Rizwan,Sultan Ahmed (2),CB Mpofu,0,0,"",""
ball,1,41.3,United Arab Emirates,CP Rizwan,Sultan Ahmed (2),CB Mpofu,0,0,"",""
ball,1,41.4,United Arab Emirates,CP Rizwan,Sultan Ahmed (2),CB Mpofu,2,0,"",""
ball,1,41.5,United Arab Emirates,CP Rizwan,Sultan Ahmed (2),CB Mpofu,1,0,"",""
ball,1,41.6,United Arab Emirates,Sultan Ahmed (2),CP Rizwan,CB Mpofu,0,0,"",""
ball,1,42.1,United Arab Emirates,CP Rizwan,Sultan Ahmed (2),Sikandar Raza,0,0,"",""
ball,1,42.2,United Arab Emirates,CP Rizwan,Sultan Ahmed (2),Sikandar Raza,0,0,"",""
ball,1,42.3,United Arab Emirates,CP Rizwan,Sultan Ahmed (2),Sikandar Raza,2,0,"",""
ball,1,42.4,United Arab Emirates,CP Rizwan,Sultan Ahmed (2),Sikandar Raza,0,0,"",""
ball,1,42.5,United Arab Emirates,CP Rizwan,Sultan Ahmed (2),Sikandar Raza,0,0,"",""
ball,1,42.6,United Arab Emirates,CP Rizwan,Sultan Ahmed (2),Sikandar Raza,1,0,"",""
ball,1,43.1,United Arab Emirates,CP Rizwan,Sultan Ahmed (2),CB Mpofu,1,0,"",""
ball,1,43.2,United Arab Emirates,Sultan Ahmed (2),CP Rizwan,CB Mpofu,0,0,"",""
ball,1,43.3,United Arab Emirates,Sultan Ahmed (2),CP Rizwan,CB Mpofu,0,0,"",""
ball,1,43.4,United Arab Emirates,Sultan Ahmed (2),CP Rizwan,CB Mpofu,0,0,caught,Sultan Ahmed (2)
ball,1,43.5,United Arab Emirates,Mohammad Naveed,CP Rizwan,CB Mpofu,1,0,"",""
ball,1,43.6,United Arab Emirates,CP Rizwan,Mohammad Naveed,CB Mpofu,1,0,"",""
ball,1,44.1,United Arab Emirates,CP Rizwan,Mohammad Naveed,Sikandar Raza,0,1,"",""
ball,1,44.2,United Arab Emirates,CP Rizwan,Mohammad Naveed,Sikandar Raza,1,0,"",""
ball,1,44.3,United Arab Emirates,Mohammad Naveed,CP Rizwan,Sikandar Raza,0,0,"",""
ball,1,44.4,United Arab Emirates,Mohammad Naveed,CP Rizwan,Sikandar Raza,1,0,"",""
ball,1,44.5,United Arab Emirates,CP Rizwan,Mohammad Naveed,Sikandar Raza,1,0,"",""
ball,1,44.6,United Arab Emirates,Mohammad Naveed,CP Rizwan,Sikandar Raza,0,0,"",""
ball,1,44.7,United Arab Emirates,Mohammad Naveed,CP Rizwan,Sikandar Raza,0,0,"",""
ball,1,45.1,United Arab Emirates,CP Rizwan,Mohammad Naveed,CB Mpofu,1,0,"",""
ball,1,45.2,United Arab Emirates,Mohammad Naveed,CP Rizwan,CB Mpofu,0,0,"",""
ball,1,45.3,United Arab Emirates,Mohammad Naveed,CP Rizwan,CB Mpofu,0,0,"",""
ball,1,45.4,United Arab Emirates,Mohammad Naveed,CP Rizwan,CB Mpofu,0,0,"",""
ball,1,45.5,United Arab Emirates,Mohammad Naveed,CP Rizwan,CB Mpofu,0,0,caught,Mohammad Naveed
ball,1,45.6,United Arab Emirates,CP Rizwan,Zahoor Khan,CB Mpofu,1,0,"",""
ball,1,46.1,United Arab Emirates,CP Rizwan,Zahoor Khan,KM Jarvis,0,0,"",""
ball,1,46.2,United Arab Emirates,CP Rizwan,Zahoor Khan,KM Jarvis,0,0,"",""
ball,1,46.3,United Arab Emirates,CP Rizwan,Zahoor Khan,KM Jarvis,1,0,"",""
ball,1,46.4,United Arab Emirates,Zahoor Khan,CP Rizwan,KM Jarvis,0,0,"",""
ball,1,46.5,United Arab Emirates,Zahoor Khan,CP Rizwan,KM Jarvis,0,0,"",""
ball,1,46.6,United Arab Emirates,Zahoor Khan,CP Rizwan,KM Jarvis,4,0,"",""
ball,1,47.1,United Arab Emirates,CP Rizwan,Zahoor Khan,CB Mpofu,0,1,"",""
ball,1,47.2,United Arab Emirates,CP Rizwan,Zahoor Khan,CB Mpofu,1,0,run out,CP Rizwan
ball,2,0.1,Zimbabwe,BB Chari,RW Chakabva,Mohammad Naveed,0,0,"",""
ball,2,0.2,Zimbabwe,BB Chari,RW Chakabva,Mohammad Naveed,0,0,"",""
ball,2,0.3,Zimbabwe,BB Chari,RW Chakabva,Mohammad Naveed,0,0,"",""
ball,2,0.4,Zimbabwe,BB Chari,RW Chakabva,Mohammad Naveed,0,0,"",""
ball,2,0.5,Zimbabwe,BB Chari,RW Chakabva,Mohammad Naveed,0,0,"",""
ball,2,0.6,Zimbabwe,BB Chari,RW Chakabva,Mohammad Naveed,0,0,"",""
ball,2,1.1,Zimbabwe,RW Chakabva,BB Chari,Sultan Ahmed (2),1,0,"",""
ball,2,1.2,Zimbabwe,BB Chari,RW Chakabva,Sultan Ahmed (2),0,0,"",""
ball,2,1.3,Zimbabwe,BB Chari,RW Chakabva,Sultan Ahmed (2),2,0,"",""
ball,2,1.4,Zimbabwe,BB Chari,RW Chakabva,Sultan Ahmed (2),1,0,"",""
ball,2,1.5,Zimbabwe,RW Chakabva,BB Chari,Sultan Ahmed (2),1,0,"",""
ball,2,1.6,Zimbabwe,BB Chari,RW Chakabva,Sultan Ahmed (2),0,0,"",""
ball,2,2.1,Zimbabwe,RW Chakabva,BB Chari,Mohammad Naveed,2,0,"",""
ball,2,2.2,Zimbabwe,RW Chakabva,BB Chari,Mohammad Naveed,0,0,"",""
ball,2,2.3,Zimbabwe,RW Chakabva,BB Chari,Mohammad Naveed,0,0,"",""
ball,2,2.4,Zimbabwe,RW Chakabva,BB Chari,Mohammad Naveed,1,0,"",""
ball,2,2.5,Zimbabwe,BB Chari,RW Chakabva,Mohammad Naveed,1,0,"",""
ball,2,2.6,Zimbabwe,RW Chakabva,BB Chari,Mohammad Naveed,1,0,"",""
ball,2,3.1,Zimbabwe,RW Chakabva,BB Chari,Sultan Ahmed (2),0,0,"",""
ball,2,3.2,Zimbabwe,RW Chakabva,BB Chari,Sultan Ahmed (2),0,0,"",""
ball,2,3.3,Zimbabwe,RW Chakabva,BB Chari,Sultan Ahmed (2),0,0,"",""
ball,2,3.4,Zimbabwe,RW Chakabva,BB Chari,Sultan Ahmed (2),1,0,"",""
ball,2,3.5,Zimbabwe,BB Chari,RW Chakabva,Sultan Ahmed (2),0,0,"",""
ball,2,3.6,Zimbabwe,BB Chari,RW Chakabva,Sultan Ahmed (2),0,0,"",""
ball,2,4.1,Zimbabwe,RW Chakabva,BB Chari,Mohammad Naveed,4,0,"",""
ball,2,4.2,Zimbabwe,RW Chakabva,BB Chari,Mohammad Naveed,0,0,"",""
ball,2,4.3,Zimbabwe,RW Chakabva,BB Chari,Mohammad Naveed,0,0,"",""
ball,2,4.4,Zimbabwe,RW Chakabva,BB Chari,Mohammad Naveed,0,0,"",""
ball,2,4.5,Zimbabwe,RW Chakabva,BB Chari,Mohammad Naveed,0,0,"",""
ball,2,4.6,Zimbabwe,RW Chakabva,BB Chari,Mohammad Naveed,0,0,"",""
ball,2,5.1,Zimbabwe,BB Chari,RW Chakabva,Sultan Ahmed (2),6,0,"",""
ball,2,5.2,Zimbabwe,BB Chari,RW Chakabva,Sultan Ahmed (2),1,0,"",""
ball,2,5.3,Zimbabwe,RW Chakabva,BB Chari,Sultan Ahmed (2),1,0,"",""
ball,2,5.4,Zimbabwe,BB Chari,RW Chakabva,Sultan Ahmed (2),4,0,"",""
ball,2,5.5,Zimbabwe,BB Chari,RW Chakabva,Sultan Ahmed (2),0,0,"",""
ball,2,5.6,Zimbabwe,BB Chari,RW Chakabva,Sultan Ahmed (2),0,0,"",""
ball,2,6.1,Zimbabwe,RW Chakabva,BB Chari,Mohammad Naveed,6,0,"",""
ball,2,6.2,Zimbabwe,RW Chakabva,BB Chari,Mohammad Naveed,4,0,"",""
ball,2,6.3,Zimbabwe,RW Chakabva,BB Chari,Mohammad Naveed,0,0,"",""
ball,2,6.4,Zimbabwe,RW Chakabva,BB Chari,Mohammad Naveed,0,0,"",""
ball,2,6.5,Zimbabwe,RW Chakabva,BB Chari,Mohammad Naveed,0,0,"",""
ball,2,6.6,Zimbabwe,RW Chakabva,BB Chari,Mohammad Naveed,0,0,"",""
ball,2,7.1,Zimbabwe,BB Chari,RW Chakabva,Sultan Ahmed (2),0,0,"",""
ball,2,7.2,Zimbabwe,BB Chari,RW Chakabva,Sultan Ahmed (2),1,0,"",""
ball,2,7.3,Zimbabwe,RW Chakabva,BB Chari,Sultan Ahmed (2),1,0,"",""
ball,2,7.4,Zimbabwe,BB Chari,RW Chakabva,Sultan Ahmed (2),0,0,"",""
ball,2,7.5,Zimbabwe,BB Chari,RW Chakabva,Sultan Ahmed (2),2,0,"",""
ball,2,7.6,Zimbabwe,BB Chari,RW Chakabva,Sultan Ahmed (2),0,0,"",""
ball,2,8.1,Zimbabwe,RW Chakabva,BB Chari,Mohammad Naveed,1,0,"",""
ball,2,8.2,Zimbabwe,BB Chari,RW Chakabva,Mohammad Naveed,0,0,"",""
ball,2,8.3,Zimbabwe,BB Chari,RW Chakabva,Mohammad Naveed,1,0,"",""
ball,2,8.4,Zimbabwe,RW Chakabva,BB Chari,Mohammad Naveed,1,0,"",""
ball,2,8.5,Zimbabwe,BB Chari,RW Chakabva,Mohammad Naveed,0,0,"",""
ball,2,8.6,Zimbabwe,BB Chari,RW Chakabva,Mohammad Naveed,0,0,caught,BB Chari
ball,2,9.1,Zimbabwe,RW Chakabva,CR Ervine,Rohan Mustafa,0,0,"",""
ball,2,9.2,Zimbabwe,RW Chakabva,CR Ervine,Rohan Mustafa,1,0,"",""
ball,2,9.3,Zimbabwe,CR Ervine,RW Chakabva,Rohan Mustafa,0,0,"",""
ball,2,9.4,Zimbabwe,CR Ervine,RW Chakabva,Rohan Mustafa,0,0,"",""
ball,2,9.5,Zimbabwe,CR Ervine,RW Chakabva,Rohan Mustafa,0,0,"",""
ball,2,9.6,Zimbabwe,CR Ervine,RW Chakabva,Rohan Mustafa,0,0,"",""
ball,2,10.1,Zimbabwe,RW Chakabva,CR Ervine,Mohammad Naveed,1,0,"",""
ball,2,10.2,Zimbabwe,CR Ervine,RW Chakabva,Mohammad Naveed,0,0,"",""
ball,2,10.3,Zimbabwe,CR Ervine,RW Chakabva,Mohammad Naveed,1,0,"",""
ball,2,10.4,Zimbabwe,RW Chakabva,CR Ervine,Mohammad Naveed,1,0,"",""
ball,2,10.5,Zimbabwe,CR Ervine,RW Chakabva,Mohammad Naveed,1,0,"",""
ball,2,10.6,Zimbabwe,RW Chakabva,CR Ervine,Mohammad Naveed,0,0,bowled,RW Chakabva
ball,2,11.1,Zimbabwe,CR Ervine,SC Williams,Rohan Mustafa,0,0,"",""
ball,2,11.2,Zimbabwe,CR Ervine,SC Williams,Rohan Mustafa,2,0,"",""
ball,2,11.3,Zimbabwe,CR Ervine,SC Williams,Rohan Mustafa,0,0,"",""
ball,2,11.4,Zimbabwe,CR Ervine,SC Williams,Rohan Mustafa,0,0,"",""
ball,2,11.5,Zimbabwe,CR Ervine,SC Williams,Rohan Mustafa,0,0,"",""
ball,2,11.6,Zimbabwe,CR Ervine,SC Williams,Rohan Mustafa,0,0,"",""
ball,2,12.1,Zimbabwe,SC Williams,CR Ervine,Zahoor Khan,1,0,"",""
ball,2,12.2,Zimbabwe,CR Ervine,SC Williams,Zahoor Khan,2,0,"",""
ball,2,12.3,Zimbabwe,CR Ervine,SC Williams,Zahoor Khan,1,0,"",""
ball,2,12.4,Zimbabwe,SC Williams,CR Ervine,Zahoor Khan,4,0,"",""
ball,2,12.5,Zimbabwe,SC Williams,CR Ervine,Zahoor Khan,0,0,"",""
ball,2,12.6,Zimbabwe,SC Williams,CR Ervine,Zahoor Khan,0,0,"",""
ball,2,13.1,Zimbabwe,CR Ervine,SC Williams,Rohan Mustafa,1,0,"",""
ball,2,13.2,Zimbabwe,SC Williams,CR Ervine,Rohan Mustafa,1,0,"",""
ball,2,13.3,Zimbabwe,CR Ervine,SC Williams,Rohan Mustafa,0,0,"",""
ball,2,13.4,Zimbabwe,CR Ervine,SC Williams,Rohan Mustafa,0,0,"",""
ball,2,13.5,Zimbabwe,CR Ervine,SC Williams,Rohan Mustafa,0,0,"",""
ball,2,13.6,Zimbabwe,CR Ervine,SC Williams,Rohan Mustafa,0,0,"",""
ball,2,14.1,Zimbabwe,SC Williams,CR Ervine,Zahoor Khan,0,0,"",""
ball,2,14.2,Zimbabwe,SC Williams,CR Ervine,Zahoor Khan,1,0,"",""
ball,2,14.3,Zimbabwe,CR Ervine,SC Williams,Zahoor Khan,1,0,"",""
ball,2,14.4,Zimbabwe,SC Williams,CR Ervine,Zahoor Khan,1,0,"",""
ball,2,14.5,Zimbabwe,CR Ervine,SC Williams,Zahoor Khan,0,0,"",""
ball,2,14.6,Zimbabwe,CR Ervine,SC Williams,Zahoor Khan,2,0,"",""
ball,2,15.1,Zimbabwe,SC Williams,CR Ervine,Rohan Mustafa,4,0,"",""
ball,2,15.2,Zimbabwe,SC Williams,CR Ervine,Rohan Mustafa,2,0,"",""
ball,2,15.3,Zimbabwe,SC Williams,CR Ervine,Rohan Mustafa,0,0,"",""
ball,2,15.4,Zimbabwe,SC Williams,CR Ervine,Rohan Mustafa,0,0,"",""
ball,2,15.5,Zimbabwe,SC Williams,CR Ervine,Rohan Mustafa,1,0,"",""
ball,2,15.6,Zimbabwe,CR Ervine,SC Williams,Rohan Mustafa,0,0,"",""
ball,2,16.1,Zimbabwe,SC Williams,CR Ervine,Zahoor Khan,0,0,"",""
ball,2,16.2,Zimbabwe,SC Williams,CR Ervine,Zahoor Khan,4,0,"",""
ball,2,16.3,Zimbabwe,SC Williams,CR Ervine,Zahoor Khan,1,0,"",""
ball,2,16.4,Zimbabwe,CR Ervine,SC Williams,Zahoor Khan,0,0,"",""
ball,2,16.5,Zimbabwe,CR Ervine,SC Williams,Zahoor Khan,0,1,"",""
ball,2,16.6,Zimbabwe,CR Ervine,SC Williams,Zahoor Khan,0,0,"",""
ball,2,16.7,Zimbabwe,CR Ervine,SC Williams,Zahoor Khan,0,0,caught,CR Ervine
ball,2,17.1,Zimbabwe,SC Williams,Sikandar Raza,Rohan Mustafa,0,0,bowled,SC Williams
ball,2,17.2,Zimbabwe,PJ Moor,Sikandar Raza,Rohan Mustafa,0,0,"",""
ball,2,17.3,Zimbabwe,PJ Moor,Sikandar Raza,Rohan Mustafa,0,0,bowled,PJ Moor
ball,2,17.4,Zimbabwe,T Maruma,Sikandar Raza,Rohan Mustafa,0,0,"",""
ball,2,17.5,Zimbabwe,T Maruma,Sikandar Raza,Rohan Mustafa,0,0,"",""
ball,2,17.6,Zimbabwe,T Maruma,Sikandar Raza,Rohan Mustafa,0,0,"",""
ball,2,18.1,Zimbabwe,Sikandar Raza,T Maruma,Zahoor Khan,1,0,"",""
ball,2,18.2,Zimbabwe,T Maruma,Sikandar Raza,Zahoor Khan,0,0,"",""
ball,2,18.3,Zimbabwe,T Maruma,Sikandar Raza,Zahoor Khan,0,0,"",""
ball,2,18.4,Zimbabwe,T Maruma,Sikandar Raza,Zahoor Khan,2,0,"",""
ball,2,18.5,Zimbabwe,T Maruma,Sikandar Raza,Zahoor Khan,0,0,"",""
ball,2,18.6,Zimbabwe,T Maruma,Sikandar Raza,Zahoor Khan,1,0,"",""
ball,2,19.1,Zimbabwe,T Maruma,Sikandar Raza,Rohan Mustafa,0,0,"",""
ball,2,19.2,Zimbabwe,T Maruma,Sikandar Raza,Rohan Mustafa,4,0,"",""
ball,2,19.3,Zimbabwe,T Maruma,Sikandar Raza,Rohan Mustafa,4,0,"",""
ball,2,19.4,Zimbabwe,T Maruma,Sikandar Raza,Rohan Mustafa,6,0,"",""
ball,2,19.5,Zimbabwe,T Maruma,Sikandar Raza,Rohan Mustafa,2,0,"",""
ball,2,19.6,Zimbabwe,T Maruma,Sikandar Raza,Rohan Mustafa,1,0,"",""
ball,2,20.1,Zimbabwe,T Maruma,Sikandar Raza,Imran Haider,1,0,"",""
ball,2,20.2,Zimbabwe,Sikandar Raza,T Maruma,Imran Haider,0,0,"",""
ball,2,20.3,Zimbabwe,Sikandar Raza,T Maruma,Imran Haider,1,0,"",""
ball,2,20.4,Zimbabwe,T Maruma,Sikandar Raza,Imran Haider,4,0,"",""
ball,2,20.5,Zimbabwe,T Maruma,Sikandar Raza,Imran Haider,6,0,"",""
ball,2,20.6,Zimbabwe,T Maruma,Sikandar Raza,Imran Haider,1,0,"",""
ball,2,21.1,Zimbabwe,T Maruma,Sikandar Raza,Sultan Ahmed (2),1,0,"",""
ball,2,21.2,Zimbabwe,Sikandar Raza,T Maruma,Sultan Ahmed (2),0,0,"",""
ball,2,21.3,Zimbabwe,Sikandar Raza,T Maruma,Sultan Ahmed (2),0,0,"",""
ball,2,21.4,Zimbabwe,Sikandar Raza,T Maruma,Sultan Ahmed (2),1,0,"",""
ball,2,21.5,Zimbabwe,T Maruma,Sikandar Raza,Sultan Ahmed (2),2,0,"",""
ball,2,21.6,Zimbabwe,T Maruma,Sikandar Raza,Sultan Ahmed (2),0,0,"",""
ball,2,22.1,Zimbabwe,Sikandar Raza,T Maruma,Shaiman Anwar,0,0,"",""
ball,2,22.2,Zimbabwe,Sikandar Raza,T Maruma,Shaiman Anwar,0,0,"",""
ball,2,22.3,Zimbabwe,Sikandar Raza,T Maruma,Shaiman Anwar,1,0,"",""
ball,2,22.4,Zimbabwe,T Maruma,Sikandar Raza,Shaiman Anwar,0,0,bowled,T Maruma
ball,2,22.5,Zimbabwe,RP Burl,Sikandar Raza,Shaiman Anwar,0,0,"",""
ball,2,22.6,Zimbabwe,RP Burl,Sikandar Raza,Shaiman Anwar,0,0,"",""
ball,2,23.1,Zimbabwe,Sikandar Raza,RP Burl,Sultan Ahmed (2),0,0,"",""
ball,2,23.2,Zimbabwe,Sikandar Raza,RP Burl,Sultan Ahmed (2),1,0,"",""
ball,2,23.3,Zimbabwe,RP Burl,Sikandar Raza,Sultan Ahmed (2),0,0,"",""
ball,2,23.4,Zimbabwe,RP Burl,Sikandar Raza,Sultan Ahmed (2),0,0,"",""
ball,2,23.5,Zimbabwe,RP Burl,Sikandar Raza,Sultan Ahmed (2),0,0,"",""
ball,2,23.6,Zimbabwe,RP Burl,Sikandar Raza,Sultan Ahmed (2),1,0,"",""
ball,2,24.1,Zimbabwe,RP Burl,Sikandar Raza,Shaiman Anwar,0,0,run out,RP Burl
ball,2,24.2,Zimbabwe,KM Jarvis,Sikandar Raza,Shaiman Anwar,4,0,"",""
ball,2,24.3,Zimbabwe,KM Jarvis,Sikandar Raza,Shaiman Anwar,1,0,"",""
ball,2,24.4,Zimbabwe,Sikandar Raza,KM Jarvis,Shaiman Anwar,0,0,"",""
ball,2,24.5,Zimbabwe,Sikandar Raza,KM Jarvis,Shaiman Anwar,4,0,"",""
