version,1.3.0
info,team,South Africa
info,team,Australia
info,gender,male
info,season,2019/20
info,date,2020/03/07
info,series,Australia tour of South Africa 2019/20
info,match_number,3
info,venue,Senwes Park
info,city,Potchefstroom
info,toss_winner,South Africa
info,toss_decision,field
info,player_of_match,JT Smuts
info,umpire,RK Illingworth
info,umpire,AT Holdstock
info,reserve_umpire,BP Jele
info,tv_umpire,NJ Llong
info,match_referee,AJ Pycroft
info,winner,South Africa
info,winner_wickets,6
ball,1,0.1,Australia,DA Warner,AJ Finch,A Nortje,1,0,"",""
ball,1,0.2,Australia,AJ Finch,DA Warner,A Nortje,0,0,"",""
ball,1,0.3,Australia,AJ Finch,DA Warner,A Nortje,0,0,"",""
ball,1,0.4,Australia,AJ Finch,DA Warner,A Nortje,0,0,"",""
ball,1,0.5,Australia,AJ Finch,DA Warner,A Nortje,0,0,"",""
ball,1,0.6,Australia,AJ Finch,DA Warner,A Nortje,0,0,"",""
ball,1,1.1,Australia,DA Warner,AJ Finch,L Sipamla,1,0,"",""
ball,1,1.2,Australia,AJ Finch,DA Warner,L Sipamla,0,0,"",""
ball,1,1.3,Australia,AJ Finch,DA Warner,L Sipamla,0,0,"",""
ball,1,1.4,Australia,AJ Finch,DA Warner,L Sipamla,0,0,"",""
ball,1,1.5,Australia,AJ Finch,DA Warner,L Sipamla,0,0,"",""
ball,1,1.6,Australia,AJ Finch,DA Warner,L Sipamla,0,0,"",""
ball,1,2.1,Australia,DA Warner,AJ Finch,A Nortje,0,0,"",""
ball,1,2.2,Australia,DA Warner,AJ Finch,A Nortje,0,0,"",""
ball,1,2.3,Australia,DA Warner,AJ Finch,A Nortje,1,0,"",""
ball,1,2.4,Australia,AJ Finch,DA Warner,A Nortje,0,0,"",""
ball,1,2.5,Australia,AJ Finch,DA Warner,A Nortje,4,0,"",""
ball,1,2.6,Australia,AJ Finch,DA Warner,A Nortje,0,0,"",""
ball,1,3.1,Australia,DA Warner,AJ Finch,L Sipamla,0,0,"",""
ball,1,3.2,Australia,DA Warner,AJ Finch,L Sipamla,0,0,"",""
ball,1,3.3,Australia,DA Warner,AJ Finch,L Sipamla,1,0,"",""
ball,1,3.4,Australia,AJ Finch,DA Warner,L Sipamla,2,0,"",""
ball,1,3.5,Australia,AJ Finch,DA Warner,L Sipamla,0,0,"",""
ball,1,3.6,Australia,AJ Finch,DA Warner,L Sipamla,1,0,"",""
ball,1,4.1,Australia,AJ Finch,DA Warner,A Nortje,1,0,"",""
ball,1,4.2,Australia,DA Warner,AJ Finch,A Nortje,0,0,caught,DA Warner
ball,1,4.3,Australia,SPD Smith,AJ Finch,A Nortje,0,0,"",""
ball,1,4.4,Australia,SPD Smith,AJ Finch,A Nortje,0,0,"",""
ball,1,4.5,Australia,SPD Smith,AJ Finch,A Nortje,1,0,"",""
ball,1,4.6,Australia,AJ Finch,SPD Smith,A Nortje,0,0,"",""
ball,1,5.1,Australia,SPD Smith,AJ Finch,L Sipamla,0,0,"",""
ball,1,5.2,Australia,SPD Smith,AJ Finch,L Sipamla,1,0,"",""
ball,1,5.3,Australia,AJ Finch,SPD Smith,L Sipamla,0,0,"",""
ball,1,5.4,Australia,AJ Finch,SPD Smith,L Sipamla,0,0,"",""
ball,1,5.5,Australia,AJ Finch,SPD Smith,L Sipamla,0,0,"",""
ball,1,5.6,Australia,AJ Finch,SPD Smith,L Sipamla,0,0,"",""
ball,1,6.1,Australia,SPD Smith,AJ Finch,A Nortje,0,0,"",""
ball,1,6.2,Australia,SPD Smith,AJ Finch,A Nortje,0,0,"",""
ball,1,6.3,Australia,SPD Smith,AJ Finch,A Nortje,4,0,"",""
ball,1,6.4,Australia,SPD Smith,AJ Finch,A Nortje,0,0,"",""
ball,1,6.5,Australia,SPD Smith,AJ Finch,A Nortje,0,0,"",""
ball,1,6.6,Australia,SPD Smith,AJ Finch,A Nortje,3,0,"",""
ball,1,7.1,Australia,SPD Smith,AJ Finch,L Sipamla,4,0,"",""
ball,1,7.2,Australia,SPD Smith,AJ Finch,L Sipamla,0,0,"",""
ball,1,7.3,Australia,SPD Smith,AJ Finch,L Sipamla,0,0,"",""
ball,1,7.4,Australia,SPD Smith,AJ Finch,L Sipamla,1,0,"",""
ball,1,7.5,Australia,AJ Finch,SPD Smith,L Sipamla,0,0,"",""
ball,1,7.6,Australia,AJ Finch,SPD Smith,L Sipamla,0,0,"",""
ball,1,8.1,Australia,SPD Smith,AJ Finch,A Nortje,0,0,"",""
ball,1,8.2,Australia,SPD Smith,AJ Finch,A Nortje,0,0,"",""
ball,1,8.3,Australia,SPD Smith,AJ Finch,A Nortje,0,0,"",""
ball,1,8.4,Australia,SPD Smith,AJ Finch,A Nortje,1,0,"",""
ball,1,8.5,Australia,AJ Finch,SPD Smith,A Nortje,0,0,"",""
ball,1,8.6,Australia,AJ Finch,SPD Smith,A Nortje,1,0,"",""
ball,1,9.1,Australia,AJ Finch,SPD Smith,L Sipamla,4,0,"",""
ball,1,9.2,Australia,AJ Finch,SPD Smith,L Sipamla,0,0,"",""
ball,1,9.3,Australia,AJ Finch,SPD Smith,L Sipamla,4,0,"",""
ball,1,9.4,Australia,AJ Finch,SPD Smith,L Sipamla,2,0,"",""
ball,1,9.5,Australia,AJ Finch,SPD Smith,L Sipamla,0,0,"",""
ball,1,9.6,Australia,AJ Finch,SPD Smith,L Sipamla,0,0,"",""
ball,1,10.1,Australia,SPD Smith,AJ Finch,DM Dupavillon,0,0,"",""
ball,1,10.2,Australia,SPD Smith,AJ Finch,DM Dupavillon,4,0,"",""
ball,1,10.3,Australia,SPD Smith,AJ Finch,DM Dupavillon,0,0,"",""
ball,1,10.4,Australia,SPD Smith,AJ Finch,DM Dupavillon,1,0,"",""
ball,1,10.5,Australia,AJ Finch,SPD Smith,DM Dupavillon,0,0,"",""
ball,1,10.6,Australia,AJ Finch,SPD Smith,DM Dupavillon,0,0,"",""
ball,1,11.1,Australia,SPD Smith,AJ Finch,AL Phehlukwayo,0,0,"",""
ball,1,11.2,Australia,SPD Smith,AJ Finch,AL Phehlukwayo,0,0,"",""
ball,1,11.3,Australia,SPD Smith,AJ Finch,AL Phehlukwayo,0,0,lbw,SPD Smith
ball,1,11.4,Australia,M Labuschagne,AJ Finch,AL Phehlukwayo,0,0,"",""
ball,1,11.5,Australia,M Labuschagne,AJ Finch,AL Phehlukwayo,0,1,"",""
ball,1,11.6,Australia,M Labuschagne,AJ Finch,AL Phehlukwayo,0,0,"",""
ball,1,11.7,Australia,M Labuschagne,AJ Finch,AL Phehlukwayo,0,0,"",""
ball,1,12.1,Australia,AJ Finch,M Labuschagne,DM Dupavillon,1,0,"",""
ball,1,12.2,Australia,M Labuschagne,AJ Finch,DM Dupavillon,1,0,"",""
ball,1,12.3,Australia,AJ Finch,M Labuschagne,DM Dupavillon,0,0,"",""
ball,1,12.4,Australia,AJ Finch,M Labuschagne,DM Dupavillon,0,0,"",""
ball,1,12.5,Australia,AJ Finch,M Labuschagne,DM Dupavillon,0,0,"",""
ball,1,12.6,Australia,AJ Finch,M Labuschagne,DM Dupavillon,0,0,"",""
ball,1,13.1,Australia,M Labuschagne,AJ Finch,AL Phehlukwayo,4,0,"",""
ball,1,13.2,Australia,M Labuschagne,AJ Finch,AL Phehlukwayo,1,0,"",""
ball,1,13.3,Australia,AJ Finch,M Labuschagne,AL Phehlukwayo,0,0,"",""
ball,1,13.4,Australia,AJ Finch,M Labuschagne,AL Phehlukwayo,0,1,"",""
ball,1,13.5,Australia,AJ Finch,M Labuschagne,AL Phehlukwayo,0,0,"",""
ball,1,13.6,Australia,AJ Finch,M Labuschagne,AL Phehlukwayo,0,0,"",""
ball,1,13.7,Australia,AJ Finch,M Labuschagne,AL Phehlukwayo,1,0,"",""
ball,1,14.1,Australia,AJ Finch,M Labuschagne,DM Dupavillon,0,0,"",""
ball,1,14.2,Australia,AJ Finch,M Labuschagne,DM Dupavillon,0,0,"",""
ball,1,14.3,Australia,AJ Finch,M Labuschagne,DM Dupavillon,1,0,"",""
ball,1,14.4,Australia,M Labuschagne,AJ Finch,DM Dupavillon,1,0,"",""
ball,1,14.5,Australia,AJ Finch,M Labuschagne,DM Dupavillon,0,0,"",""
ball,1,14.6,Australia,AJ Finch,M Labuschagne,DM Dupavillon,0,0,caught,AJ Finch
ball,1,15.1,Australia,M Labuschagne,DJM Short,AL Phehlukwayo,1,0,"",""
ball,1,15.2,Australia,DJM Short,M Labuschagne,AL Phehlukwayo,1,0,"",""
ball,1,15.3,Australia,M Labuschagne,DJM Short,AL Phehlukwayo,0,0,"",""
ball,1,15.4,Australia,M Labuschagne,DJM Short,AL Phehlukwayo,2,0,"",""
ball,1,15.5,Australia,M Labuschagne,DJM Short,AL Phehlukwayo,0,0,"",""
ball,1,15.6,Australia,M Labuschagne,DJM Short,AL Phehlukwayo,0,0,"",""
ball,1,16.1,Australia,DJM Short,M Labuschagne,DM Dupavillon,0,0,"",""
ball,1,16.2,Australia,DJM Short,M Labuschagne,DM Dupavillon,0,0,"",""
ball,1,16.3,Australia,DJM Short,M Labuschagne,DM Dupavillon,0,0,"",""
ball,1,16.4,Australia,DJM Short,M Labuschagne,DM Dupavillon,1,0,"",""
ball,1,16.5,Australia,M Labuschagne,DJM Short,DM Dupavillon,0,0,"",""
ball,1,16.6,Australia,M Labuschagne,DJM Short,DM Dupavillon,0,0,"",""
ball,1,17.1,Australia,DJM Short,M Labuschagne,AL Phehlukwayo,1,0,"",""
ball,1,17.2,Australia,M Labuschagne,DJM Short,AL Phehlukwayo,1,0,"",""
ball,1,17.3,Australia,DJM Short,M Labuschagne,AL Phehlukwayo,2,0,"",""
ball,1,17.4,Australia,DJM Short,M Labuschagne,AL Phehlukwayo,0,0,"",""
ball,1,17.5,Australia,DJM Short,M Labuschagne,AL Phehlukwayo,0,0,"",""
ball,1,17.6,Australia,DJM Short,M Labuschagne,AL Phehlukwayo,4,0,"",""
ball,1,18.1,Australia,M Labuschagne,DJM Short,KA Maharaj,0,0,"",""
ball,1,18.2,Australia,M Labuschagne,DJM Short,KA Maharaj,0,0,"",""
ball,1,18.3,Australia,M Labuschagne,DJM Short,KA Maharaj,1,0,"",""
ball,1,18.4,Australia,DJM Short,M Labuschagne,KA Maharaj,1,0,"",""
ball,1,18.5,Australia,M Labuschagne,DJM Short,KA Maharaj,1,0,"",""
ball,1,18.6,Australia,DJM Short,M Labuschagne,KA Maharaj,0,0,"",""
ball,1,19.1,Australia,M Labuschagne,DJM Short,AL Phehlukwayo,1,0,"",""
ball,1,19.2,Australia,DJM Short,M Labuschagne,AL Phehlukwayo,4,0,"",""
ball,1,19.3,Australia,DJM Short,M Labuschagne,AL Phehlukwayo,0,0,"",""
ball,1,19.4,Australia,DJM Short,M Labuschagne,AL Phehlukwayo,0,0,"",""
ball,1,19.5,Australia,DJM Short,M Labuschagne,AL Phehlukwayo,1,0,"",""
ball,1,19.6,Australia,M Labuschagne,DJM Short,AL Phehlukwayo,0,0,"",""
ball,1,20.1,Australia,DJM Short,M Labuschagne,KA Maharaj,1,0,"",""
ball,1,20.2,Australia,M Labuschagne,DJM Short,KA Maharaj,0,0,"",""
ball,1,20.3,Australia,M Labuschagne,DJM Short,KA Maharaj,1,0,"",""
ball,1,20.4,Australia,DJM Short,M Labuschagne,KA Maharaj,0,0,"",""
ball,1,20.5,Australia,DJM Short,M Labuschagne,KA Maharaj,0,0,"",""
ball,1,20.6,Australia,DJM Short,M Labuschagne,KA Maharaj,1,0,"",""
ball,1,21.1,Australia,DJM Short,M Labuschagne,H Klaasen,4,0,"",""
ball,1,21.2,Australia,DJM Short,M Labuschagne,H Klaasen,1,0,"",""
ball,1,21.3,Australia,M Labuschagne,DJM Short,H Klaasen,0,0,"",""
ball,1,21.4,Australia,M Labuschagne,DJM Short,H Klaasen,1,0,"",""
ball,1,21.5,Australia,DJM Short,M Labuschagne,H Klaasen,1,0,"",""
ball,1,21.6,Australia,M Labuschagne,DJM Short,H Klaasen,1,0,"",""
ball,1,22.1,Australia,M Labuschagne,DJM Short,KA Maharaj,0,0,"",""
ball,1,22.2,Australia,M Labuschagne,DJM Short,KA Maharaj,0,0,"",""
ball,1,22.3,Australia,M Labuschagne,DJM Short,KA Maharaj,1,0,"",""
ball,1,22.4,Australia,DJM Short,M Labuschagne,KA Maharaj,0,0,"",""
ball,1,22.5,Australia,DJM Short,M Labuschagne,KA Maharaj,1,0,"",""
ball,1,22.6,Australia,M Labuschagne,DJM Short,KA Maharaj,1,0,"",""
ball,1,23.1,Australia,M Labuschagne,DJM Short,H Klaasen,1,0,"",""
ball,1,23.2,Australia,DJM Short,M Labuschagne,H Klaasen,1,0,"",""
ball,1,23.3,Australia,M Labuschagne,DJM Short,H Klaasen,0,0,"",""
ball,1,23.4,Australia,M Labuschagne,DJM Short,H Klaasen,1,0,"",""
ball,1,23.5,Australia,DJM Short,M Labuschagne,H Klaasen,1,0,"",""
ball,1,23.6,Australia,M Labuschagne,DJM Short,H Klaasen,1,0,"",""
ball,1,24.1,Australia,M Labuschagne,DJM Short,KA Maharaj,0,0,"",""
ball,1,24.2,Australia,M Labuschagne,DJM Short,KA Maharaj,1,0,"",""
ball,1,24.3,Australia,DJM Short,M Labuschagne,KA Maharaj,0,0,"",""
ball,1,24.4,Australia,DJM Short,M Labuschagne,KA Maharaj,0,0,"",""
ball,1,24.5,Australia,DJM Short,M Labuschagne,KA Maharaj,0,0,"",""
ball,1,24.6,Australia,DJM Short,M Labuschagne,KA Maharaj,1,0,"",""
ball,1,25.1,Australia,DJM Short,M Labuschagne,H Klaasen,1,0,"",""
ball,1,25.2,Australia,M Labuschagne,DJM Short,H Klaasen,0,0,"",""
ball,1,25.3,Australia,M Labuschagne,DJM Short,H Klaasen,1,0,"",""
ball,1,25.4,Australia,DJM Short,M Labuschagne,H Klaasen,1,0,"",""
ball,1,25.5,Australia,M Labuschagne,DJM Short,H Klaasen,2,0,"",""
ball,1,25.6,Australia,M Labuschagne,DJM Short,H Klaasen,1,0,"",""
ball,1,26.1,Australia,M Labuschagne,DJM Short,KA Maharaj,0,0,"",""
ball,1,26.2,Australia,M Labuschagne,DJM Short,KA Maharaj,1,0,"",""
ball,1,26.3,Australia,DJM Short,M Labuschagne,KA Maharaj,1,0,"",""
ball,1,26.4,Australia,M Labuschagne,DJM Short,KA Maharaj,0,0,"",""
ball,1,26.5,Australia,M Labuschagne,DJM Short,KA Maharaj,4,0,"",""
ball,1,26.6,Australia,M Labuschagne,DJM Short,KA Maharaj,1,0,"",""
ball,1,27.1,Australia,M Labuschagne,DJM Short,JT Smuts,1,0,"",""
ball,1,27.2,Australia,DJM Short,M Labuschagne,JT Smuts,1,0,"",""
ball,1,27.3,Australia,M Labuschagne,DJM Short,JT Smuts,1,0,"",""
ball,1,27.4,Australia,DJM Short,M Labuschagne,JT Smuts,1,0,"",""
ball,1,27.5,Australia,M Labuschagne,DJM Short,JT Smuts,0,0,"",""
ball,1,27.6,Australia,M Labuschagne,DJM Short,JT Smuts,0,0,"",""
ball,1,28.1,Australia,DJM Short,M Labuschagne,KA Maharaj,0,0,"",""
ball,1,28.2,Australia,DJM Short,M Labuschagne,KA Maharaj,1,0,"",""
ball,1,28.3,Australia,M Labuschagne,DJM Short,KA Maharaj,4,0,"",""
ball,1,28.4,Australia,M Labuschagne,DJM Short,KA Maharaj,2,0,"",""
ball,1,28.5,Australia,M Labuschagne,DJM Short,KA Maharaj,2,0,"",""
ball,1,28.6,Australia,M Labuschagne,DJM Short,KA Maharaj,1,0,"",""
ball,1,29.1,Australia,M Labuschagne,DJM Short,JT Smuts,1,0,"",""
ball,1,29.2,Australia,DJM Short,M Labuschagne,JT Smuts,0,0,"",""
ball,1,29.3,Australia,DJM Short,M Labuschagne,JT Smuts,0,0,"",""
ball,1,29.4,Australia,DJM Short,M Labuschagne,JT Smuts,1,0,"",""
ball,1,29.5,Australia,M Labuschagne,DJM Short,JT Smuts,0,0,"",""
ball,1,29.6,Australia,M Labuschagne,DJM Short,JT Smuts,1,0,"",""
ball,1,30.1,Australia,M Labuschagne,DJM Short,KA Maharaj,2,0,"",""
ball,1,30.2,Australia,M Labuschagne,DJM Short,KA Maharaj,1,0,"",""
ball,1,30.3,Australia,DJM Short,M Labuschagne,KA Maharaj,1,0,"",""
ball,1,30.4,Australia,M Labuschagne,DJM Short,KA Maharaj,1,0,"",""
ball,1,30.5,Australia,DJM Short,M Labuschagne,KA Maharaj,1,0,"",""
ball,1,30.6,Australia,M Labuschagne,DJM Short,KA Maharaj,2,0,"",""
ball,1,31.1,Australia,DJM Short,M Labuschagne,JT Smuts,0,0,caught,DJM Short
ball,1,31.2,Australia,MR Marsh,M Labuschagne,JT Smuts,2,0,"",""
ball,1,31.3,Australia,MR Marsh,M Labuschagne,JT Smuts,0,0,"",""
ball,1,31.4,Australia,MR Marsh,M Labuschagne,JT Smuts,0,0,"",""
ball,1,31.5,Australia,MR Marsh,M Labuschagne,JT Smuts,2,0,"",""
ball,1,31.6,Australia,MR Marsh,M Labuschagne,JT Smuts,1,0,"",""
ball,1,32.1,Australia,MR Marsh,M Labuschagne,KA Maharaj,1,0,"",""
ball,1,32.2,Australia,M Labuschagne,MR Marsh,KA Maharaj,0,0,"",""
ball,1,32.3,Australia,M Labuschagne,MR Marsh,KA Maharaj,1,0,"",""
ball,1,32.4,Australia,MR Marsh,M Labuschagne,KA Maharaj,0,0,"",""
ball,1,32.5,Australia,MR Marsh,M Labuschagne,KA Maharaj,0,0,"",""
ball,1,32.6,Australia,MR Marsh,M Labuschagne,KA Maharaj,0,0,"",""
ball,1,33.1,Australia,M Labuschagne,MR Marsh,JT Smuts,2,0,"",""
ball,1,33.2,Australia,M Labuschagne,MR Marsh,JT Smuts,0,0,"",""
ball,1,33.3,Australia,M Labuschagne,MR Marsh,JT Smuts,1,0,"",""
ball,1,33.4,Australia,MR Marsh,M Labuschagne,JT Smuts,0,0,"",""
ball,1,33.5,Australia,MR Marsh,M Labuschagne,JT Smuts,1,0,"",""
ball,1,33.6,Australia,M Labuschagne,MR Marsh,JT Smuts,1,0,"",""
ball,1,34.1,Australia,M Labuschagne,MR Marsh,KA Maharaj,1,0,"",""
ball,1,34.2,Australia,MR Marsh,M Labuschagne,KA Maharaj,0,0,"",""
ball,1,34.3,Australia,MR Marsh,M Labuschagne,KA Maharaj,0,0,"",""
ball,1,34.4,Australia,MR Marsh,M Labuschagne,KA Maharaj,0,0,"",""
ball,1,34.5,Australia,MR Marsh,M Labuschagne,KA Maharaj,1,0,"",""
ball,1,34.6,Australia,M Labuschagne,MR Marsh,KA Maharaj,1,0,"",""
ball,1,35.1,Australia,M Labuschagne,MR Marsh,JT Smuts,0,0,"",""
ball,1,35.2,Australia,M Labuschagne,MR Marsh,JT Smuts,2,0,"",""
ball,1,35.3,Australia,M Labuschagne,MR Marsh,JT Smuts,0,0,"",""
ball,1,35.4,Australia,M Labuschagne,MR Marsh,JT Smuts,0,0,"",""
ball,1,35.5,Australia,M Labuschagne,MR Marsh,JT Smuts,1,0,"",""
ball,1,35.6,Australia,MR Marsh,M Labuschagne,JT Smuts,1,0,"",""
ball,1,36.1,Australia,MR Marsh,M Labuschagne,KA Maharaj,1,0,"",""
ball,1,36.2,Australia,M Labuschagne,MR Marsh,KA Maharaj,1,0,"",""
ball,1,36.3,Australia,MR Marsh,M Labuschagne,KA Maharaj,0,0,"",""
ball,1,36.4,Australia,MR Marsh,M Labuschagne,KA Maharaj,0,0,"",""
ball,1,36.5,Australia,MR Marsh,M Labuschagne,KA Maharaj,1,0,"",""
ball,1,36.6,Australia,M Labuschagne,MR Marsh,KA Maharaj,1,0,"",""
ball,1,37.1,Australia,M Labuschagne,MR Marsh,DM Dupavillon,1,0,"",""
ball,1,37.2,Australia,MR Marsh,M Labuschagne,DM Dupavillon,0,0,"",""
ball,1,37.3,Australia,MR Marsh,M Labuschagne,DM Dupavillon,0,0,"",""
ball,1,37.4,Australia,MR Marsh,M Labuschagne,DM Dupavillon,6,0,"",""
ball,1,37.5,Australia,MR Marsh,M Labuschagne,DM Dupavillon,1,0,"",""
ball,1,37.6,Australia,M Labuschagne,MR Marsh,DM Dupavillon,0,0,"",""
ball,1,38.1,Australia,MR Marsh,M Labuschagne,JT Smuts,4,0,"",""
ball,1,38.2,Australia,MR Marsh,M Labuschagne,JT Smuts,0,0,"",""
ball,1,38.3,Australia,MR Marsh,M Labuschagne,JT Smuts,0,0,"",""
ball,1,38.4,Australia,MR Marsh,M Labuschagne,JT Smuts,4,0,"",""
ball,1,38.5,Australia,MR Marsh,M Labuschagne,JT Smuts,0,0,"",""
ball,1,38.6,Australia,MR Marsh,M Labuschagne,JT Smuts,0,0,"",""
ball,1,39.1,Australia,M Labuschagne,MR Marsh,DM Dupavillon,0,0,"",""
ball,1,39.2,Australia,M Labuschagne,MR Marsh,DM Dupavillon,1,0,"",""
ball,1,39.3,Australia,MR Marsh,M Labuschagne,DM Dupavillon,0,0,"",""
ball,1,39.4,Australia,MR Marsh,M Labuschagne,DM Dupavillon,0,2,"",""
ball,1,39.5,Australia,MR Marsh,M Labuschagne,DM Dupavillon,0,0,"",""
ball,1,39.6,Australia,MR Marsh,M Labuschagne,DM Dupavillon,0,1,"",""
ball,1,39.7,Australia,MR Marsh,M Labuschagne,DM Dupavillon,1,0,"",""
ball,1,40.1,Australia,MR Marsh,M Labuschagne,JT Smuts,1,0,"",""
ball,1,40.2,Australia,M Labuschagne,MR Marsh,JT Smuts,1,0,"",""
ball,1,40.3,Australia,MR Marsh,M Labuschagne,JT Smuts,1,0,"",""
ball,1,40.4,Australia,M Labuschagne,MR Marsh,JT Smuts,1,0,"",""
ball,1,40.5,Australia,MR Marsh,M Labuschagne,JT Smuts,1,0,"",""
ball,1,40.6,Australia,M Labuschagne,MR Marsh,JT Smuts,0,0,"",""
ball,1,41.1,Australia,MR Marsh,M Labuschagne,L Sipamla,0,0,"",""
ball,1,41.2,Australia,MR Marsh,M Labuschagne,L Sipamla,1,0,"",""
ball,1,41.3,Australia,M Labuschagne,MR Marsh,L Sipamla,1,0,"",""
ball,1,41.4,Australia,MR Marsh,M Labuschagne,L Sipamla,1,0,"",""
ball,1,41.5,Australia,M Labuschagne,MR Marsh,L Sipamla,1,0,"",""
ball,1,41.6,Australia,MR Marsh,M Labuschagne,L Sipamla,0,0,"",""
ball,1,42.1,Australia,M Labuschagne,MR Marsh,JT Smuts,0,0,run out,MR Marsh
ball,1,42.2,Australia,AT Carey,M Labuschagne,JT Smuts,0,0,"",""
ball,1,42.3,Australia,AT Carey,M Labuschagne,JT Smuts,0,0,"",""
ball,1,42.4,Australia,AT Carey,M Labuschagne,JT Smuts,0,0,bowled,AT Carey
ball,1,42.5,Australia,JA Richardson,M Labuschagne,JT Smuts,0,0,"",""
ball,1,42.6,Australia,JA Richardson,M Labuschagne,JT Smuts,0,0,"",""
ball,1,43.1,Australia,M Labuschagne,JA Richardson,L Sipamla,1,0,"",""
ball,1,43.2,Australia,JA Richardson,M Labuschagne,L Sipamla,0,0,"",""
ball,1,43.3,Australia,JA Richardson,M Labuschagne,L Sipamla,1,0,"",""
ball,1,43.4,Australia,M Labuschagne,JA Richardson,L Sipamla,1,0,"",""
ball,1,43.5,Australia,JA Richardson,M Labuschagne,L Sipamla,0,0,"",""
ball,1,43.6,Australia,JA Richardson,M Labuschagne,L Sipamla,1,0,"",""
ball,1,44.1,Australia,JA Richardson,M Labuschagne,JT Smuts,0,0,"",""
ball,1,44.2,Australia,JA Richardson,M Labuschagne,JT Smuts,4,0,"",""
ball,1,44.3,Australia,JA Richardson,M Labuschagne,JT Smuts,1,0,"",""
ball,1,44.4,Australia,M Labuschagne,JA Richardson,JT Smuts,2,0,"",""
ball,1,44.5,Australia,M Labuschagne,JA Richardson,JT Smuts,1,0,"",""
ball,1,44.6,Australia,JA Richardson,M Labuschagne,JT Smuts,0,0,"",""
ball,1,45.1,Australia,M Labuschagne,JA Richardson,L Sipamla,0,0,"",""
ball,1,45.2,Australia,M Labuschagne,JA Richardson,L Sipamla,0,1,"",""
ball,1,45.3,Australia,M Labuschagne,JA Richardson,L Sipamla,4,0,"",""
ball,1,45.4,Australia,M Labuschagne,JA Richardson,L Sipamla,4,0,"",""
ball,1,45.5,Australia,M Labuschagne,JA Richardson,L Sipamla,2,0,"",""
ball,1,45.6,Australia,M Labuschagne,JA Richardson,L Sipamla,0,0,"",""
ball,1,45.7,Australia,M Labuschagne,JA Richardson,L Sipamla,0,0,"",""
ball,1,46.1,Australia,JA Richardson,M Labuschagne,AL Phehlukwayo,0,0,"",""
ball,1,46.2,Australia,JA Richardson,M Labuschagne,AL Phehlukwayo,2,0,"",""
ball,1,46.3,Australia,JA Richardson,M Labuschagne,AL Phehlukwayo,1,0,"",""
ball,1,46.4,Australia,M Labuschagne,JA Richardson,AL Phehlukwayo,4,0,"",""
ball,1,46.5,Australia,M Labuschagne,JA Richardson,AL Phehlukwayo,4,0,"",""
ball,1,46.6,Australia,M Labuschagne,JA Richardson,AL Phehlukwayo,4,0,"",""
ball,1,47.1,Australia,JA Richardson,M Labuschagne,A Nortje,1,0,"",""
ball,1,47.2,Australia,M Labuschagne,JA Richardson,A Nortje,1,0,"",""
ball,1,47.3,Australia,JA Richardson,M Labuschagne,A Nortje,4,0,"",""
ball,1,47.4,Australia,JA Richardson,M Labuschagne,A Nortje,3,0,"",""
ball,1,47.5,Australia,M Labuschagne,JA Richardson,A Nortje,2,0,"",""
ball,1,47.6,Australia,M Labuschagne,JA Richardson,A Nortje,1,0,"",""
ball,1,48.1,Australia,M Labuschagne,JA Richardson,AL Phehlukwayo,1,0,"",""
ball,1,48.2,Australia,JA Richardson,M Labuschagne,AL Phehlukwayo,0,1,"",""
ball,1,48.3,Australia,JA Richardson,M Labuschagne,AL Phehlukwayo,1,0,"",""
ball,1,48.4,Australia,M Labuschagne,JA Richardson,AL Phehlukwayo,2,0,"",""
ball,1,48.5,Australia,M Labuschagne,JA Richardson,AL Phehlukwayo,2,0,"",""
ball,1,48.6,Australia,M Labuschagne,JA Richardson,AL Phehlukwayo,0,0,"",""
ball,1,48.7,Australia,M Labuschagne,JA Richardson,AL Phehlukwayo,1,0,"",""
ball,1,49.1,Australia,M Labuschagne,JA Richardson,A Nortje,1,0,"",""
ball,1,49.2,Australia,JA Richardson,M Labuschagne,A Nortje,4,0,"",""
ball,1,49.3,Australia,JA Richardson,M Labuschagne,A Nortje,0,0,"",""
ball,1,49.4,Australia,JA Richardson,M Labuschagne,A Nortje,1,0,"",""
ball,1,49.5,Australia,M Labuschagne,JA Richardson,A Nortje,0,0,bowled,M Labuschagne
ball,1,49.6,Australia,KW Richardson,JA Richardson,A Nortje,0,1,"",""
ball,2,0.1,South Africa,JN Malan,Q de Kock,JA Richardson,1,0,"",""
ball,2,0.2,South Africa,Q de Kock,JN Malan,JA Richardson,0,0,"",""
ball,2,0.3,South Africa,Q de Kock,JN Malan,JA Richardson,4,0,"",""
ball,2,0.4,South Africa,Q de Kock,JN Malan,JA Richardson,0,0,"",""
ball,2,0.5,South Africa,Q de Kock,JN Malan,JA Richardson,0,0,"",""
ball,2,0.6,South Africa,Q de Kock,JN Malan,JA Richardson,1,0,"",""
ball,2,1.1,South Africa,Q de Kock,JN Malan,JR Hazlewood,0,0,"",""
ball,2,1.2,South Africa,Q de Kock,JN Malan,JR Hazlewood,0,0,"",""
ball,2,1.3,South Africa,Q de Kock,JN Malan,JR Hazlewood,0,0,"",""
ball,2,1.4,South Africa,Q de Kock,JN Malan,JR Hazlewood,0,0,"",""
ball,2,1.5,South Africa,Q de Kock,JN Malan,JR Hazlewood,3,0,"",""
ball,2,1.6,South Africa,JN Malan,Q de Kock,JR Hazlewood,0,0,"",""
ball,2,2.1,South Africa,Q de Kock,JN Malan,JA Richardson,0,0,"",""
ball,2,2.2,South Africa,Q de Kock,JN Malan,JA Richardson,0,0,"",""
ball,2,2.3,South Africa,Q de Kock,JN Malan,JA Richardson,1,0,"",""
ball,2,2.4,South Africa,JN Malan,Q de Kock,JA Richardson,3,0,"",""
ball,2,2.5,South Africa,Q de Kock,JN Malan,JA Richardson,0,0,"",""
ball,2,2.6,South Africa,Q de Kock,JN Malan,JA Richardson,4,0,"",""
ball,2,3.1,South Africa,JN Malan,Q de Kock,JR Hazlewood,0,0,"",""
ball,2,3.2,South Africa,JN Malan,Q de Kock,JR Hazlewood,0,0,"",""
ball,2,3.3,South Africa,JN Malan,Q de Kock,JR Hazlewood,0,0,"",""
ball,2,3.4,South Africa,JN Malan,Q de Kock,JR Hazlewood,4,0,"",""
ball,2,3.5,South Africa,JN Malan,Q de Kock,JR Hazlewood,0,0,"",""
ball,2,3.6,South Africa,JN Malan,Q de Kock,JR Hazlewood,4,0,"",""
ball,2,4.1,South Africa,Q de Kock,JN Malan,JA Richardson,0,0,"",""
ball,2,4.2,South Africa,Q de Kock,JN Malan,JA Richardson,0,0,"",""
ball,2,4.3,South Africa,Q de Kock,JN Malan,JA Richardson,0,0,"",""
ball,2,4.4,South Africa,Q de Kock,JN Malan,JA Richardson,0,0,"",""
ball,2,4.5,South Africa,Q de Kock,JN Malan,JA Richardson,0,0,"",""
ball,2,4.6,South Africa,Q de Kock,JN Malan,JA Richardson,0,0,"",""
ball,2,5.1,South Africa,JN Malan,Q de Kock,JR Hazlewood,0,0,"",""
ball,2,5.2,South Africa,JN Malan,Q de Kock,JR Hazlewood,0,0,"",""
ball,2,5.3,South Africa,JN Malan,Q de Kock,JR Hazlewood,0,0,"",""
ball,2,5.4,South Africa,JN Malan,Q de Kock,JR Hazlewood,0,0,"",""
ball,2,5.5,South Africa,JN Malan,Q de Kock,JR Hazlewood,0,0,"",""
ball,2,5.6,South Africa,JN Malan,Q de Kock,JR Hazlewood,0,0,"",""
ball,2,6.1,South Africa,Q de Kock,JN Malan,JA Richardson,0,0,"",""
ball,2,6.2,South Africa,Q de Kock,JN Malan,JA Richardson,0,0,"",""
ball,2,6.3,South Africa,Q de Kock,JN Malan,JA Richardson,0,0,"",""
ball,2,6.4,South Africa,Q de Kock,JN Malan,JA Richardson,6,0,"",""
ball,2,6.5,South Africa,Q de Kock,JN Malan,JA Richardson,0,0,"",""
ball,2,6.6,South Africa,Q de Kock,JN Malan,JA Richardson,0,0,"",""
ball,2,7.1,South Africa,JN Malan,Q de Kock,KW Richardson,1,0,"",""
ball,2,7.2,South Africa,Q de Kock,JN Malan,KW Richardson,0,0,"",""
ball,2,7.3,South Africa,Q de Kock,JN Malan,KW Richardson,6,0,"",""
ball,2,7.4,South Africa,Q de Kock,JN Malan,KW Richardson,1,0,"",""
ball,2,7.5,South Africa,JN Malan,Q de Kock,KW Richardson,4,0,"",""
ball,2,7.6,South Africa,JN Malan,Q de Kock,KW Richardson,4,0,"",""
ball,2,8.1,South Africa,Q de Kock,JN Malan,JR Hazlewood,0,0,bowled,Q de Kock
ball,2,8.2,South Africa,JT Smuts,JN Malan,JR Hazlewood,0,0,"",""
ball,2,8.3,South Africa,JT Smuts,JN Malan,JR Hazlewood,0,0,"",""
ball,2,8.4,South Africa,JT Smuts,JN Malan,JR Hazlewood,4,0,"",""
ball,2,8.5,South Africa,JT Smuts,JN Malan,JR Hazlewood,0,0,"",""
ball,2,8.6,South Africa,JT Smuts,JN Malan,JR Hazlewood,0,0,"",""
ball,2,9.1,South Africa,JN Malan,JT Smuts,JA Richardson,0,0,"",""
ball,2,9.2,South Africa,JN Malan,JT Smuts,JA Richardson,1,0,"",""
ball,2,9.3,South Africa,JT Smuts,JN Malan,JA Richardson,0,1,"",""
ball,2,9.4,South Africa,JN Malan,JT Smuts,JA Richardson,0,0,"",""
ball,2,9.5,South Africa,JN Malan,JT Smuts,JA Richardson,0,0,"",""
ball,2,9.6,South Africa,JN Malan,JT Smuts,JA Richardson,1,0,"",""
ball,2,10.1,South Africa,JN Malan,JT Smuts,JR Hazlewood,0,0,"",""
ball,2,10.2,South Africa,JN Malan,JT Smuts,JR Hazlewood,0,0,"",""
ball,2,10.3,South Africa,JN Malan,JT Smuts,JR Hazlewood,0,0,caught,JN Malan
ball,2,10.4,South Africa,K Verreynne,JT Smuts,JR Hazlewood,0,1,"",""
ball,2,10.5,South Africa,JT Smuts,K Verreynne,JR Hazlewood,0,0,"",""
ball,2,10.6,South Africa,JT Smuts,K Verreynne,JR Hazlewood,1,0,"",""
ball,2,11.1,South Africa,JT Smuts,K Verreynne,A Zampa,1,0,"",""
ball,2,11.2,South Africa,K Verreynne,JT Smuts,A Zampa,1,0,"",""
ball,2,11.3,South Africa,JT Smuts,K Verreynne,A Zampa,1,0,"",""
ball,2,11.4,South Africa,K Verreynne,JT Smuts,A Zampa,1,0,"",""
ball,2,11.5,South Africa,JT Smuts,K Verreynne,A Zampa,1,0,"",""
ball,2,11.6,South Africa,K Verreynne,JT Smuts,A Zampa,0,0,"",""
ball,2,12.1,South Africa,JT Smuts,K Verreynne,KW Richardson,0,0,"",""
ball,2,12.2,South Africa,JT Smuts,K Verreynne,KW Richardson,1,0,"",""
ball,2,12.3,South Africa,K Verreynne,JT Smuts,KW Richardson,1,0,"",""
ball,2,12.4,South Africa,JT Smuts,K Verreynne,KW Richardson,1,0,"",""
ball,2,12.5,South Africa,K Verreynne,JT Smuts,KW Richardson,1,0,"",""
ball,2,12.6,South Africa,JT Smuts,K Verreynne,KW Richardson,0,0,"",""
ball,2,13.1,South Africa,K Verreynne,JT Smuts,A Zampa,0,0,"",""
ball,2,13.2,South Africa,K Verreynne,JT Smuts,A Zampa,0,0,"",""
ball,2,13.3,South Africa,K Verreynne,JT Smuts,A Zampa,1,0,"",""
ball,2,13.4,South Africa,JT Smuts,K Verreynne,A Zampa,0,0,"",""
ball,2,13.5,South Africa,JT Smuts,K Verreynne,A Zampa,4,0,"",""
ball,2,13.6,South Africa,JT Smuts,K Verreynne,A Zampa,0,0,"",""
ball,2,14.1,South Africa,K Verreynne,JT Smuts,KW Richardson,1,0,"",""
ball,2,14.2,South Africa,JT Smuts,K Verreynne,KW Richardson,0,0,"",""
ball,2,14.3,South Africa,JT Smuts,K Verreynne,KW Richardson,0,0,"",""
ball,2,14.4,South Africa,JT Smuts,K Verreynne,KW Richardson,1,0,"",""
ball,2,14.5,South Africa,K Verreynne,JT Smuts,KW Richardson,0,0,"",""
ball,2,14.6,South Africa,K Verreynne,JT Smuts,KW Richardson,0,0,"",""
ball,2,15.1,South Africa,JT Smuts,K Verreynne,MR Marsh,1,0,"",""
ball,2,15.2,South Africa,K Verreynne,JT Smuts,MR Marsh,0,0,"",""
ball,2,15.3,South Africa,K Verreynne,JT Smuts,MR Marsh,4,0,"",""
ball,2,15.4,South Africa,K Verreynne,JT Smuts,MR Marsh,1,0,"",""
ball,2,15.5,South Africa,JT Smuts,K Verreynne,MR Marsh,0,0,"",""
ball,2,15.6,South Africa,JT Smuts,K Verreynne,MR Marsh,1,0,"",""
ball,2,16.1,South Africa,JT Smuts,K Verreynne,KW Richardson,1,0,"",""
ball,2,16.2,South Africa,K Verreynne,JT Smuts,KW Richardson,0,0,"",""
ball,2,16.3,South Africa,K Verreynne,JT Smuts,KW Richardson,2,0,"",""
ball,2,16.4,South Africa,K Verreynne,JT Smuts,KW Richardson,4,0,"",""
ball,2,16.5,South Africa,K Verreynne,JT Smuts,KW Richardson,6,0,"",""
ball,2,16.6,South Africa,K Verreynne,JT Smuts,KW Richardson,1,0,"",""
ball,2,17.1,South Africa,K Verreynne,JT Smuts,AJ Finch,0,0,"",""
ball,2,17.2,South Africa,K Verreynne,JT Smuts,AJ Finch,0,0,"",""
ball,2,17.3,South Africa,K Verreynne,JT Smuts,AJ Finch,1,0,"",""
ball,2,17.4,South Africa,JT Smuts,K Verreynne,AJ Finch,1,0,"",""
ball,2,17.5,South Africa,K Verreynne,JT Smuts,AJ Finch,1,0,"",""
ball,2,17.6,South Africa,JT Smuts,K Verreynne,AJ Finch,1,0,"",""
ball,2,18.1,South Africa,JT Smuts,K Verreynne,A Zampa,0,0,"",""
ball,2,18.2,South Africa,JT Smuts,K Verreynne,A Zampa,1,0,"",""
ball,2,18.3,South Africa,K Verreynne,JT Smuts,A Zampa,0,0,"",""
ball,2,18.4,South Africa,K Verreynne,JT Smuts,A Zampa,0,0,"",""
ball,2,18.5,South Africa,K Verreynne,JT Smuts,A Zampa,0,0,"",""
ball,2,18.6,South Africa,K Verreynne,JT Smuts,A Zampa,0,0,"",""
ball,2,19.1,South Africa,JT Smuts,K Verreynne,AJ Finch,4,0,"",""
ball,2,19.2,South Africa,JT Smuts,K Verreynne,AJ Finch,1,0,"",""
ball,2,19.3,South Africa,K Verreynne,JT Smuts,AJ Finch,0,0,"",""
ball,2,19.4,South Africa,K Verreynne,JT Smuts,AJ Finch,1,0,"",""
ball,2,19.5,South Africa,JT Smuts,K Verreynne,AJ Finch,1,0,"",""
ball,2,19.6,South Africa,K Verreynne,JT Smuts,AJ Finch,0,0,"",""
ball,2,20.1,South Africa,JT Smuts,K Verreynne,A Zampa,4,0,"",""
ball,2,20.2,South Africa,JT Smuts,K Verreynne,A Zampa,0,0,"",""
ball,2,20.3,South Africa,JT Smuts,K Verreynne,A Zampa,0,0,"",""
ball,2,20.4,South Africa,JT Smuts,K Verreynne,A Zampa,0,0,"",""
ball,2,20.5,South Africa,JT Smuts,K Verreynne,A Zampa,0,0,"",""
ball,2,20.6,South Africa,JT Smuts,K Verreynne,A Zampa,0,0,"",""
ball,2,21.1,South Africa,K Verreynne,JT Smuts,DJM Short,0,0,"",""
ball,2,21.2,South Africa,K Verreynne,JT Smuts,DJM Short,1,0,"",""
ball,2,21.3,South Africa,JT Smuts,K Verreynne,DJM Short,1,0,"",""
ball,2,21.4,South Africa,K Verreynne,JT Smuts,DJM Short,4,0,"",""
ball,2,21.5,South Africa,K Verreynne,JT Smuts,DJM Short,0,0,"",""
ball,2,21.6,South Africa,K Verreynne,JT Smuts,DJM Short,1,0,"",""
ball,2,22.1,South Africa,K Verreynne,JT Smuts,A Zampa,0,0,"",""
ball,2,22.2,South Africa,K Verreynne,JT Smuts,A Zampa,1,0,"",""
ball,2,22.3,South Africa,JT Smuts,K Verreynne,A Zampa,0,0,"",""
ball,2,22.4,South Africa,JT Smuts,K Verreynne,A Zampa,1,0,"",""
ball,2,22.5,South Africa,K Verreynne,JT Smuts,A Zampa,0,0,"",""
ball,2,22.6,South Africa,K Verreynne,JT Smuts,A Zampa,0,0,"",""
ball,2,23.1,South Africa,JT Smuts,K Verreynne,DJM Short,0,0,"",""
ball,2,23.2,South Africa,JT Smuts,K Verreynne,DJM Short,0,0,"",""
ball,2,23.3,South Africa,JT Smuts,K Verreynne,DJM Short,1,0,"",""
ball,2,23.4,South Africa,K Verreynne,JT Smuts,DJM Short,0,0,"",""
ball,2,23.5,South Africa,K Verreynne,JT Smuts,DJM Short,0,1,"",""
ball,2,23.6,South Africa,JT Smuts,K Verreynne,DJM Short,1,0,"",""
ball,2,24.1,South Africa,JT Smuts,K Verreynne,JA Richardson,0,0,"",""
ball,2,24.2,South Africa,JT Smuts,K Verreynne,JA Richardson,0,0,"",""
ball,2,24.3,South Africa,JT Smuts,K Verreynne,JA Richardson,0,0,"",""
ball,2,24.4,South Africa,JT Smuts,K Verreynne,JA Richardson,1,0,"",""
ball,2,24.5,South Africa,K Verreynne,JT Smuts,JA Richardson,6,0,"",""
ball,2,24.6,South Africa,K Verreynne,JT Smuts,JA Richardson,6,0,"",""
ball,2,25.1,South Africa,JT Smuts,K Verreynne,A Zampa,4,0,"",""
ball,2,25.2,South Africa,JT Smuts,K Verreynne,A Zampa,0,0,"",""
ball,2,25.3,South Africa,JT Smuts,K Verreynne,A Zampa,4,0,"",""
ball,2,25.4,South Africa,JT Smuts,K Verreynne,A Zampa,0,0,"",""
ball,2,25.5,South Africa,JT Smuts,K Verreynne,A Zampa,1,0,"",""
ball,2,25.6,South Africa,K Verreynne,JT Smuts,A Zampa,2,0,"",""
ball,2,26.1,South Africa,JT Smuts,K Verreynne,JA Richardson,0,0,"",""
ball,2,26.2,South Africa,JT Smuts,K Verreynne,JA Richardson,0,0,"",""
ball,2,26.3,South Africa,JT Smuts,K Verreynne,JA Richardson,1,0,"",""
ball,2,26.4,South Africa,K Verreynne,JT Smuts,JA Richardson,0,1,"",""
ball,2,26.5,South Africa,K Verreynne,JT Smuts,JA Richardson,0,0,"",""
ball,2,26.6,South Africa,K Verreynne,JT Smuts,JA Richardson,0,0,"",""
ball,2,26.7,South Africa,K Verreynne,JT Smuts,JA Richardson,2,0,"",""
ball,2,27.1,South Africa,JT Smuts,K Verreynne,A Zampa,1,0,"",""
ball,2,27.2,South Africa,K Verreynne,JT Smuts,A Zampa,0,0,"",""
ball,2,27.3,South Africa,K Verreynne,JT Smuts,A Zampa,0,0,caught,K Verreynne
ball,2,27.4,South Africa,JT Smuts,H Klaasen,A Zampa,0,0,"",""
ball,2,27.5,South Africa,JT Smuts,H Klaasen,A Zampa,0,0,"",""
ball,2,27.6,South Africa,JT Smuts,H Klaasen,A Zampa,0,0,"",""
ball,2,28.1,South Africa,H Klaasen,JT Smuts,JA Richardson,0,0,"",""
ball,2,28.2,South Africa,H Klaasen,JT Smuts,JA Richardson,0,0,"",""
ball,2,28.3,South Africa,H Klaasen,JT Smuts,JA Richardson,0,0,"",""
ball,2,28.4,South Africa,H Klaasen,JT Smuts,JA Richardson,0,0,"",""
ball,2,28.5,South Africa,H Klaasen,JT Smuts,JA Richardson,1,0,"",""
ball,2,28.6,South Africa,JT Smuts,H Klaasen,JA Richardson,4,0,"",""
ball,2,29.1,South Africa,H Klaasen,JT Smuts,A Zampa,0,0,"",""
ball,2,29.2,South Africa,H Klaasen,JT Smuts,A Zampa,4,0,"",""
ball,2,29.3,South Africa,H Klaasen,JT Smuts,A Zampa,0,0,"",""
ball,2,29.4,South Africa,H Klaasen,JT Smuts,A Zampa,1,0,"",""
ball,2,29.5,South Africa,JT Smuts,H Klaasen,A Zampa,0,0,"",""
ball,2,29.6,South Africa,JT Smuts,H Klaasen,A Zampa,0,0,"",""
ball,2,30.1,South Africa,H Klaasen,JT Smuts,JR Hazlewood,0,0,"",""
ball,2,30.2,South Africa,H Klaasen,JT Smuts,JR Hazlewood,0,0,"",""
ball,2,30.3,South Africa,H Klaasen,JT Smuts,JR Hazlewood,0,0,"",""
ball,2,30.4,South Africa,H Klaasen,JT Smuts,JR Hazlewood,0,0,"",""
ball,2,30.5,South Africa,H Klaasen,JT Smuts,JR Hazlewood,1,0,"",""
ball,2,30.6,South Africa,JT Smuts,H Klaasen,JR Hazlewood,0,0,"",""
ball,2,31.1,South Africa,H Klaasen,JT Smuts,DJM Short,4,0,"",""
ball,2,31.2,South Africa,H Klaasen,JT Smuts,DJM Short,2,0,"",""
ball,2,31.3,South Africa,H Klaasen,JT Smuts,DJM Short,0,0,"",""
ball,2,31.4,South Africa,H Klaasen,JT Smuts,DJM Short,4,0,"",""
ball,2,31.5,South Africa,H Klaasen,JT Smuts,DJM Short,0,0,"",""
ball,2,31.6,South Africa,H Klaasen,JT Smuts,DJM Short,1,0,"",""
ball,2,32.1,South Africa,H Klaasen,JT Smuts,JR Hazlewood,1,0,"",""
ball,2,32.2,South Africa,JT Smuts,H Klaasen,JR Hazlewood,0,0,"",""
ball,2,32.3,South Africa,JT Smuts,H Klaasen,JR Hazlewood,0,0,"",""
ball,2,32.4,South Africa,JT Smuts,H Klaasen,JR Hazlewood,0,0,"",""
ball,2,32.5,South Africa,JT Smuts,H Klaasen,JR Hazlewood,0,0,"",""
ball,2,32.6,South Africa,JT Smuts,H Klaasen,JR Hazlewood,0,0,"",""
ball,2,33.1,South Africa,H Klaasen,JT Smuts,KW Richardson,0,0,"",""
ball,2,33.2,South Africa,H Klaasen,JT Smuts,KW Richardson,0,0,"",""
ball,2,33.3,South Africa,H Klaasen,JT Smuts,KW Richardson,2,0,"",""
ball,2,33.4,South Africa,H Klaasen,JT Smuts,KW Richardson,4,0,"",""
ball,2,33.5,South Africa,H Klaasen,JT Smuts,KW Richardson,0,0,"",""
ball,2,33.6,South Africa,H Klaasen,JT Smuts,KW Richardson,0,0,"",""
ball,2,34.1,South Africa,JT Smuts,H Klaasen,JR Hazlewood,0,0,"",""
ball,2,34.2,South Africa,JT Smuts,H Klaasen,JR Hazlewood,4,0,"",""
ball,2,34.3,South Africa,JT Smuts,H Klaasen,JR Hazlewood,0,0,"",""
ball,2,34.4,South Africa,JT Smuts,H Klaasen,JR Hazlewood,4,0,"",""
ball,2,34.5,South Africa,JT Smuts,H Klaasen,JR Hazlewood,1,0,"",""
ball,2,34.6,South Africa,H Klaasen,JT Smuts,JR Hazlewood,0,0,"",""
ball,2,35.1,South Africa,JT Smuts,H Klaasen,KW Richardson,1,0,"",""
ball,2,35.2,South Africa,H Klaasen,JT Smuts,KW Richardson,2,0,"",""
ball,2,35.3,South Africa,H Klaasen,JT Smuts,KW Richardson,1,0,"",""
ball,2,35.4,South Africa,JT Smuts,H Klaasen,KW Richardson,0,0,"",""
ball,2,35.5,South Africa,JT Smuts,H Klaasen,KW Richardson,1,0,"",""
ball,2,35.6,South Africa,H Klaasen,JT Smuts,KW Richardson,4,0,"",""
ball,2,36.1,South Africa,JT Smuts,H Klaasen,JA Richardson,4,0,"",""
ball,2,36.2,South Africa,JT Smuts,H Klaasen,JA Richardson,0,0,"",""
ball,2,36.3,South Africa,JT Smuts,H Klaasen,JA Richardson,4,0,"",""
ball,2,36.4,South Africa,JT Smuts,H Klaasen,JA Richardson,1,0,"",""
ball,2,36.5,South Africa,H Klaasen,JT Smuts,JA Richardson,1,0,"",""
ball,2,36.6,South Africa,JT Smuts,H Klaasen,JA Richardson,1,0,"",""
ball,2,37.1,South Africa,JT Smuts,H Klaasen,A Zampa,0,0,"",""
ball,2,37.2,South Africa,JT Smuts,H Klaasen,A Zampa,0,0,"",""
ball,2,37.3,South Africa,JT Smuts,H Klaasen,A Zampa,0,0,"",""
ball,2,37.4,South Africa,JT Smuts,H Klaasen,A Zampa,4,0,"",""
ball,2,37.5,South Africa,JT Smuts,H Klaasen,A Zampa,1,0,"",""
ball,2,37.6,South Africa,H Klaasen,JT Smuts,A Zampa,0,0,"",""
ball,2,38.1,South Africa,JT Smuts,H Klaasen,JA Richardson,1,0,"",""
ball,2,38.2,South Africa,H Klaasen,JT Smuts,JA Richardson,1,0,"",""
ball,2,38.3,South Africa,JT Smuts,H Klaasen,JA Richardson,1,0,"",""
ball,2,38.4,South Africa,H Klaasen,JT Smuts,JA Richardson,0,0,"",""
ball,2,38.5,South Africa,H Klaasen,JT Smuts,JA Richardson,0,0,"",""
ball,2,38.6,South Africa,H Klaasen,JT Smuts,JA Richardson,0,0,"",""
ball,2,39.1,South Africa,JT Smuts,H Klaasen,A Zampa,1,0,"",""
ball,2,39.2,South Africa,H Klaasen,JT Smuts,A Zampa,2,0,"",""
ball,2,39.3,South Africa,H Klaasen,JT Smuts,A Zampa,0,0,"",""
ball,2,39.4,South Africa,H Klaasen,JT Smuts,A Zampa,1,0,"",""
ball,2,39.5,South Africa,JT Smuts,H Klaasen,A Zampa,2,0,"",""
ball,2,39.6,South Africa,JT Smuts,H Klaasen,A Zampa,0,0,"",""
ball,2,40.1,South Africa,H Klaasen,JT Smuts,KW Richardson,0,0,"",""
ball,2,40.2,South Africa,H Klaasen,JT Smuts,KW Richardson,0,0,"",""
ball,2,40.3,South Africa,H Klaasen,JT Smuts,KW Richardson,1,0,"",""
ball,2,40.4,South Africa,JT Smuts,H Klaasen,KW Richardson,0,0,"",""
ball,2,40.5,South Africa,JT Smuts,H Klaasen,KW Richardson,0,0,"",""
ball,2,40.6,South Africa,JT Smuts,H Klaasen,KW Richardson,1,0,"",""
ball,2,41.1,South Africa,JT Smuts,H Klaasen,JR Hazlewood,1,0,"",""
ball,2,41.2,South Africa,H Klaasen,JT Smuts,JR Hazlewood,0,0,"",""
ball,2,41.3,South Africa,H Klaasen,JT Smuts,JR Hazlewood,0,0,"",""
ball,2,41.4,South Africa,H Klaasen,JT Smuts,JR Hazlewood,4,0,"",""
ball,2,41.5,South Africa,H Klaasen,JT Smuts,JR Hazlewood,0,0,"",""
ball,2,41.6,South Africa,H Klaasen,JT Smuts,JR Hazlewood,0,0,"",""
ball,2,42.1,South Africa,JT Smuts,H Klaasen,KW Richardson,0,0,caught,JT Smuts
ball,2,42.2,South Africa,H Klaasen,DA Miller,KW Richardson,0,0,"",""
ball,2,42.3,South Africa,H Klaasen,DA Miller,KW Richardson,0,0,"",""
ball,2,42.4,South Africa,H Klaasen,DA Miller,KW Richardson,0,0,"",""
ball,2,42.5,South Africa,H Klaasen,DA Miller,KW Richardson,1,0,"",""
ball,2,42.6,South Africa,DA Miller,H Klaasen,KW Richardson,2,0,"",""
ball,2,43.1,South Africa,H Klaasen,DA Miller,JR Hazlewood,4,0,"",""
ball,2,43.2,South Africa,H Klaasen,DA Miller,JR Hazlewood,0,0,"",""
ball,2,43.3,South Africa,H Klaasen,DA Miller,JR Hazlewood,1,0,"",""
ball,2,43.4,South Africa,DA Miller,H Klaasen,JR Hazlewood,0,0,"",""
ball,2,43.5,South Africa,DA Miller,H Klaasen,JR Hazlewood,0,0,"",""
ball,2,43.6,South Africa,DA Miller,H Klaasen,JR Hazlewood,0,0,"",""
ball,2,44.1,South Africa,H Klaasen,DA Miller,KW Richardson,4,0,"",""
ball,2,44.2,South Africa,H Klaasen,DA Miller,KW Richardson,0,0,"",""
ball,2,44.3,South Africa,H Klaasen,DA Miller,KW Richardson,1,0,"",""
ball,2,44.4,South Africa,DA Miller,H Klaasen,KW Richardson,1,0,"",""
ball,2,44.5,South Africa,H Klaasen,DA Miller,KW Richardson,0,0,"",""
ball,2,44.6,South Africa,H Klaasen,DA Miller,KW Richardson,1,0,"",""
ball,2,45.1,South Africa,H Klaasen,DA Miller,MR Marsh,4,0,"",""
ball,2,45.2,South Africa,H Klaasen,DA Miller,MR Marsh,4,0,"",""
ball,2,45.3,South Africa,H Klaasen,DA Miller,MR Marsh,6,0,"",""
