version,1.3.0
info,team,Pakistan
info,team,West Indies
info,gender,male
info,season,2009/10
info,date,2009/09/23
info,competition,ICC Champions Trophy
info,match_number,2
info,venue,New Wanderers Stadium
info,city,Johannesburg
info,neutralvenue,true
info,toss_winner,West Indies
info,toss_decision,bat
info,player_of_match,Umar Akmal
info,umpire,SJ Davis
info,umpire,DJ Harper
info,reserve_umpire,BF Bowden
info,tv_umpire,SJA Taufel
info,match_referee,J Srinath
info,winner,Pakistan
info,winner_wickets,5
ball,1,0.1,West Indies,DM Richards,ADS Fletcher,Mohammad Amir,0,0,"",""
ball,1,0.2,West Indies,DM Richards,ADS Fletcher,Mohammad Amir,1,0,"",""
ball,1,0.3,West Indies,ADS Fletcher,DM Richards,Mohammad Amir,0,0,"",""
ball,1,0.4,West Indies,ADS Fletcher,DM Richards,Mohammad Amir,1,0,"",""
ball,1,0.5,West Indies,DM Richards,ADS Fletcher,Mohammad Amir,0,0,"",""
ball,1,0.6,West Indies,DM Richards,ADS Fletcher,Mohammad Amir,0,0,caught and bowled,DM Richards
ball,1,1.1,West Indies,ADS Fletcher,DS Smith,Naved-ul-Hasan,0,0,"",""
ball,1,1.2,West Indies,ADS Fletcher,DS Smith,Naved-ul-Hasan,0,0,"",""
ball,1,1.3,West Indies,ADS Fletcher,DS Smith,Naved-ul-Hasan,0,1,"",""
ball,1,1.4,West Indies,ADS Fletcher,DS Smith,Naved-ul-Hasan,0,0,"",""
ball,1,1.5,West Indies,ADS Fletcher,DS Smith,Naved-ul-Hasan,1,0,"",""
ball,1,1.6,West Indies,DS Smith,ADS Fletcher,Naved-ul-Hasan,1,0,"",""
ball,1,1.7,West Indies,ADS Fletcher,DS Smith,Naved-ul-Hasan,0,0,"",""
ball,1,2.1,West Indies,DS Smith,ADS Fletcher,Mohammad Amir,1,0,"",""
ball,1,2.2,West Indies,ADS Fletcher,DS Smith,Mohammad Amir,1,0,"",""
ball,1,2.3,West Indies,DS Smith,ADS Fletcher,Mohammad Amir,0,0,"",""
ball,1,2.4,West Indies,DS Smith,ADS Fletcher,Mohammad Amir,0,0,"",""
ball,1,2.5,West Indies,DS Smith,ADS Fletcher,Mohammad Amir,0,0,"",""
ball,1,2.6,West Indies,DS Smith,ADS Fletcher,Mohammad Amir,0,0,"",""
ball,1,3.1,West Indies,ADS Fletcher,DS Smith,Naved-ul-Hasan,0,0,"",""
ball,1,3.2,West Indies,ADS Fletcher,DS Smith,Naved-ul-Hasan,4,0,"",""
ball,1,3.3,West Indies,ADS Fletcher,DS Smith,Naved-ul-Hasan,0,0,"",""
ball,1,3.4,West Indies,ADS Fletcher,DS Smith,Naved-ul-Hasan,0,0,"",""
ball,1,3.5,West Indies,ADS Fletcher,DS Smith,Naved-ul-Hasan,0,0,"",""
ball,1,3.6,West Indies,ADS Fletcher,DS Smith,Naved-ul-Hasan,0,0,caught,ADS Fletcher
ball,1,4.1,West Indies,DS Smith,TM Dowlin,Mohammad Amir,0,0,"",""
ball,1,4.2,West Indies,DS Smith,TM Dowlin,Mohammad Amir,0,0,"",""
ball,1,4.3,West Indies,DS Smith,TM Dowlin,Mohammad Amir,3,0,"",""
ball,1,4.4,West Indies,TM Dowlin,DS Smith,Mohammad Amir,0,0,"",""
ball,1,4.5,West Indies,TM Dowlin,DS Smith,Mohammad Amir,0,0,caught,TM Dowlin
ball,1,4.6,West Indies,FL Reifer,DS Smith,Mohammad Amir,0,0,"",""
ball,1,5.1,West Indies,DS Smith,FL Reifer,Naved-ul-Hasan,0,0,"",""
ball,1,5.2,West Indies,DS Smith,FL Reifer,Naved-ul-Hasan,0,0,"",""
ball,1,5.3,West Indies,DS Smith,FL Reifer,Naved-ul-Hasan,0,0,"",""
ball,1,5.4,West Indies,DS Smith,FL Reifer,Naved-ul-Hasan,0,0,"",""
ball,1,5.5,West Indies,DS Smith,FL Reifer,Naved-ul-Hasan,1,0,"",""
ball,1,5.6,West Indies,FL Reifer,DS Smith,Naved-ul-Hasan,0,0,"",""
ball,1,6.1,West Indies,DS Smith,FL Reifer,Mohammad Amir,0,0,"",""
ball,1,6.2,West Indies,DS Smith,FL Reifer,Mohammad Amir,0,0,"",""
ball,1,6.3,West Indies,DS Smith,FL Reifer,Mohammad Amir,0,1,"",""
ball,1,6.4,West Indies,DS Smith,FL Reifer,Mohammad Amir,2,0,"",""
ball,1,6.5,West Indies,DS Smith,FL Reifer,Mohammad Amir,4,0,"",""
ball,1,6.6,West Indies,DS Smith,FL Reifer,Mohammad Amir,1,0,"",""
ball,1,6.7,West Indies,FL Reifer,DS Smith,Mohammad Amir,1,0,"",""
ball,1,7.1,West Indies,FL Reifer,DS Smith,Naved-ul-Hasan,0,0,"",""
ball,1,7.2,West Indies,FL Reifer,DS Smith,Naved-ul-Hasan,1,0,"",""
ball,1,7.3,West Indies,DS Smith,FL Reifer,Naved-ul-Hasan,0,0,"",""
ball,1,7.4,West Indies,DS Smith,FL Reifer,Naved-ul-Hasan,0,0,"",""
ball,1,7.5,West Indies,DS Smith,FL Reifer,Naved-ul-Hasan,0,0,"",""
ball,1,7.6,West Indies,DS Smith,FL Reifer,Naved-ul-Hasan,0,0,"",""
ball,1,8.1,West Indies,FL Reifer,DS Smith,Umar Gul,0,1,"",""
ball,1,8.2,West Indies,FL Reifer,DS Smith,Umar Gul,0,0,"",""
ball,1,8.3,West Indies,FL Reifer,DS Smith,Umar Gul,2,0,"",""
ball,1,8.4,West Indies,FL Reifer,DS Smith,Umar Gul,0,0,"",""
ball,1,8.5,West Indies,FL Reifer,DS Smith,Umar Gul,0,0,"",""
ball,1,8.6,West Indies,FL Reifer,DS Smith,Umar Gul,0,0,"",""
ball,1,8.7,West Indies,FL Reifer,DS Smith,Umar Gul,0,0,"",""
ball,1,9.1,West Indies,DS Smith,FL Reifer,Naved-ul-Hasan,1,0,"",""
ball,1,9.2,West Indies,FL Reifer,DS Smith,Naved-ul-Hasan,0,0,"",""
ball,1,9.3,West Indies,FL Reifer,DS Smith,Naved-ul-Hasan,0,0,"",""
ball,1,9.4,West Indies,FL Reifer,DS Smith,Naved-ul-Hasan,0,1,"",""
ball,1,9.5,West Indies,FL Reifer,DS Smith,Naved-ul-Hasan,1,0,"",""
ball,1,9.6,West Indies,DS Smith,FL Reifer,Naved-ul-Hasan,0,0,"",""
ball,1,9.7,West Indies,DS Smith,FL Reifer,Naved-ul-Hasan,0,0,"",""
ball,1,10.1,West Indies,FL Reifer,DS Smith,Umar Gul,1,0,"",""
ball,1,10.2,West Indies,DS Smith,FL Reifer,Umar Gul,4,0,"",""
ball,1,10.3,West Indies,DS Smith,FL Reifer,Umar Gul,0,0,caught,DS Smith
ball,1,10.4,West Indies,DE Bernard,FL Reifer,Umar Gul,0,0,"",""
ball,1,10.5,West Indies,DE Bernard,FL Reifer,Umar Gul,1,0,"",""
ball,1,10.6,West Indies,FL Reifer,DE Bernard,Umar Gul,0,0,"",""
ball,1,11.1,West Indies,DE Bernard,FL Reifer,Mohammad Amir,0,0,"",""
ball,1,11.2,West Indies,DE Bernard,FL Reifer,Mohammad Amir,4,0,"",""
ball,1,11.3,West Indies,DE Bernard,FL Reifer,Mohammad Amir,0,0,"",""
ball,1,11.4,West Indies,DE Bernard,FL Reifer,Mohammad Amir,0,0,"",""
ball,1,11.5,West Indies,DE Bernard,FL Reifer,Mohammad Amir,0,0,"",""
ball,1,11.6,West Indies,DE Bernard,FL Reifer,Mohammad Amir,0,0,"",""
ball,1,12.1,West Indies,FL Reifer,DE Bernard,Umar Gul,1,0,"",""
ball,1,12.2,West Indies,DE Bernard,FL Reifer,Umar Gul,0,0,"",""
ball,1,12.3,West Indies,DE Bernard,FL Reifer,Umar Gul,0,0,"",""
ball,1,12.4,West Indies,DE Bernard,FL Reifer,Umar Gul,1,0,"",""
ball,1,12.5,West Indies,FL Reifer,DE Bernard,Umar Gul,0,0,"",""
ball,1,12.6,West Indies,FL Reifer,DE Bernard,Umar Gul,0,0,"",""
ball,1,13.1,West Indies,DE Bernard,FL Reifer,Mohammad Amir,0,0,"",""
ball,1,13.2,West Indies,DE Bernard,FL Reifer,Mohammad Amir,0,0,"",""
ball,1,13.3,West Indies,DE Bernard,FL Reifer,Mohammad Amir,0,0,bowled,DE Bernard
ball,1,13.4,West Indies,DJG Sammy,FL Reifer,Mohammad Amir,0,0,"",""
ball,1,13.5,West Indies,DJG Sammy,FL Reifer,Mohammad Amir,0,0,"",""
ball,1,13.6,West Indies,DJG Sammy,FL Reifer,Mohammad Amir,4,0,"",""
ball,1,14.1,West Indies,FL Reifer,DJG Sammy,Umar Gul,0,0,"",""
ball,1,14.2,West Indies,FL Reifer,DJG Sammy,Umar Gul,0,0,"",""
ball,1,14.3,West Indies,FL Reifer,DJG Sammy,Umar Gul,0,0,caught,FL Reifer
ball,1,14.4,West Indies,CAK Walton,DJG Sammy,Umar Gul,0,0,lbw,CAK Walton
ball,1,14.5,West Indies,NO Miller,DJG Sammy,Umar Gul,4,0,"",""
ball,1,14.6,West Indies,NO Miller,DJG Sammy,Umar Gul,0,0,"",""
ball,1,15.1,West Indies,DJG Sammy,NO Miller,Mohammad Amir,0,0,"",""
ball,1,15.2,West Indies,DJG Sammy,NO Miller,Mohammad Amir,0,0,"",""
ball,1,15.3,West Indies,DJG Sammy,NO Miller,Mohammad Amir,0,0,"",""
ball,1,15.4,West Indies,DJG Sammy,NO Miller,Mohammad Amir,0,0,"",""
ball,1,15.5,West Indies,DJG Sammy,NO Miller,Mohammad Amir,0,0,"",""
ball,1,15.6,West Indies,DJG Sammy,NO Miller,Mohammad Amir,0,0,"",""
ball,1,16.1,West Indies,NO Miller,DJG Sammy,Umar Gul,0,0,"",""
ball,1,16.2,West Indies,NO Miller,DJG Sammy,Umar Gul,0,0,"",""
ball,1,16.3,West Indies,NO Miller,DJG Sammy,Umar Gul,0,0,"",""
ball,1,16.4,West Indies,NO Miller,DJG Sammy,Umar Gul,0,0,"",""
ball,1,16.5,West Indies,NO Miller,DJG Sammy,Umar Gul,0,0,"",""
ball,1,16.6,West Indies,NO Miller,DJG Sammy,Umar Gul,0,0,"",""
ball,1,17.1,West Indies,DJG Sammy,NO Miller,Shahid Afridi,0,0,"",""
ball,1,17.2,West Indies,DJG Sammy,NO Miller,Shahid Afridi,4,0,"",""
ball,1,17.3,West Indies,DJG Sammy,NO Miller,Shahid Afridi,0,0,"",""
ball,1,17.4,West Indies,DJG Sammy,NO Miller,Shahid Afridi,4,0,"",""
ball,1,17.5,West Indies,DJG Sammy,NO Miller,Shahid Afridi,0,0,"",""
ball,1,17.6,West Indies,DJG Sammy,NO Miller,Shahid Afridi,1,0,"",""
ball,1,18.1,West Indies,DJG Sammy,NO Miller,Umar Gul,0,0,"",""
ball,1,18.2,West Indies,DJG Sammy,NO Miller,Umar Gul,0,0,"",""
ball,1,18.3,West Indies,DJG Sammy,NO Miller,Umar Gul,0,0,"",""
ball,1,18.4,West Indies,DJG Sammy,NO Miller,Umar Gul,0,0,"",""
ball,1,18.5,West Indies,DJG Sammy,NO Miller,Umar Gul,0,0,"",""
ball,1,18.6,West Indies,DJG Sammy,NO Miller,Umar Gul,0,0,"",""
ball,1,19.1,West Indies,NO Miller,DJG Sammy,Shahid Afridi,0,0,"",""
ball,1,19.2,West Indies,NO Miller,DJG Sammy,Shahid Afridi,0,0,"",""
ball,1,19.3,West Indies,NO Miller,DJG Sammy,Shahid Afridi,1,0,"",""
ball,1,19.4,West Indies,DJG Sammy,NO Miller,Shahid Afridi,0,0,"",""
ball,1,19.5,West Indies,DJG Sammy,NO Miller,Shahid Afridi,0,0,"",""
ball,1,19.6,West Indies,DJG Sammy,NO Miller,Shahid Afridi,0,0,"",""
ball,1,20.1,West Indies,NO Miller,DJG Sammy,Naved-ul-Hasan,0,0,"",""
ball,1,20.2,West Indies,NO Miller,DJG Sammy,Naved-ul-Hasan,1,0,"",""
ball,1,20.3,West Indies,DJG Sammy,NO Miller,Naved-ul-Hasan,0,0,"",""
ball,1,20.4,West Indies,DJG Sammy,NO Miller,Naved-ul-Hasan,0,1,"",""
ball,1,20.5,West Indies,DJG Sammy,NO Miller,Naved-ul-Hasan,1,0,"",""
ball,1,20.6,West Indies,NO Miller,DJG Sammy,Naved-ul-Hasan,0,0,"",""
ball,1,20.7,West Indies,NO Miller,DJG Sammy,Naved-ul-Hasan,1,0,"",""
ball,1,21.1,West Indies,NO Miller,DJG Sammy,Shahid Afridi,4,0,"",""
ball,1,21.2,West Indies,NO Miller,DJG Sammy,Shahid Afridi,0,0,"",""
ball,1,21.3,West Indies,NO Miller,DJG Sammy,Shahid Afridi,1,0,"",""
ball,1,21.4,West Indies,DJG Sammy,NO Miller,Shahid Afridi,1,0,"",""
ball,1,21.5,West Indies,NO Miller,DJG Sammy,Shahid Afridi,0,0,"",""
ball,1,21.6,West Indies,NO Miller,DJG Sammy,Shahid Afridi,0,0,"",""
ball,1,22.1,West Indies,DJG Sammy,NO Miller,Naved-ul-Hasan,0,0,"",""
ball,1,22.2,West Indies,DJG Sammy,NO Miller,Naved-ul-Hasan,4,0,"",""
ball,1,22.3,West Indies,DJG Sammy,NO Miller,Naved-ul-Hasan,0,0,"",""
ball,1,22.4,West Indies,DJG Sammy,NO Miller,Naved-ul-Hasan,4,0,"",""
ball,1,22.5,West Indies,DJG Sammy,NO Miller,Naved-ul-Hasan,1,0,"",""
ball,1,22.6,West Indies,NO Miller,DJG Sammy,Naved-ul-Hasan,1,0,"",""
ball,1,23.1,West Indies,NO Miller,DJG Sammy,Shahid Afridi,0,0,"",""
ball,1,23.2,West Indies,NO Miller,DJG Sammy,Shahid Afridi,0,0,"",""
ball,1,23.3,West Indies,NO Miller,DJG Sammy,Shahid Afridi,1,0,"",""
ball,1,23.4,West Indies,DJG Sammy,NO Miller,Shahid Afridi,0,0,"",""
ball,1,23.5,West Indies,DJG Sammy,NO Miller,Shahid Afridi,1,0,"",""
ball,1,23.6,West Indies,NO Miller,DJG Sammy,Shahid Afridi,1,0,"",""
ball,1,24.1,West Indies,NO Miller,DJG Sammy,Saeed Ajmal,0,0,"",""
ball,1,24.2,West Indies,NO Miller,DJG Sammy,Saeed Ajmal,1,0,"",""
ball,1,24.3,West Indies,DJG Sammy,NO Miller,Saeed Ajmal,0,0,"",""
ball,1,24.4,West Indies,DJG Sammy,NO Miller,Saeed Ajmal,0,0,"",""
ball,1,24.5,West Indies,DJG Sammy,NO Miller,Saeed Ajmal,0,0,bowled,DJG Sammy
ball,1,24.6,West Indies,TL Best,NO Miller,Saeed Ajmal,0,0,"",""
ball,1,25.1,West Indies,NO Miller,TL Best,Shahid Afridi,1,0,"",""
ball,1,25.2,West Indies,TL Best,NO Miller,Shahid Afridi,0,0,"",""
ball,1,25.3,West Indies,TL Best,NO Miller,Shahid Afridi,0,0,"",""
ball,1,25.4,West Indies,TL Best,NO Miller,Shahid Afridi,1,0,"",""
ball,1,25.5,West Indies,NO Miller,TL Best,Shahid Afridi,1,0,"",""
ball,1,25.6,West Indies,TL Best,NO Miller,Shahid Afridi,0,0,"",""
ball,1,26.1,West Indies,NO Miller,TL Best,Saeed Ajmal,0,0,"",""
ball,1,26.2,West Indies,NO Miller,TL Best,Saeed Ajmal,4,0,"",""
ball,1,26.3,West Indies,NO Miller,TL Best,Saeed Ajmal,0,0,"",""
ball,1,26.4,West Indies,NO Miller,TL Best,Saeed Ajmal,0,0,"",""
ball,1,26.5,West Indies,NO Miller,TL Best,Saeed Ajmal,4,0,"",""
ball,1,26.6,West Indies,NO Miller,TL Best,Saeed Ajmal,4,0,"",""
ball,1,27.1,West Indies,TL Best,NO Miller,Umar Gul,1,0,"",""
ball,1,27.2,West Indies,NO Miller,TL Best,Umar Gul,2,0,"",""
ball,1,27.3,West Indies,NO Miller,TL Best,Umar Gul,0,1,"",""
ball,1,27.4,West Indies,NO Miller,TL Best,Umar Gul,1,0,"",""
ball,1,27.5,West Indies,TL Best,NO Miller,Umar Gul,0,0,"",""
ball,1,27.6,West Indies,TL Best,NO Miller,Umar Gul,0,0,"",""
ball,1,27.7,West Indies,TL Best,NO Miller,Umar Gul,0,0,"",""
ball,1,28.1,West Indies,NO Miller,TL Best,Shahid Afridi,3,0,"",""
ball,1,28.2,West Indies,TL Best,NO Miller,Shahid Afridi,4,0,"",""
ball,1,28.3,West Indies,TL Best,NO Miller,Shahid Afridi,0,0,"",""
ball,1,28.4,West Indies,TL Best,NO Miller,Shahid Afridi,0,0,"",""
ball,1,28.5,West Indies,TL Best,NO Miller,Shahid Afridi,0,0,"",""
ball,1,28.6,West Indies,TL Best,NO Miller,Shahid Afridi,0,0,"",""
ball,1,29.1,West Indies,NO Miller,TL Best,Umar Gul,0,0,"",""
ball,1,29.2,West Indies,NO Miller,TL Best,Umar Gul,2,0,"",""
ball,1,29.3,West Indies,NO Miller,TL Best,Umar Gul,4,0,"",""
ball,1,29.4,West Indies,NO Miller,TL Best,Umar Gul,1,0,"",""
ball,1,29.5,West Indies,TL Best,NO Miller,Umar Gul,1,0,"",""
ball,1,29.6,West Indies,NO Miller,TL Best,Umar Gul,0,0,"",""
ball,1,30.1,West Indies,TL Best,NO Miller,Shahid Afridi,0,0,"",""
ball,1,30.2,West Indies,TL Best,NO Miller,Shahid Afridi,0,0,"",""
ball,1,30.3,West Indies,TL Best,NO Miller,Shahid Afridi,1,0,"",""
ball,1,30.4,West Indies,NO Miller,TL Best,Shahid Afridi,0,0,"",""
ball,1,30.5,West Indies,NO Miller,TL Best,Shahid Afridi,0,0,"",""
ball,1,30.6,West Indies,NO Miller,TL Best,Shahid Afridi,0,0,"",""
ball,1,31.1,West Indies,TL Best,NO Miller,Saeed Ajmal,0,0,stumped,TL Best
ball,1,31.2,West Indies,GC Tonge,NO Miller,Saeed Ajmal,0,0,"",""
ball,1,31.3,West Indies,GC Tonge,NO Miller,Saeed Ajmal,0,0,"",""
ball,1,31.4,West Indies,GC Tonge,NO Miller,Saeed Ajmal,0,0,"",""
ball,1,31.5,West Indies,GC Tonge,NO Miller,Saeed Ajmal,0,0,"",""
ball,1,31.6,West Indies,GC Tonge,NO Miller,Saeed Ajmal,1,0,"",""
ball,1,32.1,West Indies,GC Tonge,NO Miller,Shahid Afridi,1,0,"",""
ball,1,32.2,West Indies,NO Miller,GC Tonge,Shahid Afridi,6,0,"",""
ball,1,32.3,West Indies,NO Miller,GC Tonge,Shahid Afridi,0,0,"",""
ball,1,32.4,West Indies,NO Miller,GC Tonge,Shahid Afridi,0,0,"",""
ball,1,32.5,West Indies,NO Miller,GC Tonge,Shahid Afridi,0,0,"",""
ball,1,32.6,West Indies,NO Miller,GC Tonge,Shahid Afridi,1,0,"",""
ball,1,33.1,West Indies,NO Miller,GC Tonge,Saeed Ajmal,0,0,"",""
ball,1,33.2,West Indies,NO Miller,GC Tonge,Saeed Ajmal,0,0,"",""
ball,1,33.3,West Indies,NO Miller,GC Tonge,Saeed Ajmal,1,0,"",""
ball,1,33.4,West Indies,GC Tonge,NO Miller,Saeed Ajmal,1,0,"",""
ball,1,33.5,West Indies,NO Miller,GC Tonge,Saeed Ajmal,0,0,"",""
ball,1,33.6,West Indies,NO Miller,GC Tonge,Saeed Ajmal,0,0,"",""
ball,1,34.1,West Indies,GC Tonge,NO Miller,Shahid Afridi,0,0,"",""
ball,1,34.2,West Indies,GC Tonge,NO Miller,Shahid Afridi,1,0,"",""
ball,1,34.3,West Indies,NO Miller,GC Tonge,Shahid Afridi,0,0,caught,NO Miller
ball,2,0.1,Pakistan,Imran Nazir,Kamran Akmal,DJG Sammy,0,0,"",""
ball,2,0.2,Pakistan,Imran Nazir,Kamran Akmal,DJG Sammy,0,0,"",""
ball,2,0.3,Pakistan,Imran Nazir,Kamran Akmal,DJG Sammy,4,0,"",""
ball,2,0.4,Pakistan,Imran Nazir,Kamran Akmal,DJG Sammy,0,0,"",""
ball,2,0.5,Pakistan,Imran Nazir,Kamran Akmal,DJG Sammy,1,0,"",""
ball,2,0.6,Pakistan,Kamran Akmal,Imran Nazir,DJG Sammy,0,0,"",""
ball,2,1.1,Pakistan,Imran Nazir,Kamran Akmal,GC Tonge,0,0,bowled,Imran Nazir
ball,2,1.2,Pakistan,Shoaib Malik,Kamran Akmal,GC Tonge,0,0,"",""
ball,2,1.3,Pakistan,Shoaib Malik,Kamran Akmal,GC Tonge,0,0,"",""
ball,2,1.4,Pakistan,Shoaib Malik,Kamran Akmal,GC Tonge,0,0,"",""
ball,2,1.5,Pakistan,Shoaib Malik,Kamran Akmal,GC Tonge,0,0,"",""
ball,2,1.6,Pakistan,Shoaib Malik,Kamran Akmal,GC Tonge,0,0,"",""
ball,2,2.1,Pakistan,Kamran Akmal,Shoaib Malik,DJG Sammy,0,0,"",""
ball,2,2.2,Pakistan,Kamran Akmal,Shoaib Malik,DJG Sammy,4,0,"",""
ball,2,2.3,Pakistan,Kamran Akmal,Shoaib Malik,DJG Sammy,0,0,"",""
ball,2,2.4,Pakistan,Kamran Akmal,Shoaib Malik,DJG Sammy,0,0,"",""
ball,2,2.5,Pakistan,Kamran Akmal,Shoaib Malik,DJG Sammy,0,0,"",""
ball,2,2.6,Pakistan,Kamran Akmal,Shoaib Malik,DJG Sammy,0,0,"",""
ball,2,3.1,Pakistan,Shoaib Malik,Kamran Akmal,GC Tonge,0,1,"",""
ball,2,3.2,Pakistan,Shoaib Malik,Kamran Akmal,GC Tonge,6,0,"",""
ball,2,3.3,Pakistan,Shoaib Malik,Kamran Akmal,GC Tonge,0,0,"",""
ball,2,3.4,Pakistan,Shoaib Malik,Kamran Akmal,GC Tonge,1,0,"",""
ball,2,3.5,Pakistan,Kamran Akmal,Shoaib Malik,GC Tonge,0,0,"",""
ball,2,3.6,Pakistan,Kamran Akmal,Shoaib Malik,GC Tonge,0,0,"",""
ball,2,3.7,Pakistan,Kamran Akmal,Shoaib Malik,GC Tonge,0,0,"",""
ball,2,4.1,Pakistan,Shoaib Malik,Kamran Akmal,TL Best,0,0,"",""
ball,2,4.2,Pakistan,Shoaib Malik,Kamran Akmal,TL Best,0,0,"",""
ball,2,4.3,Pakistan,Shoaib Malik,Kamran Akmal,TL Best,0,0,"",""
ball,2,4.4,Pakistan,Shoaib Malik,Kamran Akmal,TL Best,2,0,"",""
ball,2,4.5,Pakistan,Shoaib Malik,Kamran Akmal,TL Best,1,0,"",""
ball,2,4.6,Pakistan,Kamran Akmal,Shoaib Malik,TL Best,1,0,"",""
ball,2,5.1,Pakistan,Kamran Akmal,Shoaib Malik,GC Tonge,0,0,caught,Kamran Akmal
ball,2,5.2,Pakistan,Mohammad Yousuf,Shoaib Malik,GC Tonge,0,0,"",""
ball,2,5.3,Pakistan,Mohammad Yousuf,Shoaib Malik,GC Tonge,0,0,"",""
ball,2,5.4,Pakistan,Mohammad Yousuf,Shoaib Malik,GC Tonge,1,0,"",""
ball,2,5.5,Pakistan,Shoaib Malik,Mohammad Yousuf,GC Tonge,0,0,"",""
ball,2,5.6,Pakistan,Shoaib Malik,Mohammad Yousuf,GC Tonge,1,0,"",""
ball,2,6.1,Pakistan,Shoaib Malik,Mohammad Yousuf,TL Best,0,0,"",""
ball,2,6.2,Pakistan,Shoaib Malik,Mohammad Yousuf,TL Best,0,0,"",""
ball,2,6.3,Pakistan,Shoaib Malik,Mohammad Yousuf,TL Best,0,0,"",""
ball,2,6.4,Pakistan,Shoaib Malik,Mohammad Yousuf,TL Best,0,0,"",""
ball,2,6.5,Pakistan,Shoaib Malik,Mohammad Yousuf,TL Best,0,0,"",""
ball,2,6.6,Pakistan,Shoaib Malik,Mohammad Yousuf,TL Best,4,0,"",""
ball,2,7.1,Pakistan,Mohammad Yousuf,Shoaib Malik,GC Tonge,0,0,"",""
ball,2,7.2,Pakistan,Mohammad Yousuf,Shoaib Malik,GC Tonge,0,0,"",""
ball,2,7.3,Pakistan,Mohammad Yousuf,Shoaib Malik,GC Tonge,0,0,"",""
ball,2,7.4,Pakistan,Mohammad Yousuf,Shoaib Malik,GC Tonge,0,0,"",""
ball,2,7.5,Pakistan,Mohammad Yousuf,Shoaib Malik,GC Tonge,0,0,"",""
ball,2,7.6,Pakistan,Mohammad Yousuf,Shoaib Malik,GC Tonge,1,0,"",""
ball,2,8.1,Pakistan,Mohammad Yousuf,Shoaib Malik,TL Best,0,0,"",""
ball,2,8.2,Pakistan,Mohammad Yousuf,Shoaib Malik,TL Best,2,0,"",""
ball,2,8.3,Pakistan,Mohammad Yousuf,Shoaib Malik,TL Best,1,0,"",""
ball,2,8.4,Pakistan,Shoaib Malik,Mohammad Yousuf,TL Best,0,0,"",""
ball,2,8.5,Pakistan,Shoaib Malik,Mohammad Yousuf,TL Best,0,0,"",""
ball,2,8.6,Pakistan,Shoaib Malik,Mohammad Yousuf,TL Best,0,0,"",""
ball,2,9.1,Pakistan,Mohammad Yousuf,Shoaib Malik,GC Tonge,4,0,"",""
ball,2,9.2,Pakistan,Mohammad Yousuf,Shoaib Malik,GC Tonge,0,0,"",""
ball,2,9.3,Pakistan,Mohammad Yousuf,Shoaib Malik,GC Tonge,0,0,"",""
ball,2,9.4,Pakistan,Mohammad Yousuf,Shoaib Malik,GC Tonge,0,0,"",""
ball,2,9.5,Pakistan,Mohammad Yousuf,Shoaib Malik,GC Tonge,0,0,"",""
ball,2,9.6,Pakistan,Mohammad Yousuf,Shoaib Malik,GC Tonge,0,0,"",""
ball,2,10.1,Pakistan,Shoaib Malik,Mohammad Yousuf,TL Best,4,0,"",""
ball,2,10.2,Pakistan,Shoaib Malik,Mohammad Yousuf,TL Best,0,0,"",""
ball,2,10.3,Pakistan,Shoaib Malik,Mohammad Yousuf,TL Best,3,0,"",""
ball,2,10.4,Pakistan,Mohammad Yousuf,Shoaib Malik,TL Best,0,0,"",""
ball,2,10.5,Pakistan,Mohammad Yousuf,Shoaib Malik,TL Best,1,0,"",""
ball,2,10.6,Pakistan,Shoaib Malik,Mohammad Yousuf,TL Best,1,0,"",""
ball,2,11.1,Pakistan,Shoaib Malik,Mohammad Yousuf,GC Tonge,0,0,"",""
ball,2,11.2,Pakistan,Shoaib Malik,Mohammad Yousuf,GC Tonge,0,0,"",""
ball,2,11.3,Pakistan,Shoaib Malik,Mohammad Yousuf,GC Tonge,0,0,"",""
ball,2,11.4,Pakistan,Shoaib Malik,Mohammad Yousuf,GC Tonge,0,0,"",""
ball,2,11.5,Pakistan,Shoaib Malik,Mohammad Yousuf,GC Tonge,0,0,"",""
ball,2,11.6,Pakistan,Shoaib Malik,Mohammad Yousuf,GC Tonge,0,0,"",""
ball,2,12.1,Pakistan,Mohammad Yousuf,Shoaib Malik,TL Best,0,0,"",""
ball,2,12.2,Pakistan,Mohammad Yousuf,Shoaib Malik,TL Best,0,1,"",""
ball,2,12.3,Pakistan,Mohammad Yousuf,Shoaib Malik,TL Best,0,0,"",""
ball,2,12.4,Pakistan,Mohammad Yousuf,Shoaib Malik,TL Best,4,0,"",""
ball,2,12.5,Pakistan,Mohammad Yousuf,Shoaib Malik,TL Best,0,0,"",""
ball,2,12.6,Pakistan,Mohammad Yousuf,Shoaib Malik,TL Best,0,0,"",""
ball,2,12.7,Pakistan,Mohammad Yousuf,Shoaib Malik,TL Best,4,0,"",""
ball,2,13.1,Pakistan,Shoaib Malik,Mohammad Yousuf,GC Tonge,0,1,"",""
ball,2,13.2,Pakistan,Shoaib Malik,Mohammad Yousuf,GC Tonge,0,0,"",""
ball,2,13.3,Pakistan,Shoaib Malik,Mohammad Yousuf,GC Tonge,0,0,"",""
ball,2,13.4,Pakistan,Shoaib Malik,Mohammad Yousuf,GC Tonge,0,0,caught,Shoaib Malik
ball,2,13.5,Pakistan,Misbah-ul-Haq,Mohammad Yousuf,GC Tonge,0,0,"",""
ball,2,13.6,Pakistan,Misbah-ul-Haq,Mohammad Yousuf,GC Tonge,0,0,"",""
ball,2,13.7,Pakistan,Misbah-ul-Haq,Mohammad Yousuf,GC Tonge,0,0,"",""
ball,2,14.1,Pakistan,Mohammad Yousuf,Misbah-ul-Haq,DE Bernard,0,1,"",""
ball,2,14.2,Pakistan,Mohammad Yousuf,Misbah-ul-Haq,DE Bernard,0,0,"",""
ball,2,14.3,Pakistan,Mohammad Yousuf,Misbah-ul-Haq,DE Bernard,0,0,"",""
ball,2,14.4,Pakistan,Mohammad Yousuf,Misbah-ul-Haq,DE Bernard,0,1,"",""
ball,2,14.5,Pakistan,Mohammad Yousuf,Misbah-ul-Haq,DE Bernard,4,0,"",""
ball,2,14.6,Pakistan,Mohammad Yousuf,Misbah-ul-Haq,DE Bernard,1,0,"",""
ball,2,14.7,Pakistan,Misbah-ul-Haq,Mohammad Yousuf,DE Bernard,0,0,"",""
ball,2,14.8,Pakistan,Misbah-ul-Haq,Mohammad Yousuf,DE Bernard,0,0,"",""
ball,2,15.1,Pakistan,Mohammad Yousuf,Misbah-ul-Haq,GC Tonge,0,0,caught,Mohammad Yousuf
ball,2,15.2,Pakistan,Umar Akmal,Misbah-ul-Haq,GC Tonge,0,0,"",""
ball,2,15.3,Pakistan,Umar Akmal,Misbah-ul-Haq,GC Tonge,0,0,"",""
ball,2,15.4,Pakistan,Umar Akmal,Misbah-ul-Haq,GC Tonge,0,0,"",""
ball,2,15.5,Pakistan,Umar Akmal,Misbah-ul-Haq,GC Tonge,0,0,"",""
ball,2,15.6,Pakistan,Umar Akmal,Misbah-ul-Haq,GC Tonge,0,1,"",""
ball,2,16.1,Pakistan,Umar Akmal,Misbah-ul-Haq,DE Bernard,0,0,"",""
ball,2,16.2,Pakistan,Umar Akmal,Misbah-ul-Haq,DE Bernard,0,1,"",""
ball,2,16.3,Pakistan,Umar Akmal,Misbah-ul-Haq,DE Bernard,0,0,"",""
ball,2,16.4,Pakistan,Umar Akmal,Misbah-ul-Haq,DE Bernard,0,0,"",""
ball,2,16.5,Pakistan,Umar Akmal,Misbah-ul-Haq,DE Bernard,0,0,"",""
ball,2,16.6,Pakistan,Umar Akmal,Misbah-ul-Haq,DE Bernard,0,0,"",""
ball,2,16.7,Pakistan,Umar Akmal,Misbah-ul-Haq,DE Bernard,0,0,"",""
ball,2,17.1,Pakistan,Misbah-ul-Haq,Umar Akmal,GC Tonge,1,0,"",""
ball,2,17.2,Pakistan,Umar Akmal,Misbah-ul-Haq,GC Tonge,0,0,"",""
ball,2,17.3,Pakistan,Umar Akmal,Misbah-ul-Haq,GC Tonge,0,0,"",""
ball,2,17.4,Pakistan,Umar Akmal,Misbah-ul-Haq,GC Tonge,0,0,"",""
ball,2,17.5,Pakistan,Umar Akmal,Misbah-ul-Haq,GC Tonge,0,0,"",""
ball,2,17.6,Pakistan,Umar Akmal,Misbah-ul-Haq,GC Tonge,1,0,"",""
ball,2,18.1,Pakistan,Umar Akmal,Misbah-ul-Haq,DE Bernard,0,0,"",""
ball,2,18.2,Pakistan,Umar Akmal,Misbah-ul-Haq,DE Bernard,0,0,"",""
ball,2,18.3,Pakistan,Umar Akmal,Misbah-ul-Haq,DE Bernard,2,0,"",""
ball,2,18.4,Pakistan,Umar Akmal,Misbah-ul-Haq,DE Bernard,0,0,"",""
ball,2,18.5,Pakistan,Umar Akmal,Misbah-ul-Haq,DE Bernard,0,0,"",""
ball,2,18.6,Pakistan,Umar Akmal,Misbah-ul-Haq,DE Bernard,0,0,"",""
ball,2,19.1,Pakistan,Misbah-ul-Haq,Umar Akmal,DJG Sammy,0,0,"",""
ball,2,19.2,Pakistan,Misbah-ul-Haq,Umar Akmal,DJG Sammy,0,0,"",""
ball,2,19.3,Pakistan,Misbah-ul-Haq,Umar Akmal,DJG Sammy,1,0,"",""
ball,2,19.4,Pakistan,Umar Akmal,Misbah-ul-Haq,DJG Sammy,4,0,"",""
ball,2,19.5,Pakistan,Umar Akmal,Misbah-ul-Haq,DJG Sammy,0,0,"",""
ball,2,19.6,Pakistan,Umar Akmal,Misbah-ul-Haq,DJG Sammy,0,0,"",""
ball,2,20.1,Pakistan,Misbah-ul-Haq,Umar Akmal,DE Bernard,0,0,"",""
ball,2,20.2,Pakistan,Misbah-ul-Haq,Umar Akmal,DE Bernard,0,0,"",""
ball,2,20.3,Pakistan,Misbah-ul-Haq,Umar Akmal,DE Bernard,0,0,"",""
ball,2,20.4,Pakistan,Misbah-ul-Haq,Umar Akmal,DE Bernard,0,0,"",""
ball,2,20.5,Pakistan,Misbah-ul-Haq,Umar Akmal,DE Bernard,0,0,"",""
ball,2,20.6,Pakistan,Misbah-ul-Haq,Umar Akmal,DE Bernard,3,0,"",""
ball,2,21.1,Pakistan,Misbah-ul-Haq,Umar Akmal,DJG Sammy,0,0,"",""
ball,2,21.2,Pakistan,Misbah-ul-Haq,Umar Akmal,DJG Sammy,0,0,"",""
ball,2,21.3,Pakistan,Misbah-ul-Haq,Umar Akmal,DJG Sammy,0,0,"",""
ball,2,21.4,Pakistan,Misbah-ul-Haq,Umar Akmal,DJG Sammy,1,0,"",""
ball,2,21.5,Pakistan,Umar Akmal,Misbah-ul-Haq,DJG Sammy,0,0,"",""
ball,2,21.6,Pakistan,Umar Akmal,Misbah-ul-Haq,DJG Sammy,0,0,"",""
ball,2,22.1,Pakistan,Misbah-ul-Haq,Umar Akmal,DE Bernard,0,0,"",""
ball,2,22.2,Pakistan,Misbah-ul-Haq,Umar Akmal,DE Bernard,0,0,"",""
ball,2,22.3,Pakistan,Misbah-ul-Haq,Umar Akmal,DE Bernard,0,0,caught,Misbah-ul-Haq
ball,2,22.4,Pakistan,Shahid Afridi,Umar Akmal,DE Bernard,1,0,"",""
ball,2,22.5,Pakistan,Umar Akmal,Shahid Afridi,DE Bernard,1,0,"",""
ball,2,22.6,Pakistan,Shahid Afridi,Umar Akmal,DE Bernard,0,0,"",""
ball,2,23.1,Pakistan,Umar Akmal,Shahid Afridi,DJG Sammy,0,0,"",""
ball,2,23.2,Pakistan,Umar Akmal,Shahid Afridi,DJG Sammy,0,0,"",""
ball,2,23.3,Pakistan,Umar Akmal,Shahid Afridi,DJG Sammy,4,0,"",""
ball,2,23.4,Pakistan,Umar Akmal,Shahid Afridi,DJG Sammy,1,0,"",""
ball,2,23.5,Pakistan,Shahid Afridi,Umar Akmal,DJG Sammy,0,0,"",""
ball,2,23.6,Pakistan,Shahid Afridi,Umar Akmal,DJG Sammy,0,0,"",""
ball,2,24.1,Pakistan,Umar Akmal,Shahid Afridi,DE Bernard,0,1,"",""
ball,2,24.2,Pakistan,Shahid Afridi,Umar Akmal,DE Bernard,0,0,"",""
ball,2,24.3,Pakistan,Shahid Afridi,Umar Akmal,DE Bernard,1,0,"",""
ball,2,24.4,Pakistan,Umar Akmal,Shahid Afridi,DE Bernard,1,0,"",""
ball,2,24.5,Pakistan,Shahid Afridi,Umar Akmal,DE Bernard,1,0,"",""
ball,2,24.6,Pakistan,Umar Akmal,Shahid Afridi,DE Bernard,4,0,"",""
ball,2,25.1,Pakistan,Shahid Afridi,Umar Akmal,GC Tonge,0,1,"",""
ball,2,25.2,Pakistan,Shahid Afridi,Umar Akmal,GC Tonge,0,0,"",""
ball,2,25.3,Pakistan,Shahid Afridi,Umar Akmal,GC Tonge,2,0,"",""
ball,2,25.4,Pakistan,Shahid Afridi,Umar Akmal,GC Tonge,0,0,"",""
ball,2,25.5,Pakistan,Shahid Afridi,Umar Akmal,GC Tonge,2,0,"",""
ball,2,25.6,Pakistan,Shahid Afridi,Umar Akmal,GC Tonge,1,0,"",""
ball,2,25.7,Pakistan,Umar Akmal,Shahid Afridi,GC Tonge,1,0,"",""
ball,2,26.1,Pakistan,Umar Akmal,Shahid Afridi,DE Bernard,0,0,"",""
ball,2,26.2,Pakistan,Umar Akmal,Shahid Afridi,DE Bernard,0,0,"",""
ball,2,26.3,Pakistan,Umar Akmal,Shahid Afridi,DE Bernard,1,0,"",""
ball,2,26.4,Pakistan,Shahid Afridi,Umar Akmal,DE Bernard,1,0,"",""
ball,2,26.5,Pakistan,Umar Akmal,Shahid Afridi,DE Bernard,0,0,"",""
ball,2,26.6,Pakistan,Umar Akmal,Shahid Afridi,DE Bernard,4,0,"",""
ball,2,27.1,Pakistan,Shahid Afridi,Umar Akmal,DJG Sammy,1,0,"",""
ball,2,27.2,Pakistan,Umar Akmal,Shahid Afridi,DJG Sammy,2,0,"",""
ball,2,27.3,Pakistan,Umar Akmal,Shahid Afridi,DJG Sammy,1,0,"",""
ball,2,27.4,Pakistan,Shahid Afridi,Umar Akmal,DJG Sammy,0,0,"",""
ball,2,27.5,Pakistan,Shahid Afridi,Umar Akmal,DJG Sammy,0,0,"",""
ball,2,27.6,Pakistan,Shahid Afridi,Umar Akmal,DJG Sammy,1,0,"",""
ball,2,28.1,Pakistan,Shahid Afridi,Umar Akmal,TL Best,0,1,"",""
ball,2,28.2,Pakistan,Shahid Afridi,Umar Akmal,TL Best,1,0,"",""
ball,2,28.3,Pakistan,Umar Akmal,Shahid Afridi,TL Best,4,0,"",""
ball,2,28.4,Pakistan,Umar Akmal,Shahid Afridi,TL Best,0,1,"",""
ball,2,28.5,Pakistan,Umar Akmal,Shahid Afridi,TL Best,4,0,"",""
ball,2,28.6,Pakistan,Umar Akmal,Shahid Afridi,TL Best,2,0,"",""
ball,2,28.7,Pakistan,Umar Akmal,Shahid Afridi,TL Best,0,1,"",""
ball,2,28.8,Pakistan,Umar Akmal,Shahid Afridi,TL Best,1,0,"",""
ball,2,28.9,Pakistan,Shahid Afridi,Umar Akmal,TL Best,0,0,"",""
ball,2,29.1,Pakistan,Umar Akmal,Shahid Afridi,DJG Sammy,1,0,"",""
ball,2,29.2,Pakistan,Shahid Afridi,Umar Akmal,DJG Sammy,0,0,"",""
ball,2,29.3,Pakistan,Shahid Afridi,Umar Akmal,DJG Sammy,0,0,"",""
ball,2,29.4,Pakistan,Shahid Afridi,Umar Akmal,DJG Sammy,1,0,"",""
ball,2,29.5,Pakistan,Umar Akmal,Shahid Afridi,DJG Sammy,2,0,"",""
ball,2,29.6,Pakistan,Umar Akmal,Shahid Afridi,DJG Sammy,0,0,"",""
ball,2,30.1,Pakistan,Shahid Afridi,Umar Akmal,TL Best,4,0,"",""
ball,2,30.2,Pakistan,Shahid Afridi,Umar Akmal,TL Best,0,1,"",""
ball,2,30.3,Pakistan,Shahid Afridi,Umar Akmal,TL Best,0,0,"",""
ball,2,30.4,Pakistan,Shahid Afridi,Umar Akmal,TL Best,0,0,"",""
ball,2,30.5,Pakistan,Shahid Afridi,Umar Akmal,TL Best,0,1,"",""
