version,1.3.0
info,team,England
info,team,Bangladesh
info,gender,male
info,season,2010
info,date,2010/07/12
info,series,NatWest Series
info,match_number,3
info,venue,Edgbaston
info,city,Birmingham
info,toss_winner,Bangladesh
info,toss_decision,field
info,player_of_match,AJ Strauss
info,umpire,Asad Rauf
info,umpire,RA Kettleborough
info,reserve_umpire,RK Illingworth
info,tv_umpire,NJ Llong
info,match_referee,J Srinath
info,winner,England
info,winner_runs,144
ball,1,0.1,England,AJ Strauss,C Kieswetter,Mashrafe Mortaza,0,0,"",""
ball,1,0.2,England,AJ Strauss,C Kieswetter,Mashrafe Mortaza,1,0,"",""
ball,1,0.3,England,C Kieswetter,AJ Strauss,Mashrafe Mortaza,0,0,"",""
ball,1,0.4,England,C Kieswetter,AJ Strauss,Mashrafe Mortaza,0,0,bowled,C Kieswetter
ball,1,0.5,England,IJL Trott,AJ Strauss,Mashrafe Mortaza,0,0,"",""
ball,1,0.6,England,IJL Trott,AJ Strauss,Mashrafe Mortaza,0,0,"",""
ball,1,1.1,England,AJ Strauss,IJL Trott,Shafiul Islam,0,0,"",""
ball,1,1.2,England,AJ Strauss,IJL Trott,Shafiul Islam,1,0,"",""
ball,1,1.3,England,IJL Trott,AJ Strauss,Shafiul Islam,0,0,"",""
ball,1,1.4,England,IJL Trott,AJ Strauss,Shafiul Islam,4,0,"",""
ball,1,1.5,England,IJL Trott,AJ Strauss,Shafiul Islam,2,0,"",""
ball,1,1.6,England,IJL Trott,AJ Strauss,Shafiul Islam,4,0,"",""
ball,1,2.1,England,AJ Strauss,IJL Trott,Mashrafe Mortaza,0,0,"",""
ball,1,2.2,England,AJ Strauss,IJL Trott,Mashrafe Mortaza,6,0,"",""
ball,1,2.3,England,AJ Strauss,IJL Trott,Mashrafe Mortaza,0,0,"",""
ball,1,2.4,England,AJ Strauss,IJL Trott,Mashrafe Mortaza,0,0,"",""
ball,1,2.5,England,AJ Strauss,IJL Trott,Mashrafe Mortaza,2,0,"",""
ball,1,2.6,England,AJ Strauss,IJL Trott,Mashrafe Mortaza,0,0,"",""
ball,1,3.1,England,IJL Trott,AJ Strauss,Rubel Hossain,0,0,"",""
ball,1,3.2,England,IJL Trott,AJ Strauss,Rubel Hossain,0,0,"",""
ball,1,3.3,England,IJL Trott,AJ Strauss,Rubel Hossain,1,0,"",""
ball,1,3.4,England,AJ Strauss,IJL Trott,Rubel Hossain,0,0,"",""
ball,1,3.5,England,AJ Strauss,IJL Trott,Rubel Hossain,0,0,"",""
ball,1,3.6,England,AJ Strauss,IJL Trott,Rubel Hossain,4,0,"",""
ball,1,4.1,England,IJL Trott,AJ Strauss,Mashrafe Mortaza,1,0,"",""
ball,1,4.2,England,AJ Strauss,IJL Trott,Mashrafe Mortaza,0,0,"",""
ball,1,4.3,England,AJ Strauss,IJL Trott,Mashrafe Mortaza,0,0,"",""
ball,1,4.4,England,AJ Strauss,IJL Trott,Mashrafe Mortaza,1,0,"",""
ball,1,4.5,England,IJL Trott,AJ Strauss,Mashrafe Mortaza,0,0,"",""
ball,1,4.6,England,IJL Trott,AJ Strauss,Mashrafe Mortaza,0,0,"",""
ball,1,5.1,England,AJ Strauss,IJL Trott,Rubel Hossain,0,0,"",""
ball,1,5.2,England,AJ Strauss,IJL Trott,Rubel Hossain,0,0,"",""
ball,1,5.3,England,AJ Strauss,IJL Trott,Rubel Hossain,0,0,"",""
ball,1,5.4,England,AJ Strauss,IJL Trott,Rubel Hossain,0,0,"",""
ball,1,5.5,England,AJ Strauss,IJL Trott,Rubel Hossain,2,0,"",""
ball,1,5.6,England,AJ Strauss,IJL Trott,Rubel Hossain,0,0,"",""
ball,1,6.1,England,IJL Trott,AJ Strauss,Mashrafe Mortaza,0,0,"",""
ball,1,6.2,England,IJL Trott,AJ Strauss,Mashrafe Mortaza,0,0,"",""
ball,1,6.3,England,IJL Trott,AJ Strauss,Mashrafe Mortaza,2,0,"",""
ball,1,6.4,England,IJL Trott,AJ Strauss,Mashrafe Mortaza,0,0,"",""
ball,1,6.5,England,IJL Trott,AJ Strauss,Mashrafe Mortaza,1,0,"",""
ball,1,6.6,England,AJ Strauss,IJL Trott,Mashrafe Mortaza,0,0,"",""
ball,1,7.1,England,IJL Trott,AJ Strauss,Rubel Hossain,0,0,"",""
ball,1,7.2,England,IJL Trott,AJ Strauss,Rubel Hossain,1,0,"",""
ball,1,7.3,England,AJ Strauss,IJL Trott,Rubel Hossain,1,0,"",""
ball,1,7.4,England,IJL Trott,AJ Strauss,Rubel Hossain,0,0,"",""
ball,1,7.5,England,IJL Trott,AJ Strauss,Rubel Hossain,0,1,"",""
ball,1,7.6,England,IJL Trott,AJ Strauss,Rubel Hossain,0,1,"",""
ball,1,7.7,England,IJL Trott,AJ Strauss,Rubel Hossain,4,0,"",""
ball,1,7.8,England,IJL Trott,AJ Strauss,Rubel Hossain,0,0,"",""
ball,1,8.1,England,AJ Strauss,IJL Trott,Mashrafe Mortaza,0,0,"",""
ball,1,8.2,England,AJ Strauss,IJL Trott,Mashrafe Mortaza,0,0,"",""
ball,1,8.3,England,AJ Strauss,IJL Trott,Mashrafe Mortaza,0,0,"",""
ball,1,8.4,England,AJ Strauss,IJL Trott,Mashrafe Mortaza,0,0,"",""
ball,1,8.5,England,AJ Strauss,IJL Trott,Mashrafe Mortaza,0,0,"",""
ball,1,8.6,England,AJ Strauss,IJL Trott,Mashrafe Mortaza,0,1,"",""
ball,1,9.1,England,AJ Strauss,IJL Trott,Rubel Hossain,0,0,"",""
ball,1,9.2,England,AJ Strauss,IJL Trott,Rubel Hossain,0,0,"",""
ball,1,9.3,England,AJ Strauss,IJL Trott,Rubel Hossain,0,0,"",""
ball,1,9.4,England,AJ Strauss,IJL Trott,Rubel Hossain,4,0,"",""
ball,1,9.5,England,AJ Strauss,IJL Trott,Rubel Hossain,0,0,"",""
ball,1,9.6,England,AJ Strauss,IJL Trott,Rubel Hossain,0,0,"",""
ball,1,10.1,England,IJL Trott,AJ Strauss,Mashrafe Mortaza,0,0,"",""
ball,1,10.2,England,IJL Trott,AJ Strauss,Mashrafe Mortaza,0,0,"",""
ball,1,10.3,England,IJL Trott,AJ Strauss,Mashrafe Mortaza,0,0,"",""
ball,1,10.4,England,IJL Trott,AJ Strauss,Mashrafe Mortaza,0,0,"",""
ball,1,10.5,England,IJL Trott,AJ Strauss,Mashrafe Mortaza,0,0,"",""
ball,1,10.6,England,IJL Trott,AJ Strauss,Mashrafe Mortaza,0,0,"",""
ball,1,11.1,England,AJ Strauss,IJL Trott,Shafiul Islam,0,0,"",""
ball,1,11.2,England,AJ Strauss,IJL Trott,Shafiul Islam,2,0,"",""
ball,1,11.3,England,AJ Strauss,IJL Trott,Shafiul Islam,4,0,"",""
ball,1,11.4,England,AJ Strauss,IJL Trott,Shafiul Islam,4,0,"",""
ball,1,11.5,England,AJ Strauss,IJL Trott,Shafiul Islam,0,0,"",""
ball,1,11.6,England,AJ Strauss,IJL Trott,Shafiul Islam,4,0,"",""
ball,1,12.1,England,IJL Trott,AJ Strauss,Mashrafe Mortaza,0,0,"",""
ball,1,12.2,England,IJL Trott,AJ Strauss,Mashrafe Mortaza,1,0,"",""
ball,1,12.3,England,AJ Strauss,IJL Trott,Mashrafe Mortaza,0,0,"",""
ball,1,12.4,England,AJ Strauss,IJL Trott,Mashrafe Mortaza,0,0,"",""
ball,1,12.5,England,AJ Strauss,IJL Trott,Mashrafe Mortaza,0,0,"",""
ball,1,12.6,England,AJ Strauss,IJL Trott,Mashrafe Mortaza,0,0,"",""
ball,1,13.1,England,IJL Trott,AJ Strauss,Abdur Razzak,0,0,"",""
ball,1,13.2,England,IJL Trott,AJ Strauss,Abdur Razzak,0,0,"",""
ball,1,13.3,England,IJL Trott,AJ Strauss,Abdur Razzak,1,0,"",""
ball,1,13.4,England,AJ Strauss,IJL Trott,Abdur Razzak,0,0,"",""
ball,1,13.5,England,AJ Strauss,IJL Trott,Abdur Razzak,1,0,"",""
ball,1,13.6,England,IJL Trott,AJ Strauss,Abdur Razzak,1,0,"",""
ball,1,14.1,England,IJL Trott,AJ Strauss,Mashrafe Mortaza,0,0,"",""
ball,1,14.2,England,IJL Trott,AJ Strauss,Mashrafe Mortaza,1,0,"",""
ball,1,14.3,England,AJ Strauss,IJL Trott,Mashrafe Mortaza,0,0,"",""
ball,1,14.4,England,AJ Strauss,IJL Trott,Mashrafe Mortaza,1,0,"",""
ball,1,14.5,England,IJL Trott,AJ Strauss,Mashrafe Mortaza,0,0,"",""
ball,1,14.6,England,IJL Trott,AJ Strauss,Mashrafe Mortaza,0,0,"",""
ball,1,15.1,England,AJ Strauss,IJL Trott,Abdur Razzak,0,0,"",""
ball,1,15.2,England,AJ Strauss,IJL Trott,Abdur Razzak,1,0,"",""
ball,1,15.3,England,IJL Trott,AJ Strauss,Abdur Razzak,4,0,"",""
ball,1,15.4,England,IJL Trott,AJ Strauss,Abdur Razzak,0,0,"",""
ball,1,15.5,England,IJL Trott,AJ Strauss,Abdur Razzak,0,0,"",""
ball,1,15.6,England,IJL Trott,AJ Strauss,Abdur Razzak,1,0,"",""
ball,1,16.1,England,IJL Trott,AJ Strauss,Shakib Al Hasan,0,0,"",""
ball,1,16.2,England,IJL Trott,AJ Strauss,Shakib Al Hasan,4,0,"",""
ball,1,16.3,England,IJL Trott,AJ Strauss,Shakib Al Hasan,0,0,"",""
ball,1,16.4,England,IJL Trott,AJ Strauss,Shakib Al Hasan,0,0,"",""
ball,1,16.5,England,IJL Trott,AJ Strauss,Shakib Al Hasan,0,0,"",""
ball,1,16.6,England,IJL Trott,AJ Strauss,Shakib Al Hasan,0,0,"",""
ball,1,17.1,England,AJ Strauss,IJL Trott,Mahmudullah,0,0,"",""
ball,1,17.2,England,AJ Strauss,IJL Trott,Mahmudullah,0,0,"",""
ball,1,17.3,England,AJ Strauss,IJL Trott,Mahmudullah,1,0,"",""
ball,1,17.4,England,IJL Trott,AJ Strauss,Mahmudullah,1,0,"",""
ball,1,17.5,England,AJ Strauss,IJL Trott,Mahmudullah,2,0,"",""
ball,1,17.6,England,AJ Strauss,IJL Trott,Mahmudullah,0,1,"",""
ball,1,18.1,England,AJ Strauss,IJL Trott,Shakib Al Hasan,0,0,"",""
ball,1,18.2,England,AJ Strauss,IJL Trott,Shakib Al Hasan,4,0,"",""
ball,1,18.3,England,AJ Strauss,IJL Trott,Shakib Al Hasan,1,0,"",""
ball,1,18.4,England,IJL Trott,AJ Strauss,Shakib Al Hasan,1,0,"",""
ball,1,18.5,England,AJ Strauss,IJL Trott,Shakib Al Hasan,1,0,"",""
ball,1,18.6,England,IJL Trott,AJ Strauss,Shakib Al Hasan,1,0,"",""
ball,1,19.1,England,IJL Trott,AJ Strauss,Mahmudullah,1,0,"",""
ball,1,19.2,England,AJ Strauss,IJL Trott,Mahmudullah,1,0,"",""
ball,1,19.3,England,IJL Trott,AJ Strauss,Mahmudullah,0,0,"",""
ball,1,19.4,England,IJL Trott,AJ Strauss,Mahmudullah,1,0,"",""
ball,1,19.5,England,AJ Strauss,IJL Trott,Mahmudullah,1,0,"",""
ball,1,19.6,England,IJL Trott,AJ Strauss,Mahmudullah,2,0,"",""
ball,1,20.1,England,AJ Strauss,IJL Trott,Shakib Al Hasan,4,0,"",""
ball,1,20.2,England,AJ Strauss,IJL Trott,Shakib Al Hasan,1,0,"",""
ball,1,20.3,England,IJL Trott,AJ Strauss,Shakib Al Hasan,0,0,"",""
ball,1,20.4,England,IJL Trott,AJ Strauss,Shakib Al Hasan,1,0,"",""
ball,1,20.5,England,AJ Strauss,IJL Trott,Shakib Al Hasan,0,0,"",""
ball,1,20.6,England,AJ Strauss,IJL Trott,Shakib Al Hasan,1,0,"",""
ball,1,21.1,England,AJ Strauss,IJL Trott,Mahmudullah,1,0,"",""
ball,1,21.2,England,IJL Trott,AJ Strauss,Mahmudullah,1,0,"",""
ball,1,21.3,England,AJ Strauss,IJL Trott,Mahmudullah,1,0,"",""
ball,1,21.4,England,IJL Trott,AJ Strauss,Mahmudullah,0,0,"",""
ball,1,21.5,England,IJL Trott,AJ Strauss,Mahmudullah,1,0,"",""
ball,1,21.6,England,AJ Strauss,IJL Trott,Mahmudullah,1,0,"",""
ball,1,22.1,England,AJ Strauss,IJL Trott,Shafiul Islam,1,0,"",""
ball,1,22.2,England,IJL Trott,AJ Strauss,Shafiul Islam,0,0,"",""
ball,1,22.3,England,IJL Trott,AJ Strauss,Shafiul Islam,4,0,"",""
ball,1,22.4,England,IJL Trott,AJ Strauss,Shafiul Islam,1,0,"",""
ball,1,22.5,England,AJ Strauss,IJL Trott,Shafiul Islam,0,0,"",""
ball,1,22.6,England,AJ Strauss,IJL Trott,Shafiul Islam,0,0,"",""
ball,1,23.1,England,IJL Trott,AJ Strauss,Abdur Razzak,0,0,"",""
ball,1,23.2,England,IJL Trott,AJ Strauss,Abdur Razzak,1,0,"",""
ball,1,23.3,England,AJ Strauss,IJL Trott,Abdur Razzak,0,1,"",""
ball,1,23.4,England,IJL Trott,AJ Strauss,Abdur Razzak,0,0,"",""
ball,1,23.5,England,IJL Trott,AJ Strauss,Abdur Razzak,0,0,"",""
ball,1,23.6,England,IJL Trott,AJ Strauss,Abdur Razzak,0,0,"",""
ball,1,24.1,England,AJ Strauss,IJL Trott,Shafiul Islam,1,0,"",""
ball,1,24.2,England,IJL Trott,AJ Strauss,Shafiul Islam,1,0,"",""
ball,1,24.3,England,AJ Strauss,IJL Trott,Shafiul Islam,0,0,"",""
ball,1,24.4,England,AJ Strauss,IJL Trott,Shafiul Islam,0,0,"",""
ball,1,24.5,England,AJ Strauss,IJL Trott,Shafiul Islam,1,0,"",""
ball,1,24.6,England,IJL Trott,AJ Strauss,Shafiul Islam,0,0,"",""
ball,1,25.1,England,AJ Strauss,IJL Trott,Abdur Razzak,1,0,"",""
ball,1,25.2,England,IJL Trott,AJ Strauss,Abdur Razzak,4,0,"",""
ball,1,25.3,England,IJL Trott,AJ Strauss,Abdur Razzak,1,0,"",""
ball,1,25.4,England,AJ Strauss,IJL Trott,Abdur Razzak,1,0,"",""
ball,1,25.5,England,IJL Trott,AJ Strauss,Abdur Razzak,1,0,"",""
ball,1,25.6,England,AJ Strauss,IJL Trott,Abdur Razzak,1,0,"",""
ball,1,26.1,England,AJ Strauss,IJL Trott,Shafiul Islam,6,0,"",""
ball,1,26.2,England,AJ Strauss,IJL Trott,Shafiul Islam,1,0,"",""
ball,1,26.3,England,IJL Trott,AJ Strauss,Shafiul Islam,0,0,"",""
ball,1,26.4,England,IJL Trott,AJ Strauss,Shafiul Islam,1,0,"",""
ball,1,26.5,England,AJ Strauss,IJL Trott,Shafiul Islam,0,0,"",""
ball,1,26.6,England,AJ Strauss,IJL Trott,Shafiul Islam,1,0,"",""
ball,1,27.1,England,AJ Strauss,IJL Trott,Abdur Razzak,1,0,"",""
ball,1,27.2,England,IJL Trott,AJ Strauss,Abdur Razzak,2,0,"",""
ball,1,27.3,England,IJL Trott,AJ Strauss,Abdur Razzak,0,0,"",""
ball,1,27.4,England,IJL Trott,AJ Strauss,Abdur Razzak,1,0,"",""
ball,1,27.5,England,AJ Strauss,IJL Trott,Abdur Razzak,1,0,"",""
ball,1,27.6,England,IJL Trott,AJ Strauss,Abdur Razzak,4,0,"",""
ball,1,28.1,England,AJ Strauss,IJL Trott,Shakib Al Hasan,1,0,"",""
ball,1,28.2,England,IJL Trott,AJ Strauss,Shakib Al Hasan,0,0,"",""
ball,1,28.3,England,IJL Trott,AJ Strauss,Shakib Al Hasan,1,0,"",""
ball,1,28.4,England,AJ Strauss,IJL Trott,Shakib Al Hasan,4,0,"",""
ball,1,28.5,England,AJ Strauss,IJL Trott,Shakib Al Hasan,1,0,"",""
ball,1,28.6,England,IJL Trott,AJ Strauss,Shakib Al Hasan,1,0,"",""
ball,1,29.1,England,IJL Trott,AJ Strauss,Abdur Razzak,0,0,"",""
ball,1,29.2,England,IJL Trott,AJ Strauss,Abdur Razzak,1,0,"",""
ball,1,29.3,England,AJ Strauss,IJL Trott,Abdur Razzak,1,0,"",""
ball,1,29.4,England,IJL Trott,AJ Strauss,Abdur Razzak,1,0,"",""
ball,1,29.5,England,AJ Strauss,IJL Trott,Abdur Razzak,1,0,"",""
ball,1,29.6,England,IJL Trott,AJ Strauss,Abdur Razzak,1,0,"",""
ball,1,30.1,England,IJL Trott,AJ Strauss,Shakib Al Hasan,1,0,"",""
ball,1,30.2,England,AJ Strauss,IJL Trott,Shakib Al Hasan,1,0,"",""
ball,1,30.3,England,IJL Trott,AJ Strauss,Shakib Al Hasan,1,0,"",""
ball,1,30.4,England,AJ Strauss,IJL Trott,Shakib Al Hasan,0,0,"",""
ball,1,30.5,England,AJ Strauss,IJL Trott,Shakib Al Hasan,1,0,"",""
ball,1,30.6,England,IJL Trott,AJ Strauss,Shakib Al Hasan,1,0,"",""
ball,1,31.1,England,IJL Trott,AJ Strauss,Abdur Razzak,3,0,"",""
ball,1,31.2,England,AJ Strauss,IJL Trott,Abdur Razzak,0,0,"",""
ball,1,31.3,England,AJ Strauss,IJL Trott,Abdur Razzak,6,0,"",""
ball,1,31.4,England,AJ Strauss,IJL Trott,Abdur Razzak,0,0,"",""
ball,1,31.5,England,AJ Strauss,IJL Trott,Abdur Razzak,1,0,"",""
ball,1,31.6,England,IJL Trott,AJ Strauss,Abdur Razzak,0,0,"",""
ball,1,32.1,England,AJ Strauss,IJL Trott,Shakib Al Hasan,1,0,"",""
ball,1,32.2,England,IJL Trott,AJ Strauss,Shakib Al Hasan,0,0,"",""
ball,1,32.3,England,IJL Trott,AJ Strauss,Shakib Al Hasan,0,0,"",""
ball,1,32.4,England,IJL Trott,AJ Strauss,Shakib Al Hasan,4,0,"",""
ball,1,32.5,England,IJL Trott,AJ Strauss,Shakib Al Hasan,0,0,"",""
ball,1,32.6,England,IJL Trott,AJ Strauss,Shakib Al Hasan,0,0,"",""
ball,1,33.1,England,AJ Strauss,IJL Trott,Rubel Hossain,1,0,"",""
ball,1,33.2,England,IJL Trott,AJ Strauss,Rubel Hossain,0,0,"",""
ball,1,33.3,England,IJL Trott,AJ Strauss,Rubel Hossain,0,0,"",""
ball,1,33.4,England,IJL Trott,AJ Strauss,Rubel Hossain,1,0,"",""
ball,1,33.5,England,AJ Strauss,IJL Trott,Rubel Hossain,0,0,"",""
ball,1,33.6,England,AJ Strauss,IJL Trott,Rubel Hossain,4,0,"",""
ball,1,34.1,England,IJL Trott,AJ Strauss,Shakib Al Hasan,1,0,"",""
ball,1,34.2,England,AJ Strauss,IJL Trott,Shakib Al Hasan,0,0,"",""
ball,1,34.3,England,AJ Strauss,IJL Trott,Shakib Al Hasan,1,0,"",""
ball,1,34.4,England,IJL Trott,AJ Strauss,Shakib Al Hasan,0,0,"",""
ball,1,34.5,England,IJL Trott,AJ Strauss,Shakib Al Hasan,1,0,"",""
ball,1,34.6,England,AJ Strauss,IJL Trott,Shakib Al Hasan,1,0,"",""
ball,1,35.1,England,AJ Strauss,IJL Trott,Rubel Hossain,4,0,"",""
ball,1,35.2,England,AJ Strauss,IJL Trott,Rubel Hossain,1,0,"",""
ball,1,35.3,England,IJL Trott,AJ Strauss,Rubel Hossain,1,0,"",""
ball,1,35.4,England,AJ Strauss,IJL Trott,Rubel Hossain,4,0,"",""
ball,1,35.5,England,AJ Strauss,IJL Trott,Rubel Hossain,4,0,"",""
ball,1,35.6,England,AJ Strauss,IJL Trott,Rubel Hossain,0,0,"",""
ball,1,36.1,England,IJL Trott,AJ Strauss,Shakib Al Hasan,4,0,"",""
ball,1,36.2,England,IJL Trott,AJ Strauss,Shakib Al Hasan,4,0,"",""
ball,1,36.3,England,IJL Trott,AJ Strauss,Shakib Al Hasan,0,0,"",""
ball,1,36.4,England,IJL Trott,AJ Strauss,Shakib Al Hasan,2,0,"",""
ball,1,36.5,England,IJL Trott,AJ Strauss,Shakib Al Hasan,2,0,"",""
ball,1,36.6,England,IJL Trott,AJ Strauss,Shakib Al Hasan,2,0,"",""
ball,1,37.1,England,AJ Strauss,IJL Trott,Shafiul Islam,1,0,"",""
ball,1,37.2,England,IJL Trott,AJ Strauss,Shafiul Islam,2,0,"",""
ball,1,37.3,England,IJL Trott,AJ Strauss,Shafiul Islam,4,0,"",""
ball,1,37.4,England,IJL Trott,AJ Strauss,Shafiul Islam,0,0,"",""
ball,1,37.5,England,IJL Trott,AJ Strauss,Shafiul Islam,1,0,"",""
ball,1,37.6,England,AJ Strauss,IJL Trott,Shafiul Islam,4,0,"",""
ball,1,38.1,England,IJL Trott,AJ Strauss,Mashrafe Mortaza,1,0,"",""
ball,1,38.2,England,AJ Strauss,IJL Trott,Mashrafe Mortaza,1,0,"",""
ball,1,38.3,England,IJL Trott,AJ Strauss,Mashrafe Mortaza,2,0,"",""
ball,1,38.4,England,IJL Trott,AJ Strauss,Mashrafe Mortaza,0,0,"",""
ball,1,38.5,England,IJL Trott,AJ Strauss,Mashrafe Mortaza,1,0,"",""
ball,1,38.6,England,AJ Strauss,IJL Trott,Mashrafe Mortaza,1,0,"",""
ball,1,39.1,England,AJ Strauss,IJL Trott,Shakib Al Hasan,2,0,"",""
ball,1,39.2,England,AJ Strauss,IJL Trott,Shakib Al Hasan,1,0,"",""
ball,1,39.3,England,IJL Trott,AJ Strauss,Shakib Al Hasan,1,0,"",""
ball,1,39.4,England,AJ Strauss,IJL Trott,Shakib Al Hasan,0,0,"",""
ball,1,39.5,England,AJ Strauss,IJL Trott,Shakib Al Hasan,0,0,"",""
ball,1,39.6,England,AJ Strauss,IJL Trott,Shakib Al Hasan,6,0,"",""
ball,1,40.1,England,IJL Trott,AJ Strauss,Mashrafe Mortaza,1,0,"",""
ball,1,40.2,England,AJ Strauss,IJL Trott,Mashrafe Mortaza,0,0,"",""
ball,1,40.3,England,AJ Strauss,IJL Trott,Mashrafe Mortaza,0,1,"",""
ball,1,40.4,England,AJ Strauss,IJL Trott,Mashrafe Mortaza,4,0,"",""
ball,1,40.5,England,AJ Strauss,IJL Trott,Mashrafe Mortaza,0,2,"",""
ball,1,40.6,England,IJL Trott,AJ Strauss,Mashrafe Mortaza,0,0,caught,IJL Trott
ball,1,40.7,England,LJ Wright,AJ Strauss,Mashrafe Mortaza,0,0,caught,LJ Wright
ball,1,40.8,England,PD Collingwood,AJ Strauss,Mashrafe Mortaza,0,0,"",""
ball,1,41.1,England,AJ Strauss,PD Collingwood,Shakib Al Hasan,1,0,"",""
ball,1,41.2,England,PD Collingwood,AJ Strauss,Shakib Al Hasan,2,0,"",""
ball,1,41.3,England,PD Collingwood,AJ Strauss,Shakib Al Hasan,0,0,"",""
ball,1,41.4,England,PD Collingwood,AJ Strauss,Shakib Al Hasan,1,0,"",""
ball,1,41.5,England,AJ Strauss,PD Collingwood,Shakib Al Hasan,6,0,"",""
ball,1,41.6,England,AJ Strauss,PD Collingwood,Shakib Al Hasan,0,0,"",""
ball,1,42.1,England,PD Collingwood,AJ Strauss,Abdur Razzak,1,0,"",""
ball,1,42.2,England,AJ Strauss,PD Collingwood,Abdur Razzak,0,0,"",""
ball,1,42.3,England,AJ Strauss,PD Collingwood,Abdur Razzak,0,0,"",""
ball,1,42.4,England,AJ Strauss,PD Collingwood,Abdur Razzak,4,0,"",""
ball,1,42.5,England,AJ Strauss,PD Collingwood,Abdur Razzak,1,0,"",""
ball,1,42.6,England,PD Collingwood,AJ Strauss,Abdur Razzak,4,0,"",""
ball,1,43.1,England,AJ Strauss,PD Collingwood,Rubel Hossain,0,0,"",""
ball,1,43.2,England,AJ Strauss,PD Collingwood,Rubel Hossain,1,0,"",""
ball,1,43.3,England,PD Collingwood,AJ Strauss,Rubel Hossain,0,0,caught,PD Collingwood
ball,1,43.4,England,AJ Strauss,EJG Morgan,Rubel Hossain,1,0,"",""
ball,1,43.5,England,EJG Morgan,AJ Strauss,Rubel Hossain,1,0,"",""
ball,1,43.6,England,AJ Strauss,EJG Morgan,Rubel Hossain,1,0,"",""
ball,1,44.1,England,AJ Strauss,EJG Morgan,Shafiul Islam,0,0,"",""
ball,1,44.2,England,AJ Strauss,EJG Morgan,Shafiul Islam,4,0,"",""
ball,1,44.3,England,AJ Strauss,EJG Morgan,Shafiul Islam,0,0,"",""
ball,1,44.4,England,AJ Strauss,EJG Morgan,Shafiul Islam,1,0,"",""
ball,1,44.5,England,EJG Morgan,AJ Strauss,Shafiul Islam,0,0,caught,EJG Morgan
ball,1,44.6,England,AJ Strauss,RS Bopara,Shafiul Islam,1,0,"",""
ball,1,45.1,England,AJ Strauss,RS Bopara,Rubel Hossain,0,1,"",""
ball,1,45.2,England,RS Bopara,AJ Strauss,Rubel Hossain,1,0,"",""
ball,1,45.3,England,AJ Strauss,RS Bopara,Rubel Hossain,0,0,caught,AJ Strauss
ball,1,45.4,England,RS Bopara,TT Bresnan,Rubel Hossain,1,0,"",""
ball,1,45.5,England,TT Bresnan,RS Bopara,Rubel Hossain,4,0,"",""
ball,1,45.6,England,TT Bresnan,RS Bopara,Rubel Hossain,1,0,"",""
ball,1,46.1,England,TT Bresnan,RS Bopara,Shafiul Islam,0,0,"",""
ball,1,46.2,England,TT Bresnan,RS Bopara,Shafiul Islam,1,0,"",""
ball,1,46.3,England,RS Bopara,TT Bresnan,Shafiul Islam,2,0,"",""
ball,1,46.4,England,RS Bopara,TT Bresnan,Shafiul Islam,1,0,"",""
ball,1,46.5,England,TT Bresnan,RS Bopara,Shafiul Islam,4,0,"",""
ball,1,46.6,England,TT Bresnan,RS Bopara,Shafiul Islam,0,0,caught,TT Bresnan
ball,1,47.1,England,MH Yardy,RS Bopara,Rubel Hossain,1,0,"",""
ball,1,47.2,England,RS Bopara,MH Yardy,Rubel Hossain,1,0,"",""
ball,1,47.3,England,MH Yardy,RS Bopara,Rubel Hossain,1,0,"",""
ball,1,47.4,England,RS Bopara,MH Yardy,Rubel Hossain,1,0,"",""
ball,1,47.5,England,MH Yardy,RS Bopara,Rubel Hossain,3,0,"",""
ball,1,47.6,England,RS Bopara,MH Yardy,Rubel Hossain,4,0,"",""
ball,1,48.1,England,MH Yardy,RS Bopara,Abdur Razzak,1,0,"",""
ball,1,48.2,England,RS Bopara,MH Yardy,Abdur Razzak,1,0,"",""
ball,1,48.3,England,MH Yardy,RS Bopara,Abdur Razzak,0,1,"",""
ball,1,48.4,England,RS Bopara,MH Yardy,Abdur Razzak,1,0,"",""
ball,1,48.5,England,MH Yardy,RS Bopara,Abdur Razzak,1,0,"",""
ball,1,48.6,England,RS Bopara,MH Yardy,Abdur Razzak,6,0,"",""
ball,1,49.1,England,MH Yardy,RS Bopara,Shafiul Islam,1,0,"",""
ball,1,49.2,England,RS Bopara,MH Yardy,Shafiul Islam,2,1,"",""
ball,1,49.3,England,RS Bopara,MH Yardy,Shafiul Islam,6,0,"",""
ball,1,49.4,England,RS Bopara,MH Yardy,Shafiul Islam,4,0,"",""
ball,1,49.5,England,RS Bopara,MH Yardy,Shafiul Islam,2,0,"",""
ball,1,49.6,England,RS Bopara,MH Yardy,Shafiul Islam,6,0,"",""
ball,1,49.7,England,RS Bopara,MH Yardy,Shafiul Islam,6,0,"",""
ball,2,0.1,Bangladesh,Tamim Iqbal,Imrul Kayes,A Shahzad,0,0,"",""
ball,2,0.2,Bangladesh,Tamim Iqbal,Imrul Kayes,A Shahzad,0,0,"",""
ball,2,0.3,Bangladesh,Tamim Iqbal,Imrul Kayes,A Shahzad,0,0,"",""
ball,2,0.4,Bangladesh,Tamim Iqbal,Imrul Kayes,A Shahzad,0,0,"",""
ball,2,0.5,Bangladesh,Tamim Iqbal,Imrul Kayes,A Shahzad,4,0,"",""
ball,2,0.6,Bangladesh,Tamim Iqbal,Imrul Kayes,A Shahzad,1,0,"",""
ball,2,1.1,Bangladesh,Tamim Iqbal,Imrul Kayes,TT Bresnan,0,0,"",""
ball,2,1.2,Bangladesh,Tamim Iqbal,Imrul Kayes,TT Bresnan,0,0,"",""
ball,2,1.3,Bangladesh,Tamim Iqbal,Imrul Kayes,TT Bresnan,0,0,"",""
ball,2,1.4,Bangladesh,Tamim Iqbal,Imrul Kayes,TT Bresnan,4,0,"",""
ball,2,1.5,Bangladesh,Tamim Iqbal,Imrul Kayes,TT Bresnan,1,0,"",""
ball,2,1.6,Bangladesh,Imrul Kayes,Tamim Iqbal,TT Bresnan,4,0,"",""
ball,2,2.1,Bangladesh,Tamim Iqbal,Imrul Kayes,A Shahzad,0,0,"",""
ball,2,2.2,Bangladesh,Tamim Iqbal,Imrul Kayes,A Shahzad,4,0,"",""
ball,2,2.3,Bangladesh,Tamim Iqbal,Imrul Kayes,A Shahzad,2,0,"",""
ball,2,2.4,Bangladesh,Tamim Iqbal,Imrul Kayes,A Shahzad,0,0,caught,Tamim Iqbal
ball,2,2.5,Bangladesh,Imrul Kayes,Junaid Siddique,A Shahzad,0,0,"",""
ball,2,2.6,Bangladesh,Imrul Kayes,Junaid Siddique,A Shahzad,0,0,"",""
ball,2,3.1,Bangladesh,Junaid Siddique,Imrul Kayes,TT Bresnan,0,0,"",""
ball,2,3.2,Bangladesh,Junaid Siddique,Imrul Kayes,TT Bresnan,0,0,"",""
ball,2,3.3,Bangladesh,Junaid Siddique,Imrul Kayes,TT Bresnan,0,0,"",""
ball,2,3.4,Bangladesh,Junaid Siddique,Imrul Kayes,TT Bresnan,0,0,"",""
ball,2,3.5,Bangladesh,Junaid Siddique,Imrul Kayes,TT Bresnan,4,0,"",""
ball,2,3.6,Bangladesh,Junaid Siddique,Imrul Kayes,TT Bresnan,0,0,"",""
ball,2,4.1,Bangladesh,Imrul Kayes,Junaid Siddique,A Shahzad,0,0,"",""
ball,2,4.2,Bangladesh,Imrul Kayes,Junaid Siddique,A Shahzad,0,0,"",""
ball,2,4.3,Bangladesh,Imrul Kayes,Junaid Siddique,A Shahzad,0,0,"",""
ball,2,4.4,Bangladesh,Imrul Kayes,Junaid Siddique,A Shahzad,0,0,"",""
ball,2,4.5,Bangladesh,Imrul Kayes,Junaid Siddique,A Shahzad,0,0,"",""
ball,2,4.6,Bangladesh,Imrul Kayes,Junaid Siddique,A Shahzad,0,0,caught,Imrul Kayes
ball,2,5.1,Bangladesh,Junaid Siddique,Jahurul Islam,TT Bresnan,6,0,"",""
ball,2,5.2,Bangladesh,Junaid Siddique,Jahurul Islam,TT Bresnan,0,0,"",""
ball,2,5.3,Bangladesh,Junaid Siddique,Jahurul Islam,TT Bresnan,1,0,"",""
ball,2,5.4,Bangladesh,Jahurul Islam,Junaid Siddique,TT Bresnan,0,0,"",""
ball,2,5.5,Bangladesh,Jahurul Islam,Junaid Siddique,TT Bresnan,0,0,"",""
ball,2,5.6,Bangladesh,Jahurul Islam,Junaid Siddique,TT Bresnan,0,0,"",""
ball,2,6.1,Bangladesh,Junaid Siddique,Jahurul Islam,A Shahzad,1,0,"",""
ball,2,6.2,Bangladesh,Jahurul Islam,Junaid Siddique,A Shahzad,0,1,"",""
ball,2,6.3,Bangladesh,Jahurul Islam,Junaid Siddique,A Shahzad,1,0,"",""
ball,2,6.4,Bangladesh,Junaid Siddique,Jahurul Islam,A Shahzad,0,0,"",""
ball,2,6.5,Bangladesh,Junaid Siddique,Jahurul Islam,A Shahzad,2,0,"",""
ball,2,6.6,Bangladesh,Junaid Siddique,Jahurul Islam,A Shahzad,4,0,"",""
ball,2,6.7,Bangladesh,Junaid Siddique,Jahurul Islam,A Shahzad,4,0,"",""
ball,2,7.1,Bangladesh,Jahurul Islam,Junaid Siddique,SCJ Broad,0,0,"",""
ball,2,7.2,Bangladesh,Jahurul Islam,Junaid Siddique,SCJ Broad,0,0,"",""
ball,2,7.3,Bangladesh,Jahurul Islam,Junaid Siddique,SCJ Broad,4,0,"",""
ball,2,7.4,Bangladesh,Jahurul Islam,Junaid Siddique,SCJ Broad,0,0,"",""
ball,2,7.5,Bangladesh,Jahurul Islam,Junaid Siddique,SCJ Broad,0,0,"",""
ball,2,7.6,Bangladesh,Jahurul Islam,Junaid Siddique,SCJ Broad,1,0,"",""
ball,2,8.1,Bangladesh,Jahurul Islam,Junaid Siddique,TT Bresnan,0,0,"",""
ball,2,8.2,Bangladesh,Jahurul Islam,Junaid Siddique,TT Bresnan,4,0,"",""
ball,2,8.3,Bangladesh,Jahurul Islam,Junaid Siddique,TT Bresnan,1,0,"",""
ball,2,8.4,Bangladesh,Junaid Siddique,Jahurul Islam,TT Bresnan,1,0,"",""
ball,2,8.5,Bangladesh,Jahurul Islam,Junaid Siddique,TT Bresnan,0,0,"",""
ball,2,8.6,Bangladesh,Jahurul Islam,Junaid Siddique,TT Bresnan,0,0,"",""
ball,2,9.1,Bangladesh,Junaid Siddique,Jahurul Islam,SCJ Broad,0,0,"",""
ball,2,9.2,Bangladesh,Junaid Siddique,Jahurul Islam,SCJ Broad,2,0,"",""
ball,2,9.3,Bangladesh,Junaid Siddique,Jahurul Islam,SCJ Broad,0,1,"",""
ball,2,9.4,Bangladesh,Jahurul Islam,Junaid Siddique,SCJ Broad,0,0,"",""
ball,2,9.5,Bangladesh,Jahurul Islam,Junaid Siddique,SCJ Broad,1,0,"",""
ball,2,9.6,Bangladesh,Junaid Siddique,Jahurul Islam,SCJ Broad,0,0,"",""
ball,2,10.1,Bangladesh,Jahurul Islam,Junaid Siddique,TT Bresnan,4,0,"",""
ball,2,10.2,Bangladesh,Jahurul Islam,Junaid Siddique,TT Bresnan,0,1,"",""
ball,2,10.3,Bangladesh,Junaid Siddique,Jahurul Islam,TT Bresnan,0,0,caught,Junaid Siddique
ball,2,10.4,Bangladesh,Jahurul Islam,Shakib Al Hasan,TT Bresnan,0,0,"",""
ball,2,10.5,Bangladesh,Jahurul Islam,Shakib Al Hasan,TT Bresnan,0,0,"",""
ball,2,10.6,Bangladesh,Jahurul Islam,Shakib Al Hasan,TT Bresnan,4,0,"",""
ball,2,11.1,Bangladesh,Shakib Al Hasan,Jahurul Islam,SCJ Broad,0,0,"",""
ball,2,11.2,Bangladesh,Shakib Al Hasan,Jahurul Islam,SCJ Broad,0,0,"",""
ball,2,11.3,Bangladesh,Shakib Al Hasan,Jahurul Islam,SCJ Broad,1,0,"",""
ball,2,11.4,Bangladesh,Jahurul Islam,Shakib Al Hasan,SCJ Broad,0,0,"",""
ball,2,11.5,Bangladesh,Jahurul Islam,Shakib Al Hasan,SCJ Broad,1,0,"",""
ball,2,11.6,Bangladesh,Shakib Al Hasan,Jahurul Islam,SCJ Broad,0,0,"",""
ball,2,12.1,Bangladesh,Jahurul Islam,Shakib Al Hasan,TT Bresnan,0,0,"",""
ball,2,12.2,Bangladesh,Jahurul Islam,Shakib Al Hasan,TT Bresnan,0,0,"",""
ball,2,12.3,Bangladesh,Jahurul Islam,Shakib Al Hasan,TT Bresnan,0,0,"",""
ball,2,12.4,Bangladesh,Jahurul Islam,Shakib Al Hasan,TT Bresnan,0,0,"",""
ball,2,12.5,Bangladesh,Jahurul Islam,Shakib Al Hasan,TT Bresnan,0,0,"",""
ball,2,12.6,Bangladesh,Jahurul Islam,Shakib Al Hasan,TT Bresnan,1,0,"",""
ball,2,13.1,Bangladesh,Jahurul Islam,Shakib Al Hasan,SCJ Broad,0,0,"",""
ball,2,13.2,Bangladesh,Jahurul Islam,Shakib Al Hasan,SCJ Broad,0,0,"",""
ball,2,13.3,Bangladesh,Jahurul Islam,Shakib Al Hasan,SCJ Broad,1,0,"",""
ball,2,13.4,Bangladesh,Shakib Al Hasan,Jahurul Islam,SCJ Broad,0,0,"",""
ball,2,13.5,Bangladesh,Shakib Al Hasan,Jahurul Islam,SCJ Broad,0,0,"",""
ball,2,13.6,Bangladesh,Shakib Al Hasan,Jahurul Islam,SCJ Broad,0,0,"",""
ball,2,14.1,Bangladesh,Jahurul Islam,Shakib Al Hasan,TT Bresnan,0,0,"",""
ball,2,14.2,Bangladesh,Jahurul Islam,Shakib Al Hasan,TT Bresnan,0,0,"",""
ball,2,14.3,Bangladesh,Jahurul Islam,Shakib Al Hasan,TT Bresnan,0,0,"",""
ball,2,14.4,Bangladesh,Jahurul Islam,Shakib Al Hasan,TT Bresnan,4,0,"",""
ball,2,14.5,Bangladesh,Jahurul Islam,Shakib Al Hasan,TT Bresnan,0,0,"",""
ball,2,14.6,Bangladesh,Jahurul Islam,Shakib Al Hasan,TT Bresnan,0,0,"",""
ball,2,15.1,Bangladesh,Shakib Al Hasan,Jahurul Islam,SCJ Broad,0,0,"",""
ball,2,15.2,Bangladesh,Shakib Al Hasan,Jahurul Islam,SCJ Broad,0,0,"",""
ball,2,15.3,Bangladesh,Shakib Al Hasan,Jahurul Islam,SCJ Broad,1,0,"",""
ball,2,15.4,Bangladesh,Jahurul Islam,Shakib Al Hasan,SCJ Broad,0,0,caught,Jahurul Islam
ball,2,15.5,Bangladesh,Mohammad Ashraful,Shakib Al Hasan,SCJ Broad,0,0,"",""
ball,2,15.6,Bangladesh,Mohammad Ashraful,Shakib Al Hasan,SCJ Broad,0,0,"",""
ball,2,16.1,Bangladesh,Shakib Al Hasan,Mohammad Ashraful,LJ Wright,0,0,"",""
ball,2,16.2,Bangladesh,Shakib Al Hasan,Mohammad Ashraful,LJ Wright,0,0,"",""
ball,2,16.3,Bangladesh,Shakib Al Hasan,Mohammad Ashraful,LJ Wright,1,0,"",""
ball,2,16.4,Bangladesh,Mohammad Ashraful,Shakib Al Hasan,LJ Wright,1,0,"",""
ball,2,16.5,Bangladesh,Shakib Al Hasan,Mohammad Ashraful,LJ Wright,0,0,"",""
ball,2,16.6,Bangladesh,Shakib Al Hasan,Mohammad Ashraful,LJ Wright,1,0,"",""
ball,2,17.1,Bangladesh,Shakib Al Hasan,Mohammad Ashraful,SCJ Broad,1,0,"",""
ball,2,17.2,Bangladesh,Mohammad Ashraful,Shakib Al Hasan,SCJ Broad,0,0,"",""
ball,2,17.3,Bangladesh,Mohammad Ashraful,Shakib Al Hasan,SCJ Broad,0,0,"",""
ball,2,17.4,Bangladesh,Mohammad Ashraful,Shakib Al Hasan,SCJ Broad,0,0,"",""
ball,2,17.5,Bangladesh,Mohammad Ashraful,Shakib Al Hasan,SCJ Broad,0,0,"",""
ball,2,17.6,Bangladesh,Mohammad Ashraful,Shakib Al Hasan,SCJ Broad,1,0,"",""
ball,2,18.1,Bangladesh,Mohammad Ashraful,Shakib Al Hasan,LJ Wright,1,0,"",""
ball,2,18.2,Bangladesh,Shakib Al Hasan,Mohammad Ashraful,LJ Wright,0,0,"",""
ball,2,18.3,Bangladesh,Shakib Al Hasan,Mohammad Ashraful,LJ Wright,0,0,"",""
ball,2,18.4,Bangladesh,Shakib Al Hasan,Mohammad Ashraful,LJ Wright,1,0,"",""
ball,2,18.5,Bangladesh,Mohammad Ashraful,Shakib Al Hasan,LJ Wright,0,2,run out,Shakib Al Hasan
ball,2,18.6,Bangladesh,Mahmudullah,Mohammad Ashraful,LJ Wright,0,0,"",""
ball,2,18.7,Bangladesh,Mahmudullah,Mohammad Ashraful,LJ Wright,0,0,"",""
ball,2,19.1,Bangladesh,Mohammad Ashraful,Mahmudullah,SCJ Broad,6,0,"",""
ball,2,19.2,Bangladesh,Mohammad Ashraful,Mahmudullah,SCJ Broad,0,0,"",""
ball,2,19.3,Bangladesh,Mohammad Ashraful,Mahmudullah,SCJ Broad,0,0,"",""
ball,2,19.4,Bangladesh,Mohammad Ashraful,Mahmudullah,SCJ Broad,2,0,"",""
ball,2,19.5,Bangladesh,Mohammad Ashraful,Mahmudullah,SCJ Broad,0,0,"",""
ball,2,19.6,Bangladesh,Mohammad Ashraful,Mahmudullah,SCJ Broad,0,0,"",""
ball,2,20.1,Bangladesh,Mahmudullah,Mohammad Ashraful,LJ Wright,0,0,"",""
ball,2,20.2,Bangladesh,Mahmudullah,Mohammad Ashraful,LJ Wright,0,0,"",""
ball,2,20.3,Bangladesh,Mahmudullah,Mohammad Ashraful,LJ Wright,4,0,"",""
ball,2,20.4,Bangladesh,Mahmudullah,Mohammad Ashraful,LJ Wright,2,0,"",""
ball,2,20.5,Bangladesh,Mahmudullah,Mohammad Ashraful,LJ Wright,0,0,"",""
ball,2,20.6,Bangladesh,Mahmudullah,Mohammad Ashraful,LJ Wright,0,0,"",""
ball,2,21.1,Bangladesh,Mohammad Ashraful,Mahmudullah,RS Bopara,2,0,"",""
ball,2,21.2,Bangladesh,Mohammad Ashraful,Mahmudullah,RS Bopara,0,0,"",""
ball,2,21.3,Bangladesh,Mohammad Ashraful,Mahmudullah,RS Bopara,0,0,lbw,Mohammad Ashraful
ball,2,21.4,Bangladesh,Mashrafe Mortaza,Mahmudullah,RS Bopara,4,0,"",""
ball,2,21.5,Bangladesh,Mashrafe Mortaza,Mahmudullah,RS Bopara,0,1,"",""
ball,2,21.6,Bangladesh,Mashrafe Mortaza,Mahmudullah,RS Bopara,0,0,"",""
ball,2,21.7,Bangladesh,Mashrafe Mortaza,Mahmudullah,RS Bopara,4,0,"",""
ball,2,22.1,Bangladesh,Mahmudullah,Mashrafe Mortaza,LJ Wright,0,0,"",""
ball,2,22.2,Bangladesh,Mahmudullah,Mashrafe Mortaza,LJ Wright,0,0,"",""
ball,2,22.3,Bangladesh,Mahmudullah,Mashrafe Mortaza,LJ Wright,0,0,"",""
ball,2,22.4,Bangladesh,Mahmudullah,Mashrafe Mortaza,LJ Wright,0,0,"",""
ball,2,22.5,Bangladesh,Mahmudullah,Mashrafe Mortaza,LJ Wright,4,0,"",""
ball,2,22.6,Bangladesh,Mahmudullah,Mashrafe Mortaza,LJ Wright,0,0,"",""
ball,2,23.1,Bangladesh,Mashrafe Mortaza,Mahmudullah,RS Bopara,0,0,"",""
ball,2,23.2,Bangladesh,Mashrafe Mortaza,Mahmudullah,RS Bopara,0,0,"",""
ball,2,23.3,Bangladesh,Mashrafe Mortaza,Mahmudullah,RS Bopara,0,0,"",""
ball,2,23.4,Bangladesh,Mashrafe Mortaza,Mahmudullah,RS Bopara,0,0,"",""
ball,2,23.5,Bangladesh,Mashrafe Mortaza,Mahmudullah,RS Bopara,0,0,"",""
ball,2,23.6,Bangladesh,Mashrafe Mortaza,Mahmudullah,RS Bopara,0,0,"",""
ball,2,24.1,Bangladesh,Mahmudullah,Mashrafe Mortaza,LJ Wright,0,1,"",""
ball,2,24.2,Bangladesh,Mahmudullah,Mashrafe Mortaza,LJ Wright,0,0,"",""
ball,2,24.3,Bangladesh,Mahmudullah,Mashrafe Mortaza,LJ Wright,1,0,"",""
ball,2,24.4,Bangladesh,Mashrafe Mortaza,Mahmudullah,LJ Wright,1,0,"",""
ball,2,24.5,Bangladesh,Mahmudullah,Mashrafe Mortaza,LJ Wright,0,0,"",""
ball,2,24.6,Bangladesh,Mahmudullah,Mashrafe Mortaza,LJ Wright,1,0,"",""
ball,2,24.7,Bangladesh,Mashrafe Mortaza,Mahmudullah,LJ Wright,1,0,"",""
ball,2,25.1,Bangladesh,Mashrafe Mortaza,Mahmudullah,RS Bopara,0,0,"",""
ball,2,25.2,Bangladesh,Mashrafe Mortaza,Mahmudullah,RS Bopara,0,0,"",""
ball,2,25.3,Bangladesh,Mashrafe Mortaza,Mahmudullah,RS Bopara,0,0,"",""
ball,2,25.4,Bangladesh,Mashrafe Mortaza,Mahmudullah,RS Bopara,0,0,"",""
ball,2,25.5,Bangladesh,Mashrafe Mortaza,Mahmudullah,RS Bopara,4,0,"",""
ball,2,25.6,Bangladesh,Mashrafe Mortaza,Mahmudullah,RS Bopara,0,0,caught,Mashrafe Mortaza
ball,2,26.1,Bangladesh,Mahmudullah,Abdur Razzak,LJ Wright,1,0,"",""
ball,2,26.2,Bangladesh,Abdur Razzak,Mahmudullah,LJ Wright,0,0,"",""
ball,2,26.3,Bangladesh,Abdur Razzak,Mahmudullah,LJ Wright,1,0,"",""
ball,2,26.4,Bangladesh,Mahmudullah,Abdur Razzak,LJ Wright,0,0,"",""
ball,2,26.5,Bangladesh,Mahmudullah,Abdur Razzak,LJ Wright,0,0,"",""
ball,2,26.6,Bangladesh,Mahmudullah,Abdur Razzak,LJ Wright,0,0,"",""
ball,2,27.1,Bangladesh,Abdur Razzak,Mahmudullah,RS Bopara,1,0,"",""
ball,2,27.2,Bangladesh,Mahmudullah,Abdur Razzak,RS Bopara,0,0,"",""
ball,2,27.3,Bangladesh,Mahmudullah,Abdur Razzak,RS Bopara,0,0,"",""
ball,2,27.4,Bangladesh,Mahmudullah,Abdur Razzak,RS Bopara,1,0,"",""
ball,2,27.5,Bangladesh,Abdur Razzak,Mahmudullah,RS Bopara,0,0,"",""
ball,2,27.6,Bangladesh,Abdur Razzak,Mahmudullah,RS Bopara,0,0,"",""
ball,2,28.1,Bangladesh,Mahmudullah,Abdur Razzak,LJ Wright,0,0,"",""
ball,2,28.2,Bangladesh,Mahmudullah,Abdur Razzak,LJ Wright,1,0,"",""
ball,2,28.3,Bangladesh,Abdur Razzak,Mahmudullah,LJ Wright,0,0,"",""
ball,2,28.4,Bangladesh,Abdur Razzak,Mahmudullah,LJ Wright,1,0,"",""
ball,2,28.5,Bangladesh,Mahmudullah,Abdur Razzak,LJ Wright,0,0,"",""
ball,2,28.6,Bangladesh,Mahmudullah,Abdur Razzak,LJ Wright,1,0,"",""
ball,2,29.1,Bangladesh,Mahmudullah,Abdur Razzak,RS Bopara,0,0,"",""
ball,2,29.2,Bangladesh,Mahmudullah,Abdur Razzak,RS Bopara,0,0,"",""
ball,2,29.3,Bangladesh,Mahmudullah,Abdur Razzak,RS Bopara,0,0,"",""
ball,2,29.4,Bangladesh,Mahmudullah,Abdur Razzak,RS Bopara,0,0,"",""
ball,2,29.5,Bangladesh,Mahmudullah,Abdur Razzak,RS Bopara,0,0,"",""
ball,2,29.6,Bangladesh,Mahmudullah,Abdur Razzak,RS Bopara,1,0,"",""
ball,2,30.1,Bangladesh,Mahmudullah,Abdur Razzak,IJL Trott,0,1,"",""
ball,2,30.2,Bangladesh,Mahmudullah,Abdur Razzak,IJL Trott,1,0,"",""
ball,2,30.3,Bangladesh,Abdur Razzak,Mahmudullah,IJL Trott,0,0,"",""
ball,2,30.4,Bangladesh,Abdur Razzak,Mahmudullah,IJL Trott,0,0,"",""
ball,2,30.5,Bangladesh,Abdur Razzak,Mahmudullah,IJL Trott,4,0,"",""
ball,2,30.6,Bangladesh,Abdur Razzak,Mahmudullah,IJL Trott,1,0,"",""
ball,2,30.7,Bangladesh,Mahmudullah,Abdur Razzak,IJL Trott,0,0,"",""
ball,2,31.1,Bangladesh,Abdur Razzak,Mahmudullah,SCJ Broad,1,0,"",""
ball,2,31.2,Bangladesh,Mahmudullah,Abdur Razzak,SCJ Broad,0,0,"",""
ball,2,31.3,Bangladesh,Mahmudullah,Abdur Razzak,SCJ Broad,0,1,"",""
ball,2,31.4,Bangladesh,Mahmudullah,Abdur Razzak,SCJ Broad,0,0,"",""
ball,2,31.5,Bangladesh,Mahmudullah,Abdur Razzak,SCJ Broad,0,0,"",""
ball,2,31.6,Bangladesh,Mahmudullah,Abdur Razzak,SCJ Broad,0,0,"",""
ball,2,31.7,Bangladesh,Mahmudullah,Abdur Razzak,SCJ Broad,1,0,"",""
ball,2,32.1,Bangladesh,Mahmudullah,Abdur Razzak,IJL Trott,0,0,"",""
ball,2,32.2,Bangladesh,Mahmudullah,Abdur Razzak,IJL Trott,0,0,"",""
ball,2,32.3,Bangladesh,Mahmudullah,Abdur Razzak,IJL Trott,2,0,"",""
ball,2,32.4,Bangladesh,Mahmudullah,Abdur Razzak,IJL Trott,1,0,"",""
ball,2,32.5,Bangladesh,Abdur Razzak,Mahmudullah,IJL Trott,2,0,"",""
ball,2,32.6,Bangladesh,Abdur Razzak,Mahmudullah,IJL Trott,0,0,"",""
ball,2,33.1,Bangladesh,Mahmudullah,Abdur Razzak,SCJ Broad,0,0,"",""
ball,2,33.2,Bangladesh,Mahmudullah,Abdur Razzak,SCJ Broad,0,0,"",""
ball,2,33.3,Bangladesh,Mahmudullah,Abdur Razzak,SCJ Broad,0,0,"",""
ball,2,33.4,Bangladesh,Mahmudullah,Abdur Razzak,SCJ Broad,0,0,"",""
ball,2,33.5,Bangladesh,Mahmudullah,Abdur Razzak,SCJ Broad,0,0,"",""
ball,2,33.6,Bangladesh,Mahmudullah,Abdur Razzak,SCJ Broad,0,0,"",""
ball,2,34.1,Bangladesh,Abdur Razzak,Mahmudullah,IJL Trott,2,0,"",""
ball,2,34.2,Bangladesh,Abdur Razzak,Mahmudullah,IJL Trott,0,0,"",""
ball,2,34.3,Bangladesh,Abdur Razzak,Mahmudullah,IJL Trott,2,0,"",""
ball,2,34.4,Bangladesh,Abdur Razzak,Mahmudullah,IJL Trott,1,0,"",""
ball,2,34.5,Bangladesh,Mahmudullah,Abdur Razzak,IJL Trott,1,0,"",""
ball,2,34.6,Bangladesh,Abdur Razzak,Mahmudullah,IJL Trott,0,0,"",""
ball,2,35.1,Bangladesh,Mahmudullah,Abdur Razzak,SCJ Broad,0,0,"",""
ball,2,35.2,Bangladesh,Mahmudullah,Abdur Razzak,SCJ Broad,0,0,"",""
ball,2,35.3,Bangladesh,Mahmudullah,Abdur Razzak,SCJ Broad,0,0,"",""
ball,2,35.4,Bangladesh,Mahmudullah,Abdur Razzak,SCJ Broad,1,0,"",""
ball,2,35.5,Bangladesh,Abdur Razzak,Mahmudullah,SCJ Broad,0,1,"",""
ball,2,35.6,Bangladesh,Abdur Razzak,Mahmudullah,SCJ Broad,0,0,"",""
ball,2,35.7,Bangladesh,Abdur Razzak,Mahmudullah,SCJ Broad,0,0,"",""
ball,2,36.1,Bangladesh,Mahmudullah,Abdur Razzak,RS Bopara,1,0,"",""
ball,2,36.2,Bangladesh,Abdur Razzak,Mahmudullah,RS Bopara,0,0,"",""
ball,2,36.3,Bangladesh,Abdur Razzak,Mahmudullah,RS Bopara,1,0,"",""
ball,2,36.4,Bangladesh,Mahmudullah,Abdur Razzak,RS Bopara,2,0,"",""
ball,2,36.5,Bangladesh,Mahmudullah,Abdur Razzak,RS Bopara,1,0,"",""
ball,2,36.6,Bangladesh,Abdur Razzak,Mahmudullah,RS Bopara,0,0,"",""
ball,2,37.1,Bangladesh,Mahmudullah,Abdur Razzak,MH Yardy,0,0,"",""
ball,2,37.2,Bangladesh,Mahmudullah,Abdur Razzak,MH Yardy,4,0,"",""
ball,2,37.3,Bangladesh,Mahmudullah,Abdur Razzak,MH Yardy,1,0,"",""
ball,2,37.4,Bangladesh,Abdur Razzak,Mahmudullah,MH Yardy,0,0,"",""
ball,2,37.5,Bangladesh,Abdur Razzak,Mahmudullah,MH Yardy,4,0,"",""
ball,2,37.6,Bangladesh,Abdur Razzak,Mahmudullah,MH Yardy,0,0,"",""
ball,2,38.1,Bangladesh,Mahmudullah,Abdur Razzak,RS Bopara,1,0,"",""
ball,2,38.2,Bangladesh,Abdur Razzak,Mahmudullah,RS Bopara,1,0,"",""
ball,2,38.3,Bangladesh,Mahmudullah,Abdur Razzak,RS Bopara,1,0,"",""
ball,2,38.4,Bangladesh,Abdur Razzak,Mahmudullah,RS Bopara,0,0,"",""
ball,2,38.5,Bangladesh,Abdur Razzak,Mahmudullah,RS Bopara,1,0,"",""
ball,2,38.6,Bangladesh,Mahmudullah,Abdur Razzak,RS Bopara,1,0,"",""
ball,2,39.1,Bangladesh,Mahmudullah,Abdur Razzak,MH Yardy,0,0,"",""
ball,2,39.2,Bangladesh,Mahmudullah,Abdur Razzak,MH Yardy,0,0,"",""
ball,2,39.3,Bangladesh,Mahmudullah,Abdur Razzak,MH Yardy,0,0,"",""
ball,2,39.4,Bangladesh,Mahmudullah,Abdur Razzak,MH Yardy,0,0,"",""
ball,2,39.5,Bangladesh,Mahmudullah,Abdur Razzak,MH Yardy,4,0,"",""
ball,2,39.6,Bangladesh,Mahmudullah,Abdur Razzak,MH Yardy,1,0,"",""
ball,2,40.1,Bangladesh,Mahmudullah,Abdur Razzak,RS Bopara,0,0,"",""
ball,2,40.2,Bangladesh,Mahmudullah,Abdur Razzak,RS Bopara,0,0,"",""
ball,2,40.3,Bangladesh,Mahmudullah,Abdur Razzak,RS Bopara,0,0,"",""
ball,2,40.4,Bangladesh,Mahmudullah,Abdur Razzak,RS Bopara,0,0,"",""
ball,2,40.5,Bangladesh,Mahmudullah,Abdur Razzak,RS Bopara,1,0,"",""
ball,2,40.6,Bangladesh,Abdur Razzak,Mahmudullah,RS Bopara,0,0,"",""
ball,2,41.1,Bangladesh,Mahmudullah,Abdur Razzak,MH Yardy,0,0,"",""
ball,2,41.2,Bangladesh,Mahmudullah,Abdur Razzak,MH Yardy,0,0,"",""
ball,2,41.3,Bangladesh,Mahmudullah,Abdur Razzak,MH Yardy,0,0,lbw,Mahmudullah
ball,2,41.4,Bangladesh,Shafiul Islam,Abdur Razzak,MH Yardy,0,0,"",""
ball,2,41.5,Bangladesh,Shafiul Islam,Abdur Razzak,MH Yardy,2,0,"",""
ball,2,41.6,Bangladesh,Shafiul Islam,Abdur Razzak,MH Yardy,4,0,"",""
ball,2,42.1,Bangladesh,Abdur Razzak,Shafiul Islam,RS Bopara,4,0,"",""
ball,2,42.2,Bangladesh,Abdur Razzak,Shafiul Islam,RS Bopara,0,0,caught,Abdur Razzak
ball,2,42.3,Bangladesh,Shafiul Islam,Rubel Hossain,RS Bopara,2,0,"",""
ball,2,42.4,Bangladesh,Shafiul Islam,Rubel Hossain,RS Bopara,0,0,"",""
ball,2,42.5,Bangladesh,Shafiul Islam,Rubel Hossain,RS Bopara,2,0,"",""
ball,2,42.6,Bangladesh,Shafiul Islam,Rubel Hossain,RS Bopara,0,0,"",""
ball,2,43.1,Bangladesh,Rubel Hossain,Shafiul Islam,MH Yardy,0,0,"",""
ball,2,43.2,Bangladesh,Rubel Hossain,Shafiul Islam,MH Yardy,0,0,"",""
ball,2,43.3,Bangladesh,Rubel Hossain,Shafiul Islam,MH Yardy,1,0,"",""
ball,2,43.4,Bangladesh,Shafiul Islam,Rubel Hossain,MH Yardy,0,0,"",""
ball,2,43.5,Bangladesh,Shafiul Islam,Rubel Hossain,MH Yardy,0,0,"",""
ball,2,43.6,Bangladesh,Shafiul Islam,Rubel Hossain,MH Yardy,6,0,"",""
ball,2,44.1,Bangladesh,Rubel Hossain,Shafiul Islam,RS Bopara,0,0,"",""
ball,2,44.2,Bangladesh,Rubel Hossain,Shafiul Islam,RS Bopara,0,0,"",""
ball,2,44.3,Bangladesh,Rubel Hossain,Shafiul Islam,RS Bopara,0,1,"",""
ball,2,44.4,Bangladesh,Rubel Hossain,Shafiul Islam,RS Bopara,0,0,"",""
ball,2,44.5,Bangladesh,Rubel Hossain,Shafiul Islam,RS Bopara,0,1,"",""
ball,2,44.6,Bangladesh,Shafiul Islam,Rubel Hossain,RS Bopara,0,0,"",""
ball,2,44.7,Bangladesh,Shafiul Islam,Rubel Hossain,RS Bopara,0,0,bowled,Shafiul Islam
