version,1.3.0
info,team,India
info,team,England
info,gender,male
info,season,2010/11
info,date,2011/02/27
info,competition,ICC Cricket World Cup
info,match_number,11
info,venue,M Chinnaswamy Stadium
info,city,Bangalore
info,toss_winner,India
info,toss_decision,bat
info,player_of_match,AJ Strauss
info,umpire,BF Bowden
info,umpire,M Erasmus
info,reserve_umpire,Aleem Dar
info,tv_umpire,RJ Tucker
info,match_referee,RS Mahanama
info,outcome,tie
ball,1,0.1,India,V Sehwag,SR Tendulkar,JM Anderson,4,0,"",""
ball,1,0.2,India,V Sehwag,SR Tendulkar,JM Anderson,0,0,"",""
ball,1,0.3,India,V Sehwag,SR Tendulkar,JM Anderson,2,0,"",""
ball,1,0.4,India,V Sehwag,SR Tendulkar,JM Anderson,0,0,"",""
ball,1,0.5,India,V Sehwag,SR Tendulkar,JM Anderson,0,1,"",""
ball,1,0.6,India,V Sehwag,SR Tendulkar,JM Anderson,1,0,"",""
ball,1,0.7,India,SR Tendulkar,V Sehwag,JM Anderson,0,0,"",""
ball,1,1.1,India,V Sehwag,SR Tendulkar,A Shahzad,4,0,"",""
ball,1,1.2,India,V Sehwag,SR Tendulkar,A Shahzad,0,0,"",""
ball,1,1.3,India,V Sehwag,SR Tendulkar,A Shahzad,0,0,"",""
ball,1,1.4,India,V Sehwag,SR Tendulkar,A Shahzad,4,0,"",""
ball,1,1.5,India,V Sehwag,SR Tendulkar,A Shahzad,0,0,"",""
ball,1,1.6,India,V Sehwag,SR Tendulkar,A Shahzad,0,0,"",""
ball,1,2.1,India,SR Tendulkar,V Sehwag,JM Anderson,2,0,"",""
ball,1,2.2,India,SR Tendulkar,V Sehwag,JM Anderson,0,0,"",""
ball,1,2.3,India,SR Tendulkar,V Sehwag,JM Anderson,0,0,"",""
ball,1,2.4,India,SR Tendulkar,V Sehwag,JM Anderson,0,0,"",""
ball,1,2.5,India,SR Tendulkar,V Sehwag,JM Anderson,0,0,"",""
ball,1,2.6,India,SR Tendulkar,V Sehwag,JM Anderson,0,0,"",""
ball,1,3.1,India,V Sehwag,SR Tendulkar,A Shahzad,1,0,"",""
ball,1,3.2,India,SR Tendulkar,V Sehwag,A Shahzad,0,0,"",""
ball,1,3.3,India,SR Tendulkar,V Sehwag,A Shahzad,0,0,"",""
ball,1,3.4,India,SR Tendulkar,V Sehwag,A Shahzad,0,0,"",""
ball,1,3.5,India,SR Tendulkar,V Sehwag,A Shahzad,2,0,"",""
ball,1,3.6,India,SR Tendulkar,V Sehwag,A Shahzad,0,0,"",""
ball,1,4.1,India,V Sehwag,SR Tendulkar,JM Anderson,1,0,"",""
ball,1,4.2,India,SR Tendulkar,V Sehwag,JM Anderson,0,0,"",""
ball,1,4.3,India,SR Tendulkar,V Sehwag,JM Anderson,0,0,"",""
ball,1,4.4,India,SR Tendulkar,V Sehwag,JM Anderson,1,0,"",""
ball,1,4.5,India,V Sehwag,SR Tendulkar,JM Anderson,4,0,"",""
ball,1,4.6,India,V Sehwag,SR Tendulkar,JM Anderson,1,0,"",""
ball,1,5.1,India,V Sehwag,SR Tendulkar,A Shahzad,1,0,"",""
ball,1,5.2,India,SR Tendulkar,V Sehwag,A Shahzad,2,0,"",""
ball,1,5.3,India,SR Tendulkar,V Sehwag,A Shahzad,0,0,"",""
ball,1,5.4,India,SR Tendulkar,V Sehwag,A Shahzad,0,0,"",""
ball,1,5.5,India,SR Tendulkar,V Sehwag,A Shahzad,2,0,"",""
ball,1,5.6,India,SR Tendulkar,V Sehwag,A Shahzad,0,0,"",""
ball,1,6.1,India,V Sehwag,SR Tendulkar,JM Anderson,4,0,"",""
ball,1,6.2,India,V Sehwag,SR Tendulkar,JM Anderson,0,0,"",""
ball,1,6.3,India,V Sehwag,SR Tendulkar,JM Anderson,1,0,"",""
ball,1,6.4,India,SR Tendulkar,V Sehwag,JM Anderson,1,0,"",""
ball,1,6.5,India,V Sehwag,SR Tendulkar,JM Anderson,4,0,"",""
ball,1,6.6,India,V Sehwag,SR Tendulkar,JM Anderson,1,0,"",""
ball,1,7.1,India,V Sehwag,SR Tendulkar,TT Bresnan,0,0,"",""
ball,1,7.2,India,V Sehwag,SR Tendulkar,TT Bresnan,0,0,"",""
ball,1,7.3,India,V Sehwag,SR Tendulkar,TT Bresnan,2,0,"",""
ball,1,7.4,India,V Sehwag,SR Tendulkar,TT Bresnan,0,0,"",""
ball,1,7.5,India,V Sehwag,SR Tendulkar,TT Bresnan,0,0,caught,V Sehwag
ball,1,7.6,India,G Gambhir,SR Tendulkar,TT Bresnan,0,0,"",""
ball,1,8.1,India,SR Tendulkar,G Gambhir,JM Anderson,0,0,"",""
ball,1,8.2,India,SR Tendulkar,G Gambhir,JM Anderson,0,0,"",""
ball,1,8.3,India,SR Tendulkar,G Gambhir,JM Anderson,4,0,"",""
ball,1,8.4,India,SR Tendulkar,G Gambhir,JM Anderson,4,0,"",""
ball,1,8.5,India,SR Tendulkar,G Gambhir,JM Anderson,0,0,"",""
ball,1,8.6,India,SR Tendulkar,G Gambhir,JM Anderson,0,0,"",""
ball,1,9.1,India,G Gambhir,SR Tendulkar,TT Bresnan,0,0,"",""
ball,1,9.2,India,G Gambhir,SR Tendulkar,TT Bresnan,0,0,"",""
ball,1,9.3,India,G Gambhir,SR Tendulkar,TT Bresnan,1,0,"",""
ball,1,9.4,India,SR Tendulkar,G Gambhir,TT Bresnan,1,0,"",""
ball,1,9.5,India,G Gambhir,SR Tendulkar,TT Bresnan,2,0,"",""
ball,1,9.6,India,G Gambhir,SR Tendulkar,TT Bresnan,0,0,"",""
ball,1,10.1,India,SR Tendulkar,G Gambhir,GP Swann,0,0,"",""
ball,1,10.2,India,SR Tendulkar,G Gambhir,GP Swann,0,0,"",""
ball,1,10.3,India,SR Tendulkar,G Gambhir,GP Swann,1,0,"",""
ball,1,10.4,India,G Gambhir,SR Tendulkar,GP Swann,0,0,"",""
ball,1,10.5,India,G Gambhir,SR Tendulkar,GP Swann,1,0,"",""
ball,1,10.6,India,SR Tendulkar,G Gambhir,GP Swann,0,0,"",""
ball,1,11.1,India,G Gambhir,SR Tendulkar,TT Bresnan,0,0,"",""
ball,1,11.2,India,G Gambhir,SR Tendulkar,TT Bresnan,4,0,"",""
ball,1,11.3,India,G Gambhir,SR Tendulkar,TT Bresnan,0,0,"",""
ball,1,11.4,India,G Gambhir,SR Tendulkar,TT Bresnan,1,0,"",""
ball,1,11.5,India,SR Tendulkar,G Gambhir,TT Bresnan,0,0,"",""
ball,1,11.6,India,SR Tendulkar,G Gambhir,TT Bresnan,1,0,"",""
ball,1,12.1,India,SR Tendulkar,G Gambhir,GP Swann,1,0,"",""
ball,1,12.2,India,G Gambhir,SR Tendulkar,GP Swann,1,0,"",""
ball,1,12.3,India,SR Tendulkar,G Gambhir,GP Swann,1,0,"",""
ball,1,12.4,India,G Gambhir,SR Tendulkar,GP Swann,4,0,"",""
ball,1,12.5,India,G Gambhir,SR Tendulkar,GP Swann,4,0,"",""
ball,1,12.6,India,G Gambhir,SR Tendulkar,GP Swann,0,0,"",""
ball,1,13.1,India,SR Tendulkar,G Gambhir,TT Bresnan,0,0,"",""
ball,1,13.2,India,SR Tendulkar,G Gambhir,TT Bresnan,0,0,"",""
ball,1,13.3,India,SR Tendulkar,G Gambhir,TT Bresnan,0,0,"",""
ball,1,13.4,India,SR Tendulkar,G Gambhir,TT Bresnan,0,0,"",""
ball,1,13.5,India,SR Tendulkar,G Gambhir,TT Bresnan,0,0,"",""
ball,1,13.6,India,SR Tendulkar,G Gambhir,TT Bresnan,0,0,"",""
ball,1,14.1,India,G Gambhir,SR Tendulkar,GP Swann,4,0,"",""
ball,1,14.2,India,G Gambhir,SR Tendulkar,GP Swann,1,0,"",""
ball,1,14.3,India,SR Tendulkar,G Gambhir,GP Swann,1,0,"",""
ball,1,14.4,India,G Gambhir,SR Tendulkar,GP Swann,0,1,"",""
ball,1,14.5,India,G Gambhir,SR Tendulkar,GP Swann,0,0,"",""
ball,1,14.6,India,G Gambhir,SR Tendulkar,GP Swann,0,0,"",""
ball,1,14.7,India,G Gambhir,SR Tendulkar,GP Swann,0,0,"",""
ball,1,15.1,India,SR Tendulkar,G Gambhir,TT Bresnan,1,0,"",""
ball,1,15.2,India,G Gambhir,SR Tendulkar,TT Bresnan,1,0,"",""
ball,1,15.3,India,SR Tendulkar,G Gambhir,TT Bresnan,1,0,"",""
ball,1,15.4,India,G Gambhir,SR Tendulkar,TT Bresnan,1,0,"",""
ball,1,15.5,India,SR Tendulkar,G Gambhir,TT Bresnan,0,0,"",""
ball,1,15.6,India,SR Tendulkar,G Gambhir,TT Bresnan,2,0,"",""
ball,1,16.1,India,G Gambhir,SR Tendulkar,GP Swann,0,0,"",""
ball,1,16.2,India,G Gambhir,SR Tendulkar,GP Swann,0,1,"",""
ball,1,16.3,India,G Gambhir,SR Tendulkar,GP Swann,0,0,"",""
ball,1,16.4,India,G Gambhir,SR Tendulkar,GP Swann,1,0,"",""
ball,1,16.5,India,SR Tendulkar,G Gambhir,GP Swann,4,0,"",""
ball,1,16.6,India,SR Tendulkar,G Gambhir,GP Swann,0,0,"",""
ball,1,16.7,India,SR Tendulkar,G Gambhir,GP Swann,0,0,"",""
ball,1,17.1,India,G Gambhir,SR Tendulkar,PD Collingwood,0,0,"",""
ball,1,17.2,India,G Gambhir,SR Tendulkar,PD Collingwood,1,0,"",""
ball,1,17.3,India,SR Tendulkar,G Gambhir,PD Collingwood,0,0,"",""
ball,1,17.4,India,SR Tendulkar,G Gambhir,PD Collingwood,6,0,"",""
ball,1,17.5,India,SR Tendulkar,G Gambhir,PD Collingwood,0,0,"",""
ball,1,17.6,India,SR Tendulkar,G Gambhir,PD Collingwood,1,0,"",""
ball,1,18.1,India,SR Tendulkar,G Gambhir,MH Yardy,1,0,"",""
ball,1,18.2,India,G Gambhir,SR Tendulkar,MH Yardy,1,0,"",""
ball,1,18.3,India,SR Tendulkar,G Gambhir,MH Yardy,0,0,"",""
ball,1,18.4,India,SR Tendulkar,G Gambhir,MH Yardy,1,0,"",""
ball,1,18.5,India,G Gambhir,SR Tendulkar,MH Yardy,1,0,"",""
ball,1,18.6,India,SR Tendulkar,G Gambhir,MH Yardy,1,0,"",""
ball,1,19.1,India,SR Tendulkar,G Gambhir,PD Collingwood,0,0,"",""
ball,1,19.2,India,SR Tendulkar,G Gambhir,PD Collingwood,0,0,"",""
ball,1,19.3,India,SR Tendulkar,G Gambhir,PD Collingwood,0,0,"",""
ball,1,19.4,India,SR Tendulkar,G Gambhir,PD Collingwood,1,0,"",""
ball,1,19.5,India,G Gambhir,SR Tendulkar,PD Collingwood,0,0,"",""
ball,1,19.6,India,G Gambhir,SR Tendulkar,PD Collingwood,1,0,"",""
ball,1,20.1,India,G Gambhir,SR Tendulkar,MH Yardy,0,0,"",""
ball,1,20.2,India,G Gambhir,SR Tendulkar,MH Yardy,1,0,"",""
ball,1,20.3,India,SR Tendulkar,G Gambhir,MH Yardy,0,0,"",""
ball,1,20.4,India,SR Tendulkar,G Gambhir,MH Yardy,1,0,"",""
ball,1,20.5,India,G Gambhir,SR Tendulkar,MH Yardy,2,0,"",""
ball,1,20.6,India,G Gambhir,SR Tendulkar,MH Yardy,0,1,"",""
ball,1,20.7,India,G Gambhir,SR Tendulkar,MH Yardy,0,0,"",""
ball,1,21.1,India,SR Tendulkar,G Gambhir,PD Collingwood,1,0,"",""
ball,1,21.2,India,G Gambhir,SR Tendulkar,PD Collingwood,1,0,"",""
ball,1,21.3,India,SR Tendulkar,G Gambhir,PD Collingwood,6,0,"",""
ball,1,21.4,India,SR Tendulkar,G Gambhir,PD Collingwood,1,0,"",""
ball,1,21.5,India,G Gambhir,SR Tendulkar,PD Collingwood,1,0,"",""
ball,1,21.6,India,SR Tendulkar,G Gambhir,PD Collingwood,0,0,"",""
ball,1,22.1,India,G Gambhir,SR Tendulkar,MH Yardy,0,0,"",""
ball,1,22.2,India,G Gambhir,SR Tendulkar,MH Yardy,2,0,"",""
ball,1,22.3,India,G Gambhir,SR Tendulkar,MH Yardy,0,0,"",""
ball,1,22.4,India,G Gambhir,SR Tendulkar,MH Yardy,1,0,"",""
ball,1,22.5,India,SR Tendulkar,G Gambhir,MH Yardy,1,0,"",""
ball,1,22.6,India,G Gambhir,SR Tendulkar,MH Yardy,1,0,"",""
ball,1,23.1,India,G Gambhir,SR Tendulkar,A Shahzad,0,1,"",""
ball,1,23.2,India,G Gambhir,SR Tendulkar,A Shahzad,0,0,"",""
ball,1,23.3,India,G Gambhir,SR Tendulkar,A Shahzad,0,0,"",""
ball,1,23.4,India,G Gambhir,SR Tendulkar,A Shahzad,0,0,"",""
ball,1,23.5,India,G Gambhir,SR Tendulkar,A Shahzad,0,0,"",""
ball,1,23.6,India,G Gambhir,SR Tendulkar,A Shahzad,1,0,"",""
ball,1,23.7,India,SR Tendulkar,G Gambhir,A Shahzad,0,0,"",""
ball,1,24.1,India,G Gambhir,SR Tendulkar,MH Yardy,1,0,"",""
ball,1,24.2,India,SR Tendulkar,G Gambhir,MH Yardy,2,0,"",""
ball,1,24.3,India,SR Tendulkar,G Gambhir,MH Yardy,1,0,"",""
ball,1,24.4,India,G Gambhir,SR Tendulkar,MH Yardy,1,0,"",""
ball,1,24.5,India,SR Tendulkar,G Gambhir,MH Yardy,1,0,"",""
ball,1,24.6,India,G Gambhir,SR Tendulkar,MH Yardy,1,0,"",""
ball,1,25.1,India,G Gambhir,SR Tendulkar,A Shahzad,0,0,"",""
ball,1,25.2,India,G Gambhir,SR Tendulkar,A Shahzad,1,0,"",""
ball,1,25.3,India,SR Tendulkar,G Gambhir,A Shahzad,1,0,"",""
ball,1,25.4,India,G Gambhir,SR Tendulkar,A Shahzad,0,1,"",""
ball,1,25.5,India,SR Tendulkar,G Gambhir,A Shahzad,0,0,"",""
ball,1,25.6,India,SR Tendulkar,G Gambhir,A Shahzad,1,0,"",""
ball,1,26.1,India,SR Tendulkar,G Gambhir,GP Swann,6,0,"",""
ball,1,26.2,India,SR Tendulkar,G Gambhir,GP Swann,6,0,"",""
ball,1,26.3,India,SR Tendulkar,G Gambhir,GP Swann,1,0,"",""
ball,1,26.4,India,G Gambhir,SR Tendulkar,GP Swann,0,0,"",""
ball,1,26.5,India,G Gambhir,SR Tendulkar,GP Swann,0,0,"",""
ball,1,26.6,India,G Gambhir,SR Tendulkar,GP Swann,2,0,"",""
ball,1,27.1,India,SR Tendulkar,G Gambhir,A Shahzad,0,0,"",""
ball,1,27.2,India,SR Tendulkar,G Gambhir,A Shahzad,0,0,"",""
ball,1,27.3,India,SR Tendulkar,G Gambhir,A Shahzad,4,0,"",""
ball,1,27.4,India,SR Tendulkar,G Gambhir,A Shahzad,2,0,"",""
ball,1,27.5,India,SR Tendulkar,G Gambhir,A Shahzad,0,0,"",""
ball,1,27.6,India,SR Tendulkar,G Gambhir,A Shahzad,0,0,"",""
ball,1,28.1,India,G Gambhir,SR Tendulkar,JM Anderson,1,0,"",""
ball,1,28.2,India,SR Tendulkar,G Gambhir,JM Anderson,4,0,"",""
ball,1,28.3,India,SR Tendulkar,G Gambhir,JM Anderson,4,0,"",""
ball,1,28.4,India,SR Tendulkar,G Gambhir,JM Anderson,1,0,"",""
ball,1,28.5,India,G Gambhir,SR Tendulkar,JM Anderson,4,0,"",""
ball,1,28.6,India,G Gambhir,SR Tendulkar,JM Anderson,0,0,"",""
ball,1,29.1,India,SR Tendulkar,G Gambhir,GP Swann,0,0,"",""
ball,1,29.2,India,SR Tendulkar,G Gambhir,GP Swann,0,0,"",""
ball,1,29.3,India,SR Tendulkar,G Gambhir,GP Swann,1,0,"",""
ball,1,29.4,India,G Gambhir,SR Tendulkar,GP Swann,0,0,bowled,G Gambhir
ball,1,29.5,India,Yuvraj Singh,SR Tendulkar,GP Swann,0,0,"",""
ball,1,29.6,India,Yuvraj Singh,SR Tendulkar,GP Swann,1,0,"",""
ball,1,30.1,India,Yuvraj Singh,SR Tendulkar,JM Anderson,1,0,"",""
ball,1,30.2,India,SR Tendulkar,Yuvraj Singh,JM Anderson,1,0,"",""
ball,1,30.3,India,Yuvraj Singh,SR Tendulkar,JM Anderson,1,0,"",""
ball,1,30.4,India,SR Tendulkar,Yuvraj Singh,JM Anderson,1,0,"",""
ball,1,30.5,India,Yuvraj Singh,SR Tendulkar,JM Anderson,4,0,"",""
ball,1,30.6,India,Yuvraj Singh,SR Tendulkar,JM Anderson,1,0,"",""
ball,1,31.1,India,Yuvraj Singh,SR Tendulkar,GP Swann,0,0,"",""
ball,1,31.2,India,Yuvraj Singh,SR Tendulkar,GP Swann,0,0,"",""
ball,1,31.3,India,Yuvraj Singh,SR Tendulkar,GP Swann,0,0,"",""
ball,1,31.4,India,Yuvraj Singh,SR Tendulkar,GP Swann,0,0,"",""
ball,1,31.5,India,Yuvraj Singh,SR Tendulkar,GP Swann,0,0,"",""
ball,1,31.6,India,Yuvraj Singh,SR Tendulkar,GP Swann,0,0,"",""
ball,1,32.1,India,SR Tendulkar,Yuvraj Singh,MH Yardy,4,0,"",""
ball,1,32.2,India,SR Tendulkar,Yuvraj Singh,MH Yardy,1,0,"",""
ball,1,32.3,India,Yuvraj Singh,SR Tendulkar,MH Yardy,0,0,"",""
ball,1,32.4,India,Yuvraj Singh,SR Tendulkar,MH Yardy,1,0,"",""
ball,1,32.5,India,SR Tendulkar,Yuvraj Singh,MH Yardy,0,0,"",""
ball,1,32.6,India,SR Tendulkar,Yuvraj Singh,MH Yardy,1,0,"",""
ball,1,33.1,India,SR Tendulkar,Yuvraj Singh,GP Swann,0,0,"",""
ball,1,33.2,India,SR Tendulkar,Yuvraj Singh,GP Swann,1,0,"",""
ball,1,33.3,India,Yuvraj Singh,SR Tendulkar,GP Swann,1,0,"",""
ball,1,33.4,India,SR Tendulkar,Yuvraj Singh,GP Swann,0,0,"",""
ball,1,33.5,India,SR Tendulkar,Yuvraj Singh,GP Swann,0,0,"",""
ball,1,33.6,India,SR Tendulkar,Yuvraj Singh,GP Swann,1,0,"",""
ball,1,34.1,India,SR Tendulkar,Yuvraj Singh,TT Bresnan,4,0,"",""
ball,1,34.2,India,SR Tendulkar,Yuvraj Singh,TT Bresnan,0,0,"",""
ball,1,34.3,India,SR Tendulkar,Yuvraj Singh,TT Bresnan,1,0,"",""
ball,1,34.4,India,Yuvraj Singh,SR Tendulkar,TT Bresnan,0,0,"",""
ball,1,34.5,India,Yuvraj Singh,SR Tendulkar,TT Bresnan,1,0,"",""
ball,1,34.6,India,SR Tendulkar,Yuvraj Singh,TT Bresnan,0,0,"",""
ball,1,35.1,India,Yuvraj Singh,SR Tendulkar,GP Swann,4,0,"",""
ball,1,35.2,India,Yuvraj Singh,SR Tendulkar,GP Swann,0,0,"",""
ball,1,35.3,India,Yuvraj Singh,SR Tendulkar,GP Swann,1,0,"",""
ball,1,35.4,India,SR Tendulkar,Yuvraj Singh,GP Swann,6,0,"",""
ball,1,35.5,India,SR Tendulkar,Yuvraj Singh,GP Swann,1,0,"",""
ball,1,35.6,India,Yuvraj Singh,SR Tendulkar,GP Swann,1,0,"",""
ball,1,36.1,India,Yuvraj Singh,SR Tendulkar,TT Bresnan,4,0,"",""
ball,1,36.2,India,Yuvraj Singh,SR Tendulkar,TT Bresnan,0,0,"",""
ball,1,36.3,India,Yuvraj Singh,SR Tendulkar,TT Bresnan,0,1,"",""
ball,1,36.4,India,SR Tendulkar,Yuvraj Singh,TT Bresnan,0,0,"",""
ball,1,36.5,India,SR Tendulkar,Yuvraj Singh,TT Bresnan,4,0,"",""
ball,1,36.6,India,SR Tendulkar,Yuvraj Singh,TT Bresnan,1,0,"",""
ball,1,37.1,India,SR Tendulkar,Yuvraj Singh,MH Yardy,1,0,"",""
ball,1,37.2,India,Yuvraj Singh,SR Tendulkar,MH Yardy,0,0,"",""
ball,1,37.3,India,Yuvraj Singh,SR Tendulkar,MH Yardy,0,0,"",""
ball,1,37.4,India,Yuvraj Singh,SR Tendulkar,MH Yardy,1,0,"",""
ball,1,37.5,India,SR Tendulkar,Yuvraj Singh,MH Yardy,0,1,"",""
ball,1,37.6,India,Yuvraj Singh,SR Tendulkar,MH Yardy,0,0,"",""
ball,1,38.1,India,SR Tendulkar,Yuvraj Singh,JM Anderson,4,0,"",""
ball,1,38.2,India,SR Tendulkar,Yuvraj Singh,JM Anderson,0,0,caught,SR Tendulkar
ball,1,38.3,India,Yuvraj Singh,MS Dhoni,JM Anderson,0,0,"",""
ball,1,38.4,India,Yuvraj Singh,MS Dhoni,JM Anderson,1,0,"",""
ball,1,38.5,India,MS Dhoni,Yuvraj Singh,JM Anderson,1,0,"",""
ball,1,38.6,India,Yuvraj Singh,MS Dhoni,JM Anderson,4,0,"",""
ball,1,39.1,India,MS Dhoni,Yuvraj Singh,MH Yardy,4,0,"",""
ball,1,39.2,India,MS Dhoni,Yuvraj Singh,MH Yardy,0,0,"",""
ball,1,39.3,India,MS Dhoni,Yuvraj Singh,MH Yardy,0,0,"",""
ball,1,39.4,India,MS Dhoni,Yuvraj Singh,MH Yardy,0,0,"",""
ball,1,39.5,India,MS Dhoni,Yuvraj Singh,MH Yardy,1,0,"",""
ball,1,39.6,India,Yuvraj Singh,MS Dhoni,MH Yardy,0,0,"",""
ball,1,40.1,India,MS Dhoni,Yuvraj Singh,TT Bresnan,1,0,"",""
ball,1,40.2,India,Yuvraj Singh,MS Dhoni,TT Bresnan,0,0,"",""
ball,1,40.3,India,Yuvraj Singh,MS Dhoni,TT Bresnan,1,0,"",""
ball,1,40.4,India,MS Dhoni,Yuvraj Singh,TT Bresnan,1,0,"",""
ball,1,40.5,India,Yuvraj Singh,MS Dhoni,TT Bresnan,1,0,"",""
ball,1,40.6,India,MS Dhoni,Yuvraj Singh,TT Bresnan,0,0,"",""
ball,1,41.1,India,Yuvraj Singh,MS Dhoni,MH Yardy,0,1,"",""
ball,1,41.2,India,Yuvraj Singh,MS Dhoni,MH Yardy,1,0,"",""
ball,1,41.3,India,MS Dhoni,Yuvraj Singh,MH Yardy,1,0,"",""
ball,1,41.4,India,Yuvraj Singh,MS Dhoni,MH Yardy,1,0,"",""
ball,1,41.5,India,MS Dhoni,Yuvraj Singh,MH Yardy,1,0,"",""
ball,1,41.6,India,Yuvraj Singh,MS Dhoni,MH Yardy,2,0,"",""
ball,1,41.7,India,Yuvraj Singh,MS Dhoni,MH Yardy,4,0,"",""
ball,1,42.1,India,MS Dhoni,Yuvraj Singh,A Shahzad,1,0,"",""
ball,1,42.2,India,Yuvraj Singh,MS Dhoni,A Shahzad,0,1,"",""
ball,1,42.3,India,Yuvraj Singh,MS Dhoni,A Shahzad,4,0,"",""
ball,1,42.4,India,Yuvraj Singh,MS Dhoni,A Shahzad,1,0,"",""
ball,1,42.5,India,MS Dhoni,Yuvraj Singh,A Shahzad,4,0,"",""
ball,1,42.6,India,MS Dhoni,Yuvraj Singh,A Shahzad,4,0,"",""
ball,1,42.7,India,MS Dhoni,Yuvraj Singh,A Shahzad,0,0,"",""
ball,1,43.1,India,Yuvraj Singh,MS Dhoni,MH Yardy,1,0,"",""
ball,1,43.2,India,MS Dhoni,Yuvraj Singh,MH Yardy,0,0,"",""
ball,1,43.3,India,MS Dhoni,Yuvraj Singh,MH Yardy,0,0,"",""
ball,1,43.4,India,MS Dhoni,Yuvraj Singh,MH Yardy,1,0,"",""
ball,1,43.5,India,Yuvraj Singh,MS Dhoni,MH Yardy,1,0,"",""
ball,1,43.6,India,MS Dhoni,Yuvraj Singh,MH Yardy,1,0,"",""
ball,1,44.1,India,MS Dhoni,Yuvraj Singh,A Shahzad,1,0,"",""
ball,1,44.2,India,Yuvraj Singh,MS Dhoni,A Shahzad,4,0,"",""
ball,1,44.3,India,Yuvraj Singh,MS Dhoni,A Shahzad,1,0,"",""
ball,1,44.4,India,MS Dhoni,Yuvraj Singh,A Shahzad,1,0,"",""
ball,1,44.5,India,Yuvraj Singh,MS Dhoni,A Shahzad,4,0,"",""
ball,1,44.6,India,Yuvraj Singh,MS Dhoni,A Shahzad,0,0,"",""
ball,1,45.1,India,MS Dhoni,Yuvraj Singh,MH Yardy,1,0,"",""
ball,1,45.2,India,Yuvraj Singh,MS Dhoni,MH Yardy,1,0,"",""
ball,1,45.3,India,MS Dhoni,Yuvraj Singh,MH Yardy,6,0,"",""
ball,1,45.4,India,MS Dhoni,Yuvraj Singh,MH Yardy,1,0,"",""
ball,1,45.5,India,Yuvraj Singh,MS Dhoni,MH Yardy,4,0,"",""
ball,1,45.6,India,Yuvraj Singh,MS Dhoni,MH Yardy,0,0,caught,Yuvraj Singh
ball,1,46.1,India,MS Dhoni,YK Pathan,TT Bresnan,0,0,caught,MS Dhoni
ball,1,46.2,India,YK Pathan,V Kohli,TT Bresnan,1,0,"",""
ball,1,46.3,India,V Kohli,YK Pathan,TT Bresnan,1,0,"",""
ball,1,46.4,India,YK Pathan,V Kohli,TT Bresnan,4,0,"",""
ball,1,46.5,India,YK Pathan,V Kohli,TT Bresnan,1,0,"",""
ball,1,46.6,India,V Kohli,YK Pathan,TT Bresnan,2,0,"",""
ball,1,47.1,India,YK Pathan,V Kohli,JM Anderson,1,0,"",""
ball,1,47.2,India,V Kohli,YK Pathan,JM Anderson,1,0,"",""
ball,1,47.3,India,YK Pathan,V Kohli,JM Anderson,0,0,"",""
ball,1,47.4,India,YK Pathan,V Kohli,JM Anderson,6,0,"",""
ball,1,47.5,India,YK Pathan,V Kohli,JM Anderson,1,0,"",""
ball,1,47.6,India,V Kohli,YK Pathan,JM Anderson,4,0,"",""
ball,1,48.1,India,YK Pathan,V Kohli,TT Bresnan,0,0,caught,YK Pathan
ball,1,48.2,India,V Kohli,Harbhajan Singh,TT Bresnan,0,0,bowled,V Kohli
ball,1,48.3,India,Z Khan,Harbhajan Singh,TT Bresnan,1,0,"",""
ball,1,48.4,India,Harbhajan Singh,Z Khan,TT Bresnan,0,0,lbw,Harbhajan Singh
ball,1,48.5,India,PP Chawla,Z Khan,TT Bresnan,1,0,"",""
ball,1,48.6,India,Z Khan,PP Chawla,TT Bresnan,0,0,"",""
ball,1,49.1,India,PP Chawla,Z Khan,JM Anderson,1,0,"",""
ball,1,49.2,India,Z Khan,PP Chawla,JM Anderson,2,0,"",""
ball,1,49.3,India,Z Khan,PP Chawla,JM Anderson,1,0,"",""
ball,1,49.4,India,PP Chawla,Z Khan,JM Anderson,0,5,"",""
ball,1,49.5,India,PP Chawla,Z Khan,JM Anderson,0,0,run out,PP Chawla
ball,1,49.6,India,Z Khan,MM Patel,JM Anderson,0,0,run out,Z Khan
ball,2,0.1,England,AJ Strauss,KP Pietersen,Z Khan,4,0,"",""
ball,2,0.2,England,AJ Strauss,KP Pietersen,Z Khan,0,0,"",""
ball,2,0.3,England,AJ Strauss,KP Pietersen,Z Khan,0,0,"",""
ball,2,0.4,England,AJ Strauss,KP Pietersen,Z Khan,0,0,"",""
ball,2,0.5,England,AJ Strauss,KP Pietersen,Z Khan,0,0,"",""
ball,2,0.6,England,AJ Strauss,KP Pietersen,Z Khan,4,0,"",""
ball,2,1.1,England,KP Pietersen,AJ Strauss,MM Patel,0,0,"",""
ball,2,1.2,England,KP Pietersen,AJ Strauss,MM Patel,4,0,"",""
ball,2,1.3,England,KP Pietersen,AJ Strauss,MM Patel,0,1,"",""
ball,2,1.4,England,KP Pietersen,AJ Strauss,MM Patel,0,0,"",""
ball,2,1.5,England,KP Pietersen,AJ Strauss,MM Patel,1,0,"",""
ball,2,1.6,England,AJ Strauss,KP Pietersen,MM Patel,4,0,"",""
ball,2,1.7,England,AJ Strauss,KP Pietersen,MM Patel,1,0,"",""
ball,2,2.1,England,AJ Strauss,KP Pietersen,Z Khan,0,0,"",""
ball,2,2.2,England,AJ Strauss,KP Pietersen,Z Khan,0,0,"",""
ball,2,2.3,England,AJ Strauss,KP Pietersen,Z Khan,0,0,"",""
ball,2,2.4,England,AJ Strauss,KP Pietersen,Z Khan,2,0,"",""
ball,2,2.5,England,AJ Strauss,KP Pietersen,Z Khan,2,0,"",""
ball,2,2.6,England,AJ Strauss,KP Pietersen,Z Khan,0,0,"",""
ball,2,3.1,England,KP Pietersen,AJ Strauss,MM Patel,1,0,"",""
ball,2,3.2,England,AJ Strauss,KP Pietersen,MM Patel,0,0,"",""
ball,2,3.3,England,AJ Strauss,KP Pietersen,MM Patel,0,0,"",""
ball,2,3.4,England,AJ Strauss,KP Pietersen,MM Patel,0,0,"",""
ball,2,3.5,England,AJ Strauss,KP Pietersen,MM Patel,0,0,"",""
ball,2,3.6,England,AJ Strauss,KP Pietersen,MM Patel,1,0,"",""
ball,2,4.1,England,AJ Strauss,KP Pietersen,Z Khan,1,0,"",""
ball,2,4.2,England,KP Pietersen,AJ Strauss,Z Khan,0,0,"",""
ball,2,4.3,England,KP Pietersen,AJ Strauss,Z Khan,1,0,"",""
ball,2,4.4,England,AJ Strauss,KP Pietersen,Z Khan,1,0,"",""
ball,2,4.5,England,KP Pietersen,AJ Strauss,Z Khan,0,0,"",""
ball,2,4.6,England,KP Pietersen,AJ Strauss,Z Khan,0,0,"",""
ball,2,5.1,England,AJ Strauss,KP Pietersen,MM Patel,0,0,"",""
ball,2,5.2,England,AJ Strauss,KP Pietersen,MM Patel,2,0,"",""
ball,2,5.3,England,AJ Strauss,KP Pietersen,MM Patel,0,0,"",""
ball,2,5.4,England,AJ Strauss,KP Pietersen,MM Patel,4,0,"",""
ball,2,5.5,England,AJ Strauss,KP Pietersen,MM Patel,1,0,"",""
ball,2,5.6,England,KP Pietersen,AJ Strauss,MM Patel,1,0,"",""
ball,2,6.1,England,KP Pietersen,AJ Strauss,Z Khan,1,0,"",""
ball,2,6.2,England,AJ Strauss,KP Pietersen,Z Khan,1,0,"",""
ball,2,6.3,England,KP Pietersen,AJ Strauss,Z Khan,4,0,"",""
ball,2,6.4,England,KP Pietersen,AJ Strauss,Z Khan,0,0,"",""
ball,2,6.5,England,KP Pietersen,AJ Strauss,Z Khan,4,0,"",""
ball,2,6.6,England,KP Pietersen,AJ Strauss,Z Khan,0,1,"",""
ball,2,6.7,England,KP Pietersen,AJ Strauss,Z Khan,2,0,"",""
ball,2,7.1,England,AJ Strauss,KP Pietersen,MM Patel,0,0,"",""
ball,2,7.2,England,AJ Strauss,KP Pietersen,MM Patel,0,0,"",""
ball,2,7.3,England,AJ Strauss,KP Pietersen,MM Patel,1,0,"",""
ball,2,7.4,England,KP Pietersen,AJ Strauss,MM Patel,1,0,"",""
ball,2,7.5,England,AJ Strauss,KP Pietersen,MM Patel,0,0,"",""
ball,2,7.6,England,AJ Strauss,KP Pietersen,MM Patel,0,0,"",""
ball,2,8.1,England,KP Pietersen,AJ Strauss,Z Khan,4,0,"",""
ball,2,8.2,England,KP Pietersen,AJ Strauss,Z Khan,0,0,"",""
ball,2,8.3,England,KP Pietersen,AJ Strauss,Z Khan,4,0,"",""
ball,2,8.4,England,KP Pietersen,AJ Strauss,Z Khan,1,0,"",""
ball,2,8.5,England,AJ Strauss,KP Pietersen,Z Khan,1,0,"",""
ball,2,8.6,England,KP Pietersen,AJ Strauss,Z Khan,2,0,"",""
ball,2,9.1,England,AJ Strauss,KP Pietersen,MM Patel,0,4,"",""
ball,2,9.2,England,AJ Strauss,KP Pietersen,MM Patel,1,0,"",""
ball,2,9.3,England,KP Pietersen,AJ Strauss,MM Patel,0,0,caught and bowled,KP Pietersen
ball,2,9.4,England,IJL Trott,AJ Strauss,MM Patel,3,0,"",""
ball,2,9.5,England,AJ Strauss,IJL Trott,MM Patel,2,0,"",""
ball,2,9.6,England,AJ Strauss,IJL Trott,MM Patel,4,0,"",""
ball,2,10.1,England,IJL Trott,AJ Strauss,PP Chawla,1,0,"",""
ball,2,10.2,England,AJ Strauss,IJL Trott,PP Chawla,1,0,"",""
ball,2,10.3,England,IJL Trott,AJ Strauss,PP Chawla,1,0,"",""
ball,2,10.4,England,AJ Strauss,IJL Trott,PP Chawla,1,0,"",""
ball,2,10.5,England,IJL Trott,AJ Strauss,PP Chawla,1,0,"",""
ball,2,10.6,England,AJ Strauss,IJL Trott,PP Chawla,1,0,"",""
ball,2,11.1,England,AJ Strauss,IJL Trott,Harbhajan Singh,0,0,"",""
ball,2,11.2,England,AJ Strauss,IJL Trott,Harbhajan Singh,0,0,"",""
ball,2,11.3,England,AJ Strauss,IJL Trott,Harbhajan Singh,1,0,"",""
ball,2,11.4,England,IJL Trott,AJ Strauss,Harbhajan Singh,1,0,"",""
ball,2,11.5,England,AJ Strauss,IJL Trott,Harbhajan Singh,0,0,"",""
ball,2,11.6,England,AJ Strauss,IJL Trott,Harbhajan Singh,1,0,"",""
ball,2,12.1,England,AJ Strauss,IJL Trott,PP Chawla,1,0,"",""
ball,2,12.2,England,IJL Trott,AJ Strauss,PP Chawla,0,0,"",""
ball,2,12.3,England,IJL Trott,AJ Strauss,PP Chawla,0,0,"",""
ball,2,12.4,England,IJL Trott,AJ Strauss,PP Chawla,1,0,"",""
ball,2,12.5,England,AJ Strauss,IJL Trott,PP Chawla,4,0,"",""
ball,2,12.6,England,AJ Strauss,IJL Trott,PP Chawla,1,0,"",""
ball,2,13.1,England,AJ Strauss,IJL Trott,Harbhajan Singh,1,0,"",""
ball,2,13.2,England,IJL Trott,AJ Strauss,Harbhajan Singh,0,0,"",""
ball,2,13.3,England,IJL Trott,AJ Strauss,Harbhajan Singh,4,0,"",""
ball,2,13.4,England,IJL Trott,AJ Strauss,Harbhajan Singh,1,0,"",""
ball,2,13.5,England,AJ Strauss,IJL Trott,Harbhajan Singh,1,0,"",""
ball,2,13.6,England,IJL Trott,AJ Strauss,Harbhajan Singh,1,0,"",""
ball,2,14.1,England,IJL Trott,AJ Strauss,PP Chawla,1,0,"",""
ball,2,14.2,England,AJ Strauss,IJL Trott,PP Chawla,0,0,"",""
ball,2,14.3,England,AJ Strauss,IJL Trott,PP Chawla,4,0,"",""
ball,2,14.4,England,AJ Strauss,IJL Trott,PP Chawla,0,0,"",""
ball,2,14.5,England,AJ Strauss,IJL Trott,PP Chawla,1,0,"",""
ball,2,14.6,England,IJL Trott,AJ Strauss,PP Chawla,0,0,"",""
ball,2,15.1,England,AJ Strauss,IJL Trott,Harbhajan Singh,1,0,"",""
ball,2,15.2,England,IJL Trott,AJ Strauss,Harbhajan Singh,1,0,"",""
ball,2,15.3,England,AJ Strauss,IJL Trott,Harbhajan Singh,0,0,"",""
ball,2,15.4,England,AJ Strauss,IJL Trott,Harbhajan Singh,1,0,"",""
ball,2,15.5,England,IJL Trott,AJ Strauss,Harbhajan Singh,0,0,"",""
ball,2,15.6,England,IJL Trott,AJ Strauss,Harbhajan Singh,0,0,"",""
ball,2,16.1,England,AJ Strauss,IJL Trott,PP Chawla,0,0,"",""
ball,2,16.2,England,AJ Strauss,IJL Trott,PP Chawla,1,0,"",""
ball,2,16.3,England,IJL Trott,AJ Strauss,PP Chawla,0,0,"",""
ball,2,16.4,England,IJL Trott,AJ Strauss,PP Chawla,0,0,lbw,IJL Trott
ball,2,16.5,England,IR Bell,AJ Strauss,PP Chawla,0,0,"",""
ball,2,16.6,England,IR Bell,AJ Strauss,PP Chawla,0,0,"",""
ball,2,17.1,England,AJ Strauss,IR Bell,Harbhajan Singh,0,0,"",""
ball,2,17.2,England,AJ Strauss,IR Bell,Harbhajan Singh,1,0,"",""
ball,2,17.3,England,IR Bell,AJ Strauss,Harbhajan Singh,1,0,"",""
ball,2,17.4,England,AJ Strauss,IR Bell,Harbhajan Singh,4,0,"",""
ball,2,17.5,England,AJ Strauss,IR Bell,Harbhajan Singh,0,0,"",""
ball,2,17.6,England,AJ Strauss,IR Bell,Harbhajan Singh,1,0,"",""
ball,2,18.1,England,AJ Strauss,IR Bell,PP Chawla,1,0,"",""
ball,2,18.2,England,IR Bell,AJ Strauss,PP Chawla,1,0,"",""
ball,2,18.3,England,AJ Strauss,IR Bell,PP Chawla,1,0,"",""
ball,2,18.4,England,IR Bell,AJ Strauss,PP Chawla,2,0,"",""
ball,2,18.5,England,IR Bell,AJ Strauss,PP Chawla,1,0,"",""
ball,2,18.6,England,AJ Strauss,IR Bell,PP Chawla,4,0,"",""
ball,2,19.1,England,IR Bell,AJ Strauss,Harbhajan Singh,1,0,"",""
ball,2,19.2,England,AJ Strauss,IR Bell,Harbhajan Singh,0,0,"",""
ball,2,19.3,England,AJ Strauss,IR Bell,Harbhajan Singh,1,0,"",""
ball,2,19.4,England,IR Bell,AJ Strauss,Harbhajan Singh,1,0,"",""
ball,2,19.5,England,AJ Strauss,IR Bell,Harbhajan Singh,0,0,"",""
ball,2,19.6,England,AJ Strauss,IR Bell,Harbhajan Singh,0,1,"",""
ball,2,20.1,England,AJ Strauss,IR Bell,Yuvraj Singh,0,0,"",""
ball,2,20.2,England,AJ Strauss,IR Bell,Yuvraj Singh,4,0,"",""
ball,2,20.3,England,AJ Strauss,IR Bell,Yuvraj Singh,0,0,"",""
ball,2,20.4,England,AJ Strauss,IR Bell,Yuvraj Singh,0,0,"",""
ball,2,20.5,England,AJ Strauss,IR Bell,Yuvraj Singh,1,0,"",""
ball,2,20.6,England,IR Bell,AJ Strauss,Yuvraj Singh,1,0,"",""
ball,2,21.1,England,IR Bell,AJ Strauss,Harbhajan Singh,0,0,"",""
ball,2,21.2,England,IR Bell,AJ Strauss,Harbhajan Singh,1,0,"",""
ball,2,21.3,England,AJ Strauss,IR Bell,Harbhajan Singh,0,0,"",""
ball,2,21.4,England,AJ Strauss,IR Bell,Harbhajan Singh,1,0,"",""
ball,2,21.5,England,IR Bell,AJ Strauss,Harbhajan Singh,1,0,"",""
ball,2,21.6,England,AJ Strauss,IR Bell,Harbhajan Singh,1,0,"",""
ball,2,22.1,England,AJ Strauss,IR Bell,Yuvraj Singh,0,0,"",""
ball,2,22.2,England,AJ Strauss,IR Bell,Yuvraj Singh,1,0,"",""
ball,2,22.3,England,IR Bell,AJ Strauss,Yuvraj Singh,0,0,"",""
ball,2,22.4,England,IR Bell,AJ Strauss,Yuvraj Singh,1,0,"",""
ball,2,22.5,England,AJ Strauss,IR Bell,Yuvraj Singh,4,0,"",""
ball,2,22.6,England,AJ Strauss,IR Bell,Yuvraj Singh,1,0,"",""
ball,2,23.1,England,AJ Strauss,IR Bell,YK Pathan,0,0,"",""
ball,2,23.2,England,AJ Strauss,IR Bell,YK Pathan,4,0,"",""
ball,2,23.3,England,AJ Strauss,IR Bell,YK Pathan,1,0,"",""
ball,2,23.4,England,IR Bell,AJ Strauss,YK Pathan,1,0,"",""
ball,2,23.5,England,AJ Strauss,IR Bell,YK Pathan,0,0,"",""
ball,2,23.6,England,AJ Strauss,IR Bell,YK Pathan,1,0,"",""
ball,2,24.1,England,AJ Strauss,IR Bell,Yuvraj Singh,1,0,"",""
ball,2,24.2,England,IR Bell,AJ Strauss,Yuvraj Singh,0,0,"",""
ball,2,24.3,England,IR Bell,AJ Strauss,Yuvraj Singh,1,0,"",""
ball,2,24.4,England,AJ Strauss,IR Bell,Yuvraj Singh,1,0,"",""
ball,2,24.5,England,IR Bell,AJ Strauss,Yuvraj Singh,4,0,"",""
ball,2,24.6,England,IR Bell,AJ Strauss,Yuvraj Singh,0,0,"",""
ball,2,25.1,England,AJ Strauss,IR Bell,YK Pathan,0,0,"",""
ball,2,25.2,England,AJ Strauss,IR Bell,YK Pathan,1,0,"",""
ball,2,25.3,England,IR Bell,AJ Strauss,YK Pathan,0,0,"",""
ball,2,25.4,England,IR Bell,AJ Strauss,YK Pathan,2,0,"",""
ball,2,25.5,England,IR Bell,AJ Strauss,YK Pathan,0,0,"",""
ball,2,25.6,England,IR Bell,AJ Strauss,YK Pathan,1,0,"",""
ball,2,26.1,England,IR Bell,AJ Strauss,Yuvraj Singh,1,0,"",""
ball,2,26.2,England,AJ Strauss,IR Bell,Yuvraj Singh,1,0,"",""
ball,2,26.3,England,IR Bell,AJ Strauss,Yuvraj Singh,1,0,"",""
ball,2,26.4,England,AJ Strauss,IR Bell,Yuvraj Singh,1,0,"",""
ball,2,26.5,England,IR Bell,AJ Strauss,Yuvraj Singh,1,0,"",""
ball,2,26.6,England,AJ Strauss,IR Bell,Yuvraj Singh,0,0,"",""
ball,2,27.1,England,IR Bell,AJ Strauss,YK Pathan,1,0,"",""
ball,2,27.2,England,AJ Strauss,IR Bell,YK Pathan,4,0,"",""
ball,2,27.3,England,AJ Strauss,IR Bell,YK Pathan,0,0,"",""
ball,2,27.4,England,AJ Strauss,IR Bell,YK Pathan,0,0,"",""
ball,2,27.5,England,AJ Strauss,IR Bell,YK Pathan,1,0,"",""
ball,2,27.6,England,IR Bell,AJ Strauss,YK Pathan,4,0,"",""
ball,2,28.1,England,AJ Strauss,IR Bell,Yuvraj Singh,0,0,"",""
ball,2,28.2,England,AJ Strauss,IR Bell,Yuvraj Singh,4,0,"",""
ball,2,28.3,England,AJ Strauss,IR Bell,Yuvraj Singh,2,0,"",""
ball,2,28.4,England,AJ Strauss,IR Bell,Yuvraj Singh,0,0,"",""
ball,2,28.5,England,AJ Strauss,IR Bell,Yuvraj Singh,2,0,"",""
ball,2,28.6,England,AJ Strauss,IR Bell,Yuvraj Singh,0,0,"",""
ball,2,29.1,England,IR Bell,AJ Strauss,Z Khan,0,0,"",""
ball,2,29.2,England,IR Bell,AJ Strauss,Z Khan,0,0,"",""
ball,2,29.3,England,IR Bell,AJ Strauss,Z Khan,0,0,"",""
ball,2,29.4,England,IR Bell,AJ Strauss,Z Khan,1,0,"",""
ball,2,29.5,England,AJ Strauss,IR Bell,Z Khan,1,0,"",""
ball,2,29.6,England,IR Bell,AJ Strauss,Z Khan,4,0,"",""
ball,2,30.1,England,AJ Strauss,IR Bell,Yuvraj Singh,1,0,"",""
ball,2,30.2,England,IR Bell,AJ Strauss,Yuvraj Singh,1,0,"",""
ball,2,30.3,England,AJ Strauss,IR Bell,Yuvraj Singh,1,0,"",""
ball,2,30.4,England,IR Bell,AJ Strauss,Yuvraj Singh,0,0,"",""
ball,2,30.5,England,IR Bell,AJ Strauss,Yuvraj Singh,0,0,"",""
ball,2,30.6,England,IR Bell,AJ Strauss,Yuvraj Singh,1,0,"",""
ball,2,31.1,England,IR Bell,AJ Strauss,Z Khan,1,0,"",""
ball,2,31.2,England,AJ Strauss,IR Bell,Z Khan,0,0,"",""
ball,2,31.3,England,AJ Strauss,IR Bell,Z Khan,1,0,"",""
ball,2,31.4,England,IR Bell,AJ Strauss,Z Khan,4,0,"",""
ball,2,31.5,England,IR Bell,AJ Strauss,Z Khan,1,0,"",""
ball,2,31.6,England,AJ Strauss,IR Bell,Z Khan,0,0,"",""
ball,2,32.1,England,IR Bell,AJ Strauss,Yuvraj Singh,1,0,"",""
ball,2,32.2,England,AJ Strauss,IR Bell,Yuvraj Singh,6,0,"",""
ball,2,32.3,England,AJ Strauss,IR Bell,Yuvraj Singh,0,0,"",""
ball,2,32.4,England,AJ Strauss,IR Bell,Yuvraj Singh,0,0,"",""
ball,2,32.5,England,AJ Strauss,IR Bell,Yuvraj Singh,1,0,"",""
ball,2,32.6,England,IR Bell,AJ Strauss,Yuvraj Singh,1,0,"",""
ball,2,33.1,England,IR Bell,AJ Strauss,PP Chawla,1,0,"",""
ball,2,33.2,England,AJ Strauss,IR Bell,PP Chawla,1,0,"",""
ball,2,33.3,England,IR Bell,AJ Strauss,PP Chawla,0,0,"",""
ball,2,33.4,England,IR Bell,AJ Strauss,PP Chawla,6,0,"",""
ball,2,33.5,England,IR Bell,AJ Strauss,PP Chawla,1,0,"",""
ball,2,33.6,England,AJ Strauss,IR Bell,PP Chawla,4,0,"",""
ball,2,34.1,England,IR Bell,AJ Strauss,MM Patel,1,0,"",""
ball,2,34.2,England,AJ Strauss,IR Bell,MM Patel,4,0,"",""
ball,2,34.3,England,AJ Strauss,IR Bell,MM Patel,1,0,"",""
ball,2,34.4,England,IR Bell,AJ Strauss,MM Patel,0,0,"",""
ball,2,34.5,England,IR Bell,AJ Strauss,MM Patel,1,0,"",""
ball,2,34.6,England,AJ Strauss,IR Bell,MM Patel,1,0,"",""
ball,2,35.1,England,AJ Strauss,IR Bell,Harbhajan Singh,4,0,"",""
ball,2,35.2,England,AJ Strauss,IR Bell,Harbhajan Singh,1,0,"",""
ball,2,35.3,England,IR Bell,AJ Strauss,Harbhajan Singh,1,0,"",""
ball,2,35.4,England,AJ Strauss,IR Bell,Harbhajan Singh,1,0,"",""
ball,2,35.5,England,IR Bell,AJ Strauss,Harbhajan Singh,1,0,"",""
ball,2,35.6,England,AJ Strauss,IR Bell,Harbhajan Singh,1,0,"",""
ball,2,36.1,England,AJ Strauss,IR Bell,MM Patel,0,0,"",""
ball,2,36.2,England,AJ Strauss,IR Bell,MM Patel,1,0,"",""
ball,2,36.3,England,IR Bell,AJ Strauss,MM Patel,0,0,"",""
ball,2,36.4,England,IR Bell,AJ Strauss,MM Patel,2,0,"",""
ball,2,36.5,England,IR Bell,AJ Strauss,MM Patel,0,0,"",""
ball,2,36.6,England,IR Bell,AJ Strauss,MM Patel,1,0,"",""
ball,2,37.1,England,IR Bell,AJ Strauss,Harbhajan Singh,1,0,"",""
ball,2,37.2,England,AJ Strauss,IR Bell,Harbhajan Singh,1,0,"",""
ball,2,37.3,England,IR Bell,AJ Strauss,Harbhajan Singh,1,0,"",""
ball,2,37.4,England,AJ Strauss,IR Bell,Harbhajan Singh,0,0,"",""
ball,2,37.5,England,AJ Strauss,IR Bell,Harbhajan Singh,1,0,"",""
ball,2,37.6,England,IR Bell,AJ Strauss,Harbhajan Singh,1,0,"",""
ball,2,38.1,England,IR Bell,AJ Strauss,MM Patel,1,0,"",""
ball,2,38.2,England,AJ Strauss,IR Bell,MM Patel,2,0,"",""
ball,2,38.3,England,AJ Strauss,IR Bell,MM Patel,1,0,"",""
ball,2,38.4,England,IR Bell,AJ Strauss,MM Patel,2,0,"",""
ball,2,38.5,England,IR Bell,AJ Strauss,MM Patel,1,0,"",""
ball,2,38.6,England,AJ Strauss,IR Bell,MM Patel,1,0,"",""
ball,2,39.1,England,AJ Strauss,IR Bell,PP Chawla,1,0,"",""
ball,2,39.2,England,IR Bell,AJ Strauss,PP Chawla,1,0,"",""
ball,2,39.3,England,AJ Strauss,IR Bell,PP Chawla,1,0,"",""
ball,2,39.4,England,IR Bell,AJ Strauss,PP Chawla,1,0,"",""
ball,2,39.5,England,AJ Strauss,IR Bell,PP Chawla,4,0,"",""
ball,2,39.6,England,AJ Strauss,IR Bell,PP Chawla,1,0,"",""
ball,2,40.1,England,AJ Strauss,IR Bell,Harbhajan Singh,0,0,"",""
ball,2,40.2,England,AJ Strauss,IR Bell,Harbhajan Singh,2,0,"",""
ball,2,40.3,England,AJ Strauss,IR Bell,Harbhajan Singh,1,0,"",""
ball,2,40.4,England,IR Bell,AJ Strauss,Harbhajan Singh,1,0,"",""
ball,2,40.5,England,AJ Strauss,IR Bell,Harbhajan Singh,0,0,"",""
ball,2,40.6,England,AJ Strauss,IR Bell,Harbhajan Singh,2,0,"",""
ball,2,41.1,England,IR Bell,AJ Strauss,PP Chawla,0,0,"",""
ball,2,41.2,England,IR Bell,AJ Strauss,PP Chawla,0,0,"",""
ball,2,41.3,England,IR Bell,AJ Strauss,PP Chawla,0,0,"",""
ball,2,41.4,England,IR Bell,AJ Strauss,PP Chawla,0,0,"",""
ball,2,41.5,England,IR Bell,AJ Strauss,PP Chawla,1,0,"",""
ball,2,41.6,England,AJ Strauss,IR Bell,PP Chawla,1,0,"",""
ball,2,42.1,England,AJ Strauss,IR Bell,Z Khan,0,0,"",""
ball,2,42.2,England,AJ Strauss,IR Bell,Z Khan,1,0,"",""
ball,2,42.3,England,IR Bell,AJ Strauss,Z Khan,0,0,"",""
ball,2,42.4,England,IR Bell,AJ Strauss,Z Khan,0,0,caught,IR Bell
ball,2,42.5,England,AJ Strauss,PD Collingwood,Z Khan,0,0,lbw,AJ Strauss
ball,2,42.6,England,MJ Prior,PD Collingwood,Z Khan,0,0,"",""
ball,2,43.1,England,PD Collingwood,MJ Prior,PP Chawla,0,0,"",""
ball,2,43.2,England,PD Collingwood,MJ Prior,PP Chawla,0,0,"",""
ball,2,43.3,England,PD Collingwood,MJ Prior,PP Chawla,1,0,"",""
ball,2,43.4,England,MJ Prior,PD Collingwood,PP Chawla,0,0,"",""
ball,2,43.5,England,MJ Prior,PD Collingwood,PP Chawla,0,1,"",""
ball,2,43.6,England,MJ Prior,PD Collingwood,PP Chawla,0,0,"",""
ball,2,43.7,England,MJ Prior,PD Collingwood,PP Chawla,0,0,"",""
ball,2,44.1,England,PD Collingwood,MJ Prior,Z Khan,0,1,"",""
ball,2,44.2,England,MJ Prior,PD Collingwood,Z Khan,1,0,"",""
ball,2,44.3,England,PD Collingwood,MJ Prior,Z Khan,0,0,bowled,PD Collingwood
ball,2,44.4,England,MH Yardy,MJ Prior,Z Khan,1,0,"",""
ball,2,44.5,England,MJ Prior,MH Yardy,Z Khan,1,0,"",""
ball,2,44.6,England,MH Yardy,MJ Prior,Z Khan,0,0,"",""
ball,2,45.1,England,MJ Prior,MH Yardy,Harbhajan Singh,2,0,"",""
ball,2,45.2,England,MJ Prior,MH Yardy,Harbhajan Singh,0,0,caught,MJ Prior
ball,2,45.3,England,MH Yardy,TT Bresnan,Harbhajan Singh,2,0,"",""
ball,2,45.4,England,MH Yardy,TT Bresnan,Harbhajan Singh,4,0,"",""
ball,2,45.5,England,MH Yardy,TT Bresnan,Harbhajan Singh,1,0,"",""
ball,2,45.6,England,TT Bresnan,MH Yardy,Harbhajan Singh,1,0,"",""
ball,2,46.1,England,TT Bresnan,MH Yardy,Z Khan,1,0,"",""
ball,2,46.2,England,MH Yardy,TT Bresnan,Z Khan,1,0,"",""
ball,2,46.3,England,TT Bresnan,MH Yardy,Z Khan,2,0,"",""
ball,2,46.4,England,TT Bresnan,MH Yardy,Z Khan,0,1,"",""
ball,2,46.5,England,MH Yardy,TT Bresnan,Z Khan,2,0,"",""
ball,2,46.6,England,MH Yardy,TT Bresnan,Z Khan,1,0,"",""
ball,2,47.1,England,MH Yardy,TT Bresnan,MM Patel,1,0,"",""
ball,2,47.2,England,TT Bresnan,MH Yardy,MM Patel,1,0,"",""
ball,2,47.3,England,MH Yardy,TT Bresnan,MM Patel,0,0,caught,MH Yardy
ball,2,47.4,England,GP Swann,TT Bresnan,MM Patel,1,0,"",""
ball,2,47.5,England,TT Bresnan,GP Swann,MM Patel,1,0,"",""
ball,2,47.6,England,GP Swann,TT Bresnan,MM Patel,1,0,"",""
ball,2,48.1,England,GP Swann,TT Bresnan,PP Chawla,0,0,"",""
ball,2,48.2,England,GP Swann,TT Bresnan,PP Chawla,6,0,"",""
ball,2,48.3,England,GP Swann,TT Bresnan,PP Chawla,1,0,"",""
ball,2,48.4,England,TT Bresnan,GP Swann,PP Chawla,2,0,"",""
ball,2,48.5,England,TT Bresnan,GP Swann,PP Chawla,6,0,"",""
ball,2,48.6,England,TT Bresnan,GP Swann,PP Chawla,0,0,bowled,TT Bresnan
ball,2,49.1,England,GP Swann,A Shahzad,MM Patel,2,0,"",""
ball,2,49.2,England,GP Swann,A Shahzad,MM Patel,1,0,"",""
ball,2,49.3,England,A Shahzad,GP Swann,MM Patel,6,0,"",""
ball,2,49.4,England,A Shahzad,GP Swann,MM Patel,0,1,"",""
ball,2,49.5,England,GP Swann,A Shahzad,MM Patel,2,0,"",""
ball,2,49.6,England,GP Swann,A Shahzad,MM Patel,1,0,"",""
