version,1.3.0
info,team,India
info,team,Netherlands
info,gender,male
info,season,2010/11
info,date,2011/03/09
info,competition,ICC Cricket World Cup
info,match_number,25
info,venue,Feroz Shah Kotla
info,city,Delhi
info,toss_winner,Netherlands
info,toss_decision,bat
info,player_of_match,Yuvraj Singh
info,umpire,SJ Davis
info,umpire,BNJ Oxenford
info,reserve_umpire,HDPK Dharmasena
info,tv_umpire,BR Doctrove
info,match_referee,RS Madugalle
info,winner,India
info,winner_wickets,5
ball,1,0.1,Netherlands,ES Szwarczynski,W Barresi,Z Khan,0,0,"",""
ball,1,0.2,Netherlands,ES Szwarczynski,W Barresi,Z Khan,0,4,"",""
ball,1,0.3,Netherlands,ES Szwarczynski,W Barresi,Z Khan,2,0,"",""
ball,1,0.4,Netherlands,ES Szwarczynski,W Barresi,Z Khan,0,0,"",""
ball,1,0.5,Netherlands,ES Szwarczynski,W Barresi,Z Khan,0,0,"",""
ball,1,0.6,Netherlands,ES Szwarczynski,W Barresi,Z Khan,0,0,"",""
ball,1,1.1,Netherlands,W Barresi,ES Szwarczynski,A Nehra,0,0,"",""
ball,1,1.2,Netherlands,W Barresi,ES Szwarczynski,A Nehra,0,0,"",""
ball,1,1.3,Netherlands,W Barresi,ES Szwarczynski,A Nehra,2,0,"",""
ball,1,1.4,Netherlands,W Barresi,ES Szwarczynski,A Nehra,0,0,"",""
ball,1,1.5,Netherlands,W Barresi,ES Szwarczynski,A Nehra,4,0,"",""
ball,1,1.6,Netherlands,W Barresi,ES Szwarczynski,A Nehra,0,0,"",""
ball,1,2.1,Netherlands,ES Szwarczynski,W Barresi,Z Khan,0,0,"",""
ball,1,2.2,Netherlands,ES Szwarczynski,W Barresi,Z Khan,0,0,"",""
ball,1,2.3,Netherlands,ES Szwarczynski,W Barresi,Z Khan,4,0,"",""
ball,1,2.4,Netherlands,ES Szwarczynski,W Barresi,Z Khan,0,0,"",""
ball,1,2.5,Netherlands,ES Szwarczynski,W Barresi,Z Khan,0,0,"",""
ball,1,2.6,Netherlands,ES Szwarczynski,W Barresi,Z Khan,0,0,"",""
ball,1,3.1,Netherlands,W Barresi,ES Szwarczynski,YK Pathan,0,0,"",""
ball,1,3.2,Netherlands,W Barresi,ES Szwarczynski,YK Pathan,0,0,"",""
ball,1,3.3,Netherlands,W Barresi,ES Szwarczynski,YK Pathan,1,0,"",""
ball,1,3.4,Netherlands,ES Szwarczynski,W Barresi,YK Pathan,0,0,"",""
ball,1,3.5,Netherlands,ES Szwarczynski,W Barresi,YK Pathan,1,0,"",""
ball,1,3.6,Netherlands,W Barresi,ES Szwarczynski,YK Pathan,0,0,"",""
ball,1,4.1,Netherlands,ES Szwarczynski,W Barresi,Z Khan,0,0,"",""
ball,1,4.2,Netherlands,ES Szwarczynski,W Barresi,Z Khan,0,0,"",""
ball,1,4.3,Netherlands,ES Szwarczynski,W Barresi,Z Khan,4,0,"",""
ball,1,4.4,Netherlands,ES Szwarczynski,W Barresi,Z Khan,0,0,"",""
ball,1,4.5,Netherlands,ES Szwarczynski,W Barresi,Z Khan,4,0,"",""
ball,1,4.6,Netherlands,ES Szwarczynski,W Barresi,Z Khan,0,0,"",""
ball,1,5.1,Netherlands,W Barresi,ES Szwarczynski,YK Pathan,0,0,"",""
ball,1,5.2,Netherlands,W Barresi,ES Szwarczynski,YK Pathan,0,0,"",""
ball,1,5.3,Netherlands,W Barresi,ES Szwarczynski,YK Pathan,0,0,"",""
ball,1,5.4,Netherlands,W Barresi,ES Szwarczynski,YK Pathan,0,0,"",""
ball,1,5.5,Netherlands,W Barresi,ES Szwarczynski,YK Pathan,0,0,"",""
ball,1,5.6,Netherlands,W Barresi,ES Szwarczynski,YK Pathan,0,0,"",""
ball,1,6.1,Netherlands,ES Szwarczynski,W Barresi,Harbhajan Singh,0,0,"",""
ball,1,6.2,Netherlands,ES Szwarczynski,W Barresi,Harbhajan Singh,0,0,"",""
ball,1,6.3,Netherlands,ES Szwarczynski,W Barresi,Harbhajan Singh,1,0,"",""
ball,1,6.4,Netherlands,W Barresi,ES Szwarczynski,Harbhajan Singh,1,0,"",""
ball,1,6.5,Netherlands,ES Szwarczynski,W Barresi,Harbhajan Singh,0,0,"",""
ball,1,6.6,Netherlands,ES Szwarczynski,W Barresi,Harbhajan Singh,2,0,"",""
ball,1,7.1,Netherlands,W Barresi,ES Szwarczynski,YK Pathan,0,0,"",""
ball,1,7.2,Netherlands,W Barresi,ES Szwarczynski,YK Pathan,1,0,"",""
ball,1,7.3,Netherlands,ES Szwarczynski,W Barresi,YK Pathan,1,0,"",""
ball,1,7.4,Netherlands,W Barresi,ES Szwarczynski,YK Pathan,0,0,"",""
ball,1,7.5,Netherlands,W Barresi,ES Szwarczynski,YK Pathan,0,0,"",""
ball,1,7.6,Netherlands,W Barresi,ES Szwarczynski,YK Pathan,1,0,"",""
ball,1,8.1,Netherlands,W Barresi,ES Szwarczynski,Harbhajan Singh,1,0,"",""
ball,1,8.2,Netherlands,ES Szwarczynski,W Barresi,Harbhajan Singh,0,0,"",""
ball,1,8.3,Netherlands,ES Szwarczynski,W Barresi,Harbhajan Singh,0,0,"",""
ball,1,8.4,Netherlands,ES Szwarczynski,W Barresi,Harbhajan Singh,0,0,"",""
ball,1,8.5,Netherlands,ES Szwarczynski,W Barresi,Harbhajan Singh,0,0,"",""
ball,1,8.6,Netherlands,ES Szwarczynski,W Barresi,Harbhajan Singh,0,0,"",""
ball,1,9.1,Netherlands,W Barresi,ES Szwarczynski,YK Pathan,0,0,"",""
ball,1,9.2,Netherlands,W Barresi,ES Szwarczynski,YK Pathan,0,0,"",""
ball,1,9.3,Netherlands,W Barresi,ES Szwarczynski,YK Pathan,4,0,"",""
ball,1,9.4,Netherlands,W Barresi,ES Szwarczynski,YK Pathan,0,0,"",""
ball,1,9.5,Netherlands,W Barresi,ES Szwarczynski,YK Pathan,0,0,"",""
ball,1,9.6,Netherlands,W Barresi,ES Szwarczynski,YK Pathan,0,0,"",""
ball,1,10.1,Netherlands,ES Szwarczynski,W Barresi,Harbhajan Singh,1,0,"",""
ball,1,10.2,Netherlands,W Barresi,ES Szwarczynski,Harbhajan Singh,0,0,"",""
ball,1,10.3,Netherlands,W Barresi,ES Szwarczynski,Harbhajan Singh,0,0,"",""
ball,1,10.4,Netherlands,W Barresi,ES Szwarczynski,Harbhajan Singh,0,1,"",""
ball,1,10.5,Netherlands,W Barresi,ES Szwarczynski,Harbhajan Singh,2,0,"",""
ball,1,10.6,Netherlands,W Barresi,ES Szwarczynski,Harbhajan Singh,1,0,"",""
ball,1,10.7,Netherlands,ES Szwarczynski,W Barresi,Harbhajan Singh,0,0,"",""
ball,1,11.1,Netherlands,W Barresi,ES Szwarczynski,PP Chawla,0,0,"",""
ball,1,11.2,Netherlands,W Barresi,ES Szwarczynski,PP Chawla,0,0,"",""
ball,1,11.3,Netherlands,W Barresi,ES Szwarczynski,PP Chawla,0,0,"",""
ball,1,11.4,Netherlands,W Barresi,ES Szwarczynski,PP Chawla,1,0,"",""
ball,1,11.5,Netherlands,ES Szwarczynski,W Barresi,PP Chawla,1,0,"",""
ball,1,11.6,Netherlands,W Barresi,ES Szwarczynski,PP Chawla,1,0,"",""
ball,1,12.1,Netherlands,W Barresi,ES Szwarczynski,Harbhajan Singh,0,0,"",""
ball,1,12.2,Netherlands,W Barresi,ES Szwarczynski,Harbhajan Singh,0,0,"",""
ball,1,12.3,Netherlands,W Barresi,ES Szwarczynski,Harbhajan Singh,0,0,"",""
ball,1,12.4,Netherlands,W Barresi,ES Szwarczynski,Harbhajan Singh,0,0,"",""
ball,1,12.5,Netherlands,W Barresi,ES Szwarczynski,Harbhajan Singh,1,0,"",""
ball,1,12.6,Netherlands,ES Szwarczynski,W Barresi,Harbhajan Singh,0,0,"",""
ball,1,13.1,Netherlands,W Barresi,ES Szwarczynski,PP Chawla,0,0,"",""
ball,1,13.2,Netherlands,W Barresi,ES Szwarczynski,PP Chawla,0,0,"",""
ball,1,13.3,Netherlands,W Barresi,ES Szwarczynski,PP Chawla,1,0,"",""
ball,1,13.4,Netherlands,ES Szwarczynski,W Barresi,PP Chawla,4,0,"",""
ball,1,13.5,Netherlands,ES Szwarczynski,W Barresi,PP Chawla,1,0,"",""
ball,1,13.6,Netherlands,W Barresi,ES Szwarczynski,PP Chawla,0,0,"",""
ball,1,14.1,Netherlands,ES Szwarczynski,W Barresi,Harbhajan Singh,1,0,"",""
ball,1,14.2,Netherlands,W Barresi,ES Szwarczynski,Harbhajan Singh,0,0,"",""
ball,1,14.3,Netherlands,W Barresi,ES Szwarczynski,Harbhajan Singh,1,0,"",""
ball,1,14.4,Netherlands,ES Szwarczynski,W Barresi,Harbhajan Singh,0,0,"",""
ball,1,14.5,Netherlands,ES Szwarczynski,W Barresi,Harbhajan Singh,1,0,"",""
ball,1,14.6,Netherlands,W Barresi,ES Szwarczynski,Harbhajan Singh,0,0,"",""
ball,1,15.1,Netherlands,ES Szwarczynski,W Barresi,PP Chawla,0,0,"",""
ball,1,15.2,Netherlands,ES Szwarczynski,W Barresi,PP Chawla,0,0,bowled,ES Szwarczynski
ball,1,15.3,Netherlands,TLW Cooper,W Barresi,PP Chawla,0,0,"",""
ball,1,15.4,Netherlands,TLW Cooper,W Barresi,PP Chawla,0,0,"",""
ball,1,15.5,Netherlands,TLW Cooper,W Barresi,PP Chawla,1,0,"",""
ball,1,15.6,Netherlands,W Barresi,TLW Cooper,PP Chawla,0,0,"",""
ball,1,16.1,Netherlands,TLW Cooper,W Barresi,Harbhajan Singh,0,0,"",""
ball,1,16.2,Netherlands,TLW Cooper,W Barresi,Harbhajan Singh,0,0,"",""
ball,1,16.3,Netherlands,TLW Cooper,W Barresi,Harbhajan Singh,1,0,"",""
ball,1,16.4,Netherlands,W Barresi,TLW Cooper,Harbhajan Singh,0,0,"",""
ball,1,16.5,Netherlands,W Barresi,TLW Cooper,Harbhajan Singh,0,0,"",""
ball,1,16.6,Netherlands,W Barresi,TLW Cooper,Harbhajan Singh,0,0,"",""
ball,1,17.1,Netherlands,TLW Cooper,W Barresi,PP Chawla,0,0,"",""
ball,1,17.2,Netherlands,TLW Cooper,W Barresi,PP Chawla,1,0,"",""
ball,1,17.3,Netherlands,W Barresi,TLW Cooper,PP Chawla,1,0,"",""
ball,1,17.4,Netherlands,TLW Cooper,W Barresi,PP Chawla,0,0,"",""
ball,1,17.5,Netherlands,TLW Cooper,W Barresi,PP Chawla,0,0,"",""
ball,1,17.6,Netherlands,TLW Cooper,W Barresi,PP Chawla,0,0,"",""
ball,1,18.1,Netherlands,W Barresi,TLW Cooper,Yuvraj Singh,1,0,"",""
ball,1,18.2,Netherlands,TLW Cooper,W Barresi,Yuvraj Singh,1,0,"",""
ball,1,18.3,Netherlands,W Barresi,TLW Cooper,Yuvraj Singh,1,0,"",""
ball,1,18.4,Netherlands,TLW Cooper,W Barresi,Yuvraj Singh,0,0,"",""
ball,1,18.5,Netherlands,TLW Cooper,W Barresi,Yuvraj Singh,1,0,"",""
ball,1,18.6,Netherlands,W Barresi,TLW Cooper,Yuvraj Singh,0,0,lbw,W Barresi
ball,1,19.1,Netherlands,TLW Cooper,RN ten Doeschate,PP Chawla,4,0,"",""
ball,1,19.2,Netherlands,TLW Cooper,RN ten Doeschate,PP Chawla,0,0,"",""
ball,1,19.3,Netherlands,TLW Cooper,RN ten Doeschate,PP Chawla,1,0,"",""
ball,1,19.4,Netherlands,RN ten Doeschate,TLW Cooper,PP Chawla,0,0,"",""
ball,1,19.5,Netherlands,RN ten Doeschate,TLW Cooper,PP Chawla,1,0,"",""
ball,1,19.6,Netherlands,TLW Cooper,RN ten Doeschate,PP Chawla,0,0,"",""
ball,1,20.1,Netherlands,RN ten Doeschate,TLW Cooper,Yuvraj Singh,0,0,"",""
ball,1,20.2,Netherlands,RN ten Doeschate,TLW Cooper,Yuvraj Singh,0,0,"",""
ball,1,20.3,Netherlands,RN ten Doeschate,TLW Cooper,Yuvraj Singh,0,0,"",""
ball,1,20.4,Netherlands,RN ten Doeschate,TLW Cooper,Yuvraj Singh,1,0,"",""
ball,1,20.5,Netherlands,TLW Cooper,RN ten Doeschate,Yuvraj Singh,0,0,"",""
ball,1,20.6,Netherlands,TLW Cooper,RN ten Doeschate,Yuvraj Singh,1,0,"",""
ball,1,21.1,Netherlands,TLW Cooper,RN ten Doeschate,PP Chawla,0,0,"",""
ball,1,21.2,Netherlands,TLW Cooper,RN ten Doeschate,PP Chawla,2,0,"",""
ball,1,21.3,Netherlands,TLW Cooper,RN ten Doeschate,PP Chawla,1,0,"",""
ball,1,21.4,Netherlands,RN ten Doeschate,TLW Cooper,PP Chawla,0,0,"",""
ball,1,21.5,Netherlands,RN ten Doeschate,TLW Cooper,PP Chawla,0,0,"",""
ball,1,21.6,Netherlands,RN ten Doeschate,TLW Cooper,PP Chawla,1,0,"",""
ball,1,22.1,Netherlands,RN ten Doeschate,TLW Cooper,Yuvraj Singh,0,0,"",""
ball,1,22.2,Netherlands,RN ten Doeschate,TLW Cooper,Yuvraj Singh,0,0,"",""
ball,1,22.3,Netherlands,RN ten Doeschate,TLW Cooper,Yuvraj Singh,0,0,"",""
ball,1,22.4,Netherlands,RN ten Doeschate,TLW Cooper,Yuvraj Singh,1,0,"",""
ball,1,22.5,Netherlands,TLW Cooper,RN ten Doeschate,Yuvraj Singh,2,0,"",""
ball,1,22.6,Netherlands,TLW Cooper,RN ten Doeschate,Yuvraj Singh,1,0,"",""
ball,1,23.1,Netherlands,TLW Cooper,RN ten Doeschate,PP Chawla,1,0,"",""
ball,1,23.2,Netherlands,RN ten Doeschate,TLW Cooper,PP Chawla,0,0,"",""
ball,1,23.3,Netherlands,RN ten Doeschate,TLW Cooper,PP Chawla,0,0,"",""
ball,1,23.4,Netherlands,RN ten Doeschate,TLW Cooper,PP Chawla,1,0,"",""
ball,1,23.5,Netherlands,TLW Cooper,RN ten Doeschate,PP Chawla,0,0,"",""
ball,1,23.6,Netherlands,TLW Cooper,RN ten Doeschate,PP Chawla,0,1,"",""
ball,1,23.7,Netherlands,TLW Cooper,RN ten Doeschate,PP Chawla,1,0,"",""
ball,1,24.1,Netherlands,TLW Cooper,RN ten Doeschate,Yuvraj Singh,0,0,"",""
ball,1,24.2,Netherlands,TLW Cooper,RN ten Doeschate,Yuvraj Singh,0,0,"",""
ball,1,24.3,Netherlands,TLW Cooper,RN ten Doeschate,Yuvraj Singh,0,0,"",""
ball,1,24.4,Netherlands,TLW Cooper,RN ten Doeschate,Yuvraj Singh,0,0,"",""
ball,1,24.5,Netherlands,TLW Cooper,RN ten Doeschate,Yuvraj Singh,0,0,"",""
ball,1,24.6,Netherlands,TLW Cooper,RN ten Doeschate,Yuvraj Singh,0,0,"",""
ball,1,25.1,Netherlands,RN ten Doeschate,TLW Cooper,YK Pathan,0,0,"",""
ball,1,25.2,Netherlands,RN ten Doeschate,TLW Cooper,YK Pathan,0,0,"",""
ball,1,25.3,Netherlands,RN ten Doeschate,TLW Cooper,YK Pathan,1,0,"",""
ball,1,25.4,Netherlands,TLW Cooper,RN ten Doeschate,YK Pathan,1,0,"",""
ball,1,25.5,Netherlands,RN ten Doeschate,TLW Cooper,YK Pathan,4,0,"",""
ball,1,25.6,Netherlands,RN ten Doeschate,TLW Cooper,YK Pathan,0,0,"",""
ball,1,26.1,Netherlands,TLW Cooper,RN ten Doeschate,Yuvraj Singh,0,0,"",""
ball,1,26.2,Netherlands,TLW Cooper,RN ten Doeschate,Yuvraj Singh,0,0,"",""
ball,1,26.3,Netherlands,TLW Cooper,RN ten Doeschate,Yuvraj Singh,4,0,"",""
ball,1,26.4,Netherlands,TLW Cooper,RN ten Doeschate,Yuvraj Singh,2,0,"",""
ball,1,26.5,Netherlands,TLW Cooper,RN ten Doeschate,Yuvraj Singh,1,0,"",""
ball,1,26.6,Netherlands,RN ten Doeschate,TLW Cooper,Yuvraj Singh,0,0,"",""
ball,1,27.1,Netherlands,TLW Cooper,RN ten Doeschate,YK Pathan,0,0,"",""
ball,1,27.2,Netherlands,TLW Cooper,RN ten Doeschate,YK Pathan,1,0,"",""
ball,1,27.3,Netherlands,RN ten Doeschate,TLW Cooper,YK Pathan,0,0,"",""
ball,1,27.4,Netherlands,RN ten Doeschate,TLW Cooper,YK Pathan,0,0,"",""
ball,1,27.5,Netherlands,RN ten Doeschate,TLW Cooper,YK Pathan,0,0,"",""
ball,1,27.6,Netherlands,RN ten Doeschate,TLW Cooper,YK Pathan,1,0,"",""
ball,1,28.1,Netherlands,RN ten Doeschate,TLW Cooper,Yuvraj Singh,0,0,"",""
ball,1,28.2,Netherlands,RN ten Doeschate,TLW Cooper,Yuvraj Singh,0,0,caught,RN ten Doeschate
ball,1,28.3,Netherlands,TLW Cooper,AN Kervezee,Yuvraj Singh,0,0,"",""
ball,1,28.4,Netherlands,TLW Cooper,AN Kervezee,Yuvraj Singh,0,0,"",""
ball,1,28.5,Netherlands,TLW Cooper,AN Kervezee,Yuvraj Singh,1,0,"",""
ball,1,28.6,Netherlands,AN Kervezee,TLW Cooper,Yuvraj Singh,0,0,"",""
ball,1,29.1,Netherlands,TLW Cooper,AN Kervezee,A Nehra,0,0,caught,TLW Cooper
ball,1,29.2,Netherlands,B Zuiderent,AN Kervezee,A Nehra,0,0,"",""
ball,1,29.3,Netherlands,B Zuiderent,AN Kervezee,A Nehra,0,0,"",""
ball,1,29.4,Netherlands,B Zuiderent,AN Kervezee,A Nehra,0,0,"",""
ball,1,29.5,Netherlands,B Zuiderent,AN Kervezee,A Nehra,0,0,"",""
ball,1,29.6,Netherlands,B Zuiderent,AN Kervezee,A Nehra,0,0,"",""
ball,1,30.1,Netherlands,AN Kervezee,B Zuiderent,Z Khan,0,0,"",""
ball,1,30.2,Netherlands,AN Kervezee,B Zuiderent,Z Khan,0,0,"",""
ball,1,30.3,Netherlands,AN Kervezee,B Zuiderent,Z Khan,0,0,"",""
ball,1,30.4,Netherlands,AN Kervezee,B Zuiderent,Z Khan,0,0,"",""
ball,1,30.5,Netherlands,AN Kervezee,B Zuiderent,Z Khan,1,0,"",""
ball,1,30.6,Netherlands,B Zuiderent,AN Kervezee,Z Khan,0,0,lbw,B Zuiderent
ball,1,31.1,Netherlands,AN Kervezee,TN de Grooth,A Nehra,0,0,"",""
ball,1,31.2,Netherlands,AN Kervezee,TN de Grooth,A Nehra,1,0,"",""
ball,1,31.3,Netherlands,TN de Grooth,AN Kervezee,A Nehra,0,0,"",""
ball,1,31.4,Netherlands,TN de Grooth,AN Kervezee,A Nehra,0,0,"",""
ball,1,31.5,Netherlands,TN de Grooth,AN Kervezee,A Nehra,0,0,"",""
ball,1,31.6,Netherlands,TN de Grooth,AN Kervezee,A Nehra,0,0,"",""
ball,1,32.1,Netherlands,AN Kervezee,TN de Grooth,Z Khan,0,0,"",""
ball,1,32.2,Netherlands,AN Kervezee,TN de Grooth,Z Khan,0,0,"",""
ball,1,32.3,Netherlands,AN Kervezee,TN de Grooth,Z Khan,0,0,"",""
ball,1,32.4,Netherlands,AN Kervezee,TN de Grooth,Z Khan,0,0,"",""
ball,1,32.5,Netherlands,AN Kervezee,TN de Grooth,Z Khan,1,0,"",""
ball,1,32.6,Netherlands,TN de Grooth,AN Kervezee,Z Khan,1,0,"",""
ball,1,33.1,Netherlands,TN de Grooth,AN Kervezee,A Nehra,0,0,"",""
ball,1,33.2,Netherlands,TN de Grooth,AN Kervezee,A Nehra,2,0,"",""
ball,1,33.3,Netherlands,TN de Grooth,AN Kervezee,A Nehra,0,0,"",""
ball,1,33.4,Netherlands,TN de Grooth,AN Kervezee,A Nehra,0,0,"",""
ball,1,33.5,Netherlands,TN de Grooth,AN Kervezee,A Nehra,1,0,"",""
ball,1,33.6,Netherlands,AN Kervezee,TN de Grooth,A Nehra,0,0,"",""
ball,1,34.1,Netherlands,TN de Grooth,AN Kervezee,Yuvraj Singh,1,0,"",""
ball,1,34.2,Netherlands,AN Kervezee,TN de Grooth,Yuvraj Singh,0,0,run out,TN de Grooth
ball,1,34.3,Netherlands,PW Borren,AN Kervezee,Yuvraj Singh,0,0,"",""
ball,1,34.4,Netherlands,PW Borren,AN Kervezee,Yuvraj Singh,0,0,"",""
ball,1,34.5,Netherlands,PW Borren,AN Kervezee,Yuvraj Singh,4,0,"",""
ball,1,34.6,Netherlands,PW Borren,AN Kervezee,Yuvraj Singh,1,0,"",""
ball,1,35.1,Netherlands,PW Borren,AN Kervezee,Harbhajan Singh,0,0,"",""
ball,1,35.2,Netherlands,PW Borren,AN Kervezee,Harbhajan Singh,0,0,"",""
ball,1,35.3,Netherlands,PW Borren,AN Kervezee,Harbhajan Singh,0,0,"",""
ball,1,35.4,Netherlands,PW Borren,AN Kervezee,Harbhajan Singh,0,1,"",""
ball,1,35.5,Netherlands,AN Kervezee,PW Borren,Harbhajan Singh,1,0,"",""
ball,1,35.6,Netherlands,PW Borren,AN Kervezee,Harbhajan Singh,0,0,"",""
ball,1,36.1,Netherlands,AN Kervezee,PW Borren,Yuvraj Singh,0,0,"",""
ball,1,36.2,Netherlands,AN Kervezee,PW Borren,Yuvraj Singh,4,0,"",""
ball,1,36.3,Netherlands,AN Kervezee,PW Borren,Yuvraj Singh,1,0,"",""
ball,1,36.4,Netherlands,PW Borren,AN Kervezee,Yuvraj Singh,1,0,"",""
ball,1,36.5,Netherlands,AN Kervezee,PW Borren,Yuvraj Singh,1,0,"",""
ball,1,36.6,Netherlands,PW Borren,AN Kervezee,Yuvraj Singh,1,0,"",""
ball,1,37.1,Netherlands,PW Borren,AN Kervezee,Harbhajan Singh,1,0,"",""
ball,1,37.2,Netherlands,AN Kervezee,PW Borren,Harbhajan Singh,0,0,"",""
ball,1,37.3,Netherlands,AN Kervezee,PW Borren,Harbhajan Singh,1,0,"",""
ball,1,37.4,Netherlands,PW Borren,AN Kervezee,Harbhajan Singh,0,0,"",""
ball,1,37.5,Netherlands,PW Borren,AN Kervezee,Harbhajan Singh,2,0,"",""
ball,1,37.6,Netherlands,PW Borren,AN Kervezee,Harbhajan Singh,0,0,"",""
ball,1,38.1,Netherlands,AN Kervezee,PW Borren,PP Chawla,0,0,caught,AN Kervezee
ball,1,38.2,Netherlands,BP Kruger,PW Borren,PP Chawla,0,2,"",""
ball,1,38.3,Netherlands,BP Kruger,PW Borren,PP Chawla,0,0,"",""
ball,1,38.4,Netherlands,BP Kruger,PW Borren,PP Chawla,1,0,"",""
ball,1,38.5,Netherlands,PW Borren,BP Kruger,PP Chawla,1,0,"",""
ball,1,38.6,Netherlands,BP Kruger,PW Borren,PP Chawla,0,0,"",""
ball,1,39.1,Netherlands,PW Borren,BP Kruger,Harbhajan Singh,0,1,"",""
ball,1,39.2,Netherlands,BP Kruger,PW Borren,Harbhajan Singh,1,0,"",""
ball,1,39.3,Netherlands,PW Borren,BP Kruger,Harbhajan Singh,0,0,"",""
ball,1,39.4,Netherlands,PW Borren,BP Kruger,Harbhajan Singh,1,0,"",""
ball,1,39.5,Netherlands,BP Kruger,PW Borren,Harbhajan Singh,0,0,"",""
ball,1,39.6,Netherlands,BP Kruger,PW Borren,Harbhajan Singh,0,0,"",""
ball,1,40.1,Netherlands,PW Borren,BP Kruger,PP Chawla,1,0,"",""
ball,1,40.2,Netherlands,BP Kruger,PW Borren,PP Chawla,1,0,"",""
ball,1,40.3,Netherlands,PW Borren,BP Kruger,PP Chawla,0,0,"",""
ball,1,40.4,Netherlands,PW Borren,BP Kruger,PP Chawla,0,0,"",""
ball,1,40.5,Netherlands,PW Borren,BP Kruger,PP Chawla,0,0,"",""
ball,1,40.6,Netherlands,PW Borren,BP Kruger,PP Chawla,0,0,"",""
ball,1,41.1,Netherlands,BP Kruger,PW Borren,Yuvraj Singh,0,0,"",""
ball,1,41.2,Netherlands,BP Kruger,PW Borren,Yuvraj Singh,1,0,"",""
ball,1,41.3,Netherlands,PW Borren,BP Kruger,Yuvraj Singh,4,0,"",""
ball,1,41.4,Netherlands,PW Borren,BP Kruger,Yuvraj Singh,2,0,"",""
ball,1,41.5,Netherlands,PW Borren,BP Kruger,Yuvraj Singh,0,0,"",""
ball,1,41.6,Netherlands,PW Borren,BP Kruger,Yuvraj Singh,4,0,"",""
ball,1,42.1,Netherlands,BP Kruger,PW Borren,PP Chawla,4,0,"",""
ball,1,42.2,Netherlands,BP Kruger,PW Borren,PP Chawla,0,0,run out,BP Kruger
ball,1,42.3,Netherlands,Mudassar Bukhari,PW Borren,PP Chawla,0,0,"",""
ball,1,42.4,Netherlands,Mudassar Bukhari,PW Borren,PP Chawla,1,0,"",""
ball,1,42.5,Netherlands,PW Borren,Mudassar Bukhari,PP Chawla,6,0,"",""
ball,1,42.6,Netherlands,PW Borren,Mudassar Bukhari,PP Chawla,6,0,"",""
ball,1,43.1,Netherlands,Mudassar Bukhari,PW Borren,A Nehra,0,0,"",""
ball,1,43.2,Netherlands,Mudassar Bukhari,PW Borren,A Nehra,0,0,"",""
ball,1,43.3,Netherlands,Mudassar Bukhari,PW Borren,A Nehra,1,0,"",""
ball,1,43.4,Netherlands,PW Borren,Mudassar Bukhari,A Nehra,1,0,"",""
ball,1,43.5,Netherlands,Mudassar Bukhari,PW Borren,A Nehra,6,0,"",""
ball,1,43.6,Netherlands,Mudassar Bukhari,PW Borren,A Nehra,4,0,"",""
ball,1,44.1,Netherlands,PW Borren,Mudassar Bukhari,Z Khan,1,0,"",""
ball,1,44.2,Netherlands,Mudassar Bukhari,PW Borren,Z Khan,1,0,"",""
ball,1,44.3,Netherlands,PW Borren,Mudassar Bukhari,Z Khan,0,0,"",""
ball,1,44.4,Netherlands,PW Borren,Mudassar Bukhari,Z Khan,0,1,"",""
ball,1,44.5,Netherlands,Mudassar Bukhari,PW Borren,Z Khan,0,0,"",""
ball,1,44.6,Netherlands,Mudassar Bukhari,PW Borren,Z Khan,1,0,"",""
ball,1,45.1,Netherlands,Mudassar Bukhari,PW Borren,Harbhajan Singh,0,0,"",""
ball,1,45.2,Netherlands,Mudassar Bukhari,PW Borren,Harbhajan Singh,1,0,"",""
ball,1,45.3,Netherlands,PW Borren,Mudassar Bukhari,Harbhajan Singh,1,0,"",""
ball,1,45.4,Netherlands,Mudassar Bukhari,PW Borren,Harbhajan Singh,0,0,"",""
ball,1,45.5,Netherlands,Mudassar Bukhari,PW Borren,Harbhajan Singh,6,0,"",""
ball,1,45.6,Netherlands,Mudassar Bukhari,PW Borren,Harbhajan Singh,0,1,"",""
ball,1,45.7,Netherlands,Mudassar Bukhari,PW Borren,Harbhajan Singh,0,0,"",""
ball,1,46.1,Netherlands,PW Borren,Mudassar Bukhari,Z Khan,0,0,caught,PW Borren
ball,1,46.2,Netherlands,Mudassar Bukhari,PM Seelaar,Z Khan,0,0,"",""
ball,1,46.3,Netherlands,Mudassar Bukhari,PM Seelaar,Z Khan,0,0,"",""
ball,1,46.4,Netherlands,Mudassar Bukhari,PM Seelaar,Z Khan,0,0,bowled,Mudassar Bukhari
ball,2,0.1,India,V Sehwag,SR Tendulkar,Mudassar Bukhari,4,0,"",""
ball,2,0.2,India,V Sehwag,SR Tendulkar,Mudassar Bukhari,0,0,"",""
ball,2,0.3,India,V Sehwag,SR Tendulkar,Mudassar Bukhari,0,0,"",""
ball,2,0.4,India,V Sehwag,SR Tendulkar,Mudassar Bukhari,0,0,"",""
ball,2,0.5,India,V Sehwag,SR Tendulkar,Mudassar Bukhari,2,0,"",""
ball,2,0.6,India,V Sehwag,SR Tendulkar,Mudassar Bukhari,0,0,"",""
ball,2,1.1,India,SR Tendulkar,V Sehwag,RN ten Doeschate,4,0,"",""
ball,2,1.2,India,SR Tendulkar,V Sehwag,RN ten Doeschate,0,0,"",""
ball,2,1.3,India,SR Tendulkar,V Sehwag,RN ten Doeschate,0,0,"",""
ball,2,1.4,India,SR Tendulkar,V Sehwag,RN ten Doeschate,0,0,"",""
ball,2,1.5,India,SR Tendulkar,V Sehwag,RN ten Doeschate,4,0,"",""
ball,2,1.6,India,SR Tendulkar,V Sehwag,RN ten Doeschate,0,0,"",""
ball,2,2.1,India,V Sehwag,SR Tendulkar,Mudassar Bukhari,0,0,"",""
ball,2,2.2,India,V Sehwag,SR Tendulkar,Mudassar Bukhari,1,0,"",""
ball,2,2.3,India,SR Tendulkar,V Sehwag,Mudassar Bukhari,0,0,"",""
ball,2,2.4,India,SR Tendulkar,V Sehwag,Mudassar Bukhari,0,0,"",""
ball,2,2.5,India,SR Tendulkar,V Sehwag,Mudassar Bukhari,0,0,"",""
ball,2,2.6,India,SR Tendulkar,V Sehwag,Mudassar Bukhari,0,0,"",""
ball,2,3.1,India,V Sehwag,SR Tendulkar,RN ten Doeschate,0,0,"",""
ball,2,3.2,India,V Sehwag,SR Tendulkar,RN ten Doeschate,0,0,"",""
ball,2,3.3,India,V Sehwag,SR Tendulkar,RN ten Doeschate,0,1,"",""
ball,2,3.4,India,V Sehwag,SR Tendulkar,RN ten Doeschate,0,1,"",""
ball,2,3.5,India,V Sehwag,SR Tendulkar,RN ten Doeschate,1,0,"",""
ball,2,3.6,India,SR Tendulkar,V Sehwag,RN ten Doeschate,4,0,"",""
ball,2,3.7,India,SR Tendulkar,V Sehwag,RN ten Doeschate,4,0,"",""
ball,2,3.8,India,SR Tendulkar,V Sehwag,RN ten Doeschate,4,0,"",""
ball,2,4.1,India,V Sehwag,SR Tendulkar,Mudassar Bukhari,0,1,"",""
ball,2,4.2,India,V Sehwag,SR Tendulkar,Mudassar Bukhari,0,0,"",""
ball,2,4.3,India,V Sehwag,SR Tendulkar,Mudassar Bukhari,0,0,"",""
ball,2,4.4,India,V Sehwag,SR Tendulkar,Mudassar Bukhari,4,0,"",""
ball,2,4.5,India,V Sehwag,SR Tendulkar,Mudassar Bukhari,0,0,"",""
ball,2,4.6,India,V Sehwag,SR Tendulkar,Mudassar Bukhari,4,0,"",""
ball,2,4.7,India,V Sehwag,SR Tendulkar,Mudassar Bukhari,4,0,"",""
ball,2,5.1,India,SR Tendulkar,V Sehwag,PM Seelaar,0,0,"",""
ball,2,5.2,India,SR Tendulkar,V Sehwag,PM Seelaar,1,0,"",""
ball,2,5.3,India,V Sehwag,SR Tendulkar,PM Seelaar,1,0,"",""
ball,2,5.4,India,SR Tendulkar,V Sehwag,PM Seelaar,0,0,"",""
ball,2,5.5,India,SR Tendulkar,V Sehwag,PM Seelaar,0,0,"",""
ball,2,5.6,India,SR Tendulkar,V Sehwag,PM Seelaar,4,0,"",""
ball,2,6.1,India,V Sehwag,SR Tendulkar,Mudassar Bukhari,0,1,"",""
ball,2,6.2,India,V Sehwag,SR Tendulkar,Mudassar Bukhari,0,0,"",""
ball,2,6.3,India,V Sehwag,SR Tendulkar,Mudassar Bukhari,0,0,"",""
ball,2,6.4,India,V Sehwag,SR Tendulkar,Mudassar Bukhari,6,0,"",""
ball,2,6.5,India,V Sehwag,SR Tendulkar,Mudassar Bukhari,1,0,"",""
ball,2,6.6,India,SR Tendulkar,V Sehwag,Mudassar Bukhari,1,0,"",""
ball,2,6.7,India,V Sehwag,SR Tendulkar,Mudassar Bukhari,1,0,"",""
ball,2,7.1,India,V Sehwag,SR Tendulkar,PM Seelaar,6,0,"",""
ball,2,7.2,India,V Sehwag,SR Tendulkar,PM Seelaar,4,0,"",""
ball,2,7.3,India,V Sehwag,SR Tendulkar,PM Seelaar,0,0,caught,V Sehwag
ball,2,7.4,India,YK Pathan,SR Tendulkar,PM Seelaar,4,0,"",""
ball,2,7.5,India,YK Pathan,SR Tendulkar,PM Seelaar,0,0,"",""
ball,2,7.6,India,YK Pathan,SR Tendulkar,PM Seelaar,0,0,"",""
ball,2,8.1,India,SR Tendulkar,YK Pathan,PW Borren,0,0,"",""
ball,2,8.2,India,SR Tendulkar,YK Pathan,PW Borren,1,0,"",""
ball,2,8.3,India,YK Pathan,SR Tendulkar,PW Borren,0,0,"",""
ball,2,8.4,India,YK Pathan,SR Tendulkar,PW Borren,0,0,"",""
ball,2,8.5,India,YK Pathan,SR Tendulkar,PW Borren,0,0,"",""
ball,2,8.6,India,YK Pathan,SR Tendulkar,PW Borren,6,0,"",""
ball,2,9.1,India,SR Tendulkar,YK Pathan,PM Seelaar,0,0,caught,SR Tendulkar
ball,2,9.2,India,YK Pathan,G Gambhir,PM Seelaar,0,0,"",""
ball,2,9.3,India,YK Pathan,G Gambhir,PM Seelaar,1,0,"",""
ball,2,9.4,India,G Gambhir,YK Pathan,PM Seelaar,1,0,"",""
ball,2,9.5,India,YK Pathan,G Gambhir,PM Seelaar,0,0,caught and bowled,YK Pathan
ball,2,9.6,India,V Kohli,G Gambhir,PM Seelaar,0,0,"",""
ball,2,10.1,India,G Gambhir,V Kohli,PW Borren,1,0,"",""
ball,2,10.2,India,V Kohli,G Gambhir,PW Borren,0,0,"",""
ball,2,10.3,India,V Kohli,G Gambhir,PW Borren,0,0,"",""
ball,2,10.4,India,V Kohli,G Gambhir,PW Borren,0,0,"",""
ball,2,10.5,India,V Kohli,G Gambhir,PW Borren,1,0,"",""
ball,2,10.6,India,G Gambhir,V Kohli,PW Borren,0,0,"",""
ball,2,11.1,India,V Kohli,G Gambhir,PM Seelaar,0,0,"",""
ball,2,11.2,India,V Kohli,G Gambhir,PM Seelaar,0,0,"",""
ball,2,11.3,India,V Kohli,G Gambhir,PM Seelaar,0,0,"",""
ball,2,11.4,India,V Kohli,G Gambhir,PM Seelaar,0,0,"",""
ball,2,11.5,India,V Kohli,G Gambhir,PM Seelaar,0,0,"",""
ball,2,11.6,India,V Kohli,G Gambhir,PM Seelaar,0,0,"",""
ball,2,12.1,India,G Gambhir,V Kohli,PW Borren,0,0,"",""
ball,2,12.2,India,G Gambhir,V Kohli,PW Borren,1,0,"",""
ball,2,12.3,India,V Kohli,G Gambhir,PW Borren,0,0,"",""
ball,2,12.4,India,V Kohli,G Gambhir,PW Borren,1,0,"",""
ball,2,12.5,India,G Gambhir,V Kohli,PW Borren,0,0,"",""
ball,2,12.6,India,G Gambhir,V Kohli,PW Borren,1,0,"",""
ball,2,13.1,India,G Gambhir,V Kohli,PM Seelaar,1,0,"",""
ball,2,13.2,India,V Kohli,G Gambhir,PM Seelaar,0,0,"",""
ball,2,13.3,India,V Kohli,G Gambhir,PM Seelaar,4,0,"",""
ball,2,13.4,India,V Kohli,G Gambhir,PM Seelaar,0,0,"",""
ball,2,13.5,India,V Kohli,G Gambhir,PM Seelaar,2,0,"",""
ball,2,13.6,India,V Kohli,G Gambhir,PM Seelaar,0,0,"",""
ball,2,14.1,India,G Gambhir,V Kohli,PW Borren,1,0,"",""
ball,2,14.2,India,V Kohli,G Gambhir,PW Borren,4,0,"",""
ball,2,14.3,India,V Kohli,G Gambhir,PW Borren,0,0,bowled,V Kohli
ball,2,14.4,India,Yuvraj Singh,G Gambhir,PW Borren,0,0,"",""
ball,2,14.5,India,Yuvraj Singh,G Gambhir,PW Borren,0,0,"",""
ball,2,14.6,India,Yuvraj Singh,G Gambhir,PW Borren,0,0,"",""
ball,2,15.1,India,G Gambhir,Yuvraj Singh,PM Seelaar,0,0,"",""
ball,2,15.2,India,G Gambhir,Yuvraj Singh,PM Seelaar,1,0,"",""
ball,2,15.3,India,Yuvraj Singh,G Gambhir,PM Seelaar,0,0,"",""
ball,2,15.4,India,Yuvraj Singh,G Gambhir,PM Seelaar,0,0,"",""
ball,2,15.5,India,Yuvraj Singh,G Gambhir,PM Seelaar,1,0,"",""
ball,2,15.6,India,G Gambhir,Yuvraj Singh,PM Seelaar,0,0,"",""
ball,2,16.1,India,Yuvraj Singh,G Gambhir,PW Borren,1,0,"",""
ball,2,16.2,India,G Gambhir,Yuvraj Singh,PW Borren,0,0,"",""
ball,2,16.3,India,G Gambhir,Yuvraj Singh,PW Borren,1,0,"",""
ball,2,16.4,India,Yuvraj Singh,G Gambhir,PW Borren,0,0,"",""
ball,2,16.5,India,Yuvraj Singh,G Gambhir,PW Borren,0,0,"",""
ball,2,16.6,India,Yuvraj Singh,G Gambhir,PW Borren,0,0,"",""
ball,2,17.1,India,G Gambhir,Yuvraj Singh,PM Seelaar,4,0,"",""
ball,2,17.2,India,G Gambhir,Yuvraj Singh,PM Seelaar,2,0,"",""
ball,2,17.3,India,G Gambhir,Yuvraj Singh,PM Seelaar,4,0,"",""
ball,2,17.4,India,G Gambhir,Yuvraj Singh,PM Seelaar,0,0,"",""
ball,2,17.5,India,G Gambhir,Yuvraj Singh,PM Seelaar,1,0,"",""
ball,2,17.6,India,Yuvraj Singh,G Gambhir,PM Seelaar,0,0,"",""
ball,2,18.1,India,G Gambhir,Yuvraj Singh,PW Borren,1,0,"",""
ball,2,18.2,India,Yuvraj Singh,G Gambhir,PW Borren,4,0,"",""
ball,2,18.3,India,Yuvraj Singh,G Gambhir,PW Borren,0,0,"",""
ball,2,18.4,India,Yuvraj Singh,G Gambhir,PW Borren,0,0,"",""
ball,2,18.5,India,Yuvraj Singh,G Gambhir,PW Borren,4,0,"",""
ball,2,18.6,India,Yuvraj Singh,G Gambhir,PW Borren,0,0,"",""
ball,2,19.1,India,G Gambhir,Yuvraj Singh,TLW Cooper,1,0,"",""
ball,2,19.2,India,Yuvraj Singh,G Gambhir,TLW Cooper,4,0,"",""
ball,2,19.3,India,Yuvraj Singh,G Gambhir,TLW Cooper,0,0,"",""
ball,2,19.4,India,Yuvraj Singh,G Gambhir,TLW Cooper,0,0,"",""
ball,2,19.5,India,Yuvraj Singh,G Gambhir,TLW Cooper,0,0,"",""
ball,2,19.6,India,Yuvraj Singh,G Gambhir,TLW Cooper,0,0,"",""
ball,2,20.1,India,G Gambhir,Yuvraj Singh,PW Borren,0,0,"",""
ball,2,20.2,India,G Gambhir,Yuvraj Singh,PW Borren,1,0,"",""
ball,2,20.3,India,Yuvraj Singh,G Gambhir,PW Borren,0,0,"",""
ball,2,20.4,India,Yuvraj Singh,G Gambhir,PW Borren,1,0,"",""
ball,2,20.5,India,G Gambhir,Yuvraj Singh,PW Borren,1,0,"",""
ball,2,20.6,India,Yuvraj Singh,G Gambhir,PW Borren,0,0,"",""
ball,2,21.1,India,G Gambhir,Yuvraj Singh,TLW Cooper,4,0,"",""
ball,2,21.2,India,G Gambhir,Yuvraj Singh,TLW Cooper,1,0,"",""
ball,2,21.3,India,Yuvraj Singh,G Gambhir,TLW Cooper,0,0,"",""
ball,2,21.4,India,Yuvraj Singh,G Gambhir,TLW Cooper,0,0,"",""
ball,2,21.5,India,Yuvraj Singh,G Gambhir,TLW Cooper,1,0,"",""
ball,2,21.6,India,G Gambhir,Yuvraj Singh,TLW Cooper,0,0,"",""
ball,2,22.1,India,Yuvraj Singh,G Gambhir,PW Borren,2,0,"",""
ball,2,22.2,India,Yuvraj Singh,G Gambhir,PW Borren,0,0,"",""
ball,2,22.3,India,Yuvraj Singh,G Gambhir,PW Borren,0,0,"",""
ball,2,22.4,India,Yuvraj Singh,G Gambhir,PW Borren,0,0,"",""
ball,2,22.5,India,Yuvraj Singh,G Gambhir,PW Borren,0,0,"",""
ball,2,22.6,India,Yuvraj Singh,G Gambhir,PW Borren,0,0,"",""
ball,2,23.1,India,G Gambhir,Yuvraj Singh,Mudassar Bukhari,0,0,bowled,G Gambhir
ball,2,23.2,India,MS Dhoni,Yuvraj Singh,Mudassar Bukhari,0,0,"",""
ball,2,23.3,India,MS Dhoni,Yuvraj Singh,Mudassar Bukhari,0,0,"",""
ball,2,23.4,India,MS Dhoni,Yuvraj Singh,Mudassar Bukhari,0,0,"",""
ball,2,23.5,India,MS Dhoni,Yuvraj Singh,Mudassar Bukhari,0,0,"",""
ball,2,23.6,India,MS Dhoni,Yuvraj Singh,Mudassar Bukhari,0,0,"",""
ball,2,24.1,India,Yuvraj Singh,MS Dhoni,RN ten Doeschate,0,0,"",""
ball,2,24.2,India,Yuvraj Singh,MS Dhoni,RN ten Doeschate,0,0,"",""
ball,2,24.3,India,Yuvraj Singh,MS Dhoni,RN ten Doeschate,0,0,"",""
ball,2,24.4,India,Yuvraj Singh,MS Dhoni,RN ten Doeschate,0,0,"",""
ball,2,24.5,India,Yuvraj Singh,MS Dhoni,RN ten Doeschate,0,0,"",""
ball,2,24.6,India,Yuvraj Singh,MS Dhoni,RN ten Doeschate,1,0,"",""
ball,2,25.1,India,Yuvraj Singh,MS Dhoni,Mudassar Bukhari,0,0,"",""
ball,2,25.2,India,Yuvraj Singh,MS Dhoni,Mudassar Bukhari,0,0,"",""
ball,2,25.3,India,Yuvraj Singh,MS Dhoni,Mudassar Bukhari,0,0,"",""
ball,2,25.4,India,Yuvraj Singh,MS Dhoni,Mudassar Bukhari,1,0,"",""
ball,2,25.5,India,MS Dhoni,Yuvraj Singh,Mudassar Bukhari,0,0,"",""
ball,2,25.6,India,MS Dhoni,Yuvraj Singh,Mudassar Bukhari,2,0,"",""
ball,2,26.1,India,Yuvraj Singh,MS Dhoni,RN ten Doeschate,1,0,"",""
ball,2,26.2,India,MS Dhoni,Yuvraj Singh,RN ten Doeschate,1,0,"",""
ball,2,26.3,India,Yuvraj Singh,MS Dhoni,RN ten Doeschate,1,0,"",""
ball,2,26.4,India,MS Dhoni,Yuvraj Singh,RN ten Doeschate,0,0,"",""
ball,2,26.5,India,MS Dhoni,Yuvraj Singh,RN ten Doeschate,0,0,"",""
ball,2,26.6,India,MS Dhoni,Yuvraj Singh,RN ten Doeschate,0,0,"",""
ball,2,27.1,India,Yuvraj Singh,MS Dhoni,PM Seelaar,0,0,"",""
ball,2,27.2,India,Yuvraj Singh,MS Dhoni,PM Seelaar,4,0,"",""
ball,2,27.3,India,Yuvraj Singh,MS Dhoni,PM Seelaar,1,0,"",""
ball,2,27.4,India,MS Dhoni,Yuvraj Singh,PM Seelaar,1,0,"",""
ball,2,27.5,India,Yuvraj Singh,MS Dhoni,PM Seelaar,1,0,"",""
ball,2,27.6,India,MS Dhoni,Yuvraj Singh,PM Seelaar,1,0,"",""
ball,2,28.1,India,MS Dhoni,Yuvraj Singh,RN ten Doeschate,0,0,"",""
ball,2,28.2,India,MS Dhoni,Yuvraj Singh,RN ten Doeschate,1,0,"",""
ball,2,28.3,India,Yuvraj Singh,MS Dhoni,RN ten Doeschate,0,0,"",""
ball,2,28.4,India,Yuvraj Singh,MS Dhoni,RN ten Doeschate,4,0,"",""
ball,2,28.5,India,Yuvraj Singh,MS Dhoni,RN ten Doeschate,2,0,"",""
ball,2,28.6,India,Yuvraj Singh,MS Dhoni,RN ten Doeschate,1,0,"",""
ball,2,29.1,India,Yuvraj Singh,MS Dhoni,PM Seelaar,0,0,"",""
ball,2,29.2,India,Yuvraj Singh,MS Dhoni,PM Seelaar,1,0,"",""
ball,2,29.3,India,MS Dhoni,Yuvraj Singh,PM Seelaar,0,0,"",""
ball,2,29.4,India,MS Dhoni,Yuvraj Singh,PM Seelaar,0,0,"",""
ball,2,29.5,India,MS Dhoni,Yuvraj Singh,PM Seelaar,0,0,"",""
ball,2,29.6,India,MS Dhoni,Yuvraj Singh,PM Seelaar,0,0,"",""
ball,2,30.1,India,Yuvraj Singh,MS Dhoni,BP Kruger,0,0,"",""
ball,2,30.2,India,Yuvraj Singh,MS Dhoni,BP Kruger,1,0,"",""
ball,2,30.3,India,MS Dhoni,Yuvraj Singh,BP Kruger,0,0,"",""
ball,2,30.4,India,MS Dhoni,Yuvraj Singh,BP Kruger,1,0,"",""
ball,2,30.5,India,Yuvraj Singh,MS Dhoni,BP Kruger,1,0,"",""
ball,2,30.6,India,MS Dhoni,Yuvraj Singh,BP Kruger,1,0,"",""
ball,2,31.1,India,MS Dhoni,Yuvraj Singh,PM Seelaar,0,0,"",""
ball,2,31.2,India,MS Dhoni,Yuvraj Singh,PM Seelaar,1,0,"",""
ball,2,31.3,India,Yuvraj Singh,MS Dhoni,PM Seelaar,1,0,"",""
ball,2,31.4,India,MS Dhoni,Yuvraj Singh,PM Seelaar,0,0,"",""
ball,2,31.5,India,MS Dhoni,Yuvraj Singh,PM Seelaar,0,0,"",""
ball,2,31.6,India,MS Dhoni,Yuvraj Singh,PM Seelaar,0,0,"",""
ball,2,32.1,India,Yuvraj Singh,MS Dhoni,BP Kruger,0,0,"",""
ball,2,32.2,India,Yuvraj Singh,MS Dhoni,BP Kruger,1,0,"",""
ball,2,32.3,India,MS Dhoni,Yuvraj Singh,BP Kruger,0,0,"",""
ball,2,32.4,India,MS Dhoni,Yuvraj Singh,BP Kruger,0,0,"",""
ball,2,32.5,India,MS Dhoni,Yuvraj Singh,BP Kruger,0,0,"",""
ball,2,32.6,India,MS Dhoni,Yuvraj Singh,BP Kruger,0,0,"",""
ball,2,33.1,India,Yuvraj Singh,MS Dhoni,RN ten Doeschate,0,0,"",""
ball,2,33.2,India,Yuvraj Singh,MS Dhoni,RN ten Doeschate,1,0,"",""
ball,2,33.3,India,MS Dhoni,Yuvraj Singh,RN ten Doeschate,1,0,"",""
ball,2,33.4,India,Yuvraj Singh,MS Dhoni,RN ten Doeschate,0,0,"",""
ball,2,33.5,India,Yuvraj Singh,MS Dhoni,RN ten Doeschate,0,0,"",""
ball,2,33.6,India,Yuvraj Singh,MS Dhoni,RN ten Doeschate,0,0,"",""
ball,2,34.1,India,MS Dhoni,Yuvraj Singh,BP Kruger,4,0,"",""
ball,2,34.2,India,MS Dhoni,Yuvraj Singh,BP Kruger,0,0,"",""
ball,2,34.3,India,MS Dhoni,Yuvraj Singh,BP Kruger,1,0,"",""
ball,2,34.4,India,Yuvraj Singh,MS Dhoni,BP Kruger,4,0,"",""
ball,2,34.5,India,Yuvraj Singh,MS Dhoni,BP Kruger,1,0,"",""
ball,2,34.6,India,MS Dhoni,Yuvraj Singh,BP Kruger,4,0,"",""
ball,2,35.1,India,Yuvraj Singh,MS Dhoni,RN ten Doeschate,0,0,"",""
ball,2,35.2,India,Yuvraj Singh,MS Dhoni,RN ten Doeschate,1,0,"",""
ball,2,35.3,India,MS Dhoni,Yuvraj Singh,RN ten Doeschate,0,0,"",""
ball,2,35.4,India,MS Dhoni,Yuvraj Singh,RN ten Doeschate,0,0,"",""
ball,2,35.5,India,MS Dhoni,Yuvraj Singh,RN ten Doeschate,0,0,"",""
ball,2,35.6,India,MS Dhoni,Yuvraj Singh,RN ten Doeschate,0,0,"",""
ball,2,36.1,India,Yuvraj Singh,MS Dhoni,BP Kruger,0,0,"",""
ball,2,36.2,India,Yuvraj Singh,MS Dhoni,BP Kruger,0,0,"",""
ball,2,36.3,India,Yuvraj Singh,MS Dhoni,BP Kruger,4,0,"",""
