version,1.3.0
info,team,Australia
info,team,England
info,gender,male
info,season,2010/11
info,date,2011/01/16
info,series,England in Australia ODI Series
info,match_number,1
info,venue,Melbourne Cricket Ground
info,city,
info,toss_winner,England
info,toss_decision,bat
info,player_of_match,SR Watson
info,umpire,BF Bowden
info,umpire,BNJ Oxenford
info,reserve_umpire,PR Reiffel
info,tv_umpire,AL Hill
info,match_referee,RS Madugalle
info,winner,Australia
info,winner_wickets,6
ball,1,0.1,England,AJ Strauss,SM Davies,B Lee,0,0,"",""
ball,1,0.2,England,AJ Strauss,SM Davies,B Lee,0,0,"",""
ball,1,0.3,England,AJ Strauss,SM Davies,B Lee,0,0,"",""
ball,1,0.4,England,AJ Strauss,SM Davies,B Lee,0,0,"",""
ball,1,0.5,England,AJ Strauss,SM Davies,B Lee,0,0,"",""
ball,1,0.6,England,AJ Strauss,SM Davies,B Lee,1,0,"",""
ball,1,1.1,England,AJ Strauss,SM Davies,DE Bollinger,0,0,"",""
ball,1,1.2,England,AJ Strauss,SM Davies,DE Bollinger,4,0,"",""
ball,1,1.3,England,AJ Strauss,SM Davies,DE Bollinger,0,0,"",""
ball,1,1.4,England,AJ Strauss,SM Davies,DE Bollinger,0,0,"",""
ball,1,1.5,England,AJ Strauss,SM Davies,DE Bollinger,0,0,"",""
ball,1,1.6,England,AJ Strauss,SM Davies,DE Bollinger,3,0,"",""
ball,1,2.1,England,AJ Strauss,SM Davies,B Lee,0,0,"",""
ball,1,2.2,England,AJ Strauss,SM Davies,B Lee,1,0,"",""
ball,1,2.3,England,SM Davies,AJ Strauss,B Lee,0,0,"",""
ball,1,2.4,England,SM Davies,AJ Strauss,B Lee,0,0,"",""
ball,1,2.5,England,SM Davies,AJ Strauss,B Lee,1,0,"",""
ball,1,2.6,England,AJ Strauss,SM Davies,B Lee,4,0,"",""
ball,1,3.1,England,SM Davies,AJ Strauss,DE Bollinger,0,0,"",""
ball,1,3.2,England,SM Davies,AJ Strauss,DE Bollinger,3,0,"",""
ball,1,3.3,England,AJ Strauss,SM Davies,DE Bollinger,0,0,"",""
ball,1,3.4,England,AJ Strauss,SM Davies,DE Bollinger,0,1,"",""
ball,1,3.5,England,AJ Strauss,SM Davies,DE Bollinger,0,0,"",""
ball,1,3.6,England,AJ Strauss,SM Davies,DE Bollinger,0,0,"",""
ball,1,3.7,England,AJ Strauss,SM Davies,DE Bollinger,1,0,"",""
ball,1,4.1,England,AJ Strauss,SM Davies,B Lee,0,0,"",""
ball,1,4.2,England,AJ Strauss,SM Davies,B Lee,0,0,"",""
ball,1,4.3,England,AJ Strauss,SM Davies,B Lee,3,0,"",""
ball,1,4.4,England,SM Davies,AJ Strauss,B Lee,0,0,"",""
ball,1,4.5,England,SM Davies,AJ Strauss,B Lee,1,1,"",""
ball,1,4.6,England,AJ Strauss,SM Davies,B Lee,4,0,"",""
ball,1,4.7,England,AJ Strauss,SM Davies,B Lee,0,1,"",""
ball,1,4.8,England,AJ Strauss,SM Davies,B Lee,0,0,"",""
ball,1,5.1,England,SM Davies,AJ Strauss,DE Bollinger,3,0,"",""
ball,1,5.2,England,AJ Strauss,SM Davies,DE Bollinger,1,0,"",""
ball,1,5.3,England,SM Davies,AJ Strauss,DE Bollinger,2,0,"",""
ball,1,5.4,England,SM Davies,AJ Strauss,DE Bollinger,4,0,"",""
ball,1,5.5,England,SM Davies,AJ Strauss,DE Bollinger,4,0,"",""
ball,1,5.6,England,SM Davies,AJ Strauss,DE Bollinger,0,0,"",""
ball,1,6.1,England,AJ Strauss,SM Davies,B Lee,1,0,"",""
ball,1,6.2,England,SM Davies,AJ Strauss,B Lee,0,0,"",""
ball,1,6.3,England,SM Davies,AJ Strauss,B Lee,0,0,"",""
ball,1,6.4,England,SM Davies,AJ Strauss,B Lee,0,0,"",""
ball,1,6.5,England,SM Davies,AJ Strauss,B Lee,0,0,"",""
ball,1,6.6,England,SM Davies,AJ Strauss,B Lee,0,1,"",""
ball,1,6.7,England,SM Davies,AJ Strauss,B Lee,0,0,"",""
ball,1,7.1,England,AJ Strauss,SM Davies,DJ Hussey,0,0,"",""
ball,1,7.2,England,AJ Strauss,SM Davies,DJ Hussey,1,0,"",""
ball,1,7.3,England,SM Davies,AJ Strauss,DJ Hussey,2,0,"",""
ball,1,7.4,England,SM Davies,AJ Strauss,DJ Hussey,4,0,"",""
ball,1,7.5,England,SM Davies,AJ Strauss,DJ Hussey,0,1,"",""
ball,1,7.6,England,AJ Strauss,SM Davies,DJ Hussey,1,0,"",""
ball,1,8.1,England,AJ Strauss,SM Davies,MG Johnson,1,0,"",""
ball,1,8.2,England,SM Davies,AJ Strauss,MG Johnson,1,0,"",""
ball,1,8.3,England,AJ Strauss,SM Davies,MG Johnson,1,0,"",""
ball,1,8.4,England,SM Davies,AJ Strauss,MG Johnson,0,0,"",""
ball,1,8.5,England,SM Davies,AJ Strauss,MG Johnson,4,0,"",""
ball,1,8.6,England,SM Davies,AJ Strauss,MG Johnson,0,1,"",""
ball,1,8.7,England,SM Davies,AJ Strauss,MG Johnson,1,0,"",""
ball,1,9.1,England,SM Davies,AJ Strauss,SR Watson,0,0,"",""
ball,1,9.2,England,SM Davies,AJ Strauss,SR Watson,4,0,"",""
ball,1,9.3,England,SM Davies,AJ Strauss,SR Watson,0,0,"",""
ball,1,9.4,England,SM Davies,AJ Strauss,SR Watson,2,0,"",""
ball,1,9.5,England,SM Davies,AJ Strauss,SR Watson,1,0,"",""
ball,1,9.6,England,AJ Strauss,SM Davies,SR Watson,0,0,"",""
ball,1,10.1,England,SM Davies,AJ Strauss,MG Johnson,1,0,"",""
ball,1,10.2,England,AJ Strauss,SM Davies,MG Johnson,4,0,"",""
ball,1,10.3,England,AJ Strauss,SM Davies,MG Johnson,1,0,"",""
ball,1,10.4,England,SM Davies,AJ Strauss,MG Johnson,1,0,"",""
ball,1,10.5,England,AJ Strauss,SM Davies,MG Johnson,4,0,"",""
ball,1,10.6,England,AJ Strauss,SM Davies,MG Johnson,0,0,"",""
ball,1,11.1,England,SM Davies,AJ Strauss,SR Watson,1,0,"",""
ball,1,11.2,England,AJ Strauss,SM Davies,SR Watson,4,0,"",""
ball,1,11.3,England,AJ Strauss,SM Davies,SR Watson,1,0,"",""
ball,1,11.4,England,SM Davies,AJ Strauss,SR Watson,1,0,"",""
ball,1,11.5,England,AJ Strauss,SM Davies,SR Watson,1,0,"",""
ball,1,11.6,England,SM Davies,AJ Strauss,SR Watson,1,0,"",""
ball,1,12.1,England,SM Davies,AJ Strauss,DJ Hussey,0,0,bowled,SM Davies
ball,1,12.2,England,IJL Trott,AJ Strauss,DJ Hussey,1,0,"",""
ball,1,12.3,England,AJ Strauss,IJL Trott,DJ Hussey,0,0,"",""
ball,1,12.4,England,AJ Strauss,IJL Trott,DJ Hussey,0,0,"",""
ball,1,12.5,England,AJ Strauss,IJL Trott,DJ Hussey,0,0,"",""
ball,1,12.6,England,AJ Strauss,IJL Trott,DJ Hussey,1,0,"",""
ball,1,13.1,England,AJ Strauss,IJL Trott,SR Watson,2,0,"",""
ball,1,13.2,England,AJ Strauss,IJL Trott,SR Watson,1,0,"",""
ball,1,13.3,England,IJL Trott,AJ Strauss,SR Watson,4,0,"",""
ball,1,13.4,England,IJL Trott,AJ Strauss,SR Watson,0,0,"",""
ball,1,13.5,England,IJL Trott,AJ Strauss,SR Watson,0,0,"",""
ball,1,13.6,England,IJL Trott,AJ Strauss,SR Watson,1,0,"",""
ball,1,14.1,England,IJL Trott,AJ Strauss,DJ Hussey,0,0,"",""
ball,1,14.2,England,IJL Trott,AJ Strauss,DJ Hussey,0,0,caught,IJL Trott
ball,1,14.3,England,KP Pietersen,AJ Strauss,DJ Hussey,0,0,"",""
ball,1,14.4,England,KP Pietersen,AJ Strauss,DJ Hussey,0,0,"",""
ball,1,14.5,England,KP Pietersen,AJ Strauss,DJ Hussey,1,0,"",""
ball,1,14.6,England,AJ Strauss,KP Pietersen,DJ Hussey,1,0,"",""
ball,1,15.1,England,AJ Strauss,KP Pietersen,XJ Doherty,1,0,"",""
ball,1,15.2,England,KP Pietersen,AJ Strauss,XJ Doherty,1,0,"",""
ball,1,15.3,England,AJ Strauss,KP Pietersen,XJ Doherty,0,0,"",""
ball,1,15.4,England,AJ Strauss,KP Pietersen,XJ Doherty,0,0,"",""
ball,1,15.5,England,AJ Strauss,KP Pietersen,XJ Doherty,1,0,"",""
ball,1,15.6,England,KP Pietersen,AJ Strauss,XJ Doherty,1,0,"",""
ball,1,16.1,England,KP Pietersen,AJ Strauss,DJ Hussey,0,0,"",""
ball,1,16.2,England,KP Pietersen,AJ Strauss,DJ Hussey,4,0,"",""
ball,1,16.3,England,KP Pietersen,AJ Strauss,DJ Hussey,0,0,"",""
ball,1,16.4,England,KP Pietersen,AJ Strauss,DJ Hussey,1,0,"",""
ball,1,16.5,England,AJ Strauss,KP Pietersen,DJ Hussey,2,0,"",""
ball,1,16.6,England,AJ Strauss,KP Pietersen,DJ Hussey,1,0,"",""
ball,1,17.1,England,AJ Strauss,KP Pietersen,XJ Doherty,1,0,"",""
ball,1,17.2,England,KP Pietersen,AJ Strauss,XJ Doherty,2,0,"",""
ball,1,17.3,England,KP Pietersen,AJ Strauss,XJ Doherty,0,0,"",""
ball,1,17.4,England,KP Pietersen,AJ Strauss,XJ Doherty,1,0,"",""
ball,1,17.5,England,AJ Strauss,KP Pietersen,XJ Doherty,0,0,"",""
ball,1,17.6,England,AJ Strauss,KP Pietersen,XJ Doherty,1,0,"",""
ball,1,18.1,England,AJ Strauss,KP Pietersen,DJ Hussey,1,0,"",""
ball,1,18.2,England,KP Pietersen,AJ Strauss,DJ Hussey,1,0,"",""
ball,1,18.3,England,AJ Strauss,KP Pietersen,DJ Hussey,0,0,"",""
ball,1,18.4,England,AJ Strauss,KP Pietersen,DJ Hussey,4,0,"",""
ball,1,18.5,England,AJ Strauss,KP Pietersen,DJ Hussey,0,0,"",""
ball,1,18.6,England,AJ Strauss,KP Pietersen,DJ Hussey,1,0,"",""
ball,1,19.1,England,AJ Strauss,KP Pietersen,XJ Doherty,1,0,"",""
ball,1,19.2,England,KP Pietersen,AJ Strauss,XJ Doherty,0,0,"",""
ball,1,19.3,England,KP Pietersen,AJ Strauss,XJ Doherty,0,0,"",""
ball,1,19.4,England,KP Pietersen,AJ Strauss,XJ Doherty,1,0,"",""
ball,1,19.5,England,AJ Strauss,KP Pietersen,XJ Doherty,1,0,"",""
ball,1,19.6,England,KP Pietersen,AJ Strauss,XJ Doherty,0,0,"",""
ball,1,20.1,England,AJ Strauss,KP Pietersen,B Lee,1,0,"",""
ball,1,20.2,England,KP Pietersen,AJ Strauss,B Lee,1,0,"",""
ball,1,20.3,England,AJ Strauss,KP Pietersen,B Lee,0,0,"",""
ball,1,20.4,England,AJ Strauss,KP Pietersen,B Lee,0,0,caught,AJ Strauss
ball,1,20.5,England,IR Bell,KP Pietersen,B Lee,0,0,"",""
ball,1,20.6,England,IR Bell,KP Pietersen,B Lee,2,0,"",""
ball,1,21.1,England,KP Pietersen,IR Bell,XJ Doherty,1,0,"",""
ball,1,21.2,England,IR Bell,KP Pietersen,XJ Doherty,0,0,"",""
ball,1,21.3,England,IR Bell,KP Pietersen,XJ Doherty,0,0,"",""
ball,1,21.4,England,IR Bell,KP Pietersen,XJ Doherty,0,0,"",""
ball,1,21.5,England,IR Bell,KP Pietersen,XJ Doherty,0,0,"",""
ball,1,21.6,England,IR Bell,KP Pietersen,XJ Doherty,1,0,"",""
ball,1,22.1,England,IR Bell,KP Pietersen,B Lee,0,0,"",""
ball,1,22.2,England,IR Bell,KP Pietersen,B Lee,0,0,"",""
ball,1,22.3,England,IR Bell,KP Pietersen,B Lee,1,0,"",""
ball,1,22.4,England,KP Pietersen,IR Bell,B Lee,1,0,"",""
ball,1,22.5,England,IR Bell,KP Pietersen,B Lee,1,0,"",""
ball,1,22.6,England,KP Pietersen,IR Bell,B Lee,0,0,"",""
ball,1,23.1,England,IR Bell,KP Pietersen,XJ Doherty,4,0,"",""
ball,1,23.2,England,IR Bell,KP Pietersen,XJ Doherty,0,0,"",""
ball,1,23.3,England,IR Bell,KP Pietersen,XJ Doherty,1,0,"",""
ball,1,23.4,England,KP Pietersen,IR Bell,XJ Doherty,1,0,"",""
ball,1,23.5,England,IR Bell,KP Pietersen,XJ Doherty,1,0,"",""
ball,1,23.6,England,KP Pietersen,IR Bell,XJ Doherty,1,0,"",""
ball,1,24.1,England,KP Pietersen,IR Bell,DE Bollinger,0,1,"",""
ball,1,24.2,England,KP Pietersen,IR Bell,DE Bollinger,2,0,"",""
ball,1,24.3,England,KP Pietersen,IR Bell,DE Bollinger,1,0,"",""
ball,1,24.4,England,IR Bell,KP Pietersen,DE Bollinger,1,0,"",""
ball,1,24.5,England,KP Pietersen,IR Bell,DE Bollinger,1,0,"",""
ball,1,24.6,England,IR Bell,KP Pietersen,DE Bollinger,0,0,"",""
ball,1,24.7,England,IR Bell,KP Pietersen,DE Bollinger,0,0,"",""
ball,1,25.1,England,KP Pietersen,IR Bell,XJ Doherty,1,0,"",""
ball,1,25.2,England,IR Bell,KP Pietersen,XJ Doherty,1,0,"",""
ball,1,25.3,England,KP Pietersen,IR Bell,XJ Doherty,2,0,"",""
ball,1,25.4,England,KP Pietersen,IR Bell,XJ Doherty,0,0,"",""
ball,1,25.5,England,KP Pietersen,IR Bell,XJ Doherty,1,0,"",""
ball,1,25.6,England,IR Bell,KP Pietersen,XJ Doherty,0,0,"",""
ball,1,26.1,England,KP Pietersen,IR Bell,DE Bollinger,1,0,"",""
ball,1,26.2,England,IR Bell,KP Pietersen,DE Bollinger,1,0,"",""
ball,1,26.3,England,KP Pietersen,IR Bell,DE Bollinger,1,0,"",""
ball,1,26.4,England,IR Bell,KP Pietersen,DE Bollinger,1,0,"",""
ball,1,26.5,England,KP Pietersen,IR Bell,DE Bollinger,1,0,"",""
ball,1,26.6,England,IR Bell,KP Pietersen,DE Bollinger,1,0,"",""
ball,1,27.1,England,IR Bell,KP Pietersen,SR Watson,1,0,"",""
ball,1,27.2,England,KP Pietersen,IR Bell,SR Watson,1,0,"",""
ball,1,27.3,England,IR Bell,KP Pietersen,SR Watson,1,0,"",""
ball,1,27.4,England,KP Pietersen,IR Bell,SR Watson,0,0,"",""
ball,1,27.5,England,KP Pietersen,IR Bell,SR Watson,1,0,"",""
ball,1,27.6,England,IR Bell,KP Pietersen,SR Watson,1,0,"",""
ball,1,28.1,England,IR Bell,KP Pietersen,SPD Smith,0,0,"",""
ball,1,28.2,England,IR Bell,KP Pietersen,SPD Smith,1,0,"",""
ball,1,28.3,England,KP Pietersen,IR Bell,SPD Smith,0,0,"",""
ball,1,28.4,England,KP Pietersen,IR Bell,SPD Smith,1,0,"",""
ball,1,28.5,England,IR Bell,KP Pietersen,SPD Smith,1,0,"",""
ball,1,28.6,England,KP Pietersen,IR Bell,SPD Smith,0,0,"",""
ball,1,29.1,England,IR Bell,KP Pietersen,SR Watson,1,0,"",""
ball,1,29.2,England,KP Pietersen,IR Bell,SR Watson,0,0,"",""
ball,1,29.3,England,KP Pietersen,IR Bell,SR Watson,0,0,"",""
ball,1,29.4,England,KP Pietersen,IR Bell,SR Watson,0,0,"",""
ball,1,29.5,England,KP Pietersen,IR Bell,SR Watson,1,0,"",""
ball,1,29.6,England,IR Bell,KP Pietersen,SR Watson,1,0,"",""
ball,1,30.1,England,IR Bell,KP Pietersen,SPD Smith,0,0,caught,IR Bell
ball,1,30.2,England,EJG Morgan,KP Pietersen,SPD Smith,0,0,"",""
ball,1,30.3,England,EJG Morgan,KP Pietersen,SPD Smith,0,0,"",""
ball,1,30.4,England,EJG Morgan,KP Pietersen,SPD Smith,4,0,"",""
ball,1,30.5,England,EJG Morgan,KP Pietersen,SPD Smith,0,0,"",""
ball,1,30.6,England,EJG Morgan,KP Pietersen,SPD Smith,0,0,"",""
ball,1,31.1,England,KP Pietersen,EJG Morgan,SR Watson,1,0,"",""
ball,1,31.2,England,EJG Morgan,KP Pietersen,SR Watson,0,0,"",""
ball,1,31.3,England,EJG Morgan,KP Pietersen,SR Watson,0,0,"",""
ball,1,31.4,England,EJG Morgan,KP Pietersen,SR Watson,0,0,"",""
ball,1,31.5,England,EJG Morgan,KP Pietersen,SR Watson,1,0,"",""
ball,1,31.6,England,KP Pietersen,EJG Morgan,SR Watson,1,0,"",""
ball,1,32.1,England,KP Pietersen,EJG Morgan,SPD Smith,1,0,"",""
ball,1,32.2,England,EJG Morgan,KP Pietersen,SPD Smith,2,0,"",""
ball,1,32.3,England,EJG Morgan,KP Pietersen,SPD Smith,1,0,"",""
ball,1,32.4,England,KP Pietersen,EJG Morgan,SPD Smith,1,0,"",""
ball,1,32.5,England,EJG Morgan,KP Pietersen,SPD Smith,0,0,caught,EJG Morgan
ball,1,32.6,England,MH Yardy,KP Pietersen,SPD Smith,0,0,"",""
ball,1,33.1,England,KP Pietersen,MH Yardy,DJ Hussey,0,0,"",""
ball,1,33.2,England,KP Pietersen,MH Yardy,DJ Hussey,1,0,"",""
ball,1,33.3,England,MH Yardy,KP Pietersen,DJ Hussey,1,0,"",""
ball,1,33.4,England,KP Pietersen,MH Yardy,DJ Hussey,6,0,"",""
ball,1,33.5,England,KP Pietersen,MH Yardy,DJ Hussey,6,0,"",""
ball,1,33.6,England,KP Pietersen,MH Yardy,DJ Hussey,1,0,"",""
ball,1,34.1,England,KP Pietersen,MH Yardy,MG Johnson,0,1,"",""
ball,1,34.2,England,KP Pietersen,MH Yardy,MG Johnson,0,1,"",""
ball,1,34.3,England,KP Pietersen,MH Yardy,MG Johnson,1,0,"",""
ball,1,34.4,England,MH Yardy,KP Pietersen,MG Johnson,0,0,"",""
ball,1,34.5,England,MH Yardy,KP Pietersen,MG Johnson,0,0,"",""
ball,1,34.6,England,MH Yardy,KP Pietersen,MG Johnson,0,0,"",""
ball,1,34.7,England,MH Yardy,KP Pietersen,MG Johnson,1,0,"",""
ball,1,34.8,England,KP Pietersen,MH Yardy,MG Johnson,1,0,"",""
ball,1,35.1,England,KP Pietersen,MH Yardy,DE Bollinger,4,0,"",""
ball,1,35.2,England,KP Pietersen,MH Yardy,DE Bollinger,1,0,"",""
ball,1,35.3,England,MH Yardy,KP Pietersen,DE Bollinger,0,0,"",""
ball,1,35.4,England,MH Yardy,KP Pietersen,DE Bollinger,0,0,"",""
ball,1,35.5,England,MH Yardy,KP Pietersen,DE Bollinger,1,0,"",""
ball,1,35.6,England,KP Pietersen,MH Yardy,DE Bollinger,0,0,"",""
ball,1,36.1,England,MH Yardy,KP Pietersen,MG Johnson,0,1,"",""
ball,1,36.2,England,MH Yardy,KP Pietersen,MG Johnson,1,0,"",""
ball,1,36.3,England,KP Pietersen,MH Yardy,MG Johnson,0,0,"",""
ball,1,36.4,England,KP Pietersen,MH Yardy,MG Johnson,1,0,"",""
ball,1,36.5,England,MH Yardy,KP Pietersen,MG Johnson,0,0,"",""
ball,1,36.6,England,MH Yardy,KP Pietersen,MG Johnson,1,0,"",""
ball,1,36.7,England,KP Pietersen,MH Yardy,MG Johnson,1,0,"",""
ball,1,37.1,England,KP Pietersen,MH Yardy,DE Bollinger,0,0,"",""
ball,1,37.2,England,KP Pietersen,MH Yardy,DE Bollinger,0,1,"",""
ball,1,37.3,England,KP Pietersen,MH Yardy,DE Bollinger,1,0,"",""
ball,1,37.4,England,MH Yardy,KP Pietersen,DE Bollinger,0,0,"",""
ball,1,37.5,England,MH Yardy,KP Pietersen,DE Bollinger,0,0,"",""
ball,1,37.6,England,MH Yardy,KP Pietersen,DE Bollinger,0,0,"",""
ball,1,37.7,England,MH Yardy,KP Pietersen,DE Bollinger,0,0,"",""
ball,1,38.1,England,KP Pietersen,MH Yardy,XJ Doherty,1,0,"",""
ball,1,38.2,England,MH Yardy,KP Pietersen,XJ Doherty,2,0,"",""
ball,1,38.3,England,MH Yardy,KP Pietersen,XJ Doherty,1,0,"",""
ball,1,38.4,England,KP Pietersen,MH Yardy,XJ Doherty,2,0,"",""
ball,1,38.5,England,KP Pietersen,MH Yardy,XJ Doherty,6,0,"",""
ball,1,38.6,England,KP Pietersen,MH Yardy,XJ Doherty,1,0,"",""
ball,1,39.1,England,KP Pietersen,MH Yardy,DE Bollinger,0,2,"",""
ball,1,39.2,England,MH Yardy,KP Pietersen,DE Bollinger,0,0,"",""
ball,1,39.3,England,MH Yardy,KP Pietersen,DE Bollinger,1,0,"",""
ball,1,39.4,England,KP Pietersen,MH Yardy,DE Bollinger,1,0,"",""
ball,1,39.5,England,MH Yardy,KP Pietersen,DE Bollinger,0,0,caught,MH Yardy
ball,1,39.6,England,KP Pietersen,TT Bresnan,DE Bollinger,0,0,"",""
ball,1,39.7,England,KP Pietersen,TT Bresnan,DE Bollinger,0,0,"",""
ball,1,40.1,England,TT Bresnan,KP Pietersen,SR Watson,0,0,"",""
ball,1,40.2,England,TT Bresnan,KP Pietersen,SR Watson,0,0,"",""
ball,1,40.3,England,TT Bresnan,KP Pietersen,SR Watson,4,0,"",""
ball,1,40.4,England,TT Bresnan,KP Pietersen,SR Watson,0,0,"",""
ball,1,40.5,England,TT Bresnan,KP Pietersen,SR Watson,2,0,"",""
ball,1,40.6,England,TT Bresnan,KP Pietersen,SR Watson,0,0,"",""
ball,1,41.1,England,KP Pietersen,TT Bresnan,DE Bollinger,1,0,"",""
ball,1,41.2,England,TT Bresnan,KP Pietersen,DE Bollinger,1,0,"",""
ball,1,41.3,England,KP Pietersen,TT Bresnan,DE Bollinger,1,0,"",""
ball,1,41.4,England,TT Bresnan,KP Pietersen,DE Bollinger,2,0,"",""
ball,1,41.5,England,TT Bresnan,KP Pietersen,DE Bollinger,1,0,"",""
ball,1,41.6,England,KP Pietersen,TT Bresnan,DE Bollinger,1,0,"",""
ball,1,42.1,England,KP Pietersen,TT Bresnan,SR Watson,1,0,"",""
ball,1,42.2,England,TT Bresnan,KP Pietersen,SR Watson,0,0,"",""
ball,1,42.3,England,TT Bresnan,KP Pietersen,SR Watson,1,0,"",""
ball,1,42.4,England,KP Pietersen,TT Bresnan,SR Watson,1,0,"",""
ball,1,42.5,England,TT Bresnan,KP Pietersen,SR Watson,0,0,"",""
ball,1,42.6,England,TT Bresnan,KP Pietersen,SR Watson,0,0,"",""
ball,1,43.1,England,KP Pietersen,TT Bresnan,MG Johnson,1,0,"",""
ball,1,43.2,England,TT Bresnan,KP Pietersen,MG Johnson,4,0,"",""
ball,1,43.3,England,TT Bresnan,KP Pietersen,MG Johnson,0,0,"",""
ball,1,43.4,England,TT Bresnan,KP Pietersen,MG Johnson,0,0,run out,KP Pietersen
ball,1,43.5,England,GP Swann,TT Bresnan,MG Johnson,0,0,"",""
ball,1,43.6,England,GP Swann,TT Bresnan,MG Johnson,0,0,"",""
ball,1,44.1,England,TT Bresnan,GP Swann,B Lee,0,0,"",""
ball,1,44.2,England,TT Bresnan,GP Swann,B Lee,1,0,"",""
ball,1,44.3,England,GP Swann,TT Bresnan,B Lee,1,0,"",""
ball,1,44.4,England,TT Bresnan,GP Swann,B Lee,4,0,"",""
ball,1,44.5,England,TT Bresnan,GP Swann,B Lee,1,0,"",""
ball,1,44.6,England,GP Swann,TT Bresnan,B Lee,0,0,"",""
ball,1,45.1,England,TT Bresnan,GP Swann,MG Johnson,0,0,"",""
ball,1,45.2,England,TT Bresnan,GP Swann,MG Johnson,0,0,"",""
ball,1,45.3,England,TT Bresnan,GP Swann,MG Johnson,2,0,"",""
ball,1,45.4,England,TT Bresnan,GP Swann,MG Johnson,4,0,"",""
ball,1,45.5,England,TT Bresnan,GP Swann,MG Johnson,1,0,"",""
ball,1,45.6,England,GP Swann,TT Bresnan,MG Johnson,0,0,"",""
ball,1,46.1,England,TT Bresnan,GP Swann,B Lee,0,0,"",""
ball,1,46.2,England,TT Bresnan,GP Swann,B Lee,0,0,caught,TT Bresnan
ball,1,46.3,England,GP Swann,A Shahzad,B Lee,1,0,"",""
ball,1,46.4,England,A Shahzad,GP Swann,B Lee,0,0,"",""
ball,1,46.5,England,A Shahzad,GP Swann,B Lee,1,0,"",""
ball,1,46.6,England,GP Swann,A Shahzad,B Lee,0,2,"",""
ball,1,46.7,England,A Shahzad,GP Swann,B Lee,0,0,"",""
ball,1,47.1,England,GP Swann,A Shahzad,MG Johnson,1,0,"",""
ball,1,47.2,England,GP Swann,A Shahzad,MG Johnson,1,0,"",""
ball,1,47.3,England,A Shahzad,GP Swann,MG Johnson,1,0,"",""
ball,1,47.4,England,GP Swann,A Shahzad,MG Johnson,0,0,"",""
ball,1,47.5,England,GP Swann,A Shahzad,MG Johnson,0,0,caught,GP Swann
ball,1,47.6,England,A Shahzad,CT Tremlett,MG Johnson,0,0,"",""
ball,1,48.1,England,CT Tremlett,A Shahzad,B Lee,0,0,"",""
ball,1,48.2,England,CT Tremlett,A Shahzad,B Lee,0,0,"",""
ball,1,48.3,England,CT Tremlett,A Shahzad,B Lee,0,0,"",""
ball,1,48.4,England,CT Tremlett,A Shahzad,B Lee,0,0,"",""
ball,1,48.5,England,CT Tremlett,A Shahzad,B Lee,0,1,"",""
ball,1,48.6,England,A Shahzad,CT Tremlett,B Lee,6,0,"",""
ball,1,49.1,England,CT Tremlett,A Shahzad,MG Johnson,1,0,"",""
ball,1,49.2,England,A Shahzad,CT Tremlett,MG Johnson,1,0,"",""
ball,1,49.3,England,CT Tremlett,A Shahzad,MG Johnson,6,0,"",""
ball,1,49.4,England,CT Tremlett,A Shahzad,MG Johnson,0,1,"",""
ball,1,49.5,England,CT Tremlett,A Shahzad,MG Johnson,0,0,caught,CT Tremlett
ball,2,0.1,Australia,SR Watson,BJ Haddin,TT Bresnan,0,0,"",""
ball,2,0.2,Australia,SR Watson,BJ Haddin,TT Bresnan,4,0,"",""
ball,2,0.3,Australia,SR Watson,BJ Haddin,TT Bresnan,0,0,"",""
ball,2,0.4,Australia,SR Watson,BJ Haddin,TT Bresnan,0,0,"",""
ball,2,0.5,Australia,SR Watson,BJ Haddin,TT Bresnan,2,0,"",""
ball,2,0.6,Australia,SR Watson,BJ Haddin,TT Bresnan,0,0,"",""
ball,2,1.1,Australia,BJ Haddin,SR Watson,CT Tremlett,1,0,"",""
ball,2,1.2,Australia,SR Watson,BJ Haddin,CT Tremlett,4,0,"",""
ball,2,1.3,Australia,SR Watson,BJ Haddin,CT Tremlett,0,0,"",""
ball,2,1.4,Australia,SR Watson,BJ Haddin,CT Tremlett,0,0,"",""
ball,2,1.5,Australia,SR Watson,BJ Haddin,CT Tremlett,0,0,"",""
ball,2,1.6,Australia,SR Watson,BJ Haddin,CT Tremlett,1,0,"",""
ball,2,2.1,Australia,SR Watson,BJ Haddin,TT Bresnan,0,0,"",""
ball,2,2.2,Australia,SR Watson,BJ Haddin,TT Bresnan,4,0,"",""
ball,2,2.3,Australia,SR Watson,BJ Haddin,TT Bresnan,2,0,"",""
ball,2,2.4,Australia,SR Watson,BJ Haddin,TT Bresnan,0,0,"",""
ball,2,2.5,Australia,SR Watson,BJ Haddin,TT Bresnan,0,0,"",""
ball,2,2.6,Australia,SR Watson,BJ Haddin,TT Bresnan,1,0,"",""
ball,2,3.1,Australia,SR Watson,BJ Haddin,CT Tremlett,4,0,"",""
ball,2,3.2,Australia,SR Watson,BJ Haddin,CT Tremlett,0,0,"",""
ball,2,3.3,Australia,SR Watson,BJ Haddin,CT Tremlett,1,0,"",""
ball,2,3.4,Australia,BJ Haddin,SR Watson,CT Tremlett,1,0,"",""
ball,2,3.5,Australia,SR Watson,BJ Haddin,CT Tremlett,0,0,"",""
ball,2,3.6,Australia,SR Watson,BJ Haddin,CT Tremlett,1,0,"",""
ball,2,4.1,Australia,SR Watson,BJ Haddin,TT Bresnan,0,0,"",""
ball,2,4.2,Australia,SR Watson,BJ Haddin,TT Bresnan,4,0,"",""
ball,2,4.3,Australia,SR Watson,BJ Haddin,TT Bresnan,1,0,"",""
ball,2,4.4,Australia,BJ Haddin,SR Watson,TT Bresnan,0,0,"",""
ball,2,4.5,Australia,BJ Haddin,SR Watson,TT Bresnan,1,0,"",""
ball,2,4.6,Australia,SR Watson,BJ Haddin,TT Bresnan,0,0,"",""
ball,2,5.1,Australia,BJ Haddin,SR Watson,CT Tremlett,0,0,"",""
ball,2,5.2,Australia,BJ Haddin,SR Watson,CT Tremlett,0,0,"",""
ball,2,5.3,Australia,BJ Haddin,SR Watson,CT Tremlett,3,0,"",""
ball,2,5.4,Australia,SR Watson,BJ Haddin,CT Tremlett,0,0,"",""
ball,2,5.5,Australia,SR Watson,BJ Haddin,CT Tremlett,0,0,"",""
ball,2,5.6,Australia,SR Watson,BJ Haddin,CT Tremlett,2,0,"",""
ball,2,6.1,Australia,BJ Haddin,SR Watson,A Shahzad,0,0,"",""
ball,2,6.2,Australia,BJ Haddin,SR Watson,A Shahzad,0,0,"",""
ball,2,6.3,Australia,BJ Haddin,SR Watson,A Shahzad,0,0,"",""
ball,2,6.4,Australia,BJ Haddin,SR Watson,A Shahzad,0,0,"",""
ball,2,6.5,Australia,BJ Haddin,SR Watson,A Shahzad,1,0,"",""
ball,2,6.6,Australia,SR Watson,BJ Haddin,A Shahzad,0,0,"",""
ball,2,7.1,Australia,BJ Haddin,SR Watson,CT Tremlett,0,0,"",""
ball,2,7.2,Australia,BJ Haddin,SR Watson,CT Tremlett,4,0,"",""
ball,2,7.3,Australia,BJ Haddin,SR Watson,CT Tremlett,0,0,"",""
ball,2,7.4,Australia,BJ Haddin,SR Watson,CT Tremlett,0,1,"",""
ball,2,7.5,Australia,SR Watson,BJ Haddin,CT Tremlett,2,0,"",""
ball,2,7.6,Australia,SR Watson,BJ Haddin,CT Tremlett,3,0,"",""
ball,2,8.1,Australia,SR Watson,BJ Haddin,A Shahzad,0,0,"",""
ball,2,8.2,Australia,SR Watson,BJ Haddin,A Shahzad,0,0,"",""
ball,2,8.3,Australia,SR Watson,BJ Haddin,A Shahzad,0,0,"",""
ball,2,8.4,Australia,SR Watson,BJ Haddin,A Shahzad,2,0,"",""
ball,2,8.5,Australia,SR Watson,BJ Haddin,A Shahzad,0,0,"",""
ball,2,8.6,Australia,SR Watson,BJ Haddin,A Shahzad,6,0,"",""
ball,2,9.1,Australia,BJ Haddin,SR Watson,CT Tremlett,1,0,"",""
ball,2,9.2,Australia,SR Watson,BJ Haddin,CT Tremlett,2,0,"",""
ball,2,9.3,Australia,SR Watson,BJ Haddin,CT Tremlett,0,0,"",""
ball,2,9.4,Australia,SR Watson,BJ Haddin,CT Tremlett,1,0,"",""
ball,2,9.5,Australia,BJ Haddin,SR Watson,CT Tremlett,1,0,"",""
ball,2,9.6,Australia,SR Watson,BJ Haddin,CT Tremlett,1,0,"",""
ball,2,10.1,Australia,SR Watson,BJ Haddin,MH Yardy,0,0,"",""
ball,2,10.2,Australia,SR Watson,BJ Haddin,MH Yardy,1,0,"",""
ball,2,10.3,Australia,BJ Haddin,SR Watson,MH Yardy,1,0,"",""
ball,2,10.4,Australia,SR Watson,BJ Haddin,MH Yardy,1,0,"",""
ball,2,10.5,Australia,BJ Haddin,SR Watson,MH Yardy,1,0,"",""
ball,2,10.6,Australia,SR Watson,BJ Haddin,MH Yardy,1,0,"",""
ball,2,11.1,Australia,SR Watson,BJ Haddin,GP Swann,1,0,"",""
ball,2,11.2,Australia,BJ Haddin,SR Watson,GP Swann,1,0,"",""
ball,2,11.3,Australia,SR Watson,BJ Haddin,GP Swann,0,0,"",""
ball,2,11.4,Australia,SR Watson,BJ Haddin,GP Swann,2,0,"",""
ball,2,11.5,Australia,SR Watson,BJ Haddin,GP Swann,0,0,"",""
ball,2,11.6,Australia,SR Watson,BJ Haddin,GP Swann,1,0,"",""
ball,2,12.1,Australia,SR Watson,BJ Haddin,MH Yardy,0,0,"",""
ball,2,12.2,Australia,SR Watson,BJ Haddin,MH Yardy,1,0,"",""
ball,2,12.3,Australia,BJ Haddin,SR Watson,MH Yardy,1,0,"",""
ball,2,12.4,Australia,SR Watson,BJ Haddin,MH Yardy,1,0,"",""
ball,2,12.5,Australia,BJ Haddin,SR Watson,MH Yardy,0,0,"",""
ball,2,12.6,Australia,BJ Haddin,SR Watson,MH Yardy,1,0,"",""
ball,2,13.1,Australia,BJ Haddin,SR Watson,TT Bresnan,4,0,"",""
ball,2,13.2,Australia,BJ Haddin,SR Watson,TT Bresnan,0,0,"",""
ball,2,13.3,Australia,BJ Haddin,SR Watson,TT Bresnan,0,0,"",""
ball,2,13.4,Australia,BJ Haddin,SR Watson,TT Bresnan,0,0,"",""
ball,2,13.5,Australia,BJ Haddin,SR Watson,TT Bresnan,1,0,"",""
ball,2,13.6,Australia,SR Watson,BJ Haddin,TT Bresnan,4,0,"",""
ball,2,14.1,Australia,BJ Haddin,SR Watson,A Shahzad,4,0,"",""
ball,2,14.2,Australia,BJ Haddin,SR Watson,A Shahzad,4,0,"",""
ball,2,14.3,Australia,BJ Haddin,SR Watson,A Shahzad,1,0,"",""
ball,2,14.4,Australia,SR Watson,BJ Haddin,A Shahzad,1,0,"",""
ball,2,14.5,Australia,BJ Haddin,SR Watson,A Shahzad,0,0,"",""
ball,2,14.6,Australia,BJ Haddin,SR Watson,A Shahzad,0,0,"",""
ball,2,15.1,Australia,SR Watson,BJ Haddin,MH Yardy,1,0,"",""
ball,2,15.2,Australia,BJ Haddin,SR Watson,MH Yardy,0,0,"",""
ball,2,15.3,Australia,BJ Haddin,SR Watson,MH Yardy,0,0,"",""
ball,2,15.4,Australia,BJ Haddin,SR Watson,MH Yardy,0,0,"",""
ball,2,15.5,Australia,BJ Haddin,SR Watson,MH Yardy,0,0,"",""
ball,2,15.6,Australia,BJ Haddin,SR Watson,MH Yardy,0,0,"",""
ball,2,16.1,Australia,SR Watson,BJ Haddin,TT Bresnan,0,0,"",""
ball,2,16.2,Australia,SR Watson,BJ Haddin,TT Bresnan,0,0,"",""
ball,2,16.3,Australia,SR Watson,BJ Haddin,TT Bresnan,2,0,"",""
ball,2,16.4,Australia,SR Watson,BJ Haddin,TT Bresnan,0,0,"",""
ball,2,16.5,Australia,SR Watson,BJ Haddin,TT Bresnan,0,0,"",""
ball,2,16.6,Australia,SR Watson,BJ Haddin,TT Bresnan,1,0,"",""
ball,2,17.1,Australia,SR Watson,BJ Haddin,MH Yardy,0,0,"",""
ball,2,17.2,Australia,SR Watson,BJ Haddin,MH Yardy,1,0,"",""
ball,2,17.3,Australia,BJ Haddin,SR Watson,MH Yardy,1,0,"",""
ball,2,17.4,Australia,SR Watson,BJ Haddin,MH Yardy,0,0,"",""
ball,2,17.5,Australia,SR Watson,BJ Haddin,MH Yardy,0,0,"",""
ball,2,17.6,Australia,SR Watson,BJ Haddin,MH Yardy,1,0,"",""
ball,2,18.1,Australia,SR Watson,BJ Haddin,A Shahzad,1,0,"",""
ball,2,18.2,Australia,BJ Haddin,SR Watson,A Shahzad,0,0,"",""
ball,2,18.3,Australia,BJ Haddin,SR Watson,A Shahzad,0,0,"",""
ball,2,18.4,Australia,BJ Haddin,SR Watson,A Shahzad,0,0,"",""
ball,2,18.5,Australia,BJ Haddin,SR Watson,A Shahzad,4,0,"",""
ball,2,18.6,Australia,BJ Haddin,SR Watson,A Shahzad,0,0,"",""
ball,2,19.1,Australia,SR Watson,BJ Haddin,GP Swann,0,0,"",""
ball,2,19.2,Australia,SR Watson,BJ Haddin,GP Swann,1,0,"",""
ball,2,19.3,Australia,BJ Haddin,SR Watson,GP Swann,2,0,"",""
ball,2,19.4,Australia,BJ Haddin,SR Watson,GP Swann,0,0,caught,BJ Haddin
ball,2,19.5,Australia,MJ Clarke,SR Watson,GP Swann,0,0,"",""
ball,2,19.6,Australia,MJ Clarke,SR Watson,GP Swann,1,0,"",""
ball,2,20.1,Australia,MJ Clarke,SR Watson,A Shahzad,0,0,"",""
ball,2,20.2,Australia,MJ Clarke,SR Watson,A Shahzad,0,0,"",""
ball,2,20.3,Australia,MJ Clarke,SR Watson,A Shahzad,0,0,"",""
ball,2,20.4,Australia,MJ Clarke,SR Watson,A Shahzad,1,0,"",""
ball,2,20.5,Australia,SR Watson,MJ Clarke,A Shahzad,0,0,"",""
ball,2,20.6,Australia,SR Watson,MJ Clarke,A Shahzad,0,0,"",""
ball,2,21.1,Australia,MJ Clarke,SR Watson,GP Swann,0,0,"",""
ball,2,21.2,Australia,MJ Clarke,SR Watson,GP Swann,0,0,"",""
ball,2,21.3,Australia,MJ Clarke,SR Watson,GP Swann,0,0,"",""
ball,2,21.4,Australia,MJ Clarke,SR Watson,GP Swann,1,0,"",""
ball,2,21.5,Australia,SR Watson,MJ Clarke,GP Swann,0,0,"",""
ball,2,21.6,Australia,SR Watson,MJ Clarke,GP Swann,4,0,"",""
ball,2,22.1,Australia,MJ Clarke,SR Watson,A Shahzad,0,0,"",""
ball,2,22.2,Australia,MJ Clarke,SR Watson,A Shahzad,0,0,"",""
ball,2,22.3,Australia,MJ Clarke,SR Watson,A Shahzad,0,0,"",""
ball,2,22.4,Australia,MJ Clarke,SR Watson,A Shahzad,0,0,"",""
ball,2,22.5,Australia,MJ Clarke,SR Watson,A Shahzad,1,0,"",""
ball,2,22.6,Australia,SR Watson,MJ Clarke,A Shahzad,1,0,"",""
ball,2,23.1,Australia,SR Watson,MJ Clarke,GP Swann,0,0,"",""
ball,2,23.2,Australia,SR Watson,MJ Clarke,GP Swann,1,0,"",""
ball,2,23.3,Australia,MJ Clarke,SR Watson,GP Swann,1,0,"",""
ball,2,23.4,Australia,SR Watson,MJ Clarke,GP Swann,0,0,"",""
ball,2,23.5,Australia,SR Watson,MJ Clarke,GP Swann,0,0,"",""
ball,2,23.6,Australia,SR Watson,MJ Clarke,GP Swann,0,0,"",""
ball,2,24.1,Australia,MJ Clarke,SR Watson,CT Tremlett,0,1,"",""
ball,2,24.2,Australia,SR Watson,MJ Clarke,CT Tremlett,0,0,"",""
ball,2,24.3,Australia,SR Watson,MJ Clarke,CT Tremlett,0,1,"",""
ball,2,24.4,Australia,MJ Clarke,SR Watson,CT Tremlett,1,0,"",""
ball,2,24.5,Australia,SR Watson,MJ Clarke,CT Tremlett,1,0,"",""
ball,2,24.6,Australia,MJ Clarke,SR Watson,CT Tremlett,0,0,"",""
ball,2,25.1,Australia,SR Watson,MJ Clarke,GP Swann,0,0,"",""
ball,2,25.2,Australia,SR Watson,MJ Clarke,GP Swann,4,0,"",""
ball,2,25.3,Australia,SR Watson,MJ Clarke,GP Swann,0,0,"",""
ball,2,25.4,Australia,SR Watson,MJ Clarke,GP Swann,1,0,"",""
ball,2,25.5,Australia,MJ Clarke,SR Watson,GP Swann,1,0,"",""
ball,2,25.6,Australia,SR Watson,MJ Clarke,GP Swann,1,0,"",""
ball,2,26.1,Australia,SR Watson,MJ Clarke,CT Tremlett,2,0,"",""
ball,2,26.2,Australia,SR Watson,MJ Clarke,CT Tremlett,1,0,"",""
ball,2,26.3,Australia,MJ Clarke,SR Watson,CT Tremlett,0,0,"",""
ball,2,26.4,Australia,MJ Clarke,SR Watson,CT Tremlett,1,0,"",""
ball,2,26.5,Australia,SR Watson,MJ Clarke,CT Tremlett,0,0,"",""
ball,2,26.6,Australia,SR Watson,MJ Clarke,CT Tremlett,0,0,"",""
ball,2,27.1,Australia,MJ Clarke,SR Watson,GP Swann,1,0,"",""
ball,2,27.2,Australia,SR Watson,MJ Clarke,GP Swann,0,0,"",""
ball,2,27.3,Australia,SR Watson,MJ Clarke,GP Swann,0,0,"",""
ball,2,27.4,Australia,SR Watson,MJ Clarke,GP Swann,1,0,"",""
ball,2,27.5,Australia,MJ Clarke,SR Watson,GP Swann,1,0,"",""
ball,2,27.6,Australia,SR Watson,MJ Clarke,GP Swann,0,0,"",""
ball,2,28.1,Australia,MJ Clarke,SR Watson,MH Yardy,1,0,"",""
ball,2,28.2,Australia,SR Watson,MJ Clarke,MH Yardy,0,0,"",""
ball,2,28.3,Australia,SR Watson,MJ Clarke,MH Yardy,2,0,"",""
ball,2,28.4,Australia,SR Watson,MJ Clarke,MH Yardy,4,0,"",""
ball,2,28.5,Australia,SR Watson,MJ Clarke,MH Yardy,1,0,"",""
ball,2,28.6,Australia,MJ Clarke,SR Watson,MH Yardy,2,0,"",""
ball,2,29.1,Australia,SR Watson,MJ Clarke,GP Swann,0,0,"",""
ball,2,29.2,Australia,SR Watson,MJ Clarke,GP Swann,0,0,"",""
ball,2,29.3,Australia,SR Watson,MJ Clarke,GP Swann,1,0,"",""
ball,2,29.4,Australia,MJ Clarke,SR Watson,GP Swann,0,0,"",""
ball,2,29.5,Australia,MJ Clarke,SR Watson,GP Swann,1,0,"",""
ball,2,29.6,Australia,SR Watson,MJ Clarke,GP Swann,2,0,"",""
ball,2,30.1,Australia,MJ Clarke,SR Watson,MH Yardy,1,0,"",""
ball,2,30.2,Australia,SR Watson,MJ Clarke,MH Yardy,0,0,"",""
ball,2,30.3,Australia,SR Watson,MJ Clarke,MH Yardy,0,1,"",""
ball,2,30.4,Australia,MJ Clarke,SR Watson,MH Yardy,0,0,"",""
ball,2,30.5,Australia,MJ Clarke,SR Watson,MH Yardy,1,0,"",""
ball,2,30.6,Australia,SR Watson,MJ Clarke,MH Yardy,0,0,"",""
ball,2,31.1,Australia,MJ Clarke,SR Watson,IJL Trott,1,0,"",""
ball,2,31.2,Australia,SR Watson,MJ Clarke,IJL Trott,1,0,"",""
ball,2,31.3,Australia,MJ Clarke,SR Watson,IJL Trott,1,0,"",""
ball,2,31.4,Australia,SR Watson,MJ Clarke,IJL Trott,2,0,"",""
ball,2,31.5,Australia,SR Watson,MJ Clarke,IJL Trott,1,0,"",""
ball,2,31.6,Australia,MJ Clarke,SR Watson,IJL Trott,1,0,"",""
ball,2,32.1,Australia,MJ Clarke,SR Watson,MH Yardy,1,0,"",""
ball,2,32.2,Australia,SR Watson,MJ Clarke,MH Yardy,4,0,"",""
ball,2,32.3,Australia,SR Watson,MJ Clarke,MH Yardy,1,0,"",""
ball,2,32.4,Australia,MJ Clarke,SR Watson,MH Yardy,0,0,"",""
ball,2,32.5,Australia,MJ Clarke,SR Watson,MH Yardy,1,0,"",""
ball,2,32.6,Australia,SR Watson,MJ Clarke,MH Yardy,1,0,"",""
ball,2,33.1,Australia,SR Watson,MJ Clarke,GP Swann,0,0,"",""
ball,2,33.2,Australia,SR Watson,MJ Clarke,GP Swann,1,0,"",""
ball,2,33.3,Australia,MJ Clarke,SR Watson,GP Swann,0,0,"",""
ball,2,33.4,Australia,MJ Clarke,SR Watson,GP Swann,0,0,"",""
ball,2,33.5,Australia,MJ Clarke,SR Watson,GP Swann,1,0,"",""
ball,2,33.6,Australia,SR Watson,MJ Clarke,GP Swann,2,0,"",""
ball,2,34.1,Australia,MJ Clarke,SR Watson,MH Yardy,1,0,"",""
ball,2,34.2,Australia,SR Watson,MJ Clarke,MH Yardy,6,0,"",""
ball,2,34.3,Australia,SR Watson,MJ Clarke,MH Yardy,6,0,"",""
ball,2,34.4,Australia,SR Watson,MJ Clarke,MH Yardy,2,0,"",""
ball,2,34.5,Australia,SR Watson,MJ Clarke,MH Yardy,1,0,"",""
ball,2,34.6,Australia,MJ Clarke,SR Watson,MH Yardy,1,0,"",""
ball,2,35.1,Australia,MJ Clarke,SR Watson,GP Swann,0,0,"",""
ball,2,35.2,Australia,MJ Clarke,SR Watson,GP Swann,0,0,"",""
ball,2,35.3,Australia,MJ Clarke,SR Watson,GP Swann,1,0,"",""
ball,2,35.4,Australia,SR Watson,MJ Clarke,GP Swann,1,0,"",""
ball,2,35.5,Australia,MJ Clarke,SR Watson,GP Swann,0,0,"",""
ball,2,35.6,Australia,MJ Clarke,SR Watson,GP Swann,1,0,"",""
ball,2,36.1,Australia,MJ Clarke,SR Watson,CT Tremlett,0,0,"",""
ball,2,36.2,Australia,MJ Clarke,SR Watson,CT Tremlett,4,0,"",""
ball,2,36.3,Australia,MJ Clarke,SR Watson,CT Tremlett,0,0,"",""
ball,2,36.4,Australia,MJ Clarke,SR Watson,CT Tremlett,2,0,"",""
ball,2,36.5,Australia,MJ Clarke,SR Watson,CT Tremlett,0,0,"",""
ball,2,36.6,Australia,MJ Clarke,SR Watson,CT Tremlett,2,0,"",""
ball,2,37.1,Australia,SR Watson,MJ Clarke,GP Swann,0,0,"",""
ball,2,37.2,Australia,SR Watson,MJ Clarke,GP Swann,2,0,"",""
ball,2,37.3,Australia,SR Watson,MJ Clarke,GP Swann,1,0,"",""
ball,2,37.4,Australia,MJ Clarke,SR Watson,GP Swann,1,0,"",""
ball,2,37.5,Australia,SR Watson,MJ Clarke,GP Swann,1,0,"",""
ball,2,37.6,Australia,MJ Clarke,SR Watson,GP Swann,0,0,"",""
ball,2,38.1,Australia,SR Watson,MJ Clarke,TT Bresnan,0,1,"",""
ball,2,38.2,Australia,MJ Clarke,SR Watson,TT Bresnan,1,0,"",""
ball,2,38.3,Australia,SR Watson,MJ Clarke,TT Bresnan,2,0,"",""
ball,2,38.4,Australia,SR Watson,MJ Clarke,TT Bresnan,1,0,"",""
ball,2,38.5,Australia,MJ Clarke,SR Watson,TT Bresnan,0,0,caught,MJ Clarke
ball,2,38.6,Australia,SPD Smith,SR Watson,TT Bresnan,0,0,"",""
ball,2,39.1,Australia,SR Watson,SPD Smith,A Shahzad,1,0,"",""
ball,2,39.2,Australia,SPD Smith,SR Watson,A Shahzad,4,0,"",""
ball,2,39.3,Australia,SPD Smith,SR Watson,A Shahzad,1,0,"",""
ball,2,39.4,Australia,SR Watson,SPD Smith,A Shahzad,1,0,"",""
ball,2,39.5,Australia,SPD Smith,SR Watson,A Shahzad,0,0,caught,SPD Smith
ball,2,39.6,Australia,MEK Hussey,SR Watson,A Shahzad,0,1,"",""
ball,2,39.7,Australia,MEK Hussey,SR Watson,A Shahzad,1,0,"",""
ball,2,40.1,Australia,MEK Hussey,SR Watson,TT Bresnan,2,0,"",""
ball,2,40.2,Australia,MEK Hussey,SR Watson,TT Bresnan,4,0,"",""
ball,2,40.3,Australia,MEK Hussey,SR Watson,TT Bresnan,6,0,"",""
ball,2,40.4,Australia,MEK Hussey,SR Watson,TT Bresnan,0,0,"",""
ball,2,40.5,Australia,MEK Hussey,SR Watson,TT Bresnan,2,0,"",""
ball,2,40.6,Australia,MEK Hussey,SR Watson,TT Bresnan,1,0,"",""
ball,2,41.1,Australia,MEK Hussey,SR Watson,A Shahzad,0,0,"",""
ball,2,41.2,Australia,MEK Hussey,SR Watson,A Shahzad,0,0,"",""
ball,2,41.3,Australia,MEK Hussey,SR Watson,A Shahzad,2,0,"",""
ball,2,41.4,Australia,MEK Hussey,SR Watson,A Shahzad,0,1,"",""
ball,2,41.5,Australia,SR Watson,MEK Hussey,A Shahzad,1,0,"",""
ball,2,41.6,Australia,MEK Hussey,SR Watson,A Shahzad,1,0,"",""
ball,2,42.1,Australia,MEK Hussey,SR Watson,TT Bresnan,0,0,"",""
ball,2,42.2,Australia,MEK Hussey,SR Watson,TT Bresnan,2,0,"",""
ball,2,42.3,Australia,MEK Hussey,SR Watson,TT Bresnan,0,0,caught,MEK Hussey
ball,2,42.4,Australia,CL White,SR Watson,TT Bresnan,0,0,"",""
ball,2,42.5,Australia,CL White,SR Watson,TT Bresnan,1,0,"",""
ball,2,42.6,Australia,SR Watson,CL White,TT Bresnan,0,1,"",""
ball,2,42.7,Australia,SR Watson,CL White,TT Bresnan,0,0,"",""
ball,2,43.1,Australia,CL White,SR Watson,MH Yardy,0,0,"",""
ball,2,43.2,Australia,CL White,SR Watson,MH Yardy,1,0,"",""
ball,2,43.3,Australia,SR Watson,CL White,MH Yardy,0,0,"",""
ball,2,43.4,Australia,SR Watson,CL White,MH Yardy,1,0,"",""
ball,2,43.5,Australia,CL White,SR Watson,MH Yardy,1,0,"",""
ball,2,43.6,Australia,SR Watson,CL White,MH Yardy,0,0,"",""
ball,2,44.1,Australia,CL White,SR Watson,CT Tremlett,0,0,"",""
ball,2,44.2,Australia,CL White,SR Watson,CT Tremlett,0,0,"",""
ball,2,44.3,Australia,CL White,SR Watson,CT Tremlett,1,0,"",""
ball,2,44.4,Australia,SR Watson,CL White,CT Tremlett,1,0,"",""
ball,2,44.5,Australia,CL White,SR Watson,CT Tremlett,1,0,"",""
ball,2,44.6,Australia,SR Watson,CL White,CT Tremlett,4,0,"",""
ball,2,45.1,Australia,CL White,SR Watson,TT Bresnan,1,0,"",""
ball,2,45.2,Australia,SR Watson,CL White,TT Bresnan,2,0,"",""
ball,2,45.3,Australia,SR Watson,CL White,TT Bresnan,1,0,"",""
ball,2,45.4,Australia,CL White,SR Watson,TT Bresnan,0,0,"",""
ball,2,45.5,Australia,CL White,SR Watson,TT Bresnan,2,0,"",""
ball,2,45.6,Australia,CL White,SR Watson,TT Bresnan,0,1,"",""
ball,2,45.7,Australia,CL White,SR Watson,TT Bresnan,1,1,"",""
ball,2,45.8,Australia,SR Watson,CL White,TT Bresnan,2,0,"",""
ball,2,46.1,Australia,CL White,SR Watson,CT Tremlett,2,0,"",""
ball,2,46.2,Australia,CL White,SR Watson,CT Tremlett,4,0,"",""
ball,2,46.3,Australia,CL White,SR Watson,CT Tremlett,1,0,"",""
ball,2,46.4,Australia,SR Watson,CL White,CT Tremlett,4,0,"",""
ball,2,46.5,Australia,SR Watson,CL White,CT Tremlett,1,0,"",""
ball,2,46.6,Australia,CL White,SR Watson,CT Tremlett,1,0,"",""
ball,2,47.1,Australia,CL White,SR Watson,A Shahzad,2,0,"",""
ball,2,47.2,Australia,CL White,SR Watson,A Shahzad,1,0,"",""
ball,2,47.3,Australia,SR Watson,CL White,A Shahzad,0,0,"",""
ball,2,47.4,Australia,SR Watson,CL White,A Shahzad,0,0,"",""
ball,2,47.5,Australia,SR Watson,CL White,A Shahzad,0,0,"",""
ball,2,47.6,Australia,SR Watson,CL White,A Shahzad,2,0,"",""
ball,2,48.1,Australia,CL White,SR Watson,TT Bresnan,0,0,"",""
ball,2,48.2,Australia,CL White,SR Watson,TT Bresnan,4,0,"",""
ball,2,48.3,Australia,CL White,SR Watson,TT Bresnan,0,0,"",""
ball,2,48.4,Australia,CL White,SR Watson,TT Bresnan,1,0,"",""
ball,2,48.5,Australia,SR Watson,CL White,TT Bresnan,0,0,"",""
ball,2,48.6,Australia,SR Watson,CL White,TT Bresnan,1,0,"",""
ball,2,49.1,Australia,SR Watson,CL White,A Shahzad,6,0,"",""
