version,1.3.0
info,team,Australia
info,team,England
info,gender,male
info,season,2010/11
info,date,2011/02/06
info,series,England in Australia ODI Series
info,match_number,7
info,venue,Western Australia Cricket Association Ground
info,city,Perth
info,toss_winner,Australia
info,toss_decision,bat
info,player_of_match,AC Voges
info,umpire,Asad Rauf
info,umpire,PR Reiffel
info,reserve_umpire,SD Fry
info,tv_umpire,M Erasmus
info,match_referee,J Srinath
info,winner,Australia
info,winner_runs,57
ball,1,0.1,Australia,TD Paine,BJ Haddin,JM Anderson,0,0,"",""
ball,1,0.2,Australia,TD Paine,BJ Haddin,JM Anderson,0,1,"",""
ball,1,0.3,Australia,TD Paine,BJ Haddin,JM Anderson,1,0,"",""
ball,1,0.4,Australia,BJ Haddin,TD Paine,JM Anderson,0,0,"",""
ball,1,0.5,Australia,BJ Haddin,TD Paine,JM Anderson,0,0,"",""
ball,1,0.6,Australia,BJ Haddin,TD Paine,JM Anderson,0,0,"",""
ball,1,0.7,Australia,BJ Haddin,TD Paine,JM Anderson,1,0,"",""
ball,1,1.1,Australia,BJ Haddin,TD Paine,LE Plunkett,1,0,"",""
ball,1,1.2,Australia,TD Paine,BJ Haddin,LE Plunkett,3,0,"",""
ball,1,1.3,Australia,BJ Haddin,TD Paine,LE Plunkett,2,0,"",""
ball,1,1.4,Australia,BJ Haddin,TD Paine,LE Plunkett,0,1,"",""
ball,1,1.5,Australia,BJ Haddin,TD Paine,LE Plunkett,0,0,"",""
ball,1,1.6,Australia,BJ Haddin,TD Paine,LE Plunkett,0,1,"",""
ball,1,1.7,Australia,BJ Haddin,TD Paine,LE Plunkett,0,0,"",""
ball,1,1.8,Australia,BJ Haddin,TD Paine,LE Plunkett,0,0,"",""
ball,1,2.1,Australia,TD Paine,BJ Haddin,JM Anderson,1,0,"",""
ball,1,2.2,Australia,BJ Haddin,TD Paine,JM Anderson,4,0,"",""
ball,1,2.3,Australia,BJ Haddin,TD Paine,JM Anderson,0,0,"",""
ball,1,2.4,Australia,BJ Haddin,TD Paine,JM Anderson,0,0,"",""
ball,1,2.5,Australia,BJ Haddin,TD Paine,JM Anderson,0,0,"",""
ball,1,2.6,Australia,BJ Haddin,TD Paine,JM Anderson,0,0,"",""
ball,1,3.1,Australia,TD Paine,BJ Haddin,LE Plunkett,0,0,"",""
ball,1,3.2,Australia,TD Paine,BJ Haddin,LE Plunkett,0,0,"",""
ball,1,3.3,Australia,TD Paine,BJ Haddin,LE Plunkett,0,0,lbw,TD Paine
ball,1,3.4,Australia,CJ Ferguson,BJ Haddin,LE Plunkett,0,0,"",""
ball,1,3.5,Australia,CJ Ferguson,BJ Haddin,LE Plunkett,0,0,"",""
ball,1,3.6,Australia,CJ Ferguson,BJ Haddin,LE Plunkett,1,0,"",""
ball,1,4.1,Australia,CJ Ferguson,BJ Haddin,JM Anderson,0,0,"",""
ball,1,4.2,Australia,CJ Ferguson,BJ Haddin,JM Anderson,0,0,"",""
ball,1,4.3,Australia,CJ Ferguson,BJ Haddin,JM Anderson,0,1,"",""
ball,1,4.4,Australia,BJ Haddin,CJ Ferguson,JM Anderson,0,0,"",""
ball,1,4.5,Australia,BJ Haddin,CJ Ferguson,JM Anderson,0,0,"",""
ball,1,4.6,Australia,BJ Haddin,CJ Ferguson,JM Anderson,0,0,"",""
ball,1,5.1,Australia,CJ Ferguson,BJ Haddin,LE Plunkett,0,0,"",""
ball,1,5.2,Australia,CJ Ferguson,BJ Haddin,LE Plunkett,0,0,"",""
ball,1,5.3,Australia,CJ Ferguson,BJ Haddin,LE Plunkett,4,0,"",""
ball,1,5.4,Australia,CJ Ferguson,BJ Haddin,LE Plunkett,0,0,"",""
ball,1,5.5,Australia,CJ Ferguson,BJ Haddin,LE Plunkett,0,0,"",""
ball,1,5.6,Australia,CJ Ferguson,BJ Haddin,LE Plunkett,1,0,"",""
ball,1,6.1,Australia,CJ Ferguson,BJ Haddin,JM Anderson,0,0,"",""
ball,1,6.2,Australia,CJ Ferguson,BJ Haddin,JM Anderson,0,0,"",""
ball,1,6.3,Australia,CJ Ferguson,BJ Haddin,JM Anderson,0,0,"",""
ball,1,6.4,Australia,CJ Ferguson,BJ Haddin,JM Anderson,1,0,"",""
ball,1,6.5,Australia,BJ Haddin,CJ Ferguson,JM Anderson,0,1,"",""
ball,1,6.6,Australia,CJ Ferguson,BJ Haddin,JM Anderson,0,0,"",""
ball,1,7.1,Australia,BJ Haddin,CJ Ferguson,ST Finn,1,0,"",""
ball,1,7.2,Australia,CJ Ferguson,BJ Haddin,ST Finn,0,0,"",""
ball,1,7.3,Australia,CJ Ferguson,BJ Haddin,ST Finn,4,0,"",""
ball,1,7.4,Australia,CJ Ferguson,BJ Haddin,ST Finn,0,0,"",""
ball,1,7.5,Australia,CJ Ferguson,BJ Haddin,ST Finn,4,0,"",""
ball,1,7.6,Australia,CJ Ferguson,BJ Haddin,ST Finn,0,0,"",""
ball,1,8.1,Australia,BJ Haddin,CJ Ferguson,JM Anderson,0,0,"",""
ball,1,8.2,Australia,BJ Haddin,CJ Ferguson,JM Anderson,0,0,"",""
ball,1,8.3,Australia,BJ Haddin,CJ Ferguson,JM Anderson,0,0,"",""
ball,1,8.4,Australia,BJ Haddin,CJ Ferguson,JM Anderson,1,0,"",""
ball,1,8.5,Australia,CJ Ferguson,BJ Haddin,JM Anderson,0,0,caught,CJ Ferguson
ball,1,8.6,Australia,CL White,BJ Haddin,JM Anderson,0,0,"",""
ball,1,9.1,Australia,BJ Haddin,CL White,ST Finn,0,0,"",""
ball,1,9.2,Australia,BJ Haddin,CL White,ST Finn,1,0,"",""
ball,1,9.3,Australia,CL White,BJ Haddin,ST Finn,0,0,"",""
ball,1,9.4,Australia,CL White,BJ Haddin,ST Finn,0,0,"",""
ball,1,9.5,Australia,CL White,BJ Haddin,ST Finn,0,0,"",""
ball,1,9.6,Australia,CL White,BJ Haddin,ST Finn,0,0,"",""
ball,1,10.1,Australia,BJ Haddin,CL White,JM Anderson,6,0,"",""
ball,1,10.2,Australia,BJ Haddin,CL White,JM Anderson,0,0,"",""
ball,1,10.3,Australia,BJ Haddin,CL White,JM Anderson,0,0,"",""
ball,1,10.4,Australia,BJ Haddin,CL White,JM Anderson,1,0,"",""
ball,1,10.5,Australia,CL White,BJ Haddin,JM Anderson,1,0,"",""
ball,1,10.6,Australia,BJ Haddin,CL White,JM Anderson,0,0,"",""
ball,1,11.1,Australia,CL White,BJ Haddin,ST Finn,0,0,"",""
ball,1,11.2,Australia,CL White,BJ Haddin,ST Finn,0,0,"",""
ball,1,11.3,Australia,CL White,BJ Haddin,ST Finn,0,0,"",""
ball,1,11.4,Australia,CL White,BJ Haddin,ST Finn,0,0,"",""
ball,1,11.5,Australia,CL White,BJ Haddin,ST Finn,0,0,"",""
ball,1,11.6,Australia,CL White,BJ Haddin,ST Finn,0,0,"",""
ball,1,12.1,Australia,BJ Haddin,CL White,LE Plunkett,0,0,"",""
ball,1,12.2,Australia,BJ Haddin,CL White,LE Plunkett,0,0,"",""
ball,1,12.3,Australia,BJ Haddin,CL White,LE Plunkett,1,0,"",""
ball,1,12.4,Australia,CL White,BJ Haddin,LE Plunkett,0,0,"",""
ball,1,12.5,Australia,CL White,BJ Haddin,LE Plunkett,1,0,"",""
ball,1,12.6,Australia,BJ Haddin,CL White,LE Plunkett,0,1,"",""
ball,1,13.1,Australia,BJ Haddin,CL White,ST Finn,0,0,"",""
ball,1,13.2,Australia,BJ Haddin,CL White,ST Finn,0,0,"",""
ball,1,13.3,Australia,BJ Haddin,CL White,ST Finn,0,0,"",""
ball,1,13.4,Australia,BJ Haddin,CL White,ST Finn,1,0,"",""
ball,1,13.5,Australia,CL White,BJ Haddin,ST Finn,0,0,"",""
ball,1,13.6,Australia,CL White,BJ Haddin,ST Finn,4,0,"",""
ball,1,14.1,Australia,BJ Haddin,CL White,LE Plunkett,1,0,"",""
ball,1,14.2,Australia,CL White,BJ Haddin,LE Plunkett,1,0,"",""
ball,1,14.3,Australia,BJ Haddin,CL White,LE Plunkett,0,0,"",""
ball,1,14.4,Australia,BJ Haddin,CL White,LE Plunkett,1,0,"",""
ball,1,14.5,Australia,CL White,BJ Haddin,LE Plunkett,0,0,"",""
ball,1,14.6,Australia,CL White,BJ Haddin,LE Plunkett,0,0,"",""
ball,1,15.1,Australia,BJ Haddin,CL White,ST Finn,0,0,"",""
ball,1,15.2,Australia,BJ Haddin,CL White,ST Finn,0,1,"",""
ball,1,15.3,Australia,CL White,BJ Haddin,ST Finn,0,0,"",""
ball,1,15.4,Australia,CL White,BJ Haddin,ST Finn,0,0,"",""
ball,1,15.5,Australia,CL White,BJ Haddin,ST Finn,1,0,"",""
ball,1,15.6,Australia,BJ Haddin,CL White,ST Finn,0,0,"",""
ball,1,16.1,Australia,CL White,BJ Haddin,LE Plunkett,1,0,"",""
ball,1,16.2,Australia,BJ Haddin,CL White,LE Plunkett,0,1,"",""
ball,1,16.3,Australia,BJ Haddin,CL White,LE Plunkett,0,0,"",""
ball,1,16.4,Australia,BJ Haddin,CL White,LE Plunkett,1,0,"",""
ball,1,16.5,Australia,CL White,BJ Haddin,LE Plunkett,1,0,"",""
ball,1,16.6,Australia,BJ Haddin,CL White,LE Plunkett,0,1,"",""
ball,1,16.7,Australia,BJ Haddin,CL White,LE Plunkett,1,0,"",""
ball,1,16.8,Australia,CL White,BJ Haddin,LE Plunkett,0,0,"",""
ball,1,17.1,Australia,BJ Haddin,CL White,ST Finn,1,0,"",""
ball,1,17.2,Australia,CL White,BJ Haddin,ST Finn,1,0,"",""
ball,1,17.3,Australia,BJ Haddin,CL White,ST Finn,0,0,"",""
ball,1,17.4,Australia,BJ Haddin,CL White,ST Finn,0,0,"",""
ball,1,17.5,Australia,BJ Haddin,CL White,ST Finn,0,0,"",""
ball,1,17.6,Australia,BJ Haddin,CL White,ST Finn,0,0,"",""
ball,1,18.1,Australia,CL White,BJ Haddin,LJ Wright,0,0,"",""
ball,1,18.2,Australia,CL White,BJ Haddin,LJ Wright,1,0,"",""
ball,1,18.3,Australia,BJ Haddin,CL White,LJ Wright,0,0,"",""
ball,1,18.4,Australia,BJ Haddin,CL White,LJ Wright,0,1,"",""
ball,1,18.5,Australia,BJ Haddin,CL White,LJ Wright,0,1,"",""
ball,1,18.6,Australia,CL White,BJ Haddin,LJ Wright,1,0,"",""
ball,1,18.7,Australia,BJ Haddin,CL White,LJ Wright,1,0,"",""
ball,1,19.1,Australia,BJ Haddin,CL White,MH Yardy,0,0,"",""
ball,1,19.2,Australia,BJ Haddin,CL White,MH Yardy,1,0,"",""
ball,1,19.3,Australia,CL White,BJ Haddin,MH Yardy,0,1,"",""
ball,1,19.4,Australia,BJ Haddin,CL White,MH Yardy,0,0,caught,BJ Haddin
ball,1,19.5,Australia,CL White,DJ Hussey,MH Yardy,0,0,"",""
ball,1,19.6,Australia,CL White,DJ Hussey,MH Yardy,1,0,"",""
ball,1,20.1,Australia,CL White,DJ Hussey,LJ Wright,1,0,"",""
ball,1,20.2,Australia,DJ Hussey,CL White,LJ Wright,0,0,"",""
ball,1,20.3,Australia,DJ Hussey,CL White,LJ Wright,0,0,"",""
ball,1,20.4,Australia,DJ Hussey,CL White,LJ Wright,4,0,"",""
ball,1,20.5,Australia,DJ Hussey,CL White,LJ Wright,0,0,"",""
ball,1,20.6,Australia,DJ Hussey,CL White,LJ Wright,1,0,"",""
ball,1,21.1,Australia,DJ Hussey,CL White,MH Yardy,1,0,"",""
ball,1,21.2,Australia,CL White,DJ Hussey,MH Yardy,0,0,"",""
ball,1,21.3,Australia,CL White,DJ Hussey,MH Yardy,1,0,"",""
ball,1,21.4,Australia,DJ Hussey,CL White,MH Yardy,2,0,"",""
ball,1,21.5,Australia,DJ Hussey,CL White,MH Yardy,1,0,"",""
ball,1,21.6,Australia,CL White,DJ Hussey,MH Yardy,1,0,"",""
ball,1,22.1,Australia,CL White,DJ Hussey,LJ Wright,0,1,"",""
ball,1,22.2,Australia,CL White,DJ Hussey,LJ Wright,1,0,"",""
ball,1,22.3,Australia,DJ Hussey,CL White,LJ Wright,0,0,"",""
ball,1,22.4,Australia,DJ Hussey,CL White,LJ Wright,1,0,"",""
ball,1,22.5,Australia,CL White,DJ Hussey,LJ Wright,0,0,"",""
ball,1,22.6,Australia,CL White,DJ Hussey,LJ Wright,1,0,"",""
ball,1,22.7,Australia,DJ Hussey,CL White,LJ Wright,0,0,"",""
ball,1,23.1,Australia,CL White,DJ Hussey,MH Yardy,0,0,"",""
ball,1,23.2,Australia,CL White,DJ Hussey,MH Yardy,1,0,"",""
ball,1,23.3,Australia,DJ Hussey,CL White,MH Yardy,1,0,"",""
ball,1,23.4,Australia,CL White,DJ Hussey,MH Yardy,1,0,"",""
ball,1,23.5,Australia,DJ Hussey,CL White,MH Yardy,6,0,"",""
ball,1,23.6,Australia,DJ Hussey,CL White,MH Yardy,0,0,"",""
ball,1,24.1,Australia,CL White,DJ Hussey,LJ Wright,0,0,"",""
ball,1,24.2,Australia,CL White,DJ Hussey,LJ Wright,2,0,"",""
ball,1,24.3,Australia,CL White,DJ Hussey,LJ Wright,0,0,"",""
ball,1,24.4,Australia,CL White,DJ Hussey,LJ Wright,1,0,"",""
ball,1,24.5,Australia,DJ Hussey,CL White,LJ Wright,0,0,"",""
ball,1,24.6,Australia,DJ Hussey,CL White,LJ Wright,1,0,"",""
ball,1,25.1,Australia,DJ Hussey,CL White,MH Yardy,1,0,"",""
ball,1,25.2,Australia,CL White,DJ Hussey,MH Yardy,0,0,caught and bowled,CL White
ball,1,25.3,Australia,AC Voges,DJ Hussey,MH Yardy,0,0,"",""
ball,1,25.4,Australia,AC Voges,DJ Hussey,MH Yardy,0,0,"",""
ball,1,25.5,Australia,AC Voges,DJ Hussey,MH Yardy,0,0,"",""
ball,1,25.6,Australia,AC Voges,DJ Hussey,MH Yardy,0,0,"",""
ball,1,26.1,Australia,DJ Hussey,AC Voges,LE Plunkett,4,0,"",""
ball,1,26.2,Australia,DJ Hussey,AC Voges,LE Plunkett,0,0,"",""
ball,1,26.3,Australia,DJ Hussey,AC Voges,LE Plunkett,4,0,"",""
ball,1,26.4,Australia,DJ Hussey,AC Voges,LE Plunkett,1,0,"",""
ball,1,26.5,Australia,AC Voges,DJ Hussey,LE Plunkett,0,0,"",""
ball,1,26.6,Australia,AC Voges,DJ Hussey,LE Plunkett,1,0,"",""
ball,1,27.1,Australia,AC Voges,DJ Hussey,MH Yardy,0,0,"",""
ball,1,27.2,Australia,AC Voges,DJ Hussey,MH Yardy,3,0,"",""
ball,1,27.3,Australia,DJ Hussey,AC Voges,MH Yardy,0,0,"",""
ball,1,27.4,Australia,DJ Hussey,AC Voges,MH Yardy,1,0,"",""
ball,1,27.5,Australia,AC Voges,DJ Hussey,MH Yardy,0,0,"",""
ball,1,27.6,Australia,AC Voges,DJ Hussey,MH Yardy,4,0,"",""
ball,1,28.1,Australia,DJ Hussey,AC Voges,LE Plunkett,0,1,"",""
ball,1,28.2,Australia,DJ Hussey,AC Voges,LE Plunkett,1,0,"",""
ball,1,28.3,Australia,AC Voges,DJ Hussey,LE Plunkett,1,0,"",""
ball,1,28.4,Australia,DJ Hussey,AC Voges,LE Plunkett,1,0,"",""
ball,1,28.5,Australia,AC Voges,DJ Hussey,LE Plunkett,0,0,"",""
ball,1,28.6,Australia,AC Voges,DJ Hussey,LE Plunkett,0,1,"",""
ball,1,28.7,Australia,AC Voges,DJ Hussey,LE Plunkett,1,0,"",""
ball,1,28.8,Australia,DJ Hussey,AC Voges,LE Plunkett,0,0,"",""
ball,1,29.1,Australia,AC Voges,DJ Hussey,MH Yardy,1,0,"",""
ball,1,29.2,Australia,DJ Hussey,AC Voges,MH Yardy,0,0,"",""
ball,1,29.3,Australia,DJ Hussey,AC Voges,MH Yardy,1,0,"",""
ball,1,29.4,Australia,AC Voges,DJ Hussey,MH Yardy,1,0,"",""
ball,1,29.5,Australia,DJ Hussey,AC Voges,MH Yardy,2,0,"",""
ball,1,29.6,Australia,DJ Hussey,AC Voges,MH Yardy,1,0,"",""
ball,1,30.1,Australia,DJ Hussey,AC Voges,IJL Trott,1,0,"",""
ball,1,30.2,Australia,AC Voges,DJ Hussey,IJL Trott,4,0,"",""
ball,1,30.3,Australia,AC Voges,DJ Hussey,IJL Trott,1,0,"",""
ball,1,30.4,Australia,DJ Hussey,AC Voges,IJL Trott,0,4,"",""
ball,1,30.5,Australia,DJ Hussey,AC Voges,IJL Trott,1,0,"",""
ball,1,30.6,Australia,AC Voges,DJ Hussey,IJL Trott,1,0,"",""
ball,1,31.1,Australia,AC Voges,DJ Hussey,MH Yardy,2,0,"",""
ball,1,31.2,Australia,AC Voges,DJ Hussey,MH Yardy,0,0,"",""
ball,1,31.3,Australia,AC Voges,DJ Hussey,MH Yardy,2,0,"",""
ball,1,31.4,Australia,AC Voges,DJ Hussey,MH Yardy,1,0,"",""
ball,1,31.5,Australia,DJ Hussey,AC Voges,MH Yardy,0,0,"",""
ball,1,31.6,Australia,DJ Hussey,AC Voges,MH Yardy,1,0,"",""
ball,1,32.1,Australia,DJ Hussey,AC Voges,LJ Wright,1,0,"",""
ball,1,32.2,Australia,AC Voges,DJ Hussey,LJ Wright,0,1,"",""
ball,1,32.3,Australia,AC Voges,DJ Hussey,LJ Wright,1,0,"",""
ball,1,32.4,Australia,DJ Hussey,AC Voges,LJ Wright,0,0,"",""
ball,1,32.5,Australia,DJ Hussey,AC Voges,LJ Wright,0,0,"",""
ball,1,32.6,Australia,DJ Hussey,AC Voges,LJ Wright,4,0,"",""
ball,1,32.7,Australia,DJ Hussey,AC Voges,LJ Wright,1,0,"",""
ball,1,33.1,Australia,DJ Hussey,AC Voges,MH Yardy,4,0,"",""
ball,1,33.2,Australia,DJ Hussey,AC Voges,MH Yardy,0,0,"",""
ball,1,33.3,Australia,DJ Hussey,AC Voges,MH Yardy,1,0,"",""
ball,1,33.4,Australia,AC Voges,DJ Hussey,MH Yardy,0,0,"",""
ball,1,33.5,Australia,AC Voges,DJ Hussey,MH Yardy,1,0,"",""
ball,1,33.6,Australia,DJ Hussey,AC Voges,MH Yardy,1,0,"",""
ball,1,34.1,Australia,DJ Hussey,AC Voges,LJ Wright,1,0,"",""
ball,1,34.2,Australia,AC Voges,DJ Hussey,LJ Wright,0,0,"",""
ball,1,34.3,Australia,AC Voges,DJ Hussey,LJ Wright,2,0,"",""
ball,1,34.4,Australia,AC Voges,DJ Hussey,LJ Wright,3,0,"",""
ball,1,34.5,Australia,DJ Hussey,AC Voges,LJ Wright,1,0,"",""
ball,1,34.6,Australia,AC Voges,DJ Hussey,LJ Wright,2,0,"",""
ball,1,35.1,Australia,DJ Hussey,AC Voges,ST Finn,0,0,"",""
ball,1,35.2,Australia,DJ Hussey,AC Voges,ST Finn,1,0,"",""
ball,1,35.3,Australia,AC Voges,DJ Hussey,ST Finn,4,0,"",""
ball,1,35.4,Australia,AC Voges,DJ Hussey,ST Finn,1,0,"",""
ball,1,35.5,Australia,DJ Hussey,AC Voges,ST Finn,1,0,"",""
ball,1,35.6,Australia,AC Voges,DJ Hussey,ST Finn,1,0,"",""
ball,1,36.1,Australia,AC Voges,DJ Hussey,LJ Wright,1,0,"",""
ball,1,36.2,Australia,DJ Hussey,AC Voges,LJ Wright,0,0,"",""
ball,1,36.3,Australia,DJ Hussey,AC Voges,LJ Wright,1,0,"",""
ball,1,36.4,Australia,AC Voges,DJ Hussey,LJ Wright,1,0,"",""
ball,1,36.5,Australia,DJ Hussey,AC Voges,LJ Wright,0,0,"",""
ball,1,36.6,Australia,DJ Hussey,AC Voges,LJ Wright,2,0,"",""
ball,1,37.1,Australia,AC Voges,DJ Hussey,ST Finn,0,0,"",""
ball,1,37.2,Australia,AC Voges,DJ Hussey,ST Finn,4,0,"",""
ball,1,37.3,Australia,AC Voges,DJ Hussey,ST Finn,0,0,"",""
ball,1,37.4,Australia,AC Voges,DJ Hussey,ST Finn,1,0,"",""
ball,1,37.5,Australia,DJ Hussey,AC Voges,ST Finn,0,0,"",""
ball,1,37.6,Australia,DJ Hussey,AC Voges,ST Finn,0,1,"",""
ball,1,37.7,Australia,DJ Hussey,AC Voges,ST Finn,1,0,"",""
ball,1,38.1,Australia,DJ Hussey,AC Voges,LJ Wright,0,0,"",""
ball,1,38.2,Australia,DJ Hussey,AC Voges,LJ Wright,0,0,"",""
ball,1,38.3,Australia,DJ Hussey,AC Voges,LJ Wright,1,0,"",""
ball,1,38.4,Australia,AC Voges,DJ Hussey,LJ Wright,0,0,"",""
ball,1,38.5,Australia,AC Voges,DJ Hussey,LJ Wright,1,0,"",""
ball,1,38.6,Australia,DJ Hussey,AC Voges,LJ Wright,1,0,"",""
ball,1,39.1,Australia,DJ Hussey,AC Voges,LE Plunkett,0,0,caught,DJ Hussey
ball,1,39.2,Australia,MG Johnson,AC Voges,LE Plunkett,0,0,"",""
ball,1,39.3,Australia,MG Johnson,AC Voges,LE Plunkett,0,0,"",""
ball,1,39.4,Australia,MG Johnson,AC Voges,LE Plunkett,1,0,"",""
ball,1,39.5,Australia,AC Voges,MG Johnson,LE Plunkett,1,0,"",""
ball,1,39.6,Australia,MG Johnson,AC Voges,LE Plunkett,2,0,"",""
ball,1,40.1,Australia,AC Voges,MG Johnson,LJ Wright,0,0,"",""
ball,1,40.2,Australia,AC Voges,MG Johnson,LJ Wright,0,0,"",""
ball,1,40.3,Australia,AC Voges,MG Johnson,LJ Wright,2,0,"",""
ball,1,40.4,Australia,AC Voges,MG Johnson,LJ Wright,1,0,"",""
ball,1,40.5,Australia,MG Johnson,AC Voges,LJ Wright,0,0,"",""
ball,1,40.6,Australia,MG Johnson,AC Voges,LJ Wright,1,0,"",""
ball,1,41.1,Australia,MG Johnson,AC Voges,LE Plunkett,1,0,"",""
ball,1,41.2,Australia,AC Voges,MG Johnson,LE Plunkett,0,0,"",""
ball,1,41.3,Australia,AC Voges,MG Johnson,LE Plunkett,2,0,"",""
ball,1,41.4,Australia,AC Voges,MG Johnson,LE Plunkett,0,0,"",""
ball,1,41.5,Australia,AC Voges,MG Johnson,LE Plunkett,0,0,"",""
ball,1,41.6,Australia,AC Voges,MG Johnson,LE Plunkett,1,0,"",""
ball,1,42.1,Australia,AC Voges,MG Johnson,JM Anderson,1,0,"",""
ball,1,42.2,Australia,MG Johnson,AC Voges,JM Anderson,0,0,"",""
ball,1,42.3,Australia,MG Johnson,AC Voges,JM Anderson,0,0,"",""
ball,1,42.4,Australia,MG Johnson,AC Voges,JM Anderson,2,0,"",""
ball,1,42.5,Australia,MG Johnson,AC Voges,JM Anderson,1,0,"",""
ball,1,42.6,Australia,AC Voges,MG Johnson,JM Anderson,1,0,"",""
ball,1,43.1,Australia,AC Voges,MG Johnson,MH Yardy,0,0,"",""
ball,1,43.2,Australia,AC Voges,MG Johnson,MH Yardy,1,0,"",""
ball,1,43.3,Australia,MG Johnson,AC Voges,MH Yardy,0,0,"",""
ball,1,43.4,Australia,MG Johnson,AC Voges,MH Yardy,2,0,"",""
ball,1,43.5,Australia,MG Johnson,AC Voges,MH Yardy,1,0,"",""
ball,1,43.6,Australia,AC Voges,MG Johnson,MH Yardy,0,0,"",""
ball,1,44.1,Australia,MG Johnson,AC Voges,JM Anderson,0,0,"",""
ball,1,44.2,Australia,MG Johnson,AC Voges,JM Anderson,4,0,"",""
ball,1,44.3,Australia,MG Johnson,AC Voges,JM Anderson,1,0,"",""
ball,1,44.4,Australia,AC Voges,MG Johnson,JM Anderson,1,0,"",""
ball,1,44.5,Australia,MG Johnson,AC Voges,JM Anderson,2,0,"",""
ball,1,44.6,Australia,MG Johnson,AC Voges,JM Anderson,0,1,"",""
ball,1,45.1,Australia,MG Johnson,AC Voges,MH Yardy,1,0,"",""
ball,1,45.2,Australia,AC Voges,MG Johnson,MH Yardy,0,1,"",""
ball,1,45.3,Australia,AC Voges,MG Johnson,MH Yardy,1,0,"",""
ball,1,45.4,Australia,MG Johnson,AC Voges,MH Yardy,0,1,"",""
ball,1,45.5,Australia,MG Johnson,AC Voges,MH Yardy,4,0,"",""
ball,1,45.6,Australia,MG Johnson,AC Voges,MH Yardy,1,0,"",""
ball,1,45.7,Australia,AC Voges,MG Johnson,MH Yardy,0,0,"",""
ball,1,45.8,Australia,AC Voges,MG Johnson,MH Yardy,1,0,"",""
ball,1,46.1,Australia,AC Voges,MG Johnson,JM Anderson,2,0,"",""
ball,1,46.2,Australia,AC Voges,MG Johnson,JM Anderson,1,0,"",""
ball,1,46.3,Australia,MG Johnson,AC Voges,JM Anderson,2,0,"",""
ball,1,46.4,Australia,MG Johnson,AC Voges,JM Anderson,0,0,"",""
ball,1,46.5,Australia,MG Johnson,AC Voges,JM Anderson,0,0,caught,MG Johnson
ball,1,46.6,Australia,AC Voges,JW Hastings,JM Anderson,2,0,"",""
ball,1,47.1,Australia,JW Hastings,AC Voges,ST Finn,0,1,"",""
ball,1,47.2,Australia,JW Hastings,AC Voges,ST Finn,1,0,"",""
ball,1,47.3,Australia,AC Voges,JW Hastings,ST Finn,0,1,"",""
ball,1,47.4,Australia,AC Voges,JW Hastings,ST Finn,2,0,"",""
ball,1,47.5,Australia,AC Voges,JW Hastings,ST Finn,1,0,"",""
ball,1,47.6,Australia,JW Hastings,AC Voges,ST Finn,4,0,"",""
ball,1,47.7,Australia,JW Hastings,AC Voges,ST Finn,1,0,"",""
ball,1,47.8,Australia,AC Voges,JW Hastings,ST Finn,1,0,"",""
ball,1,48.1,Australia,AC Voges,JW Hastings,JM Anderson,2,0,"",""
ball,1,48.2,Australia,AC Voges,JW Hastings,JM Anderson,2,0,"",""
ball,1,48.3,Australia,AC Voges,JW Hastings,JM Anderson,0,1,"",""
ball,1,48.4,Australia,AC Voges,JW Hastings,JM Anderson,1,0,"",""
ball,1,48.5,Australia,JW Hastings,AC Voges,JM Anderson,0,0,caught,JW Hastings
ball,1,48.6,Australia,AC Voges,JJ Krejza,JM Anderson,2,0,"",""
ball,1,48.7,Australia,AC Voges,JJ Krejza,JM Anderson,2,0,"",""
ball,1,49.1,Australia,JJ Krejza,AC Voges,ST Finn,0,1,"",""
ball,1,49.2,Australia,JJ Krejza,AC Voges,ST Finn,0,2,"",""
ball,1,49.3,Australia,AC Voges,JJ Krejza,ST Finn,2,0,"",""
ball,1,49.4,Australia,AC Voges,JJ Krejza,ST Finn,1,0,"",""
ball,1,49.5,Australia,JJ Krejza,AC Voges,ST Finn,0,0,"",""
ball,1,49.6,Australia,JJ Krejza,AC Voges,ST Finn,2,0,"",""
ball,1,49.7,Australia,JJ Krejza,AC Voges,ST Finn,2,0,"",""
ball,1,49.8,Australia,JJ Krejza,AC Voges,ST Finn,2,0,"",""
ball,2,0.1,England,AJ Strauss,SM Davies,SW Tait,0,0,"",""
ball,2,0.2,England,AJ Strauss,SM Davies,SW Tait,0,0,bowled,AJ Strauss
ball,2,0.3,England,IJL Trott,SM Davies,SW Tait,0,0,"",""
ball,2,0.4,England,IJL Trott,SM Davies,SW Tait,0,1,"",""
ball,2,0.5,England,IJL Trott,SM Davies,SW Tait,1,0,"",""
ball,2,0.6,England,SM Davies,IJL Trott,SW Tait,0,1,"",""
ball,2,0.7,England,SM Davies,IJL Trott,SW Tait,0,0,"",""
ball,2,0.8,England,SM Davies,IJL Trott,SW Tait,0,0,"",""
ball,2,1.1,England,IJL Trott,SM Davies,DE Bollinger,0,0,"",""
ball,2,1.2,England,IJL Trott,SM Davies,DE Bollinger,0,1,"",""
ball,2,1.3,England,SM Davies,IJL Trott,DE Bollinger,0,0,"",""
ball,2,1.4,England,SM Davies,IJL Trott,DE Bollinger,0,1,"",""
ball,2,1.5,England,SM Davies,IJL Trott,DE Bollinger,0,0,"",""
ball,2,1.6,England,SM Davies,IJL Trott,DE Bollinger,0,0,"",""
ball,2,1.7,England,SM Davies,IJL Trott,DE Bollinger,0,0,caught,SM Davies
ball,2,2.1,England,KP Pietersen,IJL Trott,SW Tait,0,0,"",""
ball,2,2.2,England,KP Pietersen,IJL Trott,SW Tait,1,0,"",""
ball,2,2.3,England,IJL Trott,KP Pietersen,SW Tait,0,1,"",""
ball,2,2.4,England,IJL Trott,KP Pietersen,SW Tait,0,0,"",""
ball,2,2.5,England,IJL Trott,KP Pietersen,SW Tait,0,0,"",""
ball,2,2.6,England,IJL Trott,KP Pietersen,SW Tait,0,1,"",""
ball,2,2.7,England,IJL Trott,KP Pietersen,SW Tait,0,1,"",""
ball,2,2.8,England,IJL Trott,KP Pietersen,SW Tait,0,0,"",""
ball,2,2.9,England,IJL Trott,KP Pietersen,SW Tait,0,0,"",""
ball,2,3.1,England,KP Pietersen,IJL Trott,DE Bollinger,0,1,"",""
ball,2,3.2,England,KP Pietersen,IJL Trott,DE Bollinger,0,0,"",""
ball,2,3.3,England,KP Pietersen,IJL Trott,DE Bollinger,1,0,"",""
ball,2,3.4,England,IJL Trott,KP Pietersen,DE Bollinger,1,0,"",""
ball,2,3.5,England,KP Pietersen,IJL Trott,DE Bollinger,0,0,"",""
ball,2,3.6,England,KP Pietersen,IJL Trott,DE Bollinger,0,0,"",""
ball,2,3.7,England,KP Pietersen,IJL Trott,DE Bollinger,0,0,"",""
ball,2,4.1,England,IJL Trott,KP Pietersen,SW Tait,3,0,"",""
ball,2,4.2,England,KP Pietersen,IJL Trott,SW Tait,2,0,"",""
ball,2,4.3,England,KP Pietersen,IJL Trott,SW Tait,2,0,"",""
ball,2,4.4,England,KP Pietersen,IJL Trott,SW Tait,0,1,"",""
ball,2,4.5,England,KP Pietersen,IJL Trott,SW Tait,0,1,"",""
ball,2,4.6,England,KP Pietersen,IJL Trott,SW Tait,4,0,"",""
ball,2,4.7,England,KP Pietersen,IJL Trott,SW Tait,0,0,"",""
ball,2,4.8,England,KP Pietersen,IJL Trott,SW Tait,4,0,"",""
ball,2,5.1,England,IJL Trott,KP Pietersen,DE Bollinger,2,0,"",""
ball,2,5.2,England,IJL Trott,KP Pietersen,DE Bollinger,0,0,"",""
ball,2,5.3,England,IJL Trott,KP Pietersen,DE Bollinger,0,0,"",""
ball,2,5.4,England,IJL Trott,KP Pietersen,DE Bollinger,0,0,"",""
ball,2,5.5,England,IJL Trott,KP Pietersen,DE Bollinger,1,0,"",""
ball,2,5.6,England,KP Pietersen,IJL Trott,DE Bollinger,1,0,"",""
ball,2,6.1,England,KP Pietersen,IJL Trott,MG Johnson,2,0,"",""
ball,2,6.2,England,KP Pietersen,IJL Trott,MG Johnson,0,0,"",""
ball,2,6.3,England,KP Pietersen,IJL Trott,MG Johnson,1,0,"",""
ball,2,6.4,England,IJL Trott,KP Pietersen,MG Johnson,0,0,"",""
ball,2,6.5,England,IJL Trott,KP Pietersen,MG Johnson,4,0,"",""
ball,2,6.6,England,IJL Trott,KP Pietersen,MG Johnson,0,0,"",""
ball,2,7.1,England,KP Pietersen,IJL Trott,DE Bollinger,4,0,"",""
ball,2,7.2,England,KP Pietersen,IJL Trott,DE Bollinger,0,0,"",""
ball,2,7.3,England,KP Pietersen,IJL Trott,DE Bollinger,0,0,"",""
ball,2,7.4,England,KP Pietersen,IJL Trott,DE Bollinger,0,0,"",""
ball,2,7.5,England,KP Pietersen,IJL Trott,DE Bollinger,1,0,"",""
ball,2,7.6,England,IJL Trott,KP Pietersen,DE Bollinger,1,0,"",""
ball,2,8.1,England,IJL Trott,KP Pietersen,MG Johnson,0,0,"",""
ball,2,8.2,England,IJL Trott,KP Pietersen,MG Johnson,1,0,"",""
ball,2,8.3,England,KP Pietersen,IJL Trott,MG Johnson,0,0,"",""
ball,2,8.4,England,KP Pietersen,IJL Trott,MG Johnson,0,0,"",""
ball,2,8.5,England,KP Pietersen,IJL Trott,MG Johnson,1,0,"",""
ball,2,8.6,England,IJL Trott,KP Pietersen,MG Johnson,0,0,caught,IJL Trott
ball,2,9.1,England,KP Pietersen,IR Bell,DE Bollinger,1,0,"",""
ball,2,9.2,England,IR Bell,KP Pietersen,DE Bollinger,1,0,"",""
ball,2,9.3,England,KP Pietersen,IR Bell,DE Bollinger,1,0,"",""
ball,2,9.4,England,IR Bell,KP Pietersen,DE Bollinger,4,0,"",""
ball,2,9.5,England,IR Bell,KP Pietersen,DE Bollinger,0,0,"",""
ball,2,9.6,England,IR Bell,KP Pietersen,DE Bollinger,0,0,"",""
ball,2,10.1,England,KP Pietersen,IR Bell,MG Johnson,0,1,"",""
ball,2,10.2,England,KP Pietersen,IR Bell,MG Johnson,0,0,"",""
ball,2,10.3,England,KP Pietersen,IR Bell,MG Johnson,0,0,"",""
ball,2,10.4,England,KP Pietersen,IR Bell,MG Johnson,0,0,"",""
ball,2,10.5,England,KP Pietersen,IR Bell,MG Johnson,0,0,"",""
ball,2,10.6,England,KP Pietersen,IR Bell,MG Johnson,0,0,caught,KP Pietersen
ball,2,10.7,England,MJ Prior,IR Bell,MG Johnson,0,0,"",""
ball,2,11.1,England,IR Bell,MJ Prior,JW Hastings,0,0,"",""
ball,2,11.2,England,IR Bell,MJ Prior,JW Hastings,0,0,"",""
ball,2,11.3,England,IR Bell,MJ Prior,JW Hastings,1,0,"",""
ball,2,11.4,England,MJ Prior,IR Bell,JW Hastings,0,0,"",""
ball,2,11.5,England,MJ Prior,IR Bell,JW Hastings,1,0,"",""
ball,2,11.6,England,IR Bell,MJ Prior,JW Hastings,0,0,"",""
ball,2,12.1,England,MJ Prior,IR Bell,MG Johnson,0,0,"",""
ball,2,12.2,England,MJ Prior,IR Bell,MG Johnson,0,0,"",""
ball,2,12.3,England,MJ Prior,IR Bell,MG Johnson,1,0,"",""
ball,2,12.4,England,IR Bell,MJ Prior,MG Johnson,0,0,"",""
ball,2,12.5,England,IR Bell,MJ Prior,MG Johnson,0,1,"",""
ball,2,12.6,England,IR Bell,MJ Prior,MG Johnson,0,0,"",""
ball,2,12.7,England,IR Bell,MJ Prior,MG Johnson,0,0,"",""
ball,2,13.1,England,MJ Prior,IR Bell,JW Hastings,1,0,"",""
ball,2,13.2,England,IR Bell,MJ Prior,JW Hastings,0,0,"",""
ball,2,13.3,England,IR Bell,MJ Prior,JW Hastings,1,0,"",""
ball,2,13.4,England,MJ Prior,IR Bell,JW Hastings,1,0,"",""
ball,2,13.5,England,IR Bell,MJ Prior,JW Hastings,0,0,"",""
ball,2,13.6,England,IR Bell,MJ Prior,JW Hastings,1,0,"",""
ball,2,14.1,England,IR Bell,MJ Prior,MG Johnson,0,0,caught,IR Bell
ball,2,14.2,England,MJ Prior,MH Yardy,MG Johnson,0,0,"",""
ball,2,14.3,England,MJ Prior,MH Yardy,MG Johnson,0,0,"",""
ball,2,14.4,England,MJ Prior,MH Yardy,MG Johnson,0,0,"",""
ball,2,14.5,England,MJ Prior,MH Yardy,MG Johnson,0,0,"",""
ball,2,14.6,England,MJ Prior,MH Yardy,MG Johnson,1,0,"",""
ball,2,15.1,England,MJ Prior,MH Yardy,JW Hastings,0,0,"",""
ball,2,15.2,England,MJ Prior,MH Yardy,JW Hastings,0,0,"",""
ball,2,15.3,England,MJ Prior,MH Yardy,JW Hastings,1,0,"",""
ball,2,15.4,England,MH Yardy,MJ Prior,JW Hastings,1,0,"",""
ball,2,15.5,England,MJ Prior,MH Yardy,JW Hastings,0,0,"",""
ball,2,15.6,England,MJ Prior,MH Yardy,JW Hastings,0,1,"",""
ball,2,15.7,England,MJ Prior,MH Yardy,JW Hastings,0,0,"",""
ball,2,16.1,England,MH Yardy,MJ Prior,SW Tait,1,0,"",""
ball,2,16.2,England,MJ Prior,MH Yardy,SW Tait,0,0,"",""
ball,2,16.3,England,MJ Prior,MH Yardy,SW Tait,1,0,"",""
ball,2,16.4,England,MH Yardy,MJ Prior,SW Tait,1,0,"",""
ball,2,16.5,England,MJ Prior,MH Yardy,SW Tait,1,0,"",""
ball,2,16.6,England,MH Yardy,MJ Prior,SW Tait,0,0,"",""
ball,2,17.1,England,MJ Prior,MH Yardy,JW Hastings,2,0,"",""
ball,2,17.2,England,MJ Prior,MH Yardy,JW Hastings,1,0,"",""
ball,2,17.3,England,MH Yardy,MJ Prior,JW Hastings,0,0,"",""
ball,2,17.4,England,MH Yardy,MJ Prior,JW Hastings,0,1,"",""
ball,2,17.5,England,MJ Prior,MH Yardy,JW Hastings,1,0,"",""
ball,2,17.6,England,MH Yardy,MJ Prior,JW Hastings,0,1,"",""
ball,2,17.7,England,MH Yardy,MJ Prior,JW Hastings,0,0,"",""
ball,2,18.1,England,MJ Prior,MH Yardy,SW Tait,0,0,"",""
ball,2,18.2,England,MJ Prior,MH Yardy,SW Tait,4,0,"",""
ball,2,18.3,England,MJ Prior,MH Yardy,SW Tait,0,0,"",""
ball,2,18.4,England,MJ Prior,MH Yardy,SW Tait,1,0,"",""
ball,2,18.5,England,MH Yardy,MJ Prior,SW Tait,0,0,"",""
ball,2,18.6,England,MH Yardy,MJ Prior,SW Tait,0,1,"",""
ball,2,18.7,England,MH Yardy,MJ Prior,SW Tait,1,0,"",""
ball,2,19.1,England,MH Yardy,MJ Prior,JJ Krejza,1,0,"",""
ball,2,19.2,England,MJ Prior,MH Yardy,JJ Krejza,2,0,"",""
ball,2,19.3,England,MJ Prior,MH Yardy,JJ Krejza,1,0,"",""
ball,2,19.4,England,MH Yardy,MJ Prior,JJ Krejza,1,0,"",""
ball,2,19.5,England,MJ Prior,MH Yardy,JJ Krejza,0,0,"",""
ball,2,19.6,England,MJ Prior,MH Yardy,JJ Krejza,1,0,"",""
ball,2,20.1,England,MJ Prior,MH Yardy,JW Hastings,0,0,"",""
ball,2,20.2,England,MJ Prior,MH Yardy,JW Hastings,0,0,"",""
ball,2,20.3,England,MJ Prior,MH Yardy,JW Hastings,0,1,"",""
ball,2,20.4,England,MJ Prior,MH Yardy,JW Hastings,1,0,"",""
ball,2,20.5,England,MH Yardy,MJ Prior,JW Hastings,1,0,"",""
ball,2,20.6,England,MJ Prior,MH Yardy,JW Hastings,4,0,"",""
ball,2,20.7,England,MJ Prior,MH Yardy,JW Hastings,1,0,"",""
ball,2,21.1,England,MJ Prior,MH Yardy,JJ Krejza,4,0,"",""
ball,2,21.2,England,MJ Prior,MH Yardy,JJ Krejza,0,0,"",""
ball,2,21.3,England,MJ Prior,MH Yardy,JJ Krejza,2,0,"",""
ball,2,21.4,England,MJ Prior,MH Yardy,JJ Krejza,1,0,"",""
ball,2,21.5,England,MH Yardy,MJ Prior,JJ Krejza,2,0,"",""
ball,2,21.6,England,MH Yardy,MJ Prior,JJ Krejza,1,0,"",""
ball,2,22.1,England,MH Yardy,MJ Prior,JW Hastings,0,0,"",""
ball,2,22.2,England,MH Yardy,MJ Prior,JW Hastings,0,0,"",""
ball,2,22.3,England,MH Yardy,MJ Prior,JW Hastings,1,0,"",""
ball,2,22.4,England,MJ Prior,MH Yardy,JW Hastings,0,0,"",""
ball,2,22.5,England,MJ Prior,MH Yardy,JW Hastings,1,0,"",""
ball,2,22.6,England,MH Yardy,MJ Prior,JW Hastings,0,0,"",""
ball,2,23.1,England,MJ Prior,MH Yardy,JJ Krejza,0,0,"",""
ball,2,23.2,England,MJ Prior,MH Yardy,JJ Krejza,0,0,"",""
ball,2,23.3,England,MJ Prior,MH Yardy,JJ Krejza,1,0,"",""
ball,2,23.4,England,MH Yardy,MJ Prior,JJ Krejza,0,0,"",""
ball,2,23.5,England,MH Yardy,MJ Prior,JJ Krejza,1,0,"",""
ball,2,23.6,England,MJ Prior,MH Yardy,JJ Krejza,1,0,"",""
ball,2,24.1,England,MJ Prior,MH Yardy,JW Hastings,1,0,"",""
ball,2,24.2,England,MH Yardy,MJ Prior,JW Hastings,1,0,"",""
ball,2,24.3,England,MJ Prior,MH Yardy,JW Hastings,0,0,"",""
ball,2,24.4,England,MJ Prior,MH Yardy,JW Hastings,1,0,"",""
ball,2,24.5,England,MH Yardy,MJ Prior,JW Hastings,2,0,"",""
ball,2,24.6,England,MH Yardy,MJ Prior,JW Hastings,0,0,"",""
ball,2,25.1,England,MJ Prior,MH Yardy,JJ Krejza,0,0,caught,MJ Prior
ball,2,25.2,England,LJ Wright,MH Yardy,JJ Krejza,2,0,"",""
ball,2,25.3,England,LJ Wright,MH Yardy,JJ Krejza,0,0,"",""
ball,2,25.4,England,LJ Wright,MH Yardy,JJ Krejza,4,0,"",""
ball,2,25.5,England,LJ Wright,MH Yardy,JJ Krejza,4,0,"",""
ball,2,25.6,England,LJ Wright,MH Yardy,JJ Krejza,1,0,"",""
ball,2,26.1,England,LJ Wright,MH Yardy,SW Tait,0,0,"",""
ball,2,26.2,England,LJ Wright,MH Yardy,SW Tait,0,0,"",""
ball,2,26.3,England,LJ Wright,MH Yardy,SW Tait,4,0,"",""
ball,2,26.4,England,LJ Wright,MH Yardy,SW Tait,0,0,"",""
ball,2,26.5,England,LJ Wright,MH Yardy,SW Tait,0,0,"",""
ball,2,26.6,England,LJ Wright,MH Yardy,SW Tait,0,5,"",""
ball,2,26.7,England,LJ Wright,MH Yardy,SW Tait,2,0,"",""
ball,2,27.1,England,MH Yardy,LJ Wright,JJ Krejza,1,0,"",""
ball,2,27.2,England,LJ Wright,MH Yardy,JJ Krejza,1,0,"",""
ball,2,27.3,England,MH Yardy,LJ Wright,JJ Krejza,1,0,"",""
ball,2,27.4,England,LJ Wright,MH Yardy,JJ Krejza,1,0,"",""
ball,2,27.5,England,MH Yardy,LJ Wright,JJ Krejza,0,0,"",""
ball,2,27.6,England,MH Yardy,LJ Wright,JJ Krejza,0,0,"",""
ball,2,28.1,England,LJ Wright,MH Yardy,DJ Hussey,1,0,"",""
ball,2,28.2,England,MH Yardy,LJ Wright,DJ Hussey,0,0,"",""
ball,2,28.3,England,MH Yardy,LJ Wright,DJ Hussey,0,0,"",""
ball,2,28.4,England,MH Yardy,LJ Wright,DJ Hussey,1,0,"",""
ball,2,28.5,England,LJ Wright,MH Yardy,DJ Hussey,2,0,"",""
ball,2,28.6,England,LJ Wright,MH Yardy,DJ Hussey,1,0,"",""
ball,2,29.1,England,LJ Wright,MH Yardy,JJ Krejza,1,0,"",""
ball,2,29.2,England,MH Yardy,LJ Wright,JJ Krejza,1,0,"",""
ball,2,29.3,England,LJ Wright,MH Yardy,JJ Krejza,0,0,caught,LJ Wright
ball,2,29.4,England,LE Plunkett,MH Yardy,JJ Krejza,1,0,"",""
ball,2,29.5,England,MH Yardy,LE Plunkett,JJ Krejza,1,0,"",""
ball,2,29.6,England,LE Plunkett,MH Yardy,JJ Krejza,0,0,"",""
ball,2,30.1,England,MH Yardy,LE Plunkett,MG Johnson,0,0,"",""
ball,2,30.2,England,MH Yardy,LE Plunkett,MG Johnson,0,0,"",""
ball,2,30.3,England,MH Yardy,LE Plunkett,MG Johnson,0,0,"",""
ball,2,30.4,England,MH Yardy,LE Plunkett,MG Johnson,0,0,"",""
ball,2,30.5,England,MH Yardy,LE Plunkett,MG Johnson,0,1,"",""
ball,2,30.6,England,MH Yardy,LE Plunkett,MG Johnson,0,1,"",""
ball,2,30.7,England,MH Yardy,LE Plunkett,MG Johnson,0,0,"",""
ball,2,30.8,England,MH Yardy,LE Plunkett,MG Johnson,1,0,"",""
ball,2,31.1,England,MH Yardy,LE Plunkett,JJ Krejza,2,0,"",""
ball,2,31.2,England,MH Yardy,LE Plunkett,JJ Krejza,0,0,"",""
ball,2,31.3,England,MH Yardy,LE Plunkett,JJ Krejza,0,0,"",""
ball,2,31.4,England,MH Yardy,LE Plunkett,JJ Krejza,0,0,"",""
ball,2,31.5,England,MH Yardy,LE Plunkett,JJ Krejza,1,0,"",""
ball,2,31.6,England,LE Plunkett,MH Yardy,JJ Krejza,1,0,"",""
ball,2,32.1,England,LE Plunkett,MH Yardy,MG Johnson,0,0,"",""
ball,2,32.2,England,LE Plunkett,MH Yardy,MG Johnson,1,0,"",""
ball,2,32.3,England,MH Yardy,LE Plunkett,MG Johnson,1,0,"",""
ball,2,32.4,England,LE Plunkett,MH Yardy,MG Johnson,0,0,"",""
ball,2,32.5,England,LE Plunkett,MH Yardy,MG Johnson,0,0,"",""
ball,2,32.6,England,LE Plunkett,MH Yardy,MG Johnson,0,0,"",""
ball,2,33.1,England,MH Yardy,LE Plunkett,JJ Krejza,1,0,"",""
ball,2,33.2,England,LE Plunkett,MH Yardy,JJ Krejza,0,0,"",""
ball,2,33.3,England,LE Plunkett,MH Yardy,JJ Krejza,1,0,"",""
ball,2,33.4,England,MH Yardy,LE Plunkett,JJ Krejza,0,0,"",""
ball,2,33.5,England,MH Yardy,LE Plunkett,JJ Krejza,0,1,"",""
ball,2,33.6,England,MH Yardy,LE Plunkett,JJ Krejza,1,0,"",""
ball,2,33.7,England,LE Plunkett,MH Yardy,JJ Krejza,0,0,"",""
ball,2,34.1,England,MH Yardy,LE Plunkett,DJ Hussey,1,0,"",""
ball,2,34.2,England,LE Plunkett,MH Yardy,DJ Hussey,0,0,"",""
ball,2,34.3,England,LE Plunkett,MH Yardy,DJ Hussey,1,0,"",""
ball,2,34.4,England,MH Yardy,LE Plunkett,DJ Hussey,0,0,"",""
ball,2,34.5,England,MH Yardy,LE Plunkett,DJ Hussey,2,0,"",""
ball,2,34.6,England,MH Yardy,LE Plunkett,DJ Hussey,0,0,"",""
ball,2,35.1,England,LE Plunkett,MH Yardy,JJ Krejza,6,0,"",""
ball,2,35.2,England,LE Plunkett,MH Yardy,JJ Krejza,0,0,"",""
ball,2,35.3,England,LE Plunkett,MH Yardy,JJ Krejza,0,0,"",""
ball,2,35.4,England,LE Plunkett,MH Yardy,JJ Krejza,1,0,"",""
ball,2,35.5,England,MH Yardy,LE Plunkett,JJ Krejza,0,0,"",""
ball,2,35.6,England,MH Yardy,LE Plunkett,JJ Krejza,0,0,"",""
ball,2,36.1,England,LE Plunkett,MH Yardy,DJ Hussey,0,0,"",""
ball,2,36.2,England,LE Plunkett,MH Yardy,DJ Hussey,1,0,"",""
ball,2,36.3,England,MH Yardy,LE Plunkett,DJ Hussey,0,0,"",""
ball,2,36.4,England,MH Yardy,LE Plunkett,DJ Hussey,1,0,"",""
ball,2,36.5,England,LE Plunkett,MH Yardy,DJ Hussey,1,0,"",""
ball,2,36.6,England,MH Yardy,LE Plunkett,DJ Hussey,0,0,"",""
ball,2,37.1,England,LE Plunkett,MH Yardy,JW Hastings,0,0,"",""
ball,2,37.2,England,LE Plunkett,MH Yardy,JW Hastings,0,0,"",""
ball,2,37.3,England,LE Plunkett,MH Yardy,JW Hastings,2,0,"",""
ball,2,37.4,England,LE Plunkett,MH Yardy,JW Hastings,1,0,"",""
ball,2,37.5,England,MH Yardy,LE Plunkett,JW Hastings,0,0,"",""
ball,2,37.6,England,MH Yardy,LE Plunkett,JW Hastings,2,0,"",""
ball,2,38.1,England,LE Plunkett,MH Yardy,DJ Hussey,1,0,"",""
ball,2,38.2,England,MH Yardy,LE Plunkett,DJ Hussey,1,0,"",""
ball,2,38.3,England,LE Plunkett,MH Yardy,DJ Hussey,0,0,"",""
ball,2,38.4,England,LE Plunkett,MH Yardy,DJ Hussey,0,0,"",""
ball,2,38.5,England,LE Plunkett,MH Yardy,DJ Hussey,0,0,"",""
ball,2,38.6,England,LE Plunkett,MH Yardy,DJ Hussey,2,0,"",""
ball,2,39.1,England,MH Yardy,LE Plunkett,DE Bollinger,0,0,"",""
ball,2,39.2,England,MH Yardy,LE Plunkett,DE Bollinger,4,0,"",""
ball,2,39.3,England,MH Yardy,LE Plunkett,DE Bollinger,0,0,"",""
ball,2,39.4,England,MH Yardy,LE Plunkett,DE Bollinger,4,0,"",""
ball,2,39.5,England,MH Yardy,LE Plunkett,DE Bollinger,2,0,"",""
ball,2,39.6,England,MH Yardy,LE Plunkett,DE Bollinger,0,0,"",""
ball,2,40.1,England,LE Plunkett,MH Yardy,SW Tait,0,0,"",""
ball,2,40.2,England,LE Plunkett,MH Yardy,SW Tait,0,0,"",""
ball,2,40.3,England,LE Plunkett,MH Yardy,SW Tait,0,0,caught,LE Plunkett
ball,2,40.4,England,ST Finn,MH Yardy,SW Tait,0,0,"",""
ball,2,40.5,England,ST Finn,MH Yardy,SW Tait,0,0,"",""
ball,2,40.6,England,ST Finn,MH Yardy,SW Tait,0,0,bowled,ST Finn
ball,2,41.1,England,MH Yardy,JM Anderson,DE Bollinger,2,0,"",""
ball,2,41.2,England,MH Yardy,JM Anderson,DE Bollinger,2,0,"",""
ball,2,41.3,England,MH Yardy,JM Anderson,DE Bollinger,4,0,"",""
ball,2,41.4,England,MH Yardy,JM Anderson,DE Bollinger,6,0,"",""
ball,2,41.5,England,MH Yardy,JM Anderson,DE Bollinger,0,1,"",""
ball,2,41.6,England,JM Anderson,MH Yardy,DE Bollinger,0,0,"",""
ball,2,42.1,England,MH Yardy,JM Anderson,SW Tait,0,0,"",""
ball,2,42.2,England,MH Yardy,JM Anderson,SW Tait,0,0,"",""
ball,2,42.3,England,MH Yardy,JM Anderson,SW Tait,1,0,"",""
ball,2,42.4,England,JM Anderson,MH Yardy,SW Tait,0,0,"",""
ball,2,42.5,England,JM Anderson,MH Yardy,SW Tait,0,1,"",""
ball,2,42.6,England,JM Anderson,MH Yardy,SW Tait,0,0,"",""
ball,2,42.7,England,JM Anderson,MH Yardy,SW Tait,0,0,"",""
ball,2,43.1,England,MH Yardy,JM Anderson,JW Hastings,0,0,"",""
ball,2,43.2,England,MH Yardy,JM Anderson,JW Hastings,0,0,"",""
ball,2,43.3,England,MH Yardy,JM Anderson,JW Hastings,1,0,"",""
ball,2,43.4,England,JM Anderson,MH Yardy,JW Hastings,0,0,"",""
ball,2,43.5,England,JM Anderson,MH Yardy,JW Hastings,4,0,"",""
ball,2,43.6,England,JM Anderson,MH Yardy,JW Hastings,0,0,caught,JM Anderson
