version,1.3.0
info,team,West Indies
info,team,India
info,gender,male
info,season,2011
info,date,2011/06/16
info,series,India in West Indies ODI Series
info,match_number,5
info,venue,"Sabina Park, Kingston"
info,city,Jamaica
info,toss_winner,West Indies
info,toss_decision,field
info,player_of_match,AD Russell
info,umpire,IJ Gould
info,umpire,JS Wilson
info,reserve_umpire,GO Brathwaite
info,tv_umpire,NA Malcolm
info,match_referee,JJ Crowe
info,winner,West Indies
info,winner_wickets,7
ball,1,0.1,India,S Dhawan,PA Patel,KAJ Roach,0,0,"",""
ball,1,0.2,India,S Dhawan,PA Patel,KAJ Roach,0,0,"",""
ball,1,0.3,India,S Dhawan,PA Patel,KAJ Roach,0,0,"",""
ball,1,0.4,India,S Dhawan,PA Patel,KAJ Roach,0,0,"",""
ball,1,0.5,India,S Dhawan,PA Patel,KAJ Roach,1,0,"",""
ball,1,0.6,India,PA Patel,S Dhawan,KAJ Roach,1,0,"",""
ball,1,1.1,India,PA Patel,S Dhawan,DJG Sammy,2,0,"",""
ball,1,1.2,India,PA Patel,S Dhawan,DJG Sammy,0,0,"",""
ball,1,1.3,India,PA Patel,S Dhawan,DJG Sammy,1,0,"",""
ball,1,1.4,India,S Dhawan,PA Patel,DJG Sammy,0,0,"",""
ball,1,1.5,India,S Dhawan,PA Patel,DJG Sammy,2,0,"",""
ball,1,1.6,India,S Dhawan,PA Patel,DJG Sammy,4,0,"",""
ball,1,2.1,India,PA Patel,S Dhawan,KAJ Roach,0,0,"",""
ball,1,2.2,India,PA Patel,S Dhawan,KAJ Roach,0,1,"",""
ball,1,2.3,India,PA Patel,S Dhawan,KAJ Roach,1,0,"",""
ball,1,2.4,India,S Dhawan,PA Patel,KAJ Roach,0,0,"",""
ball,1,2.5,India,S Dhawan,PA Patel,KAJ Roach,0,0,"",""
ball,1,2.6,India,S Dhawan,PA Patel,KAJ Roach,1,0,"",""
ball,1,2.7,India,PA Patel,S Dhawan,KAJ Roach,1,0,"",""
ball,1,3.1,India,PA Patel,S Dhawan,AD Russell,0,0,"",""
ball,1,3.2,India,PA Patel,S Dhawan,AD Russell,0,0,"",""
ball,1,3.3,India,PA Patel,S Dhawan,AD Russell,0,0,"",""
ball,1,3.4,India,PA Patel,S Dhawan,AD Russell,0,0,caught,PA Patel
ball,1,3.5,India,S Dhawan,V Kohli,AD Russell,0,1,"",""
ball,1,3.6,India,S Dhawan,V Kohli,AD Russell,0,0,"",""
ball,1,3.7,India,S Dhawan,V Kohli,AD Russell,0,0,"",""
ball,1,4.1,India,V Kohli,S Dhawan,KAJ Roach,1,0,"",""
ball,1,4.2,India,S Dhawan,V Kohli,KAJ Roach,0,0,"",""
ball,1,4.3,India,S Dhawan,V Kohli,KAJ Roach,0,0,"",""
ball,1,4.4,India,S Dhawan,V Kohli,KAJ Roach,0,0,"",""
ball,1,4.5,India,S Dhawan,V Kohli,KAJ Roach,0,0,"",""
ball,1,4.6,India,S Dhawan,V Kohli,KAJ Roach,0,0,"",""
ball,1,5.1,India,V Kohli,S Dhawan,AD Russell,0,0,"",""
ball,1,5.2,India,V Kohli,S Dhawan,AD Russell,0,0,"",""
ball,1,5.3,India,V Kohli,S Dhawan,AD Russell,1,0,"",""
ball,1,5.4,India,S Dhawan,V Kohli,AD Russell,0,0,"",""
ball,1,5.5,India,S Dhawan,V Kohli,AD Russell,1,0,"",""
ball,1,5.6,India,V Kohli,S Dhawan,AD Russell,0,0,"",""
ball,1,6.1,India,S Dhawan,V Kohli,KAJ Roach,0,0,"",""
ball,1,6.2,India,S Dhawan,V Kohli,KAJ Roach,0,0,"",""
ball,1,6.3,India,S Dhawan,V Kohli,KAJ Roach,2,0,"",""
ball,1,6.4,India,S Dhawan,V Kohli,KAJ Roach,0,0,"",""
ball,1,6.5,India,S Dhawan,V Kohli,KAJ Roach,0,0,"",""
ball,1,6.6,India,S Dhawan,V Kohli,KAJ Roach,0,0,caught,S Dhawan
ball,1,7.1,India,V Kohli,MK Tiwary,AD Russell,0,0,"",""
ball,1,7.2,India,V Kohli,MK Tiwary,AD Russell,0,0,"",""
ball,1,7.3,India,V Kohli,MK Tiwary,AD Russell,4,0,"",""
ball,1,7.4,India,V Kohli,MK Tiwary,AD Russell,0,0,"",""
ball,1,7.5,India,V Kohli,MK Tiwary,AD Russell,0,0,"",""
ball,1,7.6,India,V Kohli,MK Tiwary,AD Russell,0,0,"",""
ball,1,8.1,India,MK Tiwary,V Kohli,KAJ Roach,1,0,"",""
ball,1,8.2,India,V Kohli,MK Tiwary,KAJ Roach,0,0,"",""
ball,1,8.3,India,V Kohli,MK Tiwary,KAJ Roach,1,0,"",""
ball,1,8.4,India,MK Tiwary,V Kohli,KAJ Roach,0,1,"",""
ball,1,8.5,India,MK Tiwary,V Kohli,KAJ Roach,1,0,"",""
ball,1,8.6,India,V Kohli,MK Tiwary,KAJ Roach,0,0,"",""
ball,1,8.7,India,V Kohli,MK Tiwary,KAJ Roach,4,0,"",""
ball,1,9.1,India,MK Tiwary,V Kohli,AD Russell,0,0,"",""
ball,1,9.2,India,MK Tiwary,V Kohli,AD Russell,1,0,"",""
ball,1,9.3,India,V Kohli,MK Tiwary,AD Russell,0,0,"",""
ball,1,9.4,India,V Kohli,MK Tiwary,AD Russell,2,0,"",""
ball,1,9.5,India,V Kohli,MK Tiwary,AD Russell,0,1,"",""
ball,1,9.6,India,V Kohli,MK Tiwary,AD Russell,1,0,"",""
ball,1,9.7,India,MK Tiwary,V Kohli,AD Russell,0,1,"",""
ball,1,9.8,India,MK Tiwary,V Kohli,AD Russell,0,0,"",""
ball,1,10.1,India,V Kohli,MK Tiwary,DJG Sammy,0,0,"",""
ball,1,10.2,India,V Kohli,MK Tiwary,DJG Sammy,0,0,"",""
ball,1,10.3,India,V Kohli,MK Tiwary,DJG Sammy,0,0,"",""
ball,1,10.4,India,V Kohli,MK Tiwary,DJG Sammy,0,0,"",""
ball,1,10.5,India,V Kohli,MK Tiwary,DJG Sammy,4,0,"",""
ball,1,10.6,India,V Kohli,MK Tiwary,DJG Sammy,1,0,"",""
ball,1,11.1,India,V Kohli,MK Tiwary,KA Pollard,1,0,"",""
ball,1,11.2,India,MK Tiwary,V Kohli,KA Pollard,1,0,"",""
ball,1,11.3,India,V Kohli,MK Tiwary,KA Pollard,1,0,"",""
ball,1,11.4,India,MK Tiwary,V Kohli,KA Pollard,4,0,"",""
ball,1,11.5,India,MK Tiwary,V Kohli,KA Pollard,1,0,"",""
ball,1,11.6,India,V Kohli,MK Tiwary,KA Pollard,1,0,"",""
ball,1,12.1,India,V Kohli,MK Tiwary,DJG Sammy,1,0,"",""
ball,1,12.2,India,MK Tiwary,V Kohli,DJG Sammy,0,0,"",""
ball,1,12.3,India,MK Tiwary,V Kohli,DJG Sammy,1,0,"",""
ball,1,12.4,India,V Kohli,MK Tiwary,DJG Sammy,1,0,"",""
ball,1,12.5,India,MK Tiwary,V Kohli,DJG Sammy,0,0,"",""
ball,1,12.6,India,MK Tiwary,V Kohli,DJG Sammy,0,0,"",""
ball,1,13.1,India,V Kohli,MK Tiwary,KA Pollard,0,0,"",""
ball,1,13.2,India,V Kohli,MK Tiwary,KA Pollard,0,0,"",""
ball,1,13.3,India,V Kohli,MK Tiwary,KA Pollard,1,0,"",""
ball,1,13.4,India,MK Tiwary,V Kohli,KA Pollard,0,0,"",""
ball,1,13.5,India,MK Tiwary,V Kohli,KA Pollard,0,0,"",""
ball,1,13.6,India,MK Tiwary,V Kohli,KA Pollard,1,0,"",""
ball,1,14.1,India,MK Tiwary,V Kohli,DJG Sammy,6,0,"",""
ball,1,14.2,India,MK Tiwary,V Kohli,DJG Sammy,0,1,"",""
ball,1,14.3,India,MK Tiwary,V Kohli,DJG Sammy,1,0,"",""
ball,1,14.4,India,V Kohli,MK Tiwary,DJG Sammy,1,0,"",""
ball,1,14.5,India,MK Tiwary,V Kohli,DJG Sammy,1,0,"",""
ball,1,14.6,India,V Kohli,MK Tiwary,DJG Sammy,4,0,"",""
ball,1,14.7,India,V Kohli,MK Tiwary,DJG Sammy,1,0,"",""
ball,1,15.1,India,V Kohli,MK Tiwary,KA Pollard,1,0,"",""
ball,1,15.2,India,MK Tiwary,V Kohli,KA Pollard,1,0,"",""
ball,1,15.3,India,V Kohli,MK Tiwary,KA Pollard,0,0,"",""
ball,1,15.4,India,V Kohli,MK Tiwary,KA Pollard,1,0,"",""
ball,1,15.5,India,MK Tiwary,V Kohli,KA Pollard,0,1,"",""
ball,1,15.6,India,MK Tiwary,V Kohli,KA Pollard,2,0,"",""
ball,1,15.7,India,MK Tiwary,V Kohli,KA Pollard,0,0,caught,MK Tiwary
ball,1,16.1,India,V Kohli,RG Sharma,A Martin,0,0,"",""
ball,1,16.2,India,V Kohli,RG Sharma,A Martin,0,0,"",""
ball,1,16.3,India,V Kohli,RG Sharma,A Martin,0,0,"",""
ball,1,16.4,India,V Kohli,RG Sharma,A Martin,0,0,"",""
ball,1,16.5,India,V Kohli,RG Sharma,A Martin,0,0,"",""
ball,1,16.6,India,V Kohli,RG Sharma,A Martin,0,0,"",""
ball,1,17.1,India,RG Sharma,V Kohli,KA Pollard,1,0,"",""
ball,1,17.2,India,V Kohli,RG Sharma,KA Pollard,0,0,"",""
ball,1,17.3,India,V Kohli,RG Sharma,KA Pollard,1,0,"",""
ball,1,17.4,India,RG Sharma,V Kohli,KA Pollard,0,1,"",""
ball,1,17.5,India,RG Sharma,V Kohli,KA Pollard,1,0,"",""
ball,1,17.6,India,V Kohli,RG Sharma,KA Pollard,0,0,"",""
ball,1,17.7,India,V Kohli,RG Sharma,KA Pollard,1,0,"",""
ball,1,18.1,India,V Kohli,RG Sharma,A Martin,1,0,"",""
ball,1,18.2,India,RG Sharma,V Kohli,A Martin,0,0,"",""
ball,1,18.3,India,RG Sharma,V Kohli,A Martin,0,0,"",""
ball,1,18.4,India,RG Sharma,V Kohli,A Martin,1,0,"",""
ball,1,18.5,India,V Kohli,RG Sharma,A Martin,0,0,"",""
ball,1,18.6,India,V Kohli,RG Sharma,A Martin,0,0,"",""
ball,1,19.1,India,RG Sharma,V Kohli,KA Pollard,1,0,"",""
ball,1,19.2,India,V Kohli,RG Sharma,KA Pollard,1,0,"",""
ball,1,19.3,India,RG Sharma,V Kohli,KA Pollard,0,0,"",""
ball,1,19.4,India,RG Sharma,V Kohli,KA Pollard,4,0,"",""
ball,1,19.5,India,RG Sharma,V Kohli,KA Pollard,1,0,"",""
ball,1,19.6,India,V Kohli,RG Sharma,KA Pollard,2,0,"",""
ball,1,20.1,India,RG Sharma,V Kohli,A Martin,1,0,"",""
ball,1,20.2,India,V Kohli,RG Sharma,A Martin,0,0,"",""
ball,1,20.3,India,V Kohli,RG Sharma,A Martin,4,0,"",""
ball,1,20.4,India,V Kohli,RG Sharma,A Martin,0,0,"",""
ball,1,20.5,India,V Kohli,RG Sharma,A Martin,1,0,"",""
ball,1,20.6,India,RG Sharma,V Kohli,A Martin,0,0,"",""
ball,1,21.1,India,V Kohli,RG Sharma,AD Russell,0,1,"",""
ball,1,21.2,India,RG Sharma,V Kohli,AD Russell,0,0,"",""
ball,1,21.3,India,RG Sharma,V Kohli,AD Russell,0,0,"",""
ball,1,21.4,India,RG Sharma,V Kohli,AD Russell,1,0,"",""
ball,1,21.5,India,V Kohli,RG Sharma,AD Russell,0,0,"",""
ball,1,21.6,India,V Kohli,RG Sharma,AD Russell,1,0,"",""
ball,1,22.1,India,V Kohli,RG Sharma,A Martin,0,0,"",""
ball,1,22.2,India,V Kohli,RG Sharma,A Martin,4,0,"",""
ball,1,22.3,India,V Kohli,RG Sharma,A Martin,0,0,"",""
ball,1,22.4,India,V Kohli,RG Sharma,A Martin,1,0,"",""
ball,1,22.5,India,RG Sharma,V Kohli,A Martin,0,0,"",""
ball,1,22.6,India,RG Sharma,V Kohli,A Martin,0,0,"",""
ball,1,23.1,India,V Kohli,RG Sharma,AD Russell,1,0,"",""
ball,1,23.2,India,RG Sharma,V Kohli,AD Russell,1,0,"",""
ball,1,23.3,India,V Kohli,RG Sharma,AD Russell,4,0,"",""
ball,1,23.4,India,V Kohli,RG Sharma,AD Russell,2,0,"",""
ball,1,23.5,India,V Kohli,RG Sharma,AD Russell,1,0,"",""
ball,1,23.6,India,RG Sharma,V Kohli,AD Russell,1,0,"",""
ball,1,24.1,India,RG Sharma,V Kohli,A Martin,2,0,"",""
ball,1,24.2,India,RG Sharma,V Kohli,A Martin,2,0,"",""
ball,1,24.3,India,RG Sharma,V Kohli,A Martin,1,0,"",""
ball,1,24.4,India,V Kohli,RG Sharma,A Martin,1,0,"",""
ball,1,24.5,India,RG Sharma,V Kohli,A Martin,0,0,"",""
ball,1,24.6,India,RG Sharma,V Kohli,A Martin,0,0,"",""
ball,1,25.1,India,V Kohli,RG Sharma,LMP Simmons,0,0,"",""
ball,1,25.2,India,V Kohli,RG Sharma,LMP Simmons,1,0,"",""
ball,1,25.3,India,RG Sharma,V Kohli,LMP Simmons,0,0,"",""
ball,1,25.4,India,RG Sharma,V Kohli,LMP Simmons,1,0,"",""
ball,1,25.5,India,V Kohli,RG Sharma,LMP Simmons,4,0,"",""
ball,1,25.6,India,V Kohli,RG Sharma,LMP Simmons,1,0,"",""
ball,1,26.1,India,V Kohli,RG Sharma,A Martin,1,0,"",""
ball,1,26.2,India,RG Sharma,V Kohli,A Martin,0,0,"",""
ball,1,26.3,India,RG Sharma,V Kohli,A Martin,1,0,"",""
ball,1,26.4,India,V Kohli,RG Sharma,A Martin,1,0,"",""
ball,1,26.5,India,RG Sharma,V Kohli,A Martin,0,0,"",""
ball,1,26.6,India,RG Sharma,V Kohli,A Martin,0,0,"",""
ball,1,27.1,India,V Kohli,RG Sharma,LMP Simmons,4,0,"",""
ball,1,27.2,India,V Kohli,RG Sharma,LMP Simmons,0,1,"",""
ball,1,27.3,India,V Kohli,RG Sharma,LMP Simmons,1,0,"",""
ball,1,27.4,India,RG Sharma,V Kohli,LMP Simmons,1,0,"",""
ball,1,27.5,India,V Kohli,RG Sharma,LMP Simmons,0,0,"",""
ball,1,27.6,India,V Kohli,RG Sharma,LMP Simmons,0,0,"",""
ball,1,27.7,India,V Kohli,RG Sharma,LMP Simmons,0,0,"",""
ball,1,28.1,India,RG Sharma,V Kohli,A Martin,1,0,"",""
ball,1,28.2,India,V Kohli,RG Sharma,A Martin,0,0,"",""
ball,1,28.3,India,V Kohli,RG Sharma,A Martin,0,0,"",""
ball,1,28.4,India,V Kohli,RG Sharma,A Martin,1,0,"",""
ball,1,28.5,India,RG Sharma,V Kohli,A Martin,1,0,"",""
ball,1,28.6,India,V Kohli,RG Sharma,A Martin,0,0,"",""
ball,1,29.1,India,RG Sharma,V Kohli,LMP Simmons,1,0,"",""
ball,1,29.2,India,V Kohli,RG Sharma,LMP Simmons,0,0,"",""
ball,1,29.3,India,V Kohli,RG Sharma,LMP Simmons,0,0,"",""
ball,1,29.4,India,V Kohli,RG Sharma,LMP Simmons,1,0,"",""
ball,1,29.5,India,RG Sharma,V Kohli,LMP Simmons,1,0,"",""
ball,1,29.6,India,V Kohli,RG Sharma,LMP Simmons,0,0,"",""
ball,1,30.1,India,RG Sharma,V Kohli,A Martin,1,0,"",""
ball,1,30.2,India,V Kohli,RG Sharma,A Martin,1,0,"",""
ball,1,30.3,India,RG Sharma,V Kohli,A Martin,0,0,"",""
ball,1,30.4,India,RG Sharma,V Kohli,A Martin,0,0,"",""
ball,1,30.5,India,RG Sharma,V Kohli,A Martin,0,0,"",""
ball,1,30.6,India,RG Sharma,V Kohli,A Martin,1,0,"",""
ball,1,31.1,India,RG Sharma,V Kohli,LMP Simmons,1,0,"",""
ball,1,31.2,India,V Kohli,RG Sharma,LMP Simmons,2,0,"",""
ball,1,31.3,India,V Kohli,RG Sharma,LMP Simmons,1,0,"",""
ball,1,31.4,India,RG Sharma,V Kohli,LMP Simmons,1,0,"",""
ball,1,31.5,India,V Kohli,RG Sharma,LMP Simmons,1,0,"",""
ball,1,31.6,India,RG Sharma,V Kohli,LMP Simmons,1,0,"",""
ball,1,32.1,India,RG Sharma,V Kohli,DJG Sammy,1,0,"",""
ball,1,32.2,India,V Kohli,RG Sharma,DJG Sammy,1,0,"",""
ball,1,32.3,India,RG Sharma,V Kohli,DJG Sammy,1,0,"",""
ball,1,32.4,India,V Kohli,RG Sharma,DJG Sammy,1,0,"",""
ball,1,32.5,India,RG Sharma,V Kohli,DJG Sammy,1,0,"",""
ball,1,32.6,India,V Kohli,RG Sharma,DJG Sammy,1,0,"",""
ball,1,33.1,India,V Kohli,RG Sharma,KAJ Roach,1,0,"",""
ball,1,33.2,India,RG Sharma,V Kohli,KAJ Roach,0,0,"",""
ball,1,33.3,India,RG Sharma,V Kohli,KAJ Roach,0,0,"",""
ball,1,33.4,India,RG Sharma,V Kohli,KAJ Roach,1,0,"",""
ball,1,33.5,India,V Kohli,RG Sharma,KAJ Roach,0,0,"",""
ball,1,33.6,India,V Kohli,RG Sharma,KAJ Roach,1,0,"",""
ball,1,34.1,India,V Kohli,RG Sharma,DJG Sammy,0,1,"",""
ball,1,34.2,India,V Kohli,RG Sharma,DJG Sammy,1,0,"",""
ball,1,34.3,India,RG Sharma,V Kohli,DJG Sammy,0,1,"",""
ball,1,34.4,India,RG Sharma,V Kohli,DJG Sammy,1,0,"",""
ball,1,34.5,India,V Kohli,RG Sharma,DJG Sammy,4,0,"",""
ball,1,34.6,India,V Kohli,RG Sharma,DJG Sammy,1,0,"",""
ball,1,34.7,India,RG Sharma,V Kohli,DJG Sammy,0,0,"",""
ball,1,34.8,India,RG Sharma,V Kohli,DJG Sammy,1,0,"",""
ball,1,35.1,India,RG Sharma,V Kohli,KAJ Roach,6,0,"",""
ball,1,35.2,India,RG Sharma,V Kohli,KAJ Roach,1,0,"",""
ball,1,35.3,India,V Kohli,RG Sharma,KAJ Roach,2,0,"",""
ball,1,35.4,India,V Kohli,RG Sharma,KAJ Roach,1,0,"",""
ball,1,35.5,India,RG Sharma,V Kohli,KAJ Roach,1,0,"",""
ball,1,35.6,India,V Kohli,RG Sharma,KAJ Roach,1,0,run out,V Kohli
ball,1,36.1,India,RG Sharma,SK Raina,KA Pollard,1,0,"",""
ball,1,36.2,India,SK Raina,RG Sharma,KA Pollard,0,0,"",""
ball,1,36.3,India,SK Raina,RG Sharma,KA Pollard,0,0,"",""
ball,1,36.4,India,SK Raina,RG Sharma,KA Pollard,0,0,"",""
ball,1,36.5,India,SK Raina,RG Sharma,KA Pollard,0,0,caught,SK Raina
ball,1,36.6,India,RG Sharma,YK Pathan,KA Pollard,0,0,"",""
ball,1,37.1,India,YK Pathan,RG Sharma,KAJ Roach,0,1,"",""
ball,1,37.2,India,YK Pathan,RG Sharma,KAJ Roach,0,0,"",""
ball,1,37.3,India,YK Pathan,RG Sharma,KAJ Roach,1,0,"",""
ball,1,37.4,India,RG Sharma,YK Pathan,KAJ Roach,1,0,"",""
ball,1,37.5,India,YK Pathan,RG Sharma,KAJ Roach,0,0,"",""
ball,1,37.6,India,YK Pathan,RG Sharma,KAJ Roach,1,0,"",""
ball,1,37.7,India,RG Sharma,YK Pathan,KAJ Roach,0,0,"",""
ball,1,38.1,India,YK Pathan,RG Sharma,KA Pollard,0,0,"",""
ball,1,38.2,India,YK Pathan,RG Sharma,KA Pollard,1,0,"",""
ball,1,38.3,India,RG Sharma,YK Pathan,KA Pollard,0,0,"",""
ball,1,38.4,India,RG Sharma,YK Pathan,KA Pollard,1,0,"",""
ball,1,38.5,India,YK Pathan,RG Sharma,KA Pollard,0,0,"",""
ball,1,38.6,India,YK Pathan,RG Sharma,KA Pollard,1,0,"",""
ball,1,39.1,India,YK Pathan,RG Sharma,LMP Simmons,0,0,"",""
ball,1,39.2,India,YK Pathan,RG Sharma,LMP Simmons,4,0,"",""
ball,1,39.3,India,YK Pathan,RG Sharma,LMP Simmons,0,5,"",""
ball,1,39.4,India,YK Pathan,RG Sharma,LMP Simmons,0,0,"",""
ball,1,39.5,India,YK Pathan,RG Sharma,LMP Simmons,1,0,"",""
ball,1,39.6,India,RG Sharma,YK Pathan,LMP Simmons,1,0,"",""
ball,1,39.7,India,YK Pathan,RG Sharma,LMP Simmons,2,0,"",""
ball,1,40.1,India,RG Sharma,YK Pathan,A Martin,0,0,"",""
ball,1,40.2,India,RG Sharma,YK Pathan,A Martin,0,0,"",""
ball,1,40.3,India,RG Sharma,YK Pathan,A Martin,0,0,"",""
ball,1,40.4,India,RG Sharma,YK Pathan,A Martin,1,0,"",""
ball,1,40.5,India,YK Pathan,RG Sharma,A Martin,0,0,"",""
ball,1,40.6,India,YK Pathan,RG Sharma,A Martin,1,0,"",""
ball,1,41.1,India,YK Pathan,RG Sharma,KA Pollard,0,0,"",""
ball,1,41.2,India,YK Pathan,RG Sharma,KA Pollard,1,0,"",""
ball,1,41.3,India,RG Sharma,YK Pathan,KA Pollard,1,0,"",""
ball,1,41.4,India,YK Pathan,RG Sharma,KA Pollard,1,0,"",""
ball,1,41.5,India,RG Sharma,YK Pathan,KA Pollard,0,0,"",""
ball,1,41.6,India,RG Sharma,YK Pathan,KA Pollard,1,0,"",""
ball,1,42.1,India,RG Sharma,YK Pathan,A Martin,1,0,"",""
ball,1,42.2,India,YK Pathan,RG Sharma,A Martin,0,1,"",""
ball,1,42.3,India,YK Pathan,RG Sharma,A Martin,1,0,"",""
ball,1,42.4,India,RG Sharma,YK Pathan,A Martin,1,0,"",""
ball,1,42.5,India,YK Pathan,RG Sharma,A Martin,1,0,"",""
ball,1,42.6,India,RG Sharma,YK Pathan,A Martin,4,0,"",""
ball,1,42.7,India,RG Sharma,YK Pathan,A Martin,0,0,bowled,RG Sharma
ball,1,43.1,India,YK Pathan,R Ashwin,AD Russell,4,0,"",""
ball,1,43.2,India,YK Pathan,R Ashwin,AD Russell,0,0,"",""
ball,1,43.3,India,YK Pathan,R Ashwin,AD Russell,1,0,"",""
ball,1,43.4,India,R Ashwin,YK Pathan,AD Russell,1,0,"",""
ball,1,43.5,India,YK Pathan,R Ashwin,AD Russell,1,0,"",""
ball,1,43.6,India,R Ashwin,YK Pathan,AD Russell,0,0,"",""
ball,1,44.1,India,YK Pathan,R Ashwin,KAJ Roach,6,0,"",""
ball,1,44.2,India,YK Pathan,R Ashwin,KAJ Roach,1,0,"",""
ball,1,44.3,India,R Ashwin,YK Pathan,KAJ Roach,4,0,"",""
ball,1,44.4,India,R Ashwin,YK Pathan,KAJ Roach,0,0,"",""
ball,1,44.5,India,R Ashwin,YK Pathan,KAJ Roach,1,0,"",""
ball,1,44.6,India,YK Pathan,R Ashwin,KAJ Roach,1,0,"",""
ball,1,45.1,India,YK Pathan,R Ashwin,AD Russell,0,0,"",""
ball,1,45.2,India,YK Pathan,R Ashwin,AD Russell,0,0,caught,YK Pathan
ball,1,45.3,India,A Mishra,R Ashwin,AD Russell,0,1,"",""
ball,1,45.4,India,A Mishra,R Ashwin,AD Russell,0,0,bowled,A Mishra
ball,1,45.5,India,R Vinay Kumar,R Ashwin,AD Russell,0,0,"",""
ball,1,45.6,India,R Vinay Kumar,R Ashwin,AD Russell,0,0,"",""
ball,1,45.7,India,R Vinay Kumar,R Ashwin,AD Russell,0,0,"",""
ball,1,46.1,India,R Ashwin,R Vinay Kumar,KAJ Roach,1,0,"",""
ball,1,46.2,India,R Vinay Kumar,R Ashwin,KAJ Roach,0,0,"",""
ball,1,46.3,India,R Vinay Kumar,R Ashwin,KAJ Roach,0,0,"",""
ball,1,46.4,India,R Vinay Kumar,R Ashwin,KAJ Roach,0,0,"",""
ball,1,46.5,India,R Vinay Kumar,R Ashwin,KAJ Roach,2,0,"",""
ball,1,46.6,India,R Vinay Kumar,R Ashwin,KAJ Roach,0,0,caught,R Vinay Kumar
ball,1,47.1,India,R Ashwin,I Sharma,AD Russell,1,0,"",""
ball,1,47.2,India,I Sharma,R Ashwin,AD Russell,0,0,"",""
ball,1,47.3,India,I Sharma,R Ashwin,AD Russell,0,1,"",""
ball,1,47.4,India,I Sharma,R Ashwin,AD Russell,0,0,bowled,I Sharma
ball,2,0.1,West Indies,LMP Simmons,AB Barath,R Vinay Kumar,0,0,"",""
ball,2,0.2,West Indies,LMP Simmons,AB Barath,R Vinay Kumar,0,0,"",""
ball,2,0.3,West Indies,LMP Simmons,AB Barath,R Vinay Kumar,1,0,"",""
ball,2,0.4,West Indies,AB Barath,LMP Simmons,R Vinay Kumar,0,0,"",""
ball,2,0.5,West Indies,AB Barath,LMP Simmons,R Vinay Kumar,0,0,"",""
ball,2,0.6,West Indies,AB Barath,LMP Simmons,R Vinay Kumar,0,0,"",""
ball,2,1.1,West Indies,LMP Simmons,AB Barath,I Sharma,2,0,"",""
ball,2,1.2,West Indies,LMP Simmons,AB Barath,I Sharma,1,0,"",""
ball,2,1.3,West Indies,AB Barath,LMP Simmons,I Sharma,0,0,"",""
ball,2,1.4,West Indies,AB Barath,LMP Simmons,I Sharma,0,0,"",""
ball,2,1.5,West Indies,AB Barath,LMP Simmons,I Sharma,0,1,"",""
ball,2,1.6,West Indies,AB Barath,LMP Simmons,I Sharma,0,0,"",""
ball,2,1.7,West Indies,AB Barath,LMP Simmons,I Sharma,0,0,"",""
ball,2,2.1,West Indies,LMP Simmons,AB Barath,R Vinay Kumar,0,0,"",""
ball,2,2.2,West Indies,LMP Simmons,AB Barath,R Vinay Kumar,0,0,"",""
ball,2,2.3,West Indies,LMP Simmons,AB Barath,R Vinay Kumar,0,0,"",""
ball,2,2.4,West Indies,LMP Simmons,AB Barath,R Vinay Kumar,0,0,"",""
ball,2,2.5,West Indies,LMP Simmons,AB Barath,R Vinay Kumar,0,0,"",""
ball,2,2.6,West Indies,LMP Simmons,AB Barath,R Vinay Kumar,0,0,"",""
ball,2,3.1,West Indies,AB Barath,LMP Simmons,I Sharma,2,0,"",""
ball,2,3.2,West Indies,AB Barath,LMP Simmons,I Sharma,1,0,"",""
ball,2,3.3,West Indies,LMP Simmons,AB Barath,I Sharma,0,0,"",""
ball,2,3.4,West Indies,LMP Simmons,AB Barath,I Sharma,0,1,"",""
ball,2,3.5,West Indies,LMP Simmons,AB Barath,I Sharma,2,0,"",""
ball,2,3.6,West Indies,LMP Simmons,AB Barath,I Sharma,0,0,"",""
ball,2,3.7,West Indies,LMP Simmons,AB Barath,I Sharma,0,0,"",""
ball,2,4.1,West Indies,AB Barath,LMP Simmons,R Vinay Kumar,0,1,"",""
ball,2,4.2,West Indies,LMP Simmons,AB Barath,R Vinay Kumar,0,0,caught,LMP Simmons
ball,2,4.3,West Indies,RR Sarwan,AB Barath,R Vinay Kumar,0,0,"",""
ball,2,4.4,West Indies,RR Sarwan,AB Barath,R Vinay Kumar,0,0,"",""
ball,2,4.5,West Indies,RR Sarwan,AB Barath,R Vinay Kumar,0,0,"",""
ball,2,4.6,West Indies,RR Sarwan,AB Barath,R Vinay Kumar,0,0,"",""
ball,2,5.1,West Indies,AB Barath,RR Sarwan,I Sharma,0,0,"",""
ball,2,5.2,West Indies,AB Barath,RR Sarwan,I Sharma,1,0,"",""
ball,2,5.3,West Indies,RR Sarwan,AB Barath,I Sharma,0,0,"",""
ball,2,5.4,West Indies,RR Sarwan,AB Barath,I Sharma,0,0,"",""
ball,2,5.5,West Indies,RR Sarwan,AB Barath,I Sharma,0,0,"",""
ball,2,5.6,West Indies,RR Sarwan,AB Barath,I Sharma,0,0,"",""
ball,2,6.1,West Indies,AB Barath,RR Sarwan,R Vinay Kumar,0,0,"",""
ball,2,6.2,West Indies,AB Barath,RR Sarwan,R Vinay Kumar,0,0,"",""
ball,2,6.3,West Indies,AB Barath,RR Sarwan,R Vinay Kumar,0,0,"",""
ball,2,6.4,West Indies,AB Barath,RR Sarwan,R Vinay Kumar,1,0,"",""
ball,2,6.5,West Indies,RR Sarwan,AB Barath,R Vinay Kumar,1,0,"",""
ball,2,6.6,West Indies,AB Barath,RR Sarwan,R Vinay Kumar,1,0,"",""
ball,2,7.1,West Indies,AB Barath,RR Sarwan,I Sharma,0,0,"",""
ball,2,7.2,West Indies,AB Barath,RR Sarwan,I Sharma,1,0,"",""
ball,2,7.3,West Indies,RR Sarwan,AB Barath,I Sharma,0,0,"",""
ball,2,7.4,West Indies,RR Sarwan,AB Barath,I Sharma,4,0,"",""
ball,2,7.5,West Indies,RR Sarwan,AB Barath,I Sharma,2,0,"",""
ball,2,7.6,West Indies,RR Sarwan,AB Barath,I Sharma,0,0,"",""
ball,2,8.1,West Indies,AB Barath,RR Sarwan,R Vinay Kumar,0,0,"",""
ball,2,8.2,West Indies,AB Barath,RR Sarwan,R Vinay Kumar,1,0,"",""
ball,2,8.3,West Indies,RR Sarwan,AB Barath,R Vinay Kumar,0,0,"",""
ball,2,8.4,West Indies,RR Sarwan,AB Barath,R Vinay Kumar,0,0,"",""
ball,2,8.5,West Indies,RR Sarwan,AB Barath,R Vinay Kumar,0,0,"",""
ball,2,8.6,West Indies,RR Sarwan,AB Barath,R Vinay Kumar,1,0,"",""
ball,2,9.1,West Indies,RR Sarwan,AB Barath,A Mishra,0,0,"",""
ball,2,9.2,West Indies,RR Sarwan,AB Barath,A Mishra,0,0,"",""
ball,2,9.3,West Indies,RR Sarwan,AB Barath,A Mishra,0,0,"",""
ball,2,9.4,West Indies,RR Sarwan,AB Barath,A Mishra,0,0,"",""
ball,2,9.5,West Indies,RR Sarwan,AB Barath,A Mishra,4,0,"",""
ball,2,9.6,West Indies,RR Sarwan,AB Barath,A Mishra,0,0,"",""
ball,2,10.1,West Indies,AB Barath,RR Sarwan,I Sharma,0,1,"",""
ball,2,10.2,West Indies,RR Sarwan,AB Barath,I Sharma,4,0,"",""
ball,2,10.3,West Indies,RR Sarwan,AB Barath,I Sharma,1,0,"",""
ball,2,10.4,West Indies,AB Barath,RR Sarwan,I Sharma,0,0,"",""
ball,2,10.5,West Indies,AB Barath,RR Sarwan,I Sharma,1,0,"",""
ball,2,10.6,West Indies,RR Sarwan,AB Barath,I Sharma,0,0,"",""
ball,2,11.1,West Indies,AB Barath,RR Sarwan,A Mishra,0,0,"",""
ball,2,11.2,West Indies,AB Barath,RR Sarwan,A Mishra,0,0,"",""
ball,2,11.3,West Indies,AB Barath,RR Sarwan,A Mishra,0,0,"",""
ball,2,11.4,West Indies,AB Barath,RR Sarwan,A Mishra,0,0,"",""
ball,2,11.5,West Indies,AB Barath,RR Sarwan,A Mishra,2,0,"",""
ball,2,11.6,West Indies,AB Barath,RR Sarwan,A Mishra,4,0,"",""
ball,2,12.1,West Indies,RR Sarwan,AB Barath,R Ashwin,1,0,"",""
ball,2,12.2,West Indies,AB Barath,RR Sarwan,R Ashwin,0,0,"",""
ball,2,12.3,West Indies,AB Barath,RR Sarwan,R Ashwin,0,0,"",""
ball,2,12.4,West Indies,AB Barath,RR Sarwan,R Ashwin,0,0,"",""
ball,2,12.5,West Indies,AB Barath,RR Sarwan,R Ashwin,0,0,"",""
ball,2,12.6,West Indies,AB Barath,RR Sarwan,R Ashwin,0,0,"",""
ball,2,13.1,West Indies,RR Sarwan,AB Barath,A Mishra,1,0,"",""
ball,2,13.2,West Indies,AB Barath,RR Sarwan,A Mishra,0,1,"",""
ball,2,13.3,West Indies,RR Sarwan,AB Barath,A Mishra,1,0,"",""
ball,2,13.4,West Indies,AB Barath,RR Sarwan,A Mishra,0,0,"",""
ball,2,13.5,West Indies,AB Barath,RR Sarwan,A Mishra,0,0,"",""
ball,2,13.6,West Indies,AB Barath,RR Sarwan,A Mishra,0,0,"",""
ball,2,14.1,West Indies,RR Sarwan,AB Barath,R Ashwin,3,0,"",""
ball,2,14.2,West Indies,AB Barath,RR Sarwan,R Ashwin,2,0,"",""
ball,2,14.3,West Indies,AB Barath,RR Sarwan,R Ashwin,0,1,"",""
ball,2,14.4,West Indies,AB Barath,RR Sarwan,R Ashwin,0,0,"",""
ball,2,14.5,West Indies,AB Barath,RR Sarwan,R Ashwin,0,0,"",""
ball,2,14.6,West Indies,AB Barath,RR Sarwan,R Ashwin,0,0,"",""
ball,2,14.7,West Indies,AB Barath,RR Sarwan,R Ashwin,0,1,"",""
ball,2,15.1,West Indies,AB Barath,RR Sarwan,A Mishra,0,0,"",""
ball,2,15.2,West Indies,AB Barath,RR Sarwan,A Mishra,0,0,lbw,AB Barath
ball,2,15.3,West Indies,DM Bravo,RR Sarwan,A Mishra,0,0,"",""
ball,2,15.4,West Indies,DM Bravo,RR Sarwan,A Mishra,0,0,"",""
ball,2,15.5,West Indies,DM Bravo,RR Sarwan,A Mishra,0,0,"",""
ball,2,15.6,West Indies,DM Bravo,RR Sarwan,A Mishra,0,0,"",""
ball,2,16.1,West Indies,RR Sarwan,DM Bravo,R Ashwin,0,0,"",""
ball,2,16.2,West Indies,RR Sarwan,DM Bravo,R Ashwin,0,0,"",""
ball,2,16.3,West Indies,RR Sarwan,DM Bravo,R Ashwin,1,0,"",""
ball,2,16.4,West Indies,DM Bravo,RR Sarwan,R Ashwin,1,0,"",""
ball,2,16.5,West Indies,RR Sarwan,DM Bravo,R Ashwin,0,0,"",""
ball,2,16.6,West Indies,RR Sarwan,DM Bravo,R Ashwin,1,0,"",""
ball,2,17.1,West Indies,RR Sarwan,DM Bravo,A Mishra,1,0,"",""
ball,2,17.2,West Indies,DM Bravo,RR Sarwan,A Mishra,0,0,"",""
ball,2,17.3,West Indies,DM Bravo,RR Sarwan,A Mishra,2,0,"",""
ball,2,17.4,West Indies,DM Bravo,RR Sarwan,A Mishra,1,0,"",""
ball,2,17.5,West Indies,RR Sarwan,DM Bravo,A Mishra,0,0,"",""
ball,2,17.6,West Indies,RR Sarwan,DM Bravo,A Mishra,1,0,"",""
ball,2,18.1,West Indies,RR Sarwan,DM Bravo,R Ashwin,0,0,"",""
ball,2,18.2,West Indies,RR Sarwan,DM Bravo,R Ashwin,0,0,"",""
ball,2,18.3,West Indies,RR Sarwan,DM Bravo,R Ashwin,0,0,"",""
ball,2,18.4,West Indies,RR Sarwan,DM Bravo,R Ashwin,0,0,"",""
ball,2,18.5,West Indies,RR Sarwan,DM Bravo,R Ashwin,1,0,"",""
ball,2,18.6,West Indies,DM Bravo,RR Sarwan,R Ashwin,1,0,"",""
ball,2,19.1,West Indies,DM Bravo,RR Sarwan,A Mishra,0,0,"",""
ball,2,19.2,West Indies,DM Bravo,RR Sarwan,A Mishra,0,0,"",""
ball,2,19.3,West Indies,DM Bravo,RR Sarwan,A Mishra,0,0,"",""
ball,2,19.4,West Indies,DM Bravo,RR Sarwan,A Mishra,1,0,"",""
ball,2,19.5,West Indies,RR Sarwan,DM Bravo,A Mishra,0,0,"",""
ball,2,19.6,West Indies,RR Sarwan,DM Bravo,A Mishra,0,0,"",""
ball,2,20.1,West Indies,DM Bravo,RR Sarwan,R Ashwin,0,0,"",""
ball,2,20.2,West Indies,DM Bravo,RR Sarwan,R Ashwin,0,0,"",""
ball,2,20.3,West Indies,DM Bravo,RR Sarwan,R Ashwin,0,0,"",""
ball,2,20.4,West Indies,DM Bravo,RR Sarwan,R Ashwin,0,0,"",""
ball,2,20.5,West Indies,DM Bravo,RR Sarwan,R Ashwin,0,0,"",""
ball,2,20.6,West Indies,DM Bravo,RR Sarwan,R Ashwin,0,0,"",""
ball,2,21.1,West Indies,RR Sarwan,DM Bravo,SK Raina,2,0,"",""
ball,2,21.2,West Indies,RR Sarwan,DM Bravo,SK Raina,1,0,"",""
ball,2,21.3,West Indies,DM Bravo,RR Sarwan,SK Raina,1,0,"",""
ball,2,21.4,West Indies,RR Sarwan,DM Bravo,SK Raina,1,0,"",""
ball,2,21.5,West Indies,DM Bravo,RR Sarwan,SK Raina,0,0,"",""
ball,2,21.6,West Indies,DM Bravo,RR Sarwan,SK Raina,1,0,"",""
ball,2,22.1,West Indies,DM Bravo,RR Sarwan,YK Pathan,0,1,"",""
ball,2,22.2,West Indies,DM Bravo,RR Sarwan,YK Pathan,1,0,"",""
ball,2,22.3,West Indies,RR Sarwan,DM Bravo,YK Pathan,4,0,"",""
ball,2,22.4,West Indies,RR Sarwan,DM Bravo,YK Pathan,0,0,"",""
ball,2,22.5,West Indies,RR Sarwan,DM Bravo,YK Pathan,1,0,"",""
ball,2,22.6,West Indies,DM Bravo,RR Sarwan,YK Pathan,0,0,"",""
ball,2,22.7,West Indies,DM Bravo,RR Sarwan,YK Pathan,0,0,"",""
ball,2,23.1,West Indies,RR Sarwan,DM Bravo,R Ashwin,5,0,"",""
ball,2,23.2,West Indies,DM Bravo,RR Sarwan,R Ashwin,0,0,"",""
ball,2,23.3,West Indies,DM Bravo,RR Sarwan,R Ashwin,0,0,"",""
ball,2,23.4,West Indies,DM Bravo,RR Sarwan,R Ashwin,1,0,"",""
ball,2,23.5,West Indies,RR Sarwan,DM Bravo,R Ashwin,0,0,"",""
ball,2,23.6,West Indies,RR Sarwan,DM Bravo,R Ashwin,0,2,"",""
ball,2,24.1,West Indies,DM Bravo,RR Sarwan,SK Raina,1,0,"",""
ball,2,24.2,West Indies,RR Sarwan,DM Bravo,SK Raina,2,0,"",""
ball,2,24.3,West Indies,RR Sarwan,DM Bravo,SK Raina,0,1,"",""
ball,2,24.4,West Indies,DM Bravo,RR Sarwan,SK Raina,4,0,"",""
ball,2,24.5,West Indies,DM Bravo,RR Sarwan,SK Raina,0,0,"",""
ball,2,24.6,West Indies,DM Bravo,RR Sarwan,SK Raina,0,0,"",""
ball,2,25.1,West Indies,RR Sarwan,DM Bravo,V Kohli,1,0,"",""
ball,2,25.2,West Indies,DM Bravo,RR Sarwan,V Kohli,0,1,"",""
ball,2,25.3,West Indies,DM Bravo,RR Sarwan,V Kohli,1,0,"",""
ball,2,25.4,West Indies,RR Sarwan,DM Bravo,V Kohli,1,0,"",""
ball,2,25.5,West Indies,DM Bravo,RR Sarwan,V Kohli,0,0,"",""
ball,2,25.6,West Indies,DM Bravo,RR Sarwan,V Kohli,1,0,"",""
ball,2,25.7,West Indies,RR Sarwan,DM Bravo,V Kohli,0,0,"",""
ball,2,26.1,West Indies,DM Bravo,RR Sarwan,SK Raina,0,0,"",""
ball,2,26.2,West Indies,DM Bravo,RR Sarwan,SK Raina,0,0,"",""
ball,2,26.3,West Indies,DM Bravo,RR Sarwan,SK Raina,1,0,"",""
ball,2,26.4,West Indies,RR Sarwan,DM Bravo,SK Raina,0,0,"",""
ball,2,26.5,West Indies,RR Sarwan,DM Bravo,SK Raina,1,0,"",""
ball,2,26.6,West Indies,DM Bravo,RR Sarwan,SK Raina,0,0,"",""
ball,2,27.1,West Indies,RR Sarwan,DM Bravo,V Kohli,1,0,"",""
ball,2,27.2,West Indies,DM Bravo,RR Sarwan,V Kohli,0,0,"",""
ball,2,27.3,West Indies,DM Bravo,RR Sarwan,V Kohli,1,0,"",""
ball,2,27.4,West Indies,RR Sarwan,DM Bravo,V Kohli,0,0,"",""
ball,2,27.5,West Indies,RR Sarwan,DM Bravo,V Kohli,0,0,"",""
ball,2,27.6,West Indies,RR Sarwan,DM Bravo,V Kohli,1,0,"",""
ball,2,28.1,West Indies,RR Sarwan,DM Bravo,SK Raina,1,0,"",""
ball,2,28.2,West Indies,DM Bravo,RR Sarwan,SK Raina,1,0,"",""
ball,2,28.3,West Indies,RR Sarwan,DM Bravo,SK Raina,1,0,"",""
ball,2,28.4,West Indies,DM Bravo,RR Sarwan,SK Raina,0,0,"",""
ball,2,28.5,West Indies,DM Bravo,RR Sarwan,SK Raina,0,1,"",""
ball,2,28.6,West Indies,DM Bravo,RR Sarwan,SK Raina,0,1,"",""
ball,2,28.7,West Indies,DM Bravo,RR Sarwan,SK Raina,0,0,"",""
ball,2,28.8,West Indies,DM Bravo,RR Sarwan,SK Raina,0,1,"",""
ball,2,29.1,West Indies,DM Bravo,RR Sarwan,V Kohli,0,0,"",""
ball,2,29.2,West Indies,DM Bravo,RR Sarwan,V Kohli,1,0,"",""
ball,2,29.3,West Indies,RR Sarwan,DM Bravo,V Kohli,1,0,"",""
ball,2,29.4,West Indies,DM Bravo,RR Sarwan,V Kohli,1,0,"",""
ball,2,29.5,West Indies,RR Sarwan,DM Bravo,V Kohli,1,0,"",""
ball,2,29.6,West Indies,DM Bravo,RR Sarwan,V Kohli,1,0,"",""
ball,2,30.1,West Indies,DM Bravo,RR Sarwan,SK Raina,0,0,"",""
ball,2,30.2,West Indies,DM Bravo,RR Sarwan,SK Raina,0,0,"",""
ball,2,30.3,West Indies,DM Bravo,RR Sarwan,SK Raina,1,0,"",""
ball,2,30.4,West Indies,RR Sarwan,DM Bravo,SK Raina,1,0,"",""
ball,2,30.5,West Indies,DM Bravo,RR Sarwan,SK Raina,1,0,"",""
ball,2,30.6,West Indies,RR Sarwan,DM Bravo,SK Raina,0,0,"",""
ball,2,31.1,West Indies,DM Bravo,RR Sarwan,I Sharma,1,0,"",""
ball,2,31.2,West Indies,RR Sarwan,DM Bravo,I Sharma,0,0,"",""
ball,2,31.3,West Indies,RR Sarwan,DM Bravo,I Sharma,0,0,"",""
ball,2,31.4,West Indies,RR Sarwan,DM Bravo,I Sharma,0,0,"",""
ball,2,31.5,West Indies,RR Sarwan,DM Bravo,I Sharma,1,0,"",""
ball,2,31.6,West Indies,DM Bravo,RR Sarwan,I Sharma,0,0,"",""
ball,2,32.1,West Indies,RR Sarwan,DM Bravo,SK Raina,4,0,"",""
ball,2,32.2,West Indies,RR Sarwan,DM Bravo,SK Raina,6,0,"",""
ball,2,32.3,West Indies,RR Sarwan,DM Bravo,SK Raina,0,0,"",""
ball,2,32.4,West Indies,RR Sarwan,DM Bravo,SK Raina,1,0,"",""
ball,2,32.5,West Indies,DM Bravo,RR Sarwan,SK Raina,0,0,"",""
ball,2,32.6,West Indies,DM Bravo,RR Sarwan,SK Raina,1,0,"",""
ball,2,33.1,West Indies,DM Bravo,RR Sarwan,I Sharma,4,0,"",""
ball,2,33.2,West Indies,DM Bravo,RR Sarwan,I Sharma,4,0,"",""
ball,2,33.3,West Indies,DM Bravo,RR Sarwan,I Sharma,0,0,"",""
ball,2,33.4,West Indies,DM Bravo,RR Sarwan,I Sharma,0,0,"",""
ball,2,33.5,West Indies,DM Bravo,RR Sarwan,I Sharma,1,0,"",""
ball,2,33.6,West Indies,RR Sarwan,DM Bravo,I Sharma,1,0,"",""
ball,2,34.1,West Indies,RR Sarwan,DM Bravo,R Vinay Kumar,1,0,"",""
ball,2,34.2,West Indies,DM Bravo,RR Sarwan,R Vinay Kumar,1,0,"",""
ball,2,34.3,West Indies,RR Sarwan,DM Bravo,R Vinay Kumar,1,0,"",""
ball,2,34.4,West Indies,DM Bravo,RR Sarwan,R Vinay Kumar,0,0,"",""
ball,2,34.5,West Indies,DM Bravo,RR Sarwan,R Vinay Kumar,1,0,"",""
ball,2,34.6,West Indies,RR Sarwan,DM Bravo,R Vinay Kumar,0,1,"",""
ball,2,35.1,West Indies,RR Sarwan,DM Bravo,A Mishra,1,0,"",""
ball,2,35.2,West Indies,DM Bravo,RR Sarwan,A Mishra,0,0,"",""
ball,2,35.3,West Indies,DM Bravo,RR Sarwan,A Mishra,1,0,"",""
ball,2,35.4,West Indies,RR Sarwan,DM Bravo,A Mishra,0,0,"",""
ball,2,35.5,West Indies,RR Sarwan,DM Bravo,A Mishra,1,0,"",""
ball,2,35.6,West Indies,DM Bravo,RR Sarwan,A Mishra,0,0,"",""
ball,2,36.1,West Indies,RR Sarwan,DM Bravo,R Vinay Kumar,1,0,"",""
ball,2,36.2,West Indies,DM Bravo,RR Sarwan,R Vinay Kumar,0,0,"",""
ball,2,36.3,West Indies,DM Bravo,RR Sarwan,R Vinay Kumar,1,0,"",""
ball,2,36.4,West Indies,RR Sarwan,DM Bravo,R Vinay Kumar,1,0,"",""
ball,2,36.5,West Indies,DM Bravo,RR Sarwan,R Vinay Kumar,2,0,"",""
ball,2,36.6,West Indies,DM Bravo,RR Sarwan,R Vinay Kumar,0,0,"",""
ball,2,37.1,West Indies,RR Sarwan,DM Bravo,A Mishra,2,0,"",""
ball,2,37.2,West Indies,RR Sarwan,DM Bravo,A Mishra,0,0,"",""
ball,2,37.3,West Indies,RR Sarwan,DM Bravo,A Mishra,0,0,"",""
ball,2,37.4,West Indies,RR Sarwan,DM Bravo,A Mishra,0,0,"",""
ball,2,37.5,West Indies,RR Sarwan,DM Bravo,A Mishra,0,0,"",""
ball,2,37.6,West Indies,RR Sarwan,DM Bravo,A Mishra,0,0,retired hurt,RR Sarwan
ball,2,38.1,West Indies,DM Bravo,MN Samuels,R Ashwin,0,0,"",""
ball,2,38.2,West Indies,DM Bravo,MN Samuels,R Ashwin,1,0,"",""
ball,2,38.3,West Indies,MN Samuels,DM Bravo,R Ashwin,1,0,"",""
ball,2,38.4,West Indies,DM Bravo,MN Samuels,R Ashwin,0,0,"",""
ball,2,38.5,West Indies,DM Bravo,MN Samuels,R Ashwin,6,0,"",""
ball,2,38.6,West Indies,DM Bravo,MN Samuels,R Ashwin,0,0,"",""
ball,2,39.1,West Indies,MN Samuels,DM Bravo,I Sharma,0,0,"",""
ball,2,39.2,West Indies,MN Samuels,DM Bravo,I Sharma,0,0,"",""
ball,2,39.3,West Indies,MN Samuels,DM Bravo,I Sharma,1,0,"",""
ball,2,39.4,West Indies,DM Bravo,MN Samuels,I Sharma,1,0,"",""
ball,2,39.5,West Indies,MN Samuels,DM Bravo,I Sharma,1,0,"",""
ball,2,39.6,West Indies,DM Bravo,MN Samuels,I Sharma,0,0,"",""
ball,2,40.1,West Indies,MN Samuels,DM Bravo,R Ashwin,0,0,"",""
ball,2,40.2,West Indies,MN Samuels,DM Bravo,R Ashwin,0,0,"",""
ball,2,40.3,West Indies,MN Samuels,DM Bravo,R Ashwin,0,0,"",""
ball,2,40.4,West Indies,MN Samuels,DM Bravo,R Ashwin,1,0,"",""
ball,2,40.5,West Indies,DM Bravo,MN Samuels,R Ashwin,0,0,"",""
ball,2,40.6,West Indies,DM Bravo,MN Samuels,R Ashwin,0,0,"",""
ball,2,41.1,West Indies,MN Samuels,DM Bravo,I Sharma,1,0,"",""
ball,2,41.2,West Indies,DM Bravo,MN Samuels,I Sharma,0,0,"",""
ball,2,41.3,West Indies,DM Bravo,MN Samuels,I Sharma,0,0,"",""
ball,2,41.4,West Indies,DM Bravo,MN Samuels,I Sharma,1,0,"",""
ball,2,41.5,West Indies,MN Samuels,DM Bravo,I Sharma,0,0,"",""
ball,2,41.6,West Indies,MN Samuels,DM Bravo,I Sharma,2,0,"",""
ball,2,42.1,West Indies,DM Bravo,MN Samuels,R Ashwin,1,0,"",""
ball,2,42.2,West Indies,MN Samuels,DM Bravo,R Ashwin,1,0,"",""
ball,2,42.3,West Indies,DM Bravo,MN Samuels,R Ashwin,0,0,"",""
ball,2,42.4,West Indies,DM Bravo,MN Samuels,R Ashwin,6,0,"",""
ball,2,42.5,West Indies,DM Bravo,MN Samuels,R Ashwin,6,0,"",""
ball,2,42.6,West Indies,DM Bravo,MN Samuels,R Ashwin,1,0,"",""
ball,2,43.1,West Indies,DM Bravo,MN Samuels,A Mishra,0,0,"",""
ball,2,43.2,West Indies,DM Bravo,MN Samuels,A Mishra,0,0,"",""
ball,2,43.3,West Indies,DM Bravo,MN Samuels,A Mishra,6,1,"",""
ball,2,43.4,West Indies,DM Bravo,MN Samuels,A Mishra,6,0,"",""
ball,2,43.5,West Indies,DM Bravo,MN Samuels,A Mishra,0,1,"",""
ball,2,43.6,West Indies,DM Bravo,MN Samuels,A Mishra,0,0,"",""
ball,2,43.7,West Indies,DM Bravo,MN Samuels,A Mishra,1,0,"",""
ball,2,43.8,West Indies,MN Samuels,DM Bravo,A Mishra,0,0,"",""
ball,2,44.1,West Indies,DM Bravo,MN Samuels,R Vinay Kumar,1,0,"",""
ball,2,44.2,West Indies,MN Samuels,DM Bravo,R Vinay Kumar,1,0,"",""
ball,2,44.3,West Indies,DM Bravo,MN Samuels,R Vinay Kumar,6,0,"",""
ball,2,44.4,West Indies,DM Bravo,MN Samuels,R Vinay Kumar,1,0,"",""
ball,2,44.5,West Indies,MN Samuels,DM Bravo,R Vinay Kumar,2,0,"",""
ball,2,44.6,West Indies,MN Samuels,DM Bravo,R Vinay Kumar,0,0,"",""
ball,2,45.1,West Indies,DM Bravo,MN Samuels,A Mishra,0,0,stumped,DM Bravo
ball,2,45.2,West Indies,KA Pollard,MN Samuels,A Mishra,2,0,"",""
ball,2,45.3,West Indies,KA Pollard,MN Samuels,A Mishra,0,0,"",""
ball,2,45.4,West Indies,KA Pollard,MN Samuels,A Mishra,2,0,"",""
ball,2,45.5,West Indies,KA Pollard,MN Samuels,A Mishra,4,0,"",""
ball,2,45.6,West Indies,KA Pollard,MN Samuels,A Mishra,0,0,"",""
ball,2,46.1,West Indies,MN Samuels,KA Pollard,R Ashwin,2,0,"",""
ball,2,46.2,West Indies,MN Samuels,KA Pollard,R Ashwin,0,0,"",""
ball,2,46.3,West Indies,MN Samuels,KA Pollard,R Ashwin,1,0,"",""
ball,2,46.4,West Indies,KA Pollard,MN Samuels,R Ashwin,0,0,"",""
ball,2,46.5,West Indies,KA Pollard,MN Samuels,R Ashwin,4,0,"",""
ball,2,46.6,West Indies,KA Pollard,MN Samuels,R Ashwin,0,1,"",""
ball,2,46.7,West Indies,KA Pollard,MN Samuels,R Ashwin,0,0,"",""
ball,2,47.1,West Indies,MN Samuels,KA Pollard,R Vinay Kumar,4,0,"",""
ball,2,47.2,West Indies,MN Samuels,KA Pollard,R Vinay Kumar,4,0,"",""
ball,2,47.3,West Indies,MN Samuels,KA Pollard,R Vinay Kumar,1,0,"",""
ball,2,47.4,West Indies,KA Pollard,MN Samuels,R Vinay Kumar,6,0,"",""
ball,2,47.5,West Indies,KA Pollard,MN Samuels,R Vinay Kumar,1,0,"",""
ball,2,47.6,West Indies,MN Samuels,KA Pollard,R Vinay Kumar,4,0,"",""
ball,2,48.1,West Indies,KA Pollard,MN Samuels,I Sharma,1,0,"",""
ball,2,48.2,West Indies,MN Samuels,KA Pollard,I Sharma,1,0,"",""
ball,2,48.3,West Indies,KA Pollard,MN Samuels,I Sharma,0,0,"",""
ball,2,48.4,West Indies,KA Pollard,MN Samuels,I Sharma,4,0,"",""
