version,1.3.0
info,team,West Indies
info,team,India
info,gender,male
info,season,2011
info,date,2011/06/06
info,series,India in West Indies ODI Series
info,match_number,1
info,venue,"Queen's Park Oval, Port of Spain"
info,city,Trinidad
info,toss_winner,West Indies
info,toss_decision,bat
info,player_of_match,RG Sharma
info,umpire,IJ Gould
info,umpire,PJ Nero
info,reserve_umpire,JS Wilson
info,tv_umpire,NA Malcolm
info,match_referee,JJ Crowe
info,winner,India
info,winner_wickets,4
ball,1,0.1,West Indies,LMP Simmons,KA Edwards,P Kumar,0,1,"",""
ball,1,0.2,West Indies,LMP Simmons,KA Edwards,P Kumar,0,1,"",""
ball,1,0.3,West Indies,KA Edwards,LMP Simmons,P Kumar,0,1,"",""
ball,1,0.4,West Indies,KA Edwards,LMP Simmons,P Kumar,4,0,"",""
ball,1,0.5,West Indies,KA Edwards,LMP Simmons,P Kumar,0,0,"",""
ball,1,0.6,West Indies,KA Edwards,LMP Simmons,P Kumar,0,0,"",""
ball,1,0.7,West Indies,KA Edwards,LMP Simmons,P Kumar,0,0,"",""
ball,1,0.8,West Indies,KA Edwards,LMP Simmons,P Kumar,0,0,"",""
ball,1,1.1,West Indies,LMP Simmons,KA Edwards,MM Patel,0,0,"",""
ball,1,1.2,West Indies,LMP Simmons,KA Edwards,MM Patel,0,0,"",""
ball,1,1.3,West Indies,LMP Simmons,KA Edwards,MM Patel,0,0,"",""
ball,1,1.4,West Indies,LMP Simmons,KA Edwards,MM Patel,0,0,"",""
ball,1,1.5,West Indies,LMP Simmons,KA Edwards,MM Patel,0,0,"",""
ball,1,1.6,West Indies,LMP Simmons,KA Edwards,MM Patel,0,0,"",""
ball,1,2.1,West Indies,KA Edwards,LMP Simmons,P Kumar,1,0,"",""
ball,1,2.2,West Indies,LMP Simmons,KA Edwards,P Kumar,0,0,"",""
ball,1,2.3,West Indies,LMP Simmons,KA Edwards,P Kumar,0,0,"",""
ball,1,2.4,West Indies,LMP Simmons,KA Edwards,P Kumar,0,0,"",""
ball,1,2.5,West Indies,LMP Simmons,KA Edwards,P Kumar,0,0,"",""
ball,1,2.6,West Indies,LMP Simmons,KA Edwards,P Kumar,0,0,"",""
ball,1,3.1,West Indies,KA Edwards,LMP Simmons,MM Patel,1,0,"",""
ball,1,3.2,West Indies,LMP Simmons,KA Edwards,MM Patel,0,0,"",""
ball,1,3.3,West Indies,LMP Simmons,KA Edwards,MM Patel,0,5,"",""
ball,1,3.4,West Indies,LMP Simmons,KA Edwards,MM Patel,4,0,"",""
ball,1,3.5,West Indies,LMP Simmons,KA Edwards,MM Patel,1,0,"",""
ball,1,3.6,West Indies,KA Edwards,LMP Simmons,MM Patel,1,0,"",""
ball,1,3.7,West Indies,LMP Simmons,KA Edwards,MM Patel,0,0,"",""
ball,1,4.1,West Indies,KA Edwards,LMP Simmons,P Kumar,0,0,"",""
ball,1,4.2,West Indies,KA Edwards,LMP Simmons,P Kumar,1,0,"",""
ball,1,4.3,West Indies,LMP Simmons,KA Edwards,P Kumar,0,0,"",""
ball,1,4.4,West Indies,LMP Simmons,KA Edwards,P Kumar,0,0,"",""
ball,1,4.5,West Indies,LMP Simmons,KA Edwards,P Kumar,0,0,"",""
ball,1,4.6,West Indies,LMP Simmons,KA Edwards,P Kumar,0,0,"",""
ball,1,5.1,West Indies,KA Edwards,LMP Simmons,MM Patel,0,0,"",""
ball,1,5.2,West Indies,KA Edwards,LMP Simmons,MM Patel,0,0,"",""
ball,1,5.3,West Indies,KA Edwards,LMP Simmons,MM Patel,1,0,"",""
ball,1,5.4,West Indies,LMP Simmons,KA Edwards,MM Patel,0,0,"",""
ball,1,5.5,West Indies,LMP Simmons,KA Edwards,MM Patel,1,0,"",""
ball,1,5.6,West Indies,KA Edwards,LMP Simmons,MM Patel,0,0,"",""
ball,1,6.1,West Indies,LMP Simmons,KA Edwards,P Kumar,0,0,caught,LMP Simmons
ball,1,6.2,West Indies,DM Bravo,KA Edwards,P Kumar,0,0,"",""
ball,1,6.3,West Indies,DM Bravo,KA Edwards,P Kumar,0,0,"",""
ball,1,6.4,West Indies,DM Bravo,KA Edwards,P Kumar,0,0,"",""
ball,1,6.5,West Indies,DM Bravo,KA Edwards,P Kumar,0,0,"",""
ball,1,6.6,West Indies,DM Bravo,KA Edwards,P Kumar,0,0,"",""
ball,1,7.1,West Indies,KA Edwards,DM Bravo,MM Patel,0,0,"",""
ball,1,7.2,West Indies,KA Edwards,DM Bravo,MM Patel,1,0,"",""
ball,1,7.3,West Indies,DM Bravo,KA Edwards,MM Patel,4,0,"",""
ball,1,7.4,West Indies,DM Bravo,KA Edwards,MM Patel,0,0,"",""
ball,1,7.5,West Indies,DM Bravo,KA Edwards,MM Patel,0,0,caught,DM Bravo
ball,1,7.6,West Indies,RR Sarwan,KA Edwards,MM Patel,4,0,"",""
ball,1,8.1,West Indies,KA Edwards,RR Sarwan,P Kumar,0,0,"",""
ball,1,8.2,West Indies,KA Edwards,RR Sarwan,P Kumar,0,0,"",""
ball,1,8.3,West Indies,KA Edwards,RR Sarwan,P Kumar,1,0,"",""
ball,1,8.4,West Indies,RR Sarwan,KA Edwards,P Kumar,0,0,"",""
ball,1,8.5,West Indies,RR Sarwan,KA Edwards,P Kumar,0,0,"",""
ball,1,8.6,West Indies,RR Sarwan,KA Edwards,P Kumar,0,0,"",""
ball,1,9.1,West Indies,KA Edwards,RR Sarwan,MM Patel,0,0,"",""
ball,1,9.2,West Indies,KA Edwards,RR Sarwan,MM Patel,1,0,"",""
ball,1,9.3,West Indies,RR Sarwan,KA Edwards,MM Patel,0,0,"",""
ball,1,9.4,West Indies,RR Sarwan,KA Edwards,MM Patel,0,0,"",""
ball,1,9.5,West Indies,RR Sarwan,KA Edwards,MM Patel,0,1,"",""
ball,1,9.6,West Indies,KA Edwards,RR Sarwan,MM Patel,1,0,"",""
ball,1,10.1,West Indies,KA Edwards,RR Sarwan,A Mishra,0,0,"",""
ball,1,10.2,West Indies,KA Edwards,RR Sarwan,A Mishra,0,0,"",""
ball,1,10.3,West Indies,KA Edwards,RR Sarwan,A Mishra,0,0,"",""
ball,1,10.4,West Indies,KA Edwards,RR Sarwan,A Mishra,0,0,"",""
ball,1,10.5,West Indies,KA Edwards,RR Sarwan,A Mishra,0,0,"",""
ball,1,10.6,West Indies,KA Edwards,RR Sarwan,A Mishra,0,0,"",""
ball,1,11.1,West Indies,RR Sarwan,KA Edwards,MM Patel,0,0,"",""
ball,1,11.2,West Indies,RR Sarwan,KA Edwards,MM Patel,1,0,"",""
ball,1,11.3,West Indies,KA Edwards,RR Sarwan,MM Patel,1,0,"",""
ball,1,11.4,West Indies,RR Sarwan,KA Edwards,MM Patel,1,0,"",""
ball,1,11.5,West Indies,KA Edwards,RR Sarwan,MM Patel,0,0,"",""
ball,1,11.6,West Indies,KA Edwards,RR Sarwan,MM Patel,0,0,"",""
ball,1,12.1,West Indies,RR Sarwan,KA Edwards,A Mishra,0,0,"",""
ball,1,12.2,West Indies,RR Sarwan,KA Edwards,A Mishra,0,0,"",""
ball,1,12.3,West Indies,RR Sarwan,KA Edwards,A Mishra,0,0,"",""
ball,1,12.4,West Indies,RR Sarwan,KA Edwards,A Mishra,0,0,"",""
ball,1,12.5,West Indies,RR Sarwan,KA Edwards,A Mishra,0,0,"",""
ball,1,12.6,West Indies,RR Sarwan,KA Edwards,A Mishra,0,1,"",""
ball,1,12.7,West Indies,RR Sarwan,KA Edwards,A Mishra,1,0,"",""
ball,1,13.1,West Indies,RR Sarwan,KA Edwards,P Kumar,1,0,"",""
ball,1,13.2,West Indies,KA Edwards,RR Sarwan,P Kumar,1,0,"",""
ball,1,13.3,West Indies,RR Sarwan,KA Edwards,P Kumar,0,0,"",""
ball,1,13.4,West Indies,RR Sarwan,KA Edwards,P Kumar,1,0,"",""
ball,1,13.5,West Indies,KA Edwards,RR Sarwan,P Kumar,1,0,"",""
ball,1,13.6,West Indies,RR Sarwan,KA Edwards,P Kumar,1,0,"",""
ball,1,14.1,West Indies,RR Sarwan,KA Edwards,Harbhajan Singh,0,0,"",""
ball,1,14.2,West Indies,RR Sarwan,KA Edwards,Harbhajan Singh,0,0,"",""
ball,1,14.3,West Indies,RR Sarwan,KA Edwards,Harbhajan Singh,1,0,"",""
ball,1,14.4,West Indies,KA Edwards,RR Sarwan,Harbhajan Singh,1,0,"",""
ball,1,14.5,West Indies,RR Sarwan,KA Edwards,Harbhajan Singh,1,0,"",""
ball,1,14.6,West Indies,KA Edwards,RR Sarwan,Harbhajan Singh,0,0,"",""
ball,1,15.1,West Indies,RR Sarwan,KA Edwards,A Mishra,0,0,"",""
ball,1,15.2,West Indies,RR Sarwan,KA Edwards,A Mishra,0,0,"",""
ball,1,15.3,West Indies,RR Sarwan,KA Edwards,A Mishra,0,0,"",""
ball,1,15.4,West Indies,RR Sarwan,KA Edwards,A Mishra,4,0,"",""
ball,1,15.5,West Indies,RR Sarwan,KA Edwards,A Mishra,1,0,"",""
ball,1,15.6,West Indies,KA Edwards,RR Sarwan,A Mishra,0,0,"",""
ball,1,16.1,West Indies,RR Sarwan,KA Edwards,Harbhajan Singh,0,0,"",""
ball,1,16.2,West Indies,RR Sarwan,KA Edwards,Harbhajan Singh,1,0,"",""
ball,1,16.3,West Indies,KA Edwards,RR Sarwan,Harbhajan Singh,1,0,"",""
ball,1,16.4,West Indies,RR Sarwan,KA Edwards,Harbhajan Singh,0,0,"",""
ball,1,16.5,West Indies,RR Sarwan,KA Edwards,Harbhajan Singh,0,0,"",""
ball,1,16.6,West Indies,RR Sarwan,KA Edwards,Harbhajan Singh,0,0,"",""
ball,1,17.1,West Indies,KA Edwards,RR Sarwan,A Mishra,2,0,"",""
ball,1,17.2,West Indies,KA Edwards,RR Sarwan,A Mishra,0,0,"",""
ball,1,17.3,West Indies,KA Edwards,RR Sarwan,A Mishra,0,0,"",""
ball,1,17.4,West Indies,KA Edwards,RR Sarwan,A Mishra,0,0,"",""
ball,1,17.5,West Indies,KA Edwards,RR Sarwan,A Mishra,0,0,"",""
ball,1,17.6,West Indies,KA Edwards,RR Sarwan,A Mishra,1,0,"",""
ball,1,18.1,West Indies,KA Edwards,RR Sarwan,Harbhajan Singh,0,0,"",""
ball,1,18.2,West Indies,KA Edwards,RR Sarwan,Harbhajan Singh,0,0,caught,KA Edwards
ball,1,18.3,West Indies,MN Samuels,RR Sarwan,Harbhajan Singh,0,0,"",""
ball,1,18.4,West Indies,MN Samuels,RR Sarwan,Harbhajan Singh,0,0,"",""
ball,1,18.5,West Indies,MN Samuels,RR Sarwan,Harbhajan Singh,1,0,"",""
ball,1,18.6,West Indies,RR Sarwan,MN Samuels,Harbhajan Singh,0,0,"",""
ball,1,19.1,West Indies,MN Samuels,RR Sarwan,A Mishra,1,0,"",""
ball,1,19.2,West Indies,RR Sarwan,MN Samuels,A Mishra,0,0,"",""
ball,1,19.3,West Indies,RR Sarwan,MN Samuels,A Mishra,2,0,"",""
ball,1,19.4,West Indies,RR Sarwan,MN Samuels,A Mishra,0,0,"",""
ball,1,19.5,West Indies,RR Sarwan,MN Samuels,A Mishra,0,0,"",""
ball,1,19.6,West Indies,RR Sarwan,MN Samuels,A Mishra,0,1,"",""
ball,1,19.7,West Indies,RR Sarwan,MN Samuels,A Mishra,0,0,"",""
ball,1,20.1,West Indies,MN Samuels,RR Sarwan,Harbhajan Singh,1,0,"",""
ball,1,20.2,West Indies,RR Sarwan,MN Samuels,Harbhajan Singh,0,0,"",""
ball,1,20.3,West Indies,RR Sarwan,MN Samuels,Harbhajan Singh,0,0,"",""
ball,1,20.4,West Indies,RR Sarwan,MN Samuels,Harbhajan Singh,1,0,"",""
ball,1,20.5,West Indies,MN Samuels,RR Sarwan,Harbhajan Singh,0,0,"",""
ball,1,20.6,West Indies,MN Samuels,RR Sarwan,Harbhajan Singh,0,0,"",""
ball,1,21.1,West Indies,RR Sarwan,MN Samuels,A Mishra,0,0,"",""
ball,1,21.2,West Indies,RR Sarwan,MN Samuels,A Mishra,0,0,"",""
ball,1,21.3,West Indies,RR Sarwan,MN Samuels,A Mishra,1,0,"",""
ball,1,21.4,West Indies,MN Samuels,RR Sarwan,A Mishra,1,0,"",""
ball,1,21.5,West Indies,RR Sarwan,MN Samuels,A Mishra,0,0,"",""
ball,1,21.6,West Indies,RR Sarwan,MN Samuels,A Mishra,1,0,"",""
ball,1,22.1,West Indies,RR Sarwan,MN Samuels,Harbhajan Singh,1,0,"",""
ball,1,22.2,West Indies,MN Samuels,RR Sarwan,Harbhajan Singh,0,0,"",""
ball,1,22.3,West Indies,MN Samuels,RR Sarwan,Harbhajan Singh,0,0,"",""
ball,1,22.4,West Indies,MN Samuels,RR Sarwan,Harbhajan Singh,1,0,"",""
ball,1,22.5,West Indies,RR Sarwan,MN Samuels,Harbhajan Singh,0,0,"",""
ball,1,22.6,West Indies,RR Sarwan,MN Samuels,Harbhajan Singh,0,0,"",""
ball,1,23.1,West Indies,MN Samuels,RR Sarwan,A Mishra,0,0,"",""
ball,1,23.2,West Indies,MN Samuels,RR Sarwan,A Mishra,0,0,"",""
ball,1,23.3,West Indies,MN Samuels,RR Sarwan,A Mishra,0,0,"",""
ball,1,23.4,West Indies,MN Samuels,RR Sarwan,A Mishra,0,0,"",""
ball,1,23.5,West Indies,MN Samuels,RR Sarwan,A Mishra,1,0,"",""
ball,1,23.6,West Indies,RR Sarwan,MN Samuels,A Mishra,0,1,"",""
ball,1,24.1,West Indies,RR Sarwan,MN Samuels,Harbhajan Singh,1,0,"",""
ball,1,24.2,West Indies,MN Samuels,RR Sarwan,Harbhajan Singh,0,0,"",""
ball,1,24.3,West Indies,MN Samuels,RR Sarwan,Harbhajan Singh,0,0,"",""
ball,1,24.4,West Indies,MN Samuels,RR Sarwan,Harbhajan Singh,0,0,"",""
ball,1,24.5,West Indies,MN Samuels,RR Sarwan,Harbhajan Singh,0,0,"",""
ball,1,24.6,West Indies,MN Samuels,RR Sarwan,Harbhajan Singh,0,0,"",""
ball,1,25.1,West Indies,RR Sarwan,MN Samuels,YK Pathan,1,0,"",""
ball,1,25.2,West Indies,MN Samuels,RR Sarwan,YK Pathan,1,0,"",""
ball,1,25.3,West Indies,RR Sarwan,MN Samuels,YK Pathan,1,0,"",""
ball,1,25.4,West Indies,MN Samuels,RR Sarwan,YK Pathan,4,0,"",""
ball,1,25.5,West Indies,MN Samuels,RR Sarwan,YK Pathan,0,0,"",""
ball,1,25.6,West Indies,MN Samuels,RR Sarwan,YK Pathan,4,0,"",""
ball,1,26.1,West Indies,RR Sarwan,MN Samuels,SK Raina,1,0,"",""
ball,1,26.2,West Indies,MN Samuels,RR Sarwan,SK Raina,2,0,"",""
ball,1,26.3,West Indies,MN Samuels,RR Sarwan,SK Raina,0,0,"",""
ball,1,26.4,West Indies,MN Samuels,RR Sarwan,SK Raina,1,0,"",""
ball,1,26.5,West Indies,RR Sarwan,MN Samuels,SK Raina,0,0,"",""
ball,1,26.6,West Indies,RR Sarwan,MN Samuels,SK Raina,0,0,"",""
ball,1,27.1,West Indies,MN Samuels,RR Sarwan,YK Pathan,0,0,"",""
ball,1,27.2,West Indies,MN Samuels,RR Sarwan,YK Pathan,1,0,"",""
ball,1,27.3,West Indies,RR Sarwan,MN Samuels,YK Pathan,0,0,"",""
ball,1,27.4,West Indies,RR Sarwan,MN Samuels,YK Pathan,0,1,"",""
ball,1,27.5,West Indies,RR Sarwan,MN Samuels,YK Pathan,1,0,"",""
ball,1,27.6,West Indies,MN Samuels,RR Sarwan,YK Pathan,1,0,"",""
ball,1,27.7,West Indies,RR Sarwan,MN Samuels,YK Pathan,1,0,"",""
ball,1,28.1,West Indies,RR Sarwan,MN Samuels,SK Raina,0,0,"",""
ball,1,28.2,West Indies,RR Sarwan,MN Samuels,SK Raina,1,0,"",""
ball,1,28.3,West Indies,MN Samuels,RR Sarwan,SK Raina,1,0,"",""
ball,1,28.4,West Indies,RR Sarwan,MN Samuels,SK Raina,1,0,"",""
ball,1,28.5,West Indies,MN Samuels,RR Sarwan,SK Raina,1,0,"",""
ball,1,28.6,West Indies,RR Sarwan,MN Samuels,SK Raina,1,0,"",""
ball,1,29.1,West Indies,RR Sarwan,MN Samuels,V Kohli,0,0,"",""
ball,1,29.2,West Indies,RR Sarwan,MN Samuels,V Kohli,0,0,"",""
ball,1,29.3,West Indies,RR Sarwan,MN Samuels,V Kohli,0,0,"",""
ball,1,29.4,West Indies,RR Sarwan,MN Samuels,V Kohli,0,0,"",""
ball,1,29.5,West Indies,RR Sarwan,MN Samuels,V Kohli,0,0,"",""
ball,1,29.6,West Indies,RR Sarwan,MN Samuels,V Kohli,0,0,"",""
ball,1,30.1,West Indies,MN Samuels,RR Sarwan,SK Raina,0,0,"",""
ball,1,30.2,West Indies,MN Samuels,RR Sarwan,SK Raina,0,0,"",""
ball,1,30.3,West Indies,MN Samuels,RR Sarwan,SK Raina,1,0,"",""
ball,1,30.4,West Indies,RR Sarwan,MN Samuels,SK Raina,1,0,"",""
ball,1,30.5,West Indies,MN Samuels,RR Sarwan,SK Raina,0,0,"",""
ball,1,30.6,West Indies,MN Samuels,RR Sarwan,SK Raina,0,0,"",""
ball,1,31.1,West Indies,RR Sarwan,MN Samuels,V Kohli,0,0,"",""
ball,1,31.2,West Indies,RR Sarwan,MN Samuels,V Kohli,1,0,"",""
ball,1,31.3,West Indies,MN Samuels,RR Sarwan,V Kohli,0,0,"",""
ball,1,31.4,West Indies,MN Samuels,RR Sarwan,V Kohli,1,0,"",""
ball,1,31.5,West Indies,RR Sarwan,MN Samuels,V Kohli,1,0,"",""
ball,1,31.6,West Indies,MN Samuels,RR Sarwan,V Kohli,0,1,"",""
ball,1,31.7,West Indies,MN Samuels,RR Sarwan,V Kohli,6,0,"",""
ball,1,32.1,West Indies,RR Sarwan,MN Samuels,SK Raina,0,0,"",""
ball,1,32.2,West Indies,RR Sarwan,MN Samuels,SK Raina,4,0,"",""
ball,1,32.3,West Indies,RR Sarwan,MN Samuels,SK Raina,1,0,"",""
ball,1,32.4,West Indies,MN Samuels,RR Sarwan,SK Raina,0,0,"",""
ball,1,32.5,West Indies,MN Samuels,RR Sarwan,SK Raina,0,0,"",""
ball,1,32.6,West Indies,MN Samuels,RR Sarwan,SK Raina,0,0,"",""
ball,1,33.1,West Indies,RR Sarwan,MN Samuels,P Kumar,1,0,"",""
ball,1,33.2,West Indies,MN Samuels,RR Sarwan,P Kumar,0,0,"",""
ball,1,33.3,West Indies,MN Samuels,RR Sarwan,P Kumar,1,0,"",""
ball,1,33.4,West Indies,RR Sarwan,MN Samuels,P Kumar,0,0,"",""
ball,1,33.5,West Indies,RR Sarwan,MN Samuels,P Kumar,1,0,"",""
ball,1,33.6,West Indies,MN Samuels,RR Sarwan,P Kumar,4,0,"",""
ball,1,34.1,West Indies,RR Sarwan,MN Samuels,MM Patel,0,0,"",""
ball,1,34.2,West Indies,RR Sarwan,MN Samuels,MM Patel,1,0,"",""
ball,1,34.3,West Indies,MN Samuels,RR Sarwan,MM Patel,0,0,"",""
ball,1,34.4,West Indies,MN Samuels,RR Sarwan,MM Patel,0,0,"",""
ball,1,34.5,West Indies,MN Samuels,RR Sarwan,MM Patel,0,0,"",""
ball,1,34.6,West Indies,MN Samuels,RR Sarwan,MM Patel,1,0,"",""
ball,1,35.1,West Indies,MN Samuels,RR Sarwan,P Kumar,0,0,"",""
ball,1,35.2,West Indies,MN Samuels,RR Sarwan,P Kumar,0,0,"",""
ball,1,35.3,West Indies,MN Samuels,RR Sarwan,P Kumar,0,0,"",""
ball,1,35.4,West Indies,MN Samuels,RR Sarwan,P Kumar,0,0,"",""
ball,1,35.5,West Indies,MN Samuels,RR Sarwan,P Kumar,1,0,"",""
ball,1,35.6,West Indies,RR Sarwan,MN Samuels,P Kumar,1,0,"",""
ball,1,36.1,West Indies,RR Sarwan,MN Samuels,A Mishra,0,0,"",""
ball,1,36.2,West Indies,RR Sarwan,MN Samuels,A Mishra,0,0,"",""
ball,1,36.3,West Indies,RR Sarwan,MN Samuels,A Mishra,1,0,"",""
ball,1,36.4,West Indies,MN Samuels,RR Sarwan,A Mishra,1,0,"",""
ball,1,36.5,West Indies,RR Sarwan,MN Samuels,A Mishra,0,0,"",""
ball,1,36.6,West Indies,RR Sarwan,MN Samuels,A Mishra,1,0,"",""
ball,1,37.1,West Indies,RR Sarwan,MN Samuels,MM Patel,0,1,"",""
ball,1,37.2,West Indies,RR Sarwan,MN Samuels,MM Patel,1,0,"",""
ball,1,37.3,West Indies,MN Samuels,RR Sarwan,MM Patel,0,0,"",""
ball,1,37.4,West Indies,MN Samuels,RR Sarwan,MM Patel,1,0,"",""
ball,1,37.5,West Indies,RR Sarwan,MN Samuels,MM Patel,4,0,"",""
ball,1,37.6,West Indies,RR Sarwan,MN Samuels,MM Patel,4,0,"",""
ball,1,37.7,West Indies,RR Sarwan,MN Samuels,MM Patel,0,0,caught,RR Sarwan
ball,1,38.1,West Indies,MN Samuels,DJ Bravo,Harbhajan Singh,1,0,"",""
ball,1,38.2,West Indies,DJ Bravo,MN Samuels,Harbhajan Singh,0,0,"",""
ball,1,38.3,West Indies,DJ Bravo,MN Samuels,Harbhajan Singh,5,0,"",""
ball,1,38.4,West Indies,MN Samuels,DJ Bravo,Harbhajan Singh,0,1,"",""
ball,1,38.5,West Indies,DJ Bravo,MN Samuels,Harbhajan Singh,1,0,"",""
ball,1,38.6,West Indies,MN Samuels,DJ Bravo,Harbhajan Singh,1,0,"",""
ball,1,39.1,West Indies,MN Samuels,DJ Bravo,MM Patel,0,0,"",""
ball,1,39.2,West Indies,MN Samuels,DJ Bravo,MM Patel,0,0,"",""
ball,1,39.3,West Indies,MN Samuels,DJ Bravo,MM Patel,1,0,"",""
ball,1,39.4,West Indies,DJ Bravo,MN Samuels,MM Patel,1,0,"",""
ball,1,39.5,West Indies,MN Samuels,DJ Bravo,MM Patel,2,0,"",""
ball,1,39.6,West Indies,MN Samuels,DJ Bravo,MM Patel,2,0,"",""
ball,1,40.1,West Indies,DJ Bravo,MN Samuels,Harbhajan Singh,0,0,"",""
ball,1,40.2,West Indies,DJ Bravo,MN Samuels,Harbhajan Singh,0,0,"",""
ball,1,40.3,West Indies,DJ Bravo,MN Samuels,Harbhajan Singh,1,0,"",""
ball,1,40.4,West Indies,MN Samuels,DJ Bravo,Harbhajan Singh,1,0,"",""
ball,1,40.5,West Indies,DJ Bravo,MN Samuels,Harbhajan Singh,1,0,"",""
ball,1,40.6,West Indies,MN Samuels,DJ Bravo,Harbhajan Singh,0,0,"",""
ball,1,41.1,West Indies,DJ Bravo,MN Samuels,A Mishra,0,0,"",""
ball,1,41.2,West Indies,DJ Bravo,MN Samuels,A Mishra,6,0,"",""
ball,1,41.3,West Indies,DJ Bravo,MN Samuels,A Mishra,1,0,"",""
ball,1,41.4,West Indies,MN Samuels,DJ Bravo,A Mishra,6,0,"",""
ball,1,41.5,West Indies,MN Samuels,DJ Bravo,A Mishra,0,0,"",""
ball,1,41.6,West Indies,MN Samuels,DJ Bravo,A Mishra,1,0,"",""
ball,1,42.1,West Indies,MN Samuels,DJ Bravo,SK Raina,1,0,"",""
ball,1,42.2,West Indies,DJ Bravo,MN Samuels,SK Raina,2,0,"",""
ball,1,42.3,West Indies,DJ Bravo,MN Samuels,SK Raina,1,0,"",""
ball,1,42.4,West Indies,MN Samuels,DJ Bravo,SK Raina,0,0,bowled,MN Samuels
ball,1,42.5,West Indies,CS Baugh,DJ Bravo,SK Raina,1,0,"",""
ball,1,42.6,West Indies,DJ Bravo,CS Baugh,SK Raina,1,0,"",""
ball,1,43.1,West Indies,DJ Bravo,CS Baugh,V Kohli,1,0,"",""
ball,1,43.2,West Indies,CS Baugh,DJ Bravo,V Kohli,1,0,"",""
ball,1,43.3,West Indies,DJ Bravo,CS Baugh,V Kohli,0,0,"",""
ball,1,43.4,West Indies,DJ Bravo,CS Baugh,V Kohli,1,0,"",""
ball,1,43.5,West Indies,CS Baugh,DJ Bravo,V Kohli,2,0,"",""
ball,1,43.6,West Indies,CS Baugh,DJ Bravo,V Kohli,1,0,"",""
ball,1,44.1,West Indies,CS Baugh,DJ Bravo,Harbhajan Singh,4,0,"",""
ball,1,44.2,West Indies,CS Baugh,DJ Bravo,Harbhajan Singh,1,0,"",""
ball,1,44.3,West Indies,DJ Bravo,CS Baugh,Harbhajan Singh,0,0,"",""
ball,1,44.4,West Indies,DJ Bravo,CS Baugh,Harbhajan Singh,0,1,"",""
ball,1,44.5,West Indies,DJ Bravo,CS Baugh,Harbhajan Singh,0,0,"",""
ball,1,44.6,West Indies,DJ Bravo,CS Baugh,Harbhajan Singh,0,0,stumped,DJ Bravo
ball,1,44.7,West Indies,DJG Sammy,CS Baugh,Harbhajan Singh,0,0,"",""
ball,1,45.1,West Indies,CS Baugh,DJG Sammy,A Mishra,0,0,"",""
ball,1,45.2,West Indies,CS Baugh,DJG Sammy,A Mishra,0,0,"",""
ball,1,45.3,West Indies,CS Baugh,DJG Sammy,A Mishra,2,0,"",""
ball,1,45.4,West Indies,CS Baugh,DJG Sammy,A Mishra,0,0,"",""
ball,1,45.5,West Indies,CS Baugh,DJG Sammy,A Mishra,0,0,"",""
ball,1,45.6,West Indies,CS Baugh,DJG Sammy,A Mishra,1,0,"",""
ball,1,46.1,West Indies,CS Baugh,DJG Sammy,Harbhajan Singh,0,0,"",""
ball,1,46.2,West Indies,CS Baugh,DJG Sammy,Harbhajan Singh,2,0,"",""
ball,1,46.3,West Indies,CS Baugh,DJG Sammy,Harbhajan Singh,0,0,"",""
ball,1,46.4,West Indies,CS Baugh,DJG Sammy,Harbhajan Singh,1,0,"",""
ball,1,46.5,West Indies,DJG Sammy,CS Baugh,Harbhajan Singh,1,0,"",""
ball,1,46.6,West Indies,CS Baugh,DJG Sammy,Harbhajan Singh,0,0,lbw,CS Baugh
ball,1,47.1,West Indies,DJG Sammy,R Rampaul,P Kumar,1,0,"",""
ball,1,47.2,West Indies,R Rampaul,DJG Sammy,P Kumar,2,0,"",""
ball,1,47.3,West Indies,R Rampaul,DJG Sammy,P Kumar,0,1,"",""
ball,1,47.4,West Indies,DJG Sammy,R Rampaul,P Kumar,2,0,"",""
ball,1,47.5,West Indies,DJG Sammy,R Rampaul,P Kumar,0,0,lbw,DJG Sammy
ball,1,47.6,West Indies,D Bishoo,R Rampaul,P Kumar,0,1,"",""
ball,1,47.7,West Indies,D Bishoo,R Rampaul,P Kumar,0,0,"",""
ball,1,48.1,West Indies,R Rampaul,D Bishoo,SK Raina,0,0,"",""
ball,1,48.2,West Indies,R Rampaul,D Bishoo,SK Raina,0,0,"",""
ball,1,48.3,West Indies,R Rampaul,D Bishoo,SK Raina,1,0,"",""
ball,1,48.4,West Indies,D Bishoo,R Rampaul,SK Raina,0,0,"",""
ball,1,48.5,West Indies,D Bishoo,R Rampaul,SK Raina,0,0,"",""
ball,1,48.6,West Indies,D Bishoo,R Rampaul,SK Raina,0,0,lbw,D Bishoo
ball,1,49.1,West Indies,R Rampaul,A Martin,P Kumar,1,0,"",""
ball,1,49.2,West Indies,A Martin,R Rampaul,P Kumar,1,0,"",""
ball,1,49.3,West Indies,R Rampaul,A Martin,P Kumar,1,0,"",""
ball,1,49.4,West Indies,A Martin,R Rampaul,P Kumar,0,0,"",""
ball,1,49.5,West Indies,A Martin,R Rampaul,P Kumar,1,0,"",""
ball,1,49.6,West Indies,R Rampaul,A Martin,P Kumar,4,0,"",""
ball,2,0.1,India,PA Patel,S Dhawan,R Rampaul,0,1,"",""
ball,2,0.2,India,S Dhawan,PA Patel,R Rampaul,0,0,"",""
ball,2,0.3,India,S Dhawan,PA Patel,R Rampaul,0,0,"",""
ball,2,0.4,India,S Dhawan,PA Patel,R Rampaul,1,0,"",""
ball,2,0.5,India,PA Patel,S Dhawan,R Rampaul,2,0,"",""
ball,2,0.6,India,PA Patel,S Dhawan,R Rampaul,0,0,"",""
ball,2,1.1,India,S Dhawan,PA Patel,A Martin,0,0,"",""
ball,2,1.2,India,S Dhawan,PA Patel,A Martin,0,0,"",""
ball,2,1.3,India,S Dhawan,PA Patel,A Martin,0,0,"",""
ball,2,1.4,India,S Dhawan,PA Patel,A Martin,1,0,"",""
ball,2,1.5,India,PA Patel,S Dhawan,A Martin,1,0,"",""
ball,2,1.6,India,S Dhawan,PA Patel,A Martin,0,0,"",""
ball,2,2.1,India,PA Patel,S Dhawan,R Rampaul,1,0,"",""
ball,2,2.2,India,S Dhawan,PA Patel,R Rampaul,0,0,"",""
ball,2,2.3,India,S Dhawan,PA Patel,R Rampaul,2,0,"",""
ball,2,2.4,India,S Dhawan,PA Patel,R Rampaul,0,0,"",""
ball,2,2.5,India,S Dhawan,PA Patel,R Rampaul,4,0,"",""
ball,2,2.6,India,S Dhawan,PA Patel,R Rampaul,4,0,"",""
ball,2,3.1,India,PA Patel,S Dhawan,A Martin,4,0,"",""
ball,2,3.2,India,PA Patel,S Dhawan,A Martin,0,1,"",""
ball,2,3.3,India,S Dhawan,PA Patel,A Martin,0,0,"",""
ball,2,3.4,India,S Dhawan,PA Patel,A Martin,0,0,"",""
ball,2,3.5,India,S Dhawan,PA Patel,A Martin,1,0,"",""
ball,2,3.6,India,PA Patel,S Dhawan,A Martin,1,0,"",""
ball,2,4.1,India,PA Patel,S Dhawan,R Rampaul,0,0,"",""
ball,2,4.2,India,PA Patel,S Dhawan,R Rampaul,0,0,"",""
ball,2,4.3,India,PA Patel,S Dhawan,R Rampaul,0,0,"",""
ball,2,4.4,India,PA Patel,S Dhawan,R Rampaul,0,1,"",""
ball,2,4.5,India,PA Patel,S Dhawan,R Rampaul,4,0,"",""
ball,2,4.6,India,PA Patel,S Dhawan,R Rampaul,0,0,"",""
ball,2,4.7,India,PA Patel,S Dhawan,R Rampaul,0,0,"",""
ball,2,5.1,India,S Dhawan,PA Patel,A Martin,0,0,"",""
ball,2,5.2,India,S Dhawan,PA Patel,A Martin,0,0,run out,PA Patel
ball,2,5.3,India,V Kohli,S Dhawan,A Martin,0,0,"",""
ball,2,5.4,India,V Kohli,S Dhawan,A Martin,0,0,"",""
ball,2,5.5,India,V Kohli,S Dhawan,A Martin,0,0,"",""
ball,2,5.6,India,V Kohli,S Dhawan,A Martin,1,0,"",""
ball,2,6.1,India,V Kohli,S Dhawan,R Rampaul,1,0,"",""
ball,2,6.2,India,S Dhawan,V Kohli,R Rampaul,3,0,"",""
ball,2,6.3,India,V Kohli,S Dhawan,R Rampaul,0,0,"",""
ball,2,6.4,India,V Kohli,S Dhawan,R Rampaul,0,0,"",""
ball,2,6.5,India,V Kohli,S Dhawan,R Rampaul,0,0,caught,V Kohli
ball,2,6.6,India,S Badrinath,S Dhawan,R Rampaul,0,0,"",""
ball,2,7.1,India,S Dhawan,S Badrinath,A Martin,1,0,"",""
ball,2,7.2,India,S Badrinath,S Dhawan,A Martin,0,0,"",""
ball,2,7.3,India,S Badrinath,S Dhawan,A Martin,0,0,"",""
ball,2,7.4,India,S Badrinath,S Dhawan,A Martin,3,0,"",""
ball,2,7.5,India,S Dhawan,S Badrinath,A Martin,0,0,"",""
ball,2,7.6,India,S Dhawan,S Badrinath,A Martin,1,0,"",""
ball,2,8.1,India,S Dhawan,S Badrinath,R Rampaul,0,0,"",""
ball,2,8.2,India,S Dhawan,S Badrinath,R Rampaul,0,0,"",""
ball,2,8.3,India,S Dhawan,S Badrinath,R Rampaul,1,0,"",""
ball,2,8.4,India,S Badrinath,S Dhawan,R Rampaul,1,0,"",""
ball,2,8.5,India,S Dhawan,S Badrinath,R Rampaul,1,0,"",""
ball,2,8.6,India,S Badrinath,S Dhawan,R Rampaul,4,0,"",""
ball,2,9.1,India,S Dhawan,S Badrinath,A Martin,0,0,"",""
ball,2,9.2,India,S Dhawan,S Badrinath,A Martin,0,0,"",""
ball,2,9.3,India,S Dhawan,S Badrinath,A Martin,1,0,"",""
ball,2,9.4,India,S Badrinath,S Dhawan,A Martin,1,0,"",""
ball,2,9.5,India,S Dhawan,S Badrinath,A Martin,0,0,"",""
ball,2,9.6,India,S Dhawan,S Badrinath,A Martin,0,0,"",""
ball,2,10.1,India,S Badrinath,S Dhawan,DJG Sammy,1,0,"",""
ball,2,10.2,India,S Dhawan,S Badrinath,DJG Sammy,0,0,"",""
ball,2,10.3,India,S Dhawan,S Badrinath,DJG Sammy,1,0,"",""
ball,2,10.4,India,S Badrinath,S Dhawan,DJG Sammy,1,0,"",""
ball,2,10.5,India,S Dhawan,S Badrinath,DJG Sammy,1,0,"",""
ball,2,10.6,India,S Badrinath,S Dhawan,DJG Sammy,1,0,"",""
ball,2,11.1,India,S Badrinath,S Dhawan,D Bishoo,0,0,"",""
ball,2,11.2,India,S Badrinath,S Dhawan,D Bishoo,0,0,"",""
ball,2,11.3,India,S Badrinath,S Dhawan,D Bishoo,2,0,"",""
ball,2,11.4,India,S Badrinath,S Dhawan,D Bishoo,0,0,"",""
ball,2,11.5,India,S Badrinath,S Dhawan,D Bishoo,0,0,"",""
ball,2,11.6,India,S Badrinath,S Dhawan,D Bishoo,0,0,"",""
ball,2,12.1,India,S Dhawan,S Badrinath,DJG Sammy,0,0,"",""
ball,2,12.2,India,S Dhawan,S Badrinath,DJG Sammy,0,0,"",""
ball,2,12.3,India,S Dhawan,S Badrinath,DJG Sammy,1,0,"",""
ball,2,12.4,India,S Badrinath,S Dhawan,DJG Sammy,1,0,"",""
ball,2,12.5,India,S Dhawan,S Badrinath,DJG Sammy,0,0,"",""
ball,2,12.6,India,S Dhawan,S Badrinath,DJG Sammy,0,0,"",""
ball,2,13.1,India,S Badrinath,S Dhawan,D Bishoo,0,0,"",""
ball,2,13.2,India,S Badrinath,S Dhawan,D Bishoo,0,0,"",""
ball,2,13.3,India,S Badrinath,S Dhawan,D Bishoo,0,0,"",""
ball,2,13.4,India,S Badrinath,S Dhawan,D Bishoo,0,0,"",""
ball,2,13.5,India,S Badrinath,S Dhawan,D Bishoo,0,0,"",""
ball,2,13.6,India,S Badrinath,S Dhawan,D Bishoo,0,0,"",""
ball,2,14.1,India,S Dhawan,S Badrinath,DJG Sammy,1,0,"",""
ball,2,14.2,India,S Badrinath,S Dhawan,DJG Sammy,0,0,"",""
ball,2,14.3,India,S Badrinath,S Dhawan,DJG Sammy,0,0,"",""
ball,2,14.4,India,S Badrinath,S Dhawan,DJG Sammy,0,0,"",""
ball,2,14.5,India,S Badrinath,S Dhawan,DJG Sammy,0,0,"",""
ball,2,14.6,India,S Badrinath,S Dhawan,DJG Sammy,0,0,"",""
ball,2,15.1,India,S Dhawan,S Badrinath,D Bishoo,1,0,"",""
ball,2,15.2,India,S Badrinath,S Dhawan,D Bishoo,2,0,"",""
ball,2,15.3,India,S Badrinath,S Dhawan,D Bishoo,0,0,caught,S Badrinath
ball,2,15.4,India,RG Sharma,S Dhawan,D Bishoo,0,0,"",""
ball,2,15.5,India,RG Sharma,S Dhawan,D Bishoo,0,0,"",""
ball,2,15.6,India,RG Sharma,S Dhawan,D Bishoo,2,0,"",""
ball,2,16.1,India,S Dhawan,RG Sharma,DJG Sammy,1,0,"",""
ball,2,16.2,India,RG Sharma,S Dhawan,DJG Sammy,0,0,"",""
ball,2,16.3,India,RG Sharma,S Dhawan,DJG Sammy,0,0,"",""
ball,2,16.4,India,RG Sharma,S Dhawan,DJG Sammy,1,0,"",""
ball,2,16.5,India,S Dhawan,RG Sharma,DJG Sammy,0,0,"",""
ball,2,16.6,India,S Dhawan,RG Sharma,DJG Sammy,1,0,"",""
ball,2,17.1,India,S Dhawan,RG Sharma,D Bishoo,0,0,"",""
ball,2,17.2,India,S Dhawan,RG Sharma,D Bishoo,1,0,"",""
ball,2,17.3,India,RG Sharma,S Dhawan,D Bishoo,1,0,"",""
ball,2,17.4,India,S Dhawan,RG Sharma,D Bishoo,2,0,"",""
ball,2,17.5,India,S Dhawan,RG Sharma,D Bishoo,1,0,"",""
ball,2,17.6,India,RG Sharma,S Dhawan,D Bishoo,0,0,"",""
ball,2,18.1,India,S Dhawan,RG Sharma,DJG Sammy,1,0,"",""
ball,2,18.2,India,RG Sharma,S Dhawan,DJG Sammy,0,0,"",""
ball,2,18.3,India,RG Sharma,S Dhawan,DJG Sammy,1,0,"",""
ball,2,18.4,India,S Dhawan,RG Sharma,DJG Sammy,0,0,"",""
ball,2,18.5,India,S Dhawan,RG Sharma,DJG Sammy,0,0,"",""
ball,2,18.6,India,S Dhawan,RG Sharma,DJG Sammy,0,0,"",""
ball,2,19.1,India,RG Sharma,S Dhawan,D Bishoo,1,0,"",""
ball,2,19.2,India,S Dhawan,RG Sharma,D Bishoo,1,0,"",""
ball,2,19.3,India,RG Sharma,S Dhawan,D Bishoo,0,0,"",""
ball,2,19.4,India,RG Sharma,S Dhawan,D Bishoo,1,0,"",""
ball,2,19.5,India,S Dhawan,RG Sharma,D Bishoo,0,0,"",""
ball,2,19.6,India,S Dhawan,RG Sharma,D Bishoo,0,0,"",""
ball,2,20.1,India,RG Sharma,S Dhawan,DJG Sammy,1,0,"",""
ball,2,20.2,India,S Dhawan,RG Sharma,DJG Sammy,0,0,"",""
ball,2,20.3,India,S Dhawan,RG Sharma,DJG Sammy,0,0,"",""
ball,2,20.4,India,S Dhawan,RG Sharma,DJG Sammy,0,0,"",""
ball,2,20.5,India,S Dhawan,RG Sharma,DJG Sammy,1,0,"",""
ball,2,20.6,India,RG Sharma,S Dhawan,DJG Sammy,2,0,"",""
ball,2,21.1,India,S Dhawan,RG Sharma,D Bishoo,0,0,"",""
ball,2,21.2,India,S Dhawan,RG Sharma,D Bishoo,0,0,"",""
ball,2,21.3,India,S Dhawan,RG Sharma,D Bishoo,0,0,"",""
ball,2,21.4,India,S Dhawan,RG Sharma,D Bishoo,0,0,"",""
ball,2,21.5,India,S Dhawan,RG Sharma,D Bishoo,1,0,"",""
ball,2,21.6,India,RG Sharma,S Dhawan,D Bishoo,1,0,"",""
ball,2,22.1,India,RG Sharma,S Dhawan,DJ Bravo,1,0,"",""
ball,2,22.2,India,S Dhawan,RG Sharma,DJ Bravo,2,0,"",""
ball,2,22.3,India,S Dhawan,RG Sharma,DJ Bravo,6,0,"",""
ball,2,22.4,India,S Dhawan,RG Sharma,DJ Bravo,1,0,"",""
ball,2,22.5,India,RG Sharma,S Dhawan,DJ Bravo,0,1,"",""
ball,2,22.6,India,S Dhawan,RG Sharma,DJ Bravo,0,0,"",""
ball,2,23.1,India,RG Sharma,S Dhawan,D Bishoo,1,0,"",""
ball,2,23.2,India,S Dhawan,RG Sharma,D Bishoo,1,0,"",""
ball,2,23.3,India,RG Sharma,S Dhawan,D Bishoo,0,0,"",""
ball,2,23.4,India,RG Sharma,S Dhawan,D Bishoo,1,0,"",""
ball,2,23.5,India,S Dhawan,RG Sharma,D Bishoo,0,0,"",""
ball,2,23.6,India,S Dhawan,RG Sharma,D Bishoo,0,0,"",""
ball,2,24.1,India,RG Sharma,S Dhawan,DJ Bravo,0,0,"",""
ball,2,24.2,India,RG Sharma,S Dhawan,DJ Bravo,1,0,"",""
ball,2,24.3,India,S Dhawan,RG Sharma,DJ Bravo,1,0,"",""
ball,2,24.4,India,RG Sharma,S Dhawan,DJ Bravo,1,0,"",""
ball,2,24.5,India,S Dhawan,RG Sharma,DJ Bravo,4,0,"",""
ball,2,24.6,India,S Dhawan,RG Sharma,DJ Bravo,0,0,"",""
ball,2,25.1,India,RG Sharma,S Dhawan,A Martin,0,0,"",""
ball,2,25.2,India,RG Sharma,S Dhawan,A Martin,1,0,"",""
ball,2,25.3,India,S Dhawan,RG Sharma,A Martin,0,0,"",""
ball,2,25.4,India,S Dhawan,RG Sharma,A Martin,0,0,caught,S Dhawan
ball,2,25.5,India,RG Sharma,SK Raina,A Martin,0,0,"",""
ball,2,25.6,India,RG Sharma,SK Raina,A Martin,2,0,"",""
ball,2,26.1,India,SK Raina,RG Sharma,LMP Simmons,0,0,"",""
ball,2,26.2,India,SK Raina,RG Sharma,LMP Simmons,0,0,"",""
ball,2,26.3,India,SK Raina,RG Sharma,LMP Simmons,0,0,"",""
ball,2,26.4,India,SK Raina,RG Sharma,LMP Simmons,1,0,"",""
ball,2,26.5,India,RG Sharma,SK Raina,LMP Simmons,0,0,"",""
ball,2,26.6,India,RG Sharma,SK Raina,LMP Simmons,1,0,"",""
ball,2,27.1,India,RG Sharma,SK Raina,A Martin,0,0,"",""
ball,2,27.2,India,RG Sharma,SK Raina,A Martin,1,0,"",""
ball,2,27.3,India,SK Raina,RG Sharma,A Martin,0,0,"",""
ball,2,27.4,India,SK Raina,RG Sharma,A Martin,0,0,"",""
ball,2,27.5,India,SK Raina,RG Sharma,A Martin,0,0,"",""
ball,2,27.6,India,SK Raina,RG Sharma,A Martin,1,0,"",""
ball,2,28.1,India,SK Raina,RG Sharma,R Rampaul,4,0,"",""
ball,2,28.2,India,SK Raina,RG Sharma,R Rampaul,1,0,"",""
ball,2,28.3,India,RG Sharma,SK Raina,R Rampaul,1,0,"",""
ball,2,28.4,India,SK Raina,RG Sharma,R Rampaul,0,0,"",""
ball,2,28.5,India,SK Raina,RG Sharma,R Rampaul,0,0,"",""
ball,2,28.6,India,SK Raina,RG Sharma,R Rampaul,0,0,"",""
ball,2,29.1,India,RG Sharma,SK Raina,A Martin,0,0,"",""
ball,2,29.2,India,RG Sharma,SK Raina,A Martin,1,0,"",""
ball,2,29.3,India,SK Raina,RG Sharma,A Martin,1,0,"",""
ball,2,29.4,India,RG Sharma,SK Raina,A Martin,1,0,"",""
ball,2,29.5,India,SK Raina,RG Sharma,A Martin,0,0,"",""
ball,2,29.6,India,SK Raina,RG Sharma,A Martin,1,0,"",""
ball,2,30.1,India,SK Raina,RG Sharma,LMP Simmons,1,0,"",""
ball,2,30.2,India,RG Sharma,SK Raina,LMP Simmons,1,0,"",""
ball,2,30.3,India,SK Raina,RG Sharma,LMP Simmons,0,0,"",""
ball,2,30.4,India,SK Raina,RG Sharma,LMP Simmons,1,0,"",""
ball,2,30.5,India,RG Sharma,SK Raina,LMP Simmons,1,0,"",""
ball,2,30.6,India,SK Raina,RG Sharma,LMP Simmons,1,0,"",""
ball,2,31.1,India,SK Raina,RG Sharma,D Bishoo,4,0,"",""
ball,2,31.2,India,SK Raina,RG Sharma,D Bishoo,2,0,"",""
ball,2,31.3,India,SK Raina,RG Sharma,D Bishoo,0,0,"",""
ball,2,31.4,India,SK Raina,RG Sharma,D Bishoo,1,0,"",""
ball,2,31.5,India,RG Sharma,SK Raina,D Bishoo,1,0,"",""
ball,2,31.6,India,SK Raina,RG Sharma,D Bishoo,1,0,"",""
ball,2,32.1,India,SK Raina,RG Sharma,LMP Simmons,0,0,"",""
ball,2,32.2,India,SK Raina,RG Sharma,LMP Simmons,0,0,"",""
ball,2,32.3,India,SK Raina,RG Sharma,LMP Simmons,1,0,"",""
ball,2,32.4,India,RG Sharma,SK Raina,LMP Simmons,1,0,"",""
ball,2,32.5,India,SK Raina,RG Sharma,LMP Simmons,1,0,"",""
ball,2,32.6,India,RG Sharma,SK Raina,LMP Simmons,1,0,"",""
ball,2,33.1,India,RG Sharma,SK Raina,D Bishoo,1,0,"",""
ball,2,33.2,India,SK Raina,RG Sharma,D Bishoo,0,0,"",""
ball,2,33.3,India,SK Raina,RG Sharma,D Bishoo,0,0,"",""
ball,2,33.4,India,SK Raina,RG Sharma,D Bishoo,0,0,"",""
ball,2,33.5,India,SK Raina,RG Sharma,D Bishoo,1,0,"",""
ball,2,33.6,India,RG Sharma,SK Raina,D Bishoo,0,0,"",""
ball,2,34.1,India,SK Raina,RG Sharma,DJG Sammy,2,0,"",""
ball,2,34.2,India,SK Raina,RG Sharma,DJG Sammy,2,0,"",""
ball,2,34.3,India,SK Raina,RG Sharma,DJG Sammy,1,0,"",""
ball,2,34.4,India,RG Sharma,SK Raina,DJG Sammy,6,0,"",""
ball,2,34.5,India,RG Sharma,SK Raina,DJG Sammy,1,0,"",""
ball,2,34.6,India,SK Raina,RG Sharma,DJG Sammy,0,0,"",""
ball,2,35.1,India,RG Sharma,SK Raina,D Bishoo,0,0,"",""
ball,2,35.2,India,RG Sharma,SK Raina,D Bishoo,2,0,"",""
ball,2,35.3,India,RG Sharma,SK Raina,D Bishoo,4,0,"",""
ball,2,35.4,India,RG Sharma,SK Raina,D Bishoo,0,0,"",""
ball,2,35.5,India,RG Sharma,SK Raina,D Bishoo,0,0,"",""
ball,2,35.6,India,RG Sharma,SK Raina,D Bishoo,0,0,"",""
ball,2,36.1,India,SK Raina,RG Sharma,DJG Sammy,0,0,"",""
ball,2,36.2,India,SK Raina,RG Sharma,DJG Sammy,2,0,"",""
ball,2,36.3,India,SK Raina,RG Sharma,DJG Sammy,0,0,"",""
ball,2,36.4,India,SK Raina,RG Sharma,DJG Sammy,4,0,"",""
ball,2,36.5,India,SK Raina,RG Sharma,DJG Sammy,1,0,"",""
ball,2,36.6,India,RG Sharma,SK Raina,DJG Sammy,1,0,"",""
ball,2,37.1,India,RG Sharma,SK Raina,R Rampaul,0,0,"",""
ball,2,37.2,India,RG Sharma,SK Raina,R Rampaul,0,0,"",""
ball,2,37.3,India,RG Sharma,SK Raina,R Rampaul,1,0,"",""
ball,2,37.4,India,SK Raina,RG Sharma,R Rampaul,1,0,"",""
ball,2,37.5,India,RG Sharma,SK Raina,R Rampaul,0,0,"",""
ball,2,37.6,India,RG Sharma,SK Raina,R Rampaul,0,1,"",""
ball,2,37.7,India,RG Sharma,SK Raina,R Rampaul,1,0,"",""
ball,2,38.1,India,RG Sharma,SK Raina,A Martin,0,0,"",""
ball,2,38.2,India,RG Sharma,SK Raina,A Martin,4,0,"",""
ball,2,38.3,India,RG Sharma,SK Raina,A Martin,0,0,"",""
ball,2,38.4,India,RG Sharma,SK Raina,A Martin,1,0,"",""
ball,2,38.5,India,SK Raina,RG Sharma,A Martin,0,0,"",""
ball,2,38.6,India,SK Raina,RG Sharma,A Martin,4,0,"",""
ball,2,39.1,India,RG Sharma,SK Raina,R Rampaul,1,0,"",""
ball,2,39.2,India,SK Raina,RG Sharma,R Rampaul,0,0,"",""
ball,2,39.3,India,SK Raina,RG Sharma,R Rampaul,0,0,"",""
ball,2,39.4,India,SK Raina,RG Sharma,R Rampaul,0,1,"",""
ball,2,39.5,India,SK Raina,RG Sharma,R Rampaul,2,0,"",""
ball,2,39.6,India,SK Raina,RG Sharma,R Rampaul,1,0,"",""
ball,2,39.7,India,RG Sharma,SK Raina,R Rampaul,0,0,"",""
ball,2,40.1,India,SK Raina,RG Sharma,A Martin,0,0,caught,SK Raina
ball,2,40.2,India,YK Pathan,RG Sharma,A Martin,0,0,"",""
ball,2,40.3,India,YK Pathan,RG Sharma,A Martin,0,1,"",""
ball,2,40.4,India,YK Pathan,RG Sharma,A Martin,1,0,"",""
ball,2,40.5,India,RG Sharma,YK Pathan,A Martin,2,0,"",""
ball,2,40.6,India,RG Sharma,YK Pathan,A Martin,1,0,"",""
ball,2,40.7,India,YK Pathan,RG Sharma,A Martin,0,0,"",""
ball,2,41.1,India,RG Sharma,YK Pathan,R Rampaul,4,0,"",""
ball,2,41.2,India,RG Sharma,YK Pathan,R Rampaul,0,0,"",""
ball,2,41.3,India,RG Sharma,YK Pathan,R Rampaul,2,0,"",""
ball,2,41.4,India,RG Sharma,YK Pathan,R Rampaul,2,0,"",""
ball,2,41.5,India,RG Sharma,YK Pathan,R Rampaul,1,0,"",""
ball,2,41.6,India,YK Pathan,RG Sharma,R Rampaul,1,0,"",""
ball,2,42.1,India,YK Pathan,RG Sharma,DJG Sammy,1,0,"",""
ball,2,42.2,India,RG Sharma,YK Pathan,DJG Sammy,0,0,"",""
ball,2,42.3,India,RG Sharma,YK Pathan,DJG Sammy,1,0,"",""
ball,2,42.4,India,YK Pathan,RG Sharma,DJG Sammy,0,0,"",""
ball,2,42.5,India,YK Pathan,RG Sharma,DJG Sammy,6,0,"",""
ball,2,42.6,India,YK Pathan,RG Sharma,DJG Sammy,0,0,"",""
ball,2,43.1,India,RG Sharma,YK Pathan,R Rampaul,1,0,"",""
ball,2,43.2,India,YK Pathan,RG Sharma,R Rampaul,0,0,"",""
ball,2,43.3,India,YK Pathan,RG Sharma,R Rampaul,0,0,"",""
ball,2,43.4,India,YK Pathan,RG Sharma,R Rampaul,1,0,"",""
ball,2,43.5,India,RG Sharma,YK Pathan,R Rampaul,1,0,"",""
ball,2,43.6,India,YK Pathan,RG Sharma,R Rampaul,0,0,caught and bowled,YK Pathan
ball,2,44.1,India,RG Sharma,Harbhajan Singh,DJG Sammy,1,0,"",""
ball,2,44.2,India,Harbhajan Singh,RG Sharma,DJG Sammy,0,0,"",""
ball,2,44.3,India,Harbhajan Singh,RG Sharma,DJG Sammy,0,0,"",""
ball,2,44.4,India,Harbhajan Singh,RG Sharma,DJG Sammy,0,0,"",""
ball,2,44.5,India,Harbhajan Singh,RG Sharma,DJG Sammy,6,0,"",""
