version,1.3.0
info,team,Sri Lanka
info,team,Australia
info,gender,male
info,season,2011
info,date,2011/08/22
info,series,Australia in Sri Lanka ODI Series
info,match_number,5
info,venue,R Premadasa Stadium
info,city,Colombo
info,toss_winner,Sri Lanka
info,toss_decision,field
info,player_of_match,SL Malinga
info,umpire,Asad Rauf
info,umpire,REJ Martinesz
info,reserve_umpire,RSA Palliyaguruge
info,tv_umpire,AL Hill
info,match_referee,J Srinath
info,winner,Sri Lanka
info,winner_wickets,4
ball,1,0.1,Australia,SR Watson,SE Marsh,SL Malinga,0,0,"",""
ball,1,0.2,Australia,SR Watson,SE Marsh,SL Malinga,0,0,"",""
ball,1,0.3,Australia,SR Watson,SE Marsh,SL Malinga,0,0,"",""
ball,1,0.4,Australia,SR Watson,SE Marsh,SL Malinga,0,0,"",""
ball,1,0.5,Australia,SR Watson,SE Marsh,SL Malinga,0,0,"",""
ball,1,0.6,Australia,SR Watson,SE Marsh,SL Malinga,0,0,"",""
ball,1,1.1,Australia,SE Marsh,SR Watson,RMS Eranga,0,1,"",""
ball,1,1.2,Australia,SE Marsh,SR Watson,RMS Eranga,0,1,"",""
ball,1,1.3,Australia,SE Marsh,SR Watson,RMS Eranga,0,0,"",""
ball,1,1.4,Australia,SE Marsh,SR Watson,RMS Eranga,0,0,"",""
ball,1,1.5,Australia,SE Marsh,SR Watson,RMS Eranga,2,0,"",""
ball,1,1.6,Australia,SE Marsh,SR Watson,RMS Eranga,0,0,"",""
ball,1,1.7,Australia,SE Marsh,SR Watson,RMS Eranga,0,0,"",""
ball,1,1.8,Australia,SE Marsh,SR Watson,RMS Eranga,0,0,bowled,SE Marsh
ball,1,2.1,Australia,SR Watson,RT Ponting,SL Malinga,0,0,"",""
ball,1,2.2,Australia,SR Watson,RT Ponting,SL Malinga,4,0,"",""
ball,1,2.3,Australia,SR Watson,RT Ponting,SL Malinga,0,1,"",""
ball,1,2.4,Australia,SR Watson,RT Ponting,SL Malinga,1,0,"",""
ball,1,2.5,Australia,RT Ponting,SR Watson,SL Malinga,0,0,"",""
ball,1,2.6,Australia,RT Ponting,SR Watson,SL Malinga,0,0,"",""
ball,1,2.7,Australia,RT Ponting,SR Watson,SL Malinga,0,1,"",""
ball,1,2.8,Australia,RT Ponting,SR Watson,SL Malinga,0,0,"",""
ball,1,3.1,Australia,SR Watson,RT Ponting,RMS Eranga,4,0,"",""
ball,1,3.2,Australia,SR Watson,RT Ponting,RMS Eranga,0,0,"",""
ball,1,3.3,Australia,SR Watson,RT Ponting,RMS Eranga,0,0,"",""
ball,1,3.4,Australia,SR Watson,RT Ponting,RMS Eranga,0,0,"",""
ball,1,3.5,Australia,SR Watson,RT Ponting,RMS Eranga,2,0,"",""
ball,1,3.6,Australia,SR Watson,RT Ponting,RMS Eranga,0,0,"",""
ball,1,4.1,Australia,RT Ponting,SR Watson,SL Malinga,0,1,"",""
ball,1,4.2,Australia,RT Ponting,SR Watson,SL Malinga,0,0,"",""
ball,1,4.3,Australia,RT Ponting,SR Watson,SL Malinga,0,0,"",""
ball,1,4.4,Australia,RT Ponting,SR Watson,SL Malinga,0,1,"",""
ball,1,4.5,Australia,SR Watson,RT Ponting,SL Malinga,4,0,"",""
ball,1,4.6,Australia,SR Watson,RT Ponting,SL Malinga,0,0,"",""
ball,1,4.7,Australia,SR Watson,RT Ponting,SL Malinga,0,0,"",""
ball,1,5.1,Australia,RT Ponting,SR Watson,RMS Eranga,4,0,"",""
ball,1,5.2,Australia,RT Ponting,SR Watson,RMS Eranga,0,0,"",""
ball,1,5.3,Australia,RT Ponting,SR Watson,RMS Eranga,0,0,"",""
ball,1,5.4,Australia,RT Ponting,SR Watson,RMS Eranga,0,0,"",""
ball,1,5.5,Australia,RT Ponting,SR Watson,RMS Eranga,4,0,"",""
ball,1,5.6,Australia,RT Ponting,SR Watson,RMS Eranga,0,0,"",""
ball,1,6.1,Australia,SR Watson,RT Ponting,S Prasanna,1,0,"",""
ball,1,6.2,Australia,RT Ponting,SR Watson,S Prasanna,0,0,"",""
ball,1,6.3,Australia,RT Ponting,SR Watson,S Prasanna,0,0,"",""
ball,1,6.4,Australia,RT Ponting,SR Watson,S Prasanna,0,0,"",""
ball,1,6.5,Australia,RT Ponting,SR Watson,S Prasanna,1,0,"",""
ball,1,6.6,Australia,SR Watson,RT Ponting,S Prasanna,0,0,"",""
ball,1,7.1,Australia,RT Ponting,SR Watson,RMS Eranga,4,0,"",""
ball,1,7.2,Australia,RT Ponting,SR Watson,RMS Eranga,1,0,"",""
ball,1,7.3,Australia,SR Watson,RT Ponting,RMS Eranga,0,0,"",""
ball,1,7.4,Australia,SR Watson,RT Ponting,RMS Eranga,0,0,"",""
ball,1,7.5,Australia,SR Watson,RT Ponting,RMS Eranga,0,0,"",""
ball,1,7.6,Australia,SR Watson,RT Ponting,RMS Eranga,0,0,"",""
ball,1,8.1,Australia,RT Ponting,SR Watson,S Prasanna,1,0,"",""
ball,1,8.2,Australia,SR Watson,RT Ponting,S Prasanna,0,0,"",""
ball,1,8.3,Australia,SR Watson,RT Ponting,S Prasanna,0,0,"",""
ball,1,8.4,Australia,SR Watson,RT Ponting,S Prasanna,0,0,"",""
ball,1,8.5,Australia,SR Watson,RT Ponting,S Prasanna,1,0,"",""
ball,1,8.6,Australia,RT Ponting,SR Watson,S Prasanna,4,0,"",""
ball,1,9.1,Australia,SR Watson,RT Ponting,RMS Eranga,4,0,"",""
ball,1,9.2,Australia,SR Watson,RT Ponting,RMS Eranga,1,0,"",""
ball,1,9.3,Australia,RT Ponting,SR Watson,RMS Eranga,0,0,"",""
ball,1,9.4,Australia,RT Ponting,SR Watson,RMS Eranga,1,0,"",""
ball,1,9.5,Australia,SR Watson,RT Ponting,RMS Eranga,1,0,"",""
ball,1,9.6,Australia,RT Ponting,SR Watson,RMS Eranga,1,0,"",""
ball,1,10.1,Australia,RT Ponting,SR Watson,S Prasanna,1,0,"",""
ball,1,10.2,Australia,SR Watson,RT Ponting,S Prasanna,0,0,"",""
ball,1,10.3,Australia,SR Watson,RT Ponting,S Prasanna,0,0,"",""
ball,1,10.4,Australia,SR Watson,RT Ponting,S Prasanna,0,0,"",""
ball,1,10.5,Australia,SR Watson,RT Ponting,S Prasanna,4,0,"",""
ball,1,10.6,Australia,SR Watson,RT Ponting,S Prasanna,1,0,"",""
ball,1,11.1,Australia,SR Watson,RT Ponting,AD Mathews,1,0,"",""
ball,1,11.2,Australia,RT Ponting,SR Watson,AD Mathews,0,0,"",""
ball,1,11.3,Australia,RT Ponting,SR Watson,AD Mathews,0,0,"",""
ball,1,11.4,Australia,RT Ponting,SR Watson,AD Mathews,1,0,"",""
ball,1,11.5,Australia,SR Watson,RT Ponting,AD Mathews,1,0,"",""
ball,1,11.6,Australia,RT Ponting,SR Watson,AD Mathews,0,0,"",""
ball,1,12.1,Australia,SR Watson,RT Ponting,S Prasanna,0,0,"",""
ball,1,12.2,Australia,SR Watson,RT Ponting,S Prasanna,1,0,"",""
ball,1,12.3,Australia,RT Ponting,SR Watson,S Prasanna,0,0,"",""
ball,1,12.4,Australia,RT Ponting,SR Watson,S Prasanna,4,0,"",""
ball,1,12.5,Australia,RT Ponting,SR Watson,S Prasanna,0,0,"",""
ball,1,12.6,Australia,RT Ponting,SR Watson,S Prasanna,4,0,"",""
ball,1,13.1,Australia,SR Watson,RT Ponting,AD Mathews,0,0,"",""
ball,1,13.2,Australia,SR Watson,RT Ponting,AD Mathews,1,0,"",""
ball,1,13.3,Australia,RT Ponting,SR Watson,AD Mathews,0,0,"",""
ball,1,13.4,Australia,RT Ponting,SR Watson,AD Mathews,0,0,caught,RT Ponting
ball,1,13.5,Australia,MJ Clarke,SR Watson,AD Mathews,0,0,"",""
ball,1,13.6,Australia,MJ Clarke,SR Watson,AD Mathews,0,0,"",""
ball,1,14.1,Australia,SR Watson,MJ Clarke,S Prasanna,0,0,"",""
ball,1,14.2,Australia,SR Watson,MJ Clarke,S Prasanna,1,0,"",""
ball,1,14.3,Australia,MJ Clarke,SR Watson,S Prasanna,0,0,"",""
ball,1,14.4,Australia,MJ Clarke,SR Watson,S Prasanna,0,0,"",""
ball,1,14.5,Australia,MJ Clarke,SR Watson,S Prasanna,0,0,"",""
ball,1,14.6,Australia,MJ Clarke,SR Watson,S Prasanna,2,0,"",""
ball,1,15.1,Australia,SR Watson,MJ Clarke,AD Mathews,0,0,"",""
ball,1,15.2,Australia,SR Watson,MJ Clarke,AD Mathews,0,0,"",""
ball,1,15.3,Australia,SR Watson,MJ Clarke,AD Mathews,1,0,"",""
ball,1,15.4,Australia,MJ Clarke,SR Watson,AD Mathews,0,0,"",""
ball,1,15.5,Australia,MJ Clarke,SR Watson,AD Mathews,0,0,"",""
ball,1,15.6,Australia,MJ Clarke,SR Watson,AD Mathews,1,0,"",""
ball,1,16.1,Australia,MJ Clarke,SR Watson,BMAJ Mendis,0,0,"",""
ball,1,16.2,Australia,MJ Clarke,SR Watson,BMAJ Mendis,0,0,"",""
ball,1,16.3,Australia,MJ Clarke,SR Watson,BMAJ Mendis,1,0,"",""
ball,1,16.4,Australia,SR Watson,MJ Clarke,BMAJ Mendis,0,0,"",""
ball,1,16.5,Australia,SR Watson,MJ Clarke,BMAJ Mendis,1,0,"",""
ball,1,16.6,Australia,MJ Clarke,SR Watson,BMAJ Mendis,1,0,"",""
ball,1,17.1,Australia,MJ Clarke,SR Watson,BAW Mendis,0,0,"",""
ball,1,17.2,Australia,MJ Clarke,SR Watson,BAW Mendis,0,0,"",""
ball,1,17.3,Australia,MJ Clarke,SR Watson,BAW Mendis,0,0,"",""
ball,1,17.4,Australia,MJ Clarke,SR Watson,BAW Mendis,1,0,"",""
ball,1,17.5,Australia,SR Watson,MJ Clarke,BAW Mendis,1,0,"",""
ball,1,17.6,Australia,MJ Clarke,SR Watson,BAW Mendis,1,0,"",""
ball,1,18.1,Australia,MJ Clarke,SR Watson,BMAJ Mendis,1,0,"",""
ball,1,18.2,Australia,SR Watson,MJ Clarke,BMAJ Mendis,0,0,"",""
ball,1,18.3,Australia,SR Watson,MJ Clarke,BMAJ Mendis,6,0,"",""
ball,1,18.4,Australia,SR Watson,MJ Clarke,BMAJ Mendis,4,0,"",""
ball,1,18.5,Australia,SR Watson,MJ Clarke,BMAJ Mendis,0,0,"",""
ball,1,18.6,Australia,SR Watson,MJ Clarke,BMAJ Mendis,0,0,"",""
ball,1,19.1,Australia,MJ Clarke,SR Watson,BAW Mendis,1,0,"",""
ball,1,19.2,Australia,SR Watson,MJ Clarke,BAW Mendis,0,0,"",""
ball,1,19.3,Australia,SR Watson,MJ Clarke,BAW Mendis,0,0,"",""
ball,1,19.4,Australia,SR Watson,MJ Clarke,BAW Mendis,0,0,"",""
ball,1,19.5,Australia,SR Watson,MJ Clarke,BAW Mendis,0,0,"",""
ball,1,19.6,Australia,SR Watson,MJ Clarke,BAW Mendis,0,0,"",""
ball,1,20.1,Australia,MJ Clarke,SR Watson,BMAJ Mendis,1,0,"",""
ball,1,20.2,Australia,SR Watson,MJ Clarke,BMAJ Mendis,1,0,"",""
ball,1,20.3,Australia,MJ Clarke,SR Watson,BMAJ Mendis,0,0,"",""
ball,1,20.4,Australia,MJ Clarke,SR Watson,BMAJ Mendis,1,0,"",""
ball,1,20.5,Australia,SR Watson,MJ Clarke,BMAJ Mendis,1,0,"",""
ball,1,20.6,Australia,MJ Clarke,SR Watson,BMAJ Mendis,0,0,"",""
ball,1,21.1,Australia,SR Watson,MJ Clarke,BAW Mendis,2,0,"",""
ball,1,21.2,Australia,SR Watson,MJ Clarke,BAW Mendis,1,0,"",""
ball,1,21.3,Australia,MJ Clarke,SR Watson,BAW Mendis,1,0,"",""
ball,1,21.4,Australia,SR Watson,MJ Clarke,BAW Mendis,1,0,"",""
ball,1,21.5,Australia,MJ Clarke,SR Watson,BAW Mendis,1,0,"",""
ball,1,21.6,Australia,SR Watson,MJ Clarke,BAW Mendis,0,0,"",""
ball,1,22.1,Australia,MJ Clarke,SR Watson,BMAJ Mendis,1,0,"",""
ball,1,22.2,Australia,SR Watson,MJ Clarke,BMAJ Mendis,0,0,"",""
ball,1,22.3,Australia,SR Watson,MJ Clarke,BMAJ Mendis,1,0,"",""
ball,1,22.4,Australia,MJ Clarke,SR Watson,BMAJ Mendis,0,0,"",""
ball,1,22.5,Australia,MJ Clarke,SR Watson,BMAJ Mendis,1,0,"",""
ball,1,22.6,Australia,SR Watson,MJ Clarke,BMAJ Mendis,0,2,"",""
ball,1,23.1,Australia,MJ Clarke,SR Watson,SL Malinga,0,0,"",""
ball,1,23.2,Australia,MJ Clarke,SR Watson,SL Malinga,0,0,"",""
ball,1,23.3,Australia,MJ Clarke,SR Watson,SL Malinga,0,0,"",""
ball,1,23.4,Australia,MJ Clarke,SR Watson,SL Malinga,0,0,"",""
ball,1,23.5,Australia,MJ Clarke,SR Watson,SL Malinga,1,0,"",""
ball,1,23.6,Australia,SR Watson,MJ Clarke,SL Malinga,0,0,"",""
ball,1,24.1,Australia,MJ Clarke,SR Watson,S Prasanna,1,0,"",""
ball,1,24.2,Australia,SR Watson,MJ Clarke,S Prasanna,0,0,"",""
ball,1,24.3,Australia,SR Watson,MJ Clarke,S Prasanna,0,0,"",""
ball,1,24.4,Australia,SR Watson,MJ Clarke,S Prasanna,0,0,"",""
ball,1,24.5,Australia,SR Watson,MJ Clarke,S Prasanna,0,0,"",""
ball,1,24.6,Australia,SR Watson,MJ Clarke,S Prasanna,0,0,"",""
ball,1,25.1,Australia,MJ Clarke,SR Watson,SL Malinga,4,0,"",""
ball,1,25.2,Australia,MJ Clarke,SR Watson,SL Malinga,0,0,"",""
ball,1,25.3,Australia,MJ Clarke,SR Watson,SL Malinga,0,0,"",""
ball,1,25.4,Australia,MJ Clarke,SR Watson,SL Malinga,1,0,"",""
ball,1,25.5,Australia,SR Watson,MJ Clarke,SL Malinga,0,0,"",""
ball,1,25.6,Australia,SR Watson,MJ Clarke,SL Malinga,0,1,"",""
ball,1,25.7,Australia,SR Watson,MJ Clarke,SL Malinga,2,0,"",""
ball,1,26.1,Australia,MJ Clarke,SR Watson,S Prasanna,0,0,"",""
ball,1,26.2,Australia,MJ Clarke,SR Watson,S Prasanna,1,0,"",""
ball,1,26.3,Australia,SR Watson,MJ Clarke,S Prasanna,0,0,"",""
ball,1,26.4,Australia,SR Watson,MJ Clarke,S Prasanna,1,0,"",""
ball,1,26.5,Australia,MJ Clarke,SR Watson,S Prasanna,1,0,"",""
ball,1,26.6,Australia,SR Watson,MJ Clarke,S Prasanna,0,0,"",""
ball,1,27.1,Australia,MJ Clarke,SR Watson,BAW Mendis,4,0,"",""
ball,1,27.2,Australia,MJ Clarke,SR Watson,BAW Mendis,1,0,"",""
ball,1,27.3,Australia,SR Watson,MJ Clarke,BAW Mendis,0,0,"",""
ball,1,27.4,Australia,SR Watson,MJ Clarke,BAW Mendis,0,0,"",""
ball,1,27.5,Australia,SR Watson,MJ Clarke,BAW Mendis,0,0,caught,SR Watson
ball,1,27.6,Australia,MJ Clarke,MEK Hussey,BAW Mendis,4,0,"",""
ball,1,28.1,Australia,MEK Hussey,MJ Clarke,S Prasanna,0,0,"",""
ball,1,28.2,Australia,MEK Hussey,MJ Clarke,S Prasanna,0,0,"",""
ball,1,28.3,Australia,MEK Hussey,MJ Clarke,S Prasanna,0,0,"",""
ball,1,28.4,Australia,MEK Hussey,MJ Clarke,S Prasanna,0,0,"",""
ball,1,28.5,Australia,MEK Hussey,MJ Clarke,S Prasanna,0,0,"",""
ball,1,28.6,Australia,MEK Hussey,MJ Clarke,S Prasanna,0,0,"",""
ball,1,29.1,Australia,MJ Clarke,MEK Hussey,BAW Mendis,1,0,"",""
ball,1,29.2,Australia,MEK Hussey,MJ Clarke,BAW Mendis,1,0,"",""
ball,1,29.3,Australia,MJ Clarke,MEK Hussey,BAW Mendis,0,0,"",""
ball,1,29.4,Australia,MJ Clarke,MEK Hussey,BAW Mendis,1,0,"",""
ball,1,29.5,Australia,MEK Hussey,MJ Clarke,BAW Mendis,0,1,"",""
ball,1,29.6,Australia,MEK Hussey,MJ Clarke,BAW Mendis,1,0,"",""
ball,1,29.7,Australia,MJ Clarke,MEK Hussey,BAW Mendis,1,0,"",""
ball,1,30.1,Australia,MJ Clarke,MEK Hussey,S Prasanna,1,0,"",""
ball,1,30.2,Australia,MEK Hussey,MJ Clarke,S Prasanna,1,0,"",""
ball,1,30.3,Australia,MJ Clarke,MEK Hussey,S Prasanna,1,0,"",""
ball,1,30.4,Australia,MEK Hussey,MJ Clarke,S Prasanna,0,0,"",""
ball,1,30.5,Australia,MEK Hussey,MJ Clarke,S Prasanna,1,0,"",""
ball,1,30.6,Australia,MJ Clarke,MEK Hussey,S Prasanna,0,0,"",""
ball,1,31.1,Australia,MEK Hussey,MJ Clarke,BAW Mendis,1,0,"",""
ball,1,31.2,Australia,MJ Clarke,MEK Hussey,BAW Mendis,1,0,"",""
ball,1,31.3,Australia,MEK Hussey,MJ Clarke,BAW Mendis,0,0,"",""
ball,1,31.4,Australia,MEK Hussey,MJ Clarke,BAW Mendis,1,0,"",""
ball,1,31.5,Australia,MJ Clarke,MEK Hussey,BAW Mendis,1,0,"",""
ball,1,31.6,Australia,MEK Hussey,MJ Clarke,BAW Mendis,0,0,"",""
ball,1,32.1,Australia,MJ Clarke,MEK Hussey,S Prasanna,0,0,"",""
ball,1,32.2,Australia,MJ Clarke,MEK Hussey,S Prasanna,1,0,"",""
ball,1,32.3,Australia,MEK Hussey,MJ Clarke,S Prasanna,0,0,caught,MEK Hussey
ball,1,32.4,Australia,DJ Hussey,MJ Clarke,S Prasanna,2,0,"",""
ball,1,32.5,Australia,DJ Hussey,MJ Clarke,S Prasanna,0,0,"",""
ball,1,32.6,Australia,DJ Hussey,MJ Clarke,S Prasanna,0,0,"",""
ball,1,33.1,Australia,MJ Clarke,DJ Hussey,BAW Mendis,1,0,"",""
ball,1,33.2,Australia,DJ Hussey,MJ Clarke,BAW Mendis,0,0,"",""
ball,1,33.3,Australia,DJ Hussey,MJ Clarke,BAW Mendis,0,0,"",""
ball,1,33.4,Australia,DJ Hussey,MJ Clarke,BAW Mendis,0,0,"",""
ball,1,33.5,Australia,DJ Hussey,MJ Clarke,BAW Mendis,4,0,"",""
ball,1,33.6,Australia,DJ Hussey,MJ Clarke,BAW Mendis,0,0,"",""
ball,1,34.1,Australia,MJ Clarke,DJ Hussey,BMAJ Mendis,1,0,"",""
ball,1,34.2,Australia,DJ Hussey,MJ Clarke,BMAJ Mendis,0,0,"",""
ball,1,34.3,Australia,DJ Hussey,MJ Clarke,BMAJ Mendis,0,0,"",""
ball,1,34.4,Australia,DJ Hussey,MJ Clarke,BMAJ Mendis,0,0,"",""
ball,1,34.5,Australia,DJ Hussey,MJ Clarke,BMAJ Mendis,1,0,"",""
ball,1,34.6,Australia,MJ Clarke,DJ Hussey,BMAJ Mendis,0,0,"",""
ball,1,35.1,Australia,DJ Hussey,MJ Clarke,RMS Eranga,4,0,"",""
ball,1,35.2,Australia,DJ Hussey,MJ Clarke,RMS Eranga,0,0,"",""
ball,1,35.3,Australia,DJ Hussey,MJ Clarke,RMS Eranga,0,0,"",""
ball,1,35.4,Australia,DJ Hussey,MJ Clarke,RMS Eranga,0,0,"",""
ball,1,35.5,Australia,DJ Hussey,MJ Clarke,RMS Eranga,1,0,"",""
ball,1,35.6,Australia,MJ Clarke,DJ Hussey,RMS Eranga,1,0,"",""
ball,1,36.1,Australia,MJ Clarke,DJ Hussey,BMAJ Mendis,0,0,"",""
ball,1,36.2,Australia,MJ Clarke,DJ Hussey,BMAJ Mendis,1,0,"",""
ball,1,36.3,Australia,DJ Hussey,MJ Clarke,BMAJ Mendis,1,0,"",""
ball,1,36.4,Australia,MJ Clarke,DJ Hussey,BMAJ Mendis,0,0,"",""
ball,1,36.5,Australia,MJ Clarke,DJ Hussey,BMAJ Mendis,0,0,"",""
ball,1,36.6,Australia,MJ Clarke,DJ Hussey,BMAJ Mendis,0,0,"",""
ball,1,37.1,Australia,DJ Hussey,MJ Clarke,RMS Eranga,0,0,"",""
ball,1,37.2,Australia,DJ Hussey,MJ Clarke,RMS Eranga,0,0,"",""
ball,1,37.3,Australia,DJ Hussey,MJ Clarke,RMS Eranga,0,0,"",""
ball,1,37.4,Australia,DJ Hussey,MJ Clarke,RMS Eranga,1,0,"",""
ball,1,37.5,Australia,MJ Clarke,DJ Hussey,RMS Eranga,0,1,"",""
ball,1,37.6,Australia,MJ Clarke,DJ Hussey,RMS Eranga,2,0,"",""
ball,1,37.7,Australia,MJ Clarke,DJ Hussey,RMS Eranga,0,0,caught,MJ Clarke
ball,1,38.1,Australia,DJ Hussey,BJ Haddin,BMAJ Mendis,0,0,"",""
ball,1,38.2,Australia,DJ Hussey,BJ Haddin,BMAJ Mendis,4,0,"",""
ball,1,38.3,Australia,DJ Hussey,BJ Haddin,BMAJ Mendis,0,0,"",""
ball,1,38.4,Australia,DJ Hussey,BJ Haddin,BMAJ Mendis,0,0,"",""
ball,1,38.5,Australia,DJ Hussey,BJ Haddin,BMAJ Mendis,0,0,"",""
ball,1,38.6,Australia,DJ Hussey,BJ Haddin,BMAJ Mendis,2,0,"",""
ball,1,39.1,Australia,BJ Haddin,DJ Hussey,RMS Eranga,0,0,"",""
ball,1,39.2,Australia,BJ Haddin,DJ Hussey,RMS Eranga,1,0,"",""
ball,1,39.3,Australia,DJ Hussey,BJ Haddin,RMS Eranga,0,0,"",""
ball,1,39.4,Australia,DJ Hussey,BJ Haddin,RMS Eranga,1,0,"",""
ball,1,39.5,Australia,BJ Haddin,DJ Hussey,RMS Eranga,0,0,"",""
ball,1,39.6,Australia,BJ Haddin,DJ Hussey,RMS Eranga,0,2,"",""
ball,1,39.7,Australia,DJ Hussey,BJ Haddin,RMS Eranga,0,0,"",""
ball,1,40.1,Australia,BJ Haddin,DJ Hussey,BMAJ Mendis,1,0,"",""
ball,1,40.2,Australia,DJ Hussey,BJ Haddin,BMAJ Mendis,0,0,"",""
ball,1,40.3,Australia,DJ Hussey,BJ Haddin,BMAJ Mendis,2,0,"",""
ball,1,40.4,Australia,DJ Hussey,BJ Haddin,BMAJ Mendis,0,0,"",""
ball,1,40.5,Australia,DJ Hussey,BJ Haddin,BMAJ Mendis,0,0,"",""
ball,1,40.6,Australia,DJ Hussey,BJ Haddin,BMAJ Mendis,1,0,"",""
ball,1,41.1,Australia,DJ Hussey,BJ Haddin,SL Malinga,0,0,"",""
ball,1,41.2,Australia,DJ Hussey,BJ Haddin,SL Malinga,0,0,"",""
ball,1,41.3,Australia,DJ Hussey,BJ Haddin,SL Malinga,0,0,"",""
ball,1,41.4,Australia,DJ Hussey,BJ Haddin,SL Malinga,1,0,"",""
ball,1,41.5,Australia,BJ Haddin,DJ Hussey,SL Malinga,0,0,"",""
ball,1,41.6,Australia,BJ Haddin,DJ Hussey,SL Malinga,1,0,"",""
ball,1,42.1,Australia,BJ Haddin,DJ Hussey,BAW Mendis,0,0,"",""
ball,1,42.2,Australia,BJ Haddin,DJ Hussey,BAW Mendis,0,0,"",""
ball,1,42.3,Australia,BJ Haddin,DJ Hussey,BAW Mendis,1,0,"",""
ball,1,42.4,Australia,DJ Hussey,BJ Haddin,BAW Mendis,1,0,"",""
ball,1,42.5,Australia,BJ Haddin,DJ Hussey,BAW Mendis,0,0,"",""
ball,1,42.6,Australia,BJ Haddin,DJ Hussey,BAW Mendis,4,0,"",""
ball,1,43.1,Australia,DJ Hussey,BJ Haddin,SL Malinga,4,0,"",""
ball,1,43.2,Australia,DJ Hussey,BJ Haddin,SL Malinga,1,0,"",""
ball,1,43.3,Australia,BJ Haddin,DJ Hussey,SL Malinga,0,1,"",""
ball,1,43.4,Australia,DJ Hussey,BJ Haddin,SL Malinga,2,0,"",""
ball,1,43.5,Australia,DJ Hussey,BJ Haddin,SL Malinga,4,0,"",""
ball,1,43.6,Australia,DJ Hussey,BJ Haddin,SL Malinga,1,0,"",""
ball,1,44.1,Australia,DJ Hussey,BJ Haddin,BAW Mendis,2,0,"",""
ball,1,44.2,Australia,DJ Hussey,BJ Haddin,BAW Mendis,6,0,"",""
ball,1,44.3,Australia,DJ Hussey,BJ Haddin,BAW Mendis,0,0,bowled,DJ Hussey
ball,1,44.4,Australia,MG Johnson,BJ Haddin,BAW Mendis,0,0,"",""
ball,1,44.5,Australia,MG Johnson,BJ Haddin,BAW Mendis,1,0,"",""
ball,1,44.6,Australia,BJ Haddin,MG Johnson,BAW Mendis,0,0,"",""
ball,1,45.1,Australia,MG Johnson,BJ Haddin,SL Malinga,0,0,"",""
ball,1,45.2,Australia,MG Johnson,BJ Haddin,SL Malinga,0,0,bowled,MG Johnson
ball,1,45.3,Australia,JW Hastings,BJ Haddin,SL Malinga,0,0,lbw,JW Hastings
ball,1,45.4,Australia,XJ Doherty,BJ Haddin,SL Malinga,0,0,bowled,XJ Doherty
ball,1,45.5,Australia,JL Pattinson,BJ Haddin,SL Malinga,0,0,"",""
ball,1,45.6,Australia,JL Pattinson,BJ Haddin,SL Malinga,0,0,"",""
ball,1,46.1,Australia,BJ Haddin,JL Pattinson,BAW Mendis,0,0,caught,BJ Haddin
ball,2,0.1,Sri Lanka,WU Tharanga,TM Dilshan,MG Johnson,0,0,"",""
ball,2,0.2,Sri Lanka,WU Tharanga,TM Dilshan,MG Johnson,0,4,"",""
ball,2,0.3,Sri Lanka,WU Tharanga,TM Dilshan,MG Johnson,0,0,"",""
ball,2,0.4,Sri Lanka,WU Tharanga,TM Dilshan,MG Johnson,0,0,caught,WU Tharanga
ball,2,0.5,Sri Lanka,KC Sangakkara,TM Dilshan,MG Johnson,4,0,"",""
ball,2,0.6,Sri Lanka,KC Sangakkara,TM Dilshan,MG Johnson,1,0,"",""
ball,2,1.1,Sri Lanka,KC Sangakkara,TM Dilshan,JL Pattinson,0,0,"",""
ball,2,1.2,Sri Lanka,KC Sangakkara,TM Dilshan,JL Pattinson,0,0,"",""
ball,2,1.3,Sri Lanka,KC Sangakkara,TM Dilshan,JL Pattinson,0,1,"",""
ball,2,1.4,Sri Lanka,KC Sangakkara,TM Dilshan,JL Pattinson,0,0,"",""
ball,2,1.5,Sri Lanka,KC Sangakkara,TM Dilshan,JL Pattinson,2,0,"",""
ball,2,1.6,Sri Lanka,KC Sangakkara,TM Dilshan,JL Pattinson,0,0,caught,KC Sangakkara
ball,2,1.7,Sri Lanka,DPMD Jayawardene,TM Dilshan,JL Pattinson,0,0,"",""
ball,2,2.1,Sri Lanka,TM Dilshan,DPMD Jayawardene,MG Johnson,1,0,"",""
ball,2,2.2,Sri Lanka,DPMD Jayawardene,TM Dilshan,MG Johnson,0,0,"",""
ball,2,2.3,Sri Lanka,DPMD Jayawardene,TM Dilshan,MG Johnson,0,0,"",""
ball,2,2.4,Sri Lanka,DPMD Jayawardene,TM Dilshan,MG Johnson,1,0,"",""
ball,2,2.5,Sri Lanka,TM Dilshan,DPMD Jayawardene,MG Johnson,1,0,"",""
ball,2,2.6,Sri Lanka,DPMD Jayawardene,TM Dilshan,MG Johnson,0,0,"",""
ball,2,3.1,Sri Lanka,TM Dilshan,DPMD Jayawardene,JL Pattinson,0,0,"",""
ball,2,3.2,Sri Lanka,TM Dilshan,DPMD Jayawardene,JL Pattinson,0,0,"",""
ball,2,3.3,Sri Lanka,TM Dilshan,DPMD Jayawardene,JL Pattinson,0,0,"",""
ball,2,3.4,Sri Lanka,TM Dilshan,DPMD Jayawardene,JL Pattinson,4,0,"",""
ball,2,3.5,Sri Lanka,TM Dilshan,DPMD Jayawardene,JL Pattinson,0,0,"",""
ball,2,3.6,Sri Lanka,TM Dilshan,DPMD Jayawardene,JL Pattinson,4,0,"",""
ball,2,4.1,Sri Lanka,DPMD Jayawardene,TM Dilshan,MG Johnson,3,0,"",""
ball,2,4.2,Sri Lanka,TM Dilshan,DPMD Jayawardene,MG Johnson,0,0,"",""
ball,2,4.3,Sri Lanka,TM Dilshan,DPMD Jayawardene,MG Johnson,0,0,"",""
ball,2,4.4,Sri Lanka,TM Dilshan,DPMD Jayawardene,MG Johnson,0,0,"",""
ball,2,4.5,Sri Lanka,TM Dilshan,DPMD Jayawardene,MG Johnson,4,0,"",""
ball,2,4.6,Sri Lanka,TM Dilshan,DPMD Jayawardene,MG Johnson,3,0,"",""
ball,2,5.1,Sri Lanka,TM Dilshan,DPMD Jayawardene,JL Pattinson,0,0,"",""
ball,2,5.2,Sri Lanka,TM Dilshan,DPMD Jayawardene,JL Pattinson,0,0,"",""
ball,2,5.3,Sri Lanka,TM Dilshan,DPMD Jayawardene,JL Pattinson,0,0,bowled,TM Dilshan
ball,2,5.4,Sri Lanka,LPC Silva,DPMD Jayawardene,JL Pattinson,0,1,"",""
ball,2,5.5,Sri Lanka,DPMD Jayawardene,LPC Silva,JL Pattinson,0,0,"",""
ball,2,5.6,Sri Lanka,DPMD Jayawardene,LPC Silva,JL Pattinson,0,0,"",""
ball,2,6.1,Sri Lanka,LPC Silva,DPMD Jayawardene,MG Johnson,0,0,"",""
ball,2,6.2,Sri Lanka,LPC Silva,DPMD Jayawardene,MG Johnson,0,0,"",""
ball,2,6.3,Sri Lanka,LPC Silva,DPMD Jayawardene,MG Johnson,0,1,"",""
ball,2,6.4,Sri Lanka,LPC Silva,DPMD Jayawardene,MG Johnson,0,0,"",""
ball,2,6.5,Sri Lanka,LPC Silva,DPMD Jayawardene,MG Johnson,3,0,"",""
ball,2,6.6,Sri Lanka,DPMD Jayawardene,LPC Silva,MG Johnson,1,0,"",""
ball,2,6.7,Sri Lanka,LPC Silva,DPMD Jayawardene,MG Johnson,4,0,"",""
ball,2,7.1,Sri Lanka,DPMD Jayawardene,LPC Silva,JL Pattinson,1,0,"",""
ball,2,7.2,Sri Lanka,LPC Silva,DPMD Jayawardene,JL Pattinson,0,0,"",""
ball,2,7.3,Sri Lanka,LPC Silva,DPMD Jayawardene,JL Pattinson,0,0,"",""
ball,2,7.4,Sri Lanka,LPC Silva,DPMD Jayawardene,JL Pattinson,2,0,"",""
ball,2,7.5,Sri Lanka,LPC Silva,DPMD Jayawardene,JL Pattinson,0,0,"",""
ball,2,7.6,Sri Lanka,LPC Silva,DPMD Jayawardene,JL Pattinson,0,0,"",""
ball,2,8.1,Sri Lanka,DPMD Jayawardene,LPC Silva,XJ Doherty,1,0,"",""
ball,2,8.2,Sri Lanka,LPC Silva,DPMD Jayawardene,XJ Doherty,2,0,"",""
ball,2,8.3,Sri Lanka,LPC Silva,DPMD Jayawardene,XJ Doherty,4,0,"",""
ball,2,8.4,Sri Lanka,LPC Silva,DPMD Jayawardene,XJ Doherty,0,0,"",""
ball,2,8.5,Sri Lanka,LPC Silva,DPMD Jayawardene,XJ Doherty,0,0,"",""
ball,2,8.6,Sri Lanka,LPC Silva,DPMD Jayawardene,XJ Doherty,4,0,"",""
ball,2,9.1,Sri Lanka,DPMD Jayawardene,LPC Silva,JW Hastings,0,0,"",""
ball,2,9.2,Sri Lanka,DPMD Jayawardene,LPC Silva,JW Hastings,0,0,"",""
ball,2,9.3,Sri Lanka,DPMD Jayawardene,LPC Silva,JW Hastings,0,1,"",""
ball,2,9.4,Sri Lanka,DPMD Jayawardene,LPC Silva,JW Hastings,0,0,"",""
ball,2,9.5,Sri Lanka,DPMD Jayawardene,LPC Silva,JW Hastings,0,1,"",""
ball,2,9.6,Sri Lanka,DPMD Jayawardene,LPC Silva,JW Hastings,0,1,"",""
ball,2,9.7,Sri Lanka,DPMD Jayawardene,LPC Silva,JW Hastings,0,0,"",""
ball,2,9.8,Sri Lanka,DPMD Jayawardene,LPC Silva,JW Hastings,4,0,"",""
ball,2,9.9,Sri Lanka,DPMD Jayawardene,LPC Silva,JW Hastings,0,1,"",""
ball,2,9.1,Sri Lanka,DPMD Jayawardene,LPC Silva,JW Hastings,0,0,"",""
ball,2,10.1,Sri Lanka,LPC Silva,DPMD Jayawardene,SR Watson,0,0,"",""
ball,2,10.2,Sri Lanka,LPC Silva,DPMD Jayawardene,SR Watson,0,0,"",""
ball,2,10.3,Sri Lanka,LPC Silva,DPMD Jayawardene,SR Watson,0,1,"",""
ball,2,10.4,Sri Lanka,LPC Silva,DPMD Jayawardene,SR Watson,1,0,"",""
ball,2,10.5,Sri Lanka,DPMD Jayawardene,LPC Silva,SR Watson,1,0,"",""
ball,2,10.6,Sri Lanka,LPC Silva,DPMD Jayawardene,SR Watson,1,0,"",""
ball,2,10.7,Sri Lanka,DPMD Jayawardene,LPC Silva,SR Watson,0,0,"",""
ball,2,11.1,Sri Lanka,LPC Silva,DPMD Jayawardene,JW Hastings,0,1,"",""
ball,2,11.2,Sri Lanka,LPC Silva,DPMD Jayawardene,JW Hastings,0,0,"",""
ball,2,11.3,Sri Lanka,LPC Silva,DPMD Jayawardene,JW Hastings,0,0,"",""
ball,2,11.4,Sri Lanka,LPC Silva,DPMD Jayawardene,JW Hastings,0,0,"",""
ball,2,11.5,Sri Lanka,LPC Silva,DPMD Jayawardene,JW Hastings,0,0,"",""
ball,2,11.6,Sri Lanka,LPC Silva,DPMD Jayawardene,JW Hastings,0,1,"",""
ball,2,11.7,Sri Lanka,LPC Silva,DPMD Jayawardene,JW Hastings,1,0,"",""
ball,2,11.8,Sri Lanka,DPMD Jayawardene,LPC Silva,JW Hastings,1,0,"",""
ball,2,12.1,Sri Lanka,DPMD Jayawardene,LPC Silva,SR Watson,0,1,"",""
ball,2,12.2,Sri Lanka,DPMD Jayawardene,LPC Silva,SR Watson,0,0,"",""
ball,2,12.3,Sri Lanka,DPMD Jayawardene,LPC Silva,SR Watson,1,0,"",""
ball,2,12.4,Sri Lanka,LPC Silva,DPMD Jayawardene,SR Watson,0,0,"",""
ball,2,12.5,Sri Lanka,LPC Silva,DPMD Jayawardene,SR Watson,4,0,"",""
ball,2,12.6,Sri Lanka,LPC Silva,DPMD Jayawardene,SR Watson,4,0,"",""
ball,2,12.7,Sri Lanka,LPC Silva,DPMD Jayawardene,SR Watson,0,0,"",""
ball,2,13.1,Sri Lanka,DPMD Jayawardene,LPC Silva,JW Hastings,0,0,"",""
ball,2,13.2,Sri Lanka,DPMD Jayawardene,LPC Silva,JW Hastings,1,0,"",""
ball,2,13.3,Sri Lanka,LPC Silva,DPMD Jayawardene,JW Hastings,0,0,"",""
ball,2,13.4,Sri Lanka,LPC Silva,DPMD Jayawardene,JW Hastings,1,0,"",""
ball,2,13.5,Sri Lanka,DPMD Jayawardene,LPC Silva,JW Hastings,0,0,"",""
ball,2,13.6,Sri Lanka,DPMD Jayawardene,LPC Silva,JW Hastings,0,0,"",""
ball,2,14.1,Sri Lanka,LPC Silva,DPMD Jayawardene,MG Johnson,1,0,"",""
ball,2,14.2,Sri Lanka,DPMD Jayawardene,LPC Silva,MG Johnson,0,1,"",""
ball,2,14.3,Sri Lanka,DPMD Jayawardene,LPC Silva,MG Johnson,1,0,"",""
ball,2,14.4,Sri Lanka,LPC Silva,DPMD Jayawardene,MG Johnson,4,0,"",""
ball,2,14.5,Sri Lanka,LPC Silva,DPMD Jayawardene,MG Johnson,0,0,"",""
ball,2,14.6,Sri Lanka,LPC Silva,DPMD Jayawardene,MG Johnson,1,0,"",""
ball,2,14.7,Sri Lanka,DPMD Jayawardene,LPC Silva,MG Johnson,0,0,"",""
ball,2,15.1,Sri Lanka,LPC Silva,DPMD Jayawardene,JW Hastings,0,0,"",""
ball,2,15.2,Sri Lanka,LPC Silva,DPMD Jayawardene,JW Hastings,0,1,"",""
ball,2,15.3,Sri Lanka,LPC Silva,DPMD Jayawardene,JW Hastings,0,0,"",""
ball,2,15.4,Sri Lanka,LPC Silva,DPMD Jayawardene,JW Hastings,0,0,"",""
ball,2,15.5,Sri Lanka,LPC Silva,DPMD Jayawardene,JW Hastings,0,0,"",""
ball,2,15.6,Sri Lanka,LPC Silva,DPMD Jayawardene,JW Hastings,0,0,"",""
ball,2,15.7,Sri Lanka,LPC Silva,DPMD Jayawardene,JW Hastings,0,0,"",""
ball,2,16.1,Sri Lanka,DPMD Jayawardene,LPC Silva,MG Johnson,1,0,"",""
ball,2,16.2,Sri Lanka,LPC Silva,DPMD Jayawardene,MG Johnson,1,0,"",""
ball,2,16.3,Sri Lanka,DPMD Jayawardene,LPC Silva,MG Johnson,0,0,"",""
ball,2,16.4,Sri Lanka,DPMD Jayawardene,LPC Silva,MG Johnson,0,1,"",""
ball,2,16.5,Sri Lanka,DPMD Jayawardene,LPC Silva,MG Johnson,0,0,"",""
ball,2,16.6,Sri Lanka,DPMD Jayawardene,LPC Silva,MG Johnson,0,1,"",""
ball,2,16.7,Sri Lanka,DPMD Jayawardene,LPC Silva,MG Johnson,0,0,"",""
ball,2,16.8,Sri Lanka,DPMD Jayawardene,LPC Silva,MG Johnson,0,0,"",""
ball,2,17.1,Sri Lanka,LPC Silva,DPMD Jayawardene,JW Hastings,0,0,"",""
ball,2,17.2,Sri Lanka,LPC Silva,DPMD Jayawardene,JW Hastings,1,0,"",""
ball,2,17.3,Sri Lanka,DPMD Jayawardene,LPC Silva,JW Hastings,0,1,"",""
ball,2,17.4,Sri Lanka,DPMD Jayawardene,LPC Silva,JW Hastings,0,0,"",""
ball,2,17.5,Sri Lanka,DPMD Jayawardene,LPC Silva,JW Hastings,0,0,"",""
ball,2,17.6,Sri Lanka,DPMD Jayawardene,LPC Silva,JW Hastings,0,0,"",""
ball,2,17.7,Sri Lanka,DPMD Jayawardene,LPC Silva,JW Hastings,0,0,"",""
ball,2,18.1,Sri Lanka,LPC Silva,DPMD Jayawardene,XJ Doherty,0,0,"",""
ball,2,18.2,Sri Lanka,LPC Silva,DPMD Jayawardene,XJ Doherty,0,0,"",""
ball,2,18.3,Sri Lanka,LPC Silva,DPMD Jayawardene,XJ Doherty,6,0,"",""
ball,2,18.4,Sri Lanka,LPC Silva,DPMD Jayawardene,XJ Doherty,4,0,"",""
ball,2,18.5,Sri Lanka,LPC Silva,DPMD Jayawardene,XJ Doherty,0,0,"",""
ball,2,18.6,Sri Lanka,LPC Silva,DPMD Jayawardene,XJ Doherty,0,0,"",""
ball,2,19.1,Sri Lanka,DPMD Jayawardene,LPC Silva,JL Pattinson,2,0,"",""
ball,2,19.2,Sri Lanka,DPMD Jayawardene,LPC Silva,JL Pattinson,1,0,"",""
ball,2,19.3,Sri Lanka,LPC Silva,DPMD Jayawardene,JL Pattinson,1,0,"",""
ball,2,19.4,Sri Lanka,DPMD Jayawardene,LPC Silva,JL Pattinson,1,0,"",""
ball,2,19.5,Sri Lanka,LPC Silva,DPMD Jayawardene,JL Pattinson,0,0,"",""
ball,2,19.6,Sri Lanka,LPC Silva,DPMD Jayawardene,JL Pattinson,0,0,"",""
ball,2,20.1,Sri Lanka,DPMD Jayawardene,LPC Silva,XJ Doherty,0,0,"",""
ball,2,20.2,Sri Lanka,DPMD Jayawardene,LPC Silva,XJ Doherty,0,0,"",""
ball,2,20.3,Sri Lanka,DPMD Jayawardene,LPC Silva,XJ Doherty,0,0,"",""
ball,2,20.4,Sri Lanka,DPMD Jayawardene,LPC Silva,XJ Doherty,1,0,"",""
ball,2,20.5,Sri Lanka,LPC Silva,DPMD Jayawardene,XJ Doherty,0,0,"",""
ball,2,20.6,Sri Lanka,LPC Silva,DPMD Jayawardene,XJ Doherty,0,0,"",""
ball,2,21.1,Sri Lanka,DPMD Jayawardene,LPC Silva,JL Pattinson,0,0,"",""
ball,2,21.2,Sri Lanka,DPMD Jayawardene,LPC Silva,JL Pattinson,4,0,"",""
ball,2,21.3,Sri Lanka,DPMD Jayawardene,LPC Silva,JL Pattinson,1,0,"",""
ball,2,21.4,Sri Lanka,LPC Silva,DPMD Jayawardene,JL Pattinson,1,0,"",""
ball,2,21.5,Sri Lanka,DPMD Jayawardene,LPC Silva,JL Pattinson,1,0,"",""
ball,2,21.6,Sri Lanka,LPC Silva,DPMD Jayawardene,JL Pattinson,0,0,"",""
ball,2,22.1,Sri Lanka,DPMD Jayawardene,LPC Silva,XJ Doherty,0,0,"",""
ball,2,22.2,Sri Lanka,DPMD Jayawardene,LPC Silva,XJ Doherty,0,0,"",""
ball,2,22.3,Sri Lanka,DPMD Jayawardene,LPC Silva,XJ Doherty,1,0,"",""
ball,2,22.4,Sri Lanka,LPC Silva,DPMD Jayawardene,XJ Doherty,0,0,"",""
ball,2,22.5,Sri Lanka,LPC Silva,DPMD Jayawardene,XJ Doherty,4,0,"",""
ball,2,22.6,Sri Lanka,LPC Silva,DPMD Jayawardene,XJ Doherty,0,0,"",""
ball,2,23.1,Sri Lanka,DPMD Jayawardene,LPC Silva,DJ Hussey,0,0,"",""
ball,2,23.2,Sri Lanka,DPMD Jayawardene,LPC Silva,DJ Hussey,1,0,"",""
ball,2,23.3,Sri Lanka,LPC Silva,DPMD Jayawardene,DJ Hussey,0,0,"",""
ball,2,23.4,Sri Lanka,LPC Silva,DPMD Jayawardene,DJ Hussey,1,0,"",""
ball,2,23.5,Sri Lanka,DPMD Jayawardene,LPC Silva,DJ Hussey,1,0,"",""
ball,2,23.6,Sri Lanka,LPC Silva,DPMD Jayawardene,DJ Hussey,2,0,"",""
ball,2,24.1,Sri Lanka,DPMD Jayawardene,LPC Silva,XJ Doherty,1,0,"",""
ball,2,24.2,Sri Lanka,LPC Silva,DPMD Jayawardene,XJ Doherty,0,0,"",""
ball,2,24.3,Sri Lanka,LPC Silva,DPMD Jayawardene,XJ Doherty,2,0,"",""
ball,2,24.4,Sri Lanka,LPC Silva,DPMD Jayawardene,XJ Doherty,0,0,"",""
ball,2,24.5,Sri Lanka,LPC Silva,DPMD Jayawardene,XJ Doherty,0,0,"",""
ball,2,24.6,Sri Lanka,LPC Silva,DPMD Jayawardene,XJ Doherty,1,0,"",""
ball,2,25.1,Sri Lanka,LPC Silva,DPMD Jayawardene,SR Watson,1,0,"",""
ball,2,25.2,Sri Lanka,DPMD Jayawardene,LPC Silva,SR Watson,0,0,"",""
ball,2,25.3,Sri Lanka,DPMD Jayawardene,LPC Silva,SR Watson,1,0,"",""
ball,2,25.4,Sri Lanka,LPC Silva,DPMD Jayawardene,SR Watson,1,0,"",""
ball,2,25.5,Sri Lanka,DPMD Jayawardene,LPC Silva,SR Watson,0,0,"",""
ball,2,25.6,Sri Lanka,DPMD Jayawardene,LPC Silva,SR Watson,1,0,"",""
ball,2,26.1,Sri Lanka,DPMD Jayawardene,LPC Silva,XJ Doherty,0,0,"",""
ball,2,26.2,Sri Lanka,DPMD Jayawardene,LPC Silva,XJ Doherty,3,0,"",""
ball,2,26.3,Sri Lanka,LPC Silva,DPMD Jayawardene,XJ Doherty,0,0,caught,LPC Silva
ball,2,26.4,Sri Lanka,DPMD Jayawardene,AD Mathews,XJ Doherty,0,0,"",""
ball,2,26.5,Sri Lanka,DPMD Jayawardene,AD Mathews,XJ Doherty,0,0,"",""
ball,2,26.6,Sri Lanka,DPMD Jayawardene,AD Mathews,XJ Doherty,1,0,"",""
ball,2,27.1,Sri Lanka,DPMD Jayawardene,AD Mathews,MG Johnson,0,0,"",""
ball,2,27.2,Sri Lanka,DPMD Jayawardene,AD Mathews,MG Johnson,0,0,"",""
ball,2,27.3,Sri Lanka,DPMD Jayawardene,AD Mathews,MG Johnson,0,0,"",""
ball,2,27.4,Sri Lanka,DPMD Jayawardene,AD Mathews,MG Johnson,0,0,"",""
ball,2,27.5,Sri Lanka,DPMD Jayawardene,AD Mathews,MG Johnson,0,1,"",""
ball,2,27.6,Sri Lanka,AD Mathews,DPMD Jayawardene,MG Johnson,1,0,"",""
ball,2,28.1,Sri Lanka,AD Mathews,DPMD Jayawardene,XJ Doherty,0,0,"",""
ball,2,28.2,Sri Lanka,AD Mathews,DPMD Jayawardene,XJ Doherty,1,0,"",""
ball,2,28.3,Sri Lanka,DPMD Jayawardene,AD Mathews,XJ Doherty,1,0,"",""
ball,2,28.4,Sri Lanka,AD Mathews,DPMD Jayawardene,XJ Doherty,1,0,"",""
ball,2,28.5,Sri Lanka,DPMD Jayawardene,AD Mathews,XJ Doherty,0,0,"",""
ball,2,28.6,Sri Lanka,DPMD Jayawardene,AD Mathews,XJ Doherty,0,0,"",""
ball,2,29.1,Sri Lanka,AD Mathews,DPMD Jayawardene,MG Johnson,2,0,"",""
ball,2,29.2,Sri Lanka,AD Mathews,DPMD Jayawardene,MG Johnson,0,0,"",""
ball,2,29.3,Sri Lanka,AD Mathews,DPMD Jayawardene,MG Johnson,0,0,"",""
ball,2,29.4,Sri Lanka,AD Mathews,DPMD Jayawardene,MG Johnson,0,0,"",""
ball,2,29.5,Sri Lanka,AD Mathews,DPMD Jayawardene,MG Johnson,0,0,"",""
ball,2,29.6,Sri Lanka,AD Mathews,DPMD Jayawardene,MG Johnson,0,0,"",""
ball,2,30.1,Sri Lanka,DPMD Jayawardene,AD Mathews,XJ Doherty,0,0,"",""
ball,2,30.2,Sri Lanka,DPMD Jayawardene,AD Mathews,XJ Doherty,0,0,"",""
ball,2,30.3,Sri Lanka,DPMD Jayawardene,AD Mathews,XJ Doherty,0,0,"",""
ball,2,30.4,Sri Lanka,DPMD Jayawardene,AD Mathews,XJ Doherty,0,0,"",""
ball,2,30.5,Sri Lanka,DPMD Jayawardene,AD Mathews,XJ Doherty,1,0,"",""
ball,2,30.6,Sri Lanka,AD Mathews,DPMD Jayawardene,XJ Doherty,0,0,"",""
ball,2,31.1,Sri Lanka,DPMD Jayawardene,AD Mathews,SR Watson,1,0,"",""
ball,2,31.2,Sri Lanka,AD Mathews,DPMD Jayawardene,SR Watson,1,0,"",""
ball,2,31.3,Sri Lanka,DPMD Jayawardene,AD Mathews,SR Watson,0,0,"",""
ball,2,31.4,Sri Lanka,DPMD Jayawardene,AD Mathews,SR Watson,0,0,"",""
ball,2,31.5,Sri Lanka,DPMD Jayawardene,AD Mathews,SR Watson,0,0,"",""
ball,2,31.6,Sri Lanka,DPMD Jayawardene,AD Mathews,SR Watson,1,0,"",""
ball,2,32.1,Sri Lanka,DPMD Jayawardene,AD Mathews,XJ Doherty,0,0,"",""
ball,2,32.2,Sri Lanka,DPMD Jayawardene,AD Mathews,XJ Doherty,2,0,"",""
ball,2,32.3,Sri Lanka,DPMD Jayawardene,AD Mathews,XJ Doherty,4,0,"",""
ball,2,32.4,Sri Lanka,DPMD Jayawardene,AD Mathews,XJ Doherty,2,0,"",""
ball,2,32.5,Sri Lanka,DPMD Jayawardene,AD Mathews,XJ Doherty,0,0,"",""
ball,2,32.6,Sri Lanka,DPMD Jayawardene,AD Mathews,XJ Doherty,1,0,"",""
ball,2,33.1,Sri Lanka,DPMD Jayawardene,AD Mathews,SR Watson,0,0,"",""
ball,2,33.2,Sri Lanka,DPMD Jayawardene,AD Mathews,SR Watson,4,0,"",""
ball,2,33.3,Sri Lanka,DPMD Jayawardene,AD Mathews,SR Watson,2,0,"",""
ball,2,33.4,Sri Lanka,DPMD Jayawardene,AD Mathews,SR Watson,0,0,"",""
ball,2,33.5,Sri Lanka,DPMD Jayawardene,AD Mathews,SR Watson,0,0,"",""
ball,2,33.6,Sri Lanka,DPMD Jayawardene,AD Mathews,SR Watson,0,0,"",""
ball,2,34.1,Sri Lanka,AD Mathews,DPMD Jayawardene,MG Johnson,0,0,"",""
ball,2,34.2,Sri Lanka,AD Mathews,DPMD Jayawardene,MG Johnson,0,0,"",""
ball,2,34.3,Sri Lanka,AD Mathews,DPMD Jayawardene,MG Johnson,1,0,"",""
ball,2,34.4,Sri Lanka,DPMD Jayawardene,AD Mathews,MG Johnson,0,0,"",""
ball,2,34.5,Sri Lanka,DPMD Jayawardene,AD Mathews,MG Johnson,0,0,"",""
ball,2,34.6,Sri Lanka,DPMD Jayawardene,AD Mathews,MG Johnson,0,0,"",""
ball,2,35.1,Sri Lanka,AD Mathews,DPMD Jayawardene,JL Pattinson,0,0,"",""
ball,2,35.2,Sri Lanka,AD Mathews,DPMD Jayawardene,JL Pattinson,0,0,"",""
ball,2,35.3,Sri Lanka,AD Mathews,DPMD Jayawardene,JL Pattinson,0,0,"",""
ball,2,35.4,Sri Lanka,AD Mathews,DPMD Jayawardene,JL Pattinson,0,0,"",""
ball,2,35.5,Sri Lanka,AD Mathews,DPMD Jayawardene,JL Pattinson,3,0,"",""
ball,2,35.6,Sri Lanka,DPMD Jayawardene,AD Mathews,JL Pattinson,0,0,"",""
ball,2,36.1,Sri Lanka,AD Mathews,DPMD Jayawardene,MG Johnson,0,0,"",""
ball,2,36.2,Sri Lanka,AD Mathews,DPMD Jayawardene,MG Johnson,1,0,"",""
ball,2,36.3,Sri Lanka,DPMD Jayawardene,AD Mathews,MG Johnson,0,0,"",""
ball,2,36.4,Sri Lanka,DPMD Jayawardene,AD Mathews,MG Johnson,1,0,"",""
ball,2,36.5,Sri Lanka,AD Mathews,DPMD Jayawardene,MG Johnson,0,1,"",""
ball,2,36.6,Sri Lanka,DPMD Jayawardene,AD Mathews,MG Johnson,0,0,"",""
ball,2,37.1,Sri Lanka,AD Mathews,DPMD Jayawardene,JL Pattinson,1,0,"",""
ball,2,37.2,Sri Lanka,DPMD Jayawardene,AD Mathews,JL Pattinson,0,0,"",""
ball,2,37.3,Sri Lanka,DPMD Jayawardene,AD Mathews,JL Pattinson,1,0,"",""
ball,2,37.4,Sri Lanka,AD Mathews,DPMD Jayawardene,JL Pattinson,0,0,"",""
ball,2,37.5,Sri Lanka,AD Mathews,DPMD Jayawardene,JL Pattinson,0,0,"",""
ball,2,37.6,Sri Lanka,AD Mathews,DPMD Jayawardene,JL Pattinson,0,0,"",""
ball,2,38.1,Sri Lanka,DPMD Jayawardene,AD Mathews,JW Hastings,0,0,"",""
ball,2,38.2,Sri Lanka,DPMD Jayawardene,AD Mathews,JW Hastings,1,0,"",""
ball,2,38.3,Sri Lanka,AD Mathews,DPMD Jayawardene,JW Hastings,0,0,"",""
ball,2,38.4,Sri Lanka,AD Mathews,DPMD Jayawardene,JW Hastings,0,0,"",""
ball,2,38.5,Sri Lanka,AD Mathews,DPMD Jayawardene,JW Hastings,0,0,"",""
ball,2,38.6,Sri Lanka,AD Mathews,DPMD Jayawardene,JW Hastings,1,0,"",""
ball,2,39.1,Sri Lanka,AD Mathews,DPMD Jayawardene,JL Pattinson,0,0,"",""
ball,2,39.2,Sri Lanka,AD Mathews,DPMD Jayawardene,JL Pattinson,1,0,"",""
ball,2,39.3,Sri Lanka,DPMD Jayawardene,AD Mathews,JL Pattinson,0,0,"",""
ball,2,39.4,Sri Lanka,DPMD Jayawardene,AD Mathews,JL Pattinson,4,0,"",""
ball,2,39.5,Sri Lanka,DPMD Jayawardene,AD Mathews,JL Pattinson,0,0,"",""
ball,2,39.6,Sri Lanka,DPMD Jayawardene,AD Mathews,JL Pattinson,1,0,"",""
ball,2,40.1,Sri Lanka,DPMD Jayawardene,AD Mathews,JW Hastings,0,0,"",""
ball,2,40.2,Sri Lanka,DPMD Jayawardene,AD Mathews,JW Hastings,0,0,"",""
ball,2,40.3,Sri Lanka,DPMD Jayawardene,AD Mathews,JW Hastings,0,0,"",""
ball,2,40.4,Sri Lanka,DPMD Jayawardene,AD Mathews,JW Hastings,0,0,"",""
ball,2,40.5,Sri Lanka,DPMD Jayawardene,AD Mathews,JW Hastings,0,0,"",""
ball,2,40.6,Sri Lanka,DPMD Jayawardene,AD Mathews,JW Hastings,1,0,"",""
ball,2,41.1,Sri Lanka,DPMD Jayawardene,AD Mathews,XJ Doherty,4,0,"",""
ball,2,41.2,Sri Lanka,DPMD Jayawardene,AD Mathews,XJ Doherty,0,0,"",""
ball,2,41.3,Sri Lanka,DPMD Jayawardene,AD Mathews,XJ Doherty,1,0,"",""
ball,2,41.4,Sri Lanka,AD Mathews,DPMD Jayawardene,XJ Doherty,0,0,"",""
ball,2,41.5,Sri Lanka,AD Mathews,DPMD Jayawardene,XJ Doherty,1,0,"",""
ball,2,41.6,Sri Lanka,DPMD Jayawardene,AD Mathews,XJ Doherty,0,0,caught,DPMD Jayawardene
ball,2,42.1,Sri Lanka,BMAJ Mendis,AD Mathews,JW Hastings,1,0,"",""
ball,2,42.2,Sri Lanka,AD Mathews,BMAJ Mendis,JW Hastings,0,0,"",""
ball,2,42.3,Sri Lanka,AD Mathews,BMAJ Mendis,JW Hastings,0,0,"",""
ball,2,42.4,Sri Lanka,AD Mathews,BMAJ Mendis,JW Hastings,0,0,"",""
ball,2,42.5,Sri Lanka,AD Mathews,BMAJ Mendis,JW Hastings,1,0,"",""
ball,2,42.6,Sri Lanka,BMAJ Mendis,AD Mathews,JW Hastings,0,0,"",""
ball,2,43.1,Sri Lanka,AD Mathews,BMAJ Mendis,JL Pattinson,4,0,"",""
ball,2,43.2,Sri Lanka,AD Mathews,BMAJ Mendis,JL Pattinson,0,0,"",""
ball,2,43.3,Sri Lanka,AD Mathews,BMAJ Mendis,JL Pattinson,0,0,"",""
ball,2,43.4,Sri Lanka,AD Mathews,BMAJ Mendis,JL Pattinson,0,0,"",""
ball,2,43.5,Sri Lanka,AD Mathews,BMAJ Mendis,JL Pattinson,0,0,"",""
ball,2,43.6,Sri Lanka,AD Mathews,BMAJ Mendis,JL Pattinson,0,0,"",""
ball,2,44.1,Sri Lanka,BMAJ Mendis,AD Mathews,JW Hastings,0,0,"",""
ball,2,44.2,Sri Lanka,BMAJ Mendis,AD Mathews,JW Hastings,0,0,"",""
ball,2,44.3,Sri Lanka,BMAJ Mendis,AD Mathews,JW Hastings,0,0,"",""
ball,2,44.4,Sri Lanka,BMAJ Mendis,AD Mathews,JW Hastings,0,0,"",""
ball,2,44.5,Sri Lanka,BMAJ Mendis,AD Mathews,JW Hastings,0,0,"",""
ball,2,44.6,Sri Lanka,BMAJ Mendis,AD Mathews,JW Hastings,2,0,"",""
ball,2,45.1,Sri Lanka,AD Mathews,BMAJ Mendis,SR Watson,2,0,"",""
ball,2,45.2,Sri Lanka,AD Mathews,BMAJ Mendis,SR Watson,4,0,"",""
ball,2,45.3,Sri Lanka,AD Mathews,BMAJ Mendis,SR Watson,0,0,"",""
ball,2,45.4,Sri Lanka,AD Mathews,BMAJ Mendis,SR Watson,0,0,caught,AD Mathews
ball,2,45.5,Sri Lanka,RMS Eranga,BMAJ Mendis,SR Watson,0,0,"",""
ball,2,45.6,Sri Lanka,RMS Eranga,BMAJ Mendis,SR Watson,0,0,"",""
ball,2,46.1,Sri Lanka,BMAJ Mendis,RMS Eranga,JW Hastings,0,0,"",""
ball,2,46.2,Sri Lanka,BMAJ Mendis,RMS Eranga,JW Hastings,0,0,"",""
ball,2,46.3,Sri Lanka,BMAJ Mendis,RMS Eranga,JW Hastings,0,0,"",""
ball,2,46.4,Sri Lanka,BMAJ Mendis,RMS Eranga,JW Hastings,0,0,"",""
ball,2,46.5,Sri Lanka,BMAJ Mendis,RMS Eranga,JW Hastings,0,0,"",""
ball,2,46.6,Sri Lanka,BMAJ Mendis,RMS Eranga,JW Hastings,4,0,"",""
