version,1.3.0
info,team,New Zealand
info,team,South Africa
info,gender,male
info,season,2011/12
info,date,2012/03/03
info,series,South Africa in New Zealand ODI Series
info,match_number,3
info,venue,Eden Park
info,city,Auckland
info,toss_winner,South Africa
info,toss_decision,field
info,player_of_match,M de Lange
info,umpire,CB Gaffaney
info,umpire,RK Illingworth
info,reserve_umpire,BG Frost
info,tv_umpire,Aleem Dar
info,match_referee,RS Mahanama
info,winner,South Africa
info,winner_wickets,5
ball,1,0.1,New Zealand,RJ Nicol,MJ Guptill,LL Tsotsobe,0,0,"",""
ball,1,0.2,New Zealand,RJ Nicol,MJ Guptill,LL Tsotsobe,0,1,"",""
ball,1,0.3,New Zealand,MJ Guptill,RJ Nicol,LL Tsotsobe,0,0,"",""
ball,1,0.4,New Zealand,MJ Guptill,RJ Nicol,LL Tsotsobe,0,0,"",""
ball,1,0.5,New Zealand,MJ Guptill,RJ Nicol,LL Tsotsobe,0,0,"",""
ball,1,0.6,New Zealand,MJ Guptill,RJ Nicol,LL Tsotsobe,0,0,"",""
ball,1,1.1,New Zealand,RJ Nicol,MJ Guptill,DW Steyn,0,0,"",""
ball,1,1.2,New Zealand,RJ Nicol,MJ Guptill,DW Steyn,0,0,"",""
ball,1,1.3,New Zealand,RJ Nicol,MJ Guptill,DW Steyn,0,0,"",""
ball,1,1.4,New Zealand,RJ Nicol,MJ Guptill,DW Steyn,0,0,"",""
ball,1,1.5,New Zealand,RJ Nicol,MJ Guptill,DW Steyn,0,0,"",""
ball,1,1.6,New Zealand,RJ Nicol,MJ Guptill,DW Steyn,5,0,"",""
ball,1,2.1,New Zealand,RJ Nicol,MJ Guptill,LL Tsotsobe,0,0,"",""
ball,1,2.2,New Zealand,RJ Nicol,MJ Guptill,LL Tsotsobe,0,0,"",""
ball,1,2.3,New Zealand,RJ Nicol,MJ Guptill,LL Tsotsobe,0,0,"",""
ball,1,2.4,New Zealand,RJ Nicol,MJ Guptill,LL Tsotsobe,0,0,"",""
ball,1,2.5,New Zealand,RJ Nicol,MJ Guptill,LL Tsotsobe,0,0,"",""
ball,1,2.6,New Zealand,RJ Nicol,MJ Guptill,LL Tsotsobe,0,0,"",""
ball,1,3.1,New Zealand,MJ Guptill,RJ Nicol,DW Steyn,0,0,"",""
ball,1,3.2,New Zealand,MJ Guptill,RJ Nicol,DW Steyn,0,0,"",""
ball,1,3.3,New Zealand,MJ Guptill,RJ Nicol,DW Steyn,2,0,"",""
ball,1,3.4,New Zealand,MJ Guptill,RJ Nicol,DW Steyn,1,0,"",""
ball,1,3.5,New Zealand,RJ Nicol,MJ Guptill,DW Steyn,0,0,"",""
ball,1,3.6,New Zealand,RJ Nicol,MJ Guptill,DW Steyn,0,0,"",""
ball,1,4.1,New Zealand,MJ Guptill,RJ Nicol,LL Tsotsobe,0,0,"",""
ball,1,4.2,New Zealand,MJ Guptill,RJ Nicol,LL Tsotsobe,0,0,"",""
ball,1,4.3,New Zealand,MJ Guptill,RJ Nicol,LL Tsotsobe,4,0,"",""
ball,1,4.4,New Zealand,MJ Guptill,RJ Nicol,LL Tsotsobe,0,0,"",""
ball,1,4.5,New Zealand,MJ Guptill,RJ Nicol,LL Tsotsobe,0,0,caught,MJ Guptill
ball,1,4.6,New Zealand,BB McCullum,RJ Nicol,LL Tsotsobe,1,0,"",""
ball,1,5.1,New Zealand,BB McCullum,RJ Nicol,DW Steyn,0,0,"",""
ball,1,5.2,New Zealand,BB McCullum,RJ Nicol,DW Steyn,0,0,"",""
ball,1,5.3,New Zealand,BB McCullum,RJ Nicol,DW Steyn,0,0,"",""
ball,1,5.4,New Zealand,BB McCullum,RJ Nicol,DW Steyn,0,0,"",""
ball,1,5.5,New Zealand,BB McCullum,RJ Nicol,DW Steyn,0,0,"",""
ball,1,5.6,New Zealand,BB McCullum,RJ Nicol,DW Steyn,0,0,"",""
ball,1,6.1,New Zealand,RJ Nicol,BB McCullum,LL Tsotsobe,0,0,"",""
ball,1,6.2,New Zealand,RJ Nicol,BB McCullum,LL Tsotsobe,1,0,"",""
ball,1,6.3,New Zealand,BB McCullum,RJ Nicol,LL Tsotsobe,0,0,"",""
ball,1,6.4,New Zealand,BB McCullum,RJ Nicol,LL Tsotsobe,0,0,"",""
ball,1,6.5,New Zealand,BB McCullum,RJ Nicol,LL Tsotsobe,0,0,"",""
ball,1,6.6,New Zealand,BB McCullum,RJ Nicol,LL Tsotsobe,1,0,"",""
ball,1,7.1,New Zealand,BB McCullum,RJ Nicol,M de Lange,0,0,"",""
ball,1,7.2,New Zealand,BB McCullum,RJ Nicol,M de Lange,4,0,"",""
ball,1,7.3,New Zealand,BB McCullum,RJ Nicol,M de Lange,1,0,"",""
ball,1,7.4,New Zealand,RJ Nicol,BB McCullum,M de Lange,0,0,"",""
ball,1,7.5,New Zealand,RJ Nicol,BB McCullum,M de Lange,0,0,"",""
ball,1,7.6,New Zealand,RJ Nicol,BB McCullum,M de Lange,0,0,"",""
ball,1,8.1,New Zealand,BB McCullum,RJ Nicol,LL Tsotsobe,0,0,"",""
ball,1,8.2,New Zealand,BB McCullum,RJ Nicol,LL Tsotsobe,0,0,"",""
ball,1,8.3,New Zealand,BB McCullum,RJ Nicol,LL Tsotsobe,0,0,"",""
ball,1,8.4,New Zealand,BB McCullum,RJ Nicol,LL Tsotsobe,0,0,"",""
ball,1,8.5,New Zealand,BB McCullum,RJ Nicol,LL Tsotsobe,4,0,"",""
ball,1,8.6,New Zealand,BB McCullum,RJ Nicol,LL Tsotsobe,4,0,"",""
ball,1,9.1,New Zealand,RJ Nicol,BB McCullum,M de Lange,0,0,"",""
ball,1,9.2,New Zealand,RJ Nicol,BB McCullum,M de Lange,0,0,"",""
ball,1,9.3,New Zealand,RJ Nicol,BB McCullum,M de Lange,0,0,"",""
ball,1,9.4,New Zealand,RJ Nicol,BB McCullum,M de Lange,0,0,"",""
ball,1,9.5,New Zealand,RJ Nicol,BB McCullum,M de Lange,0,0,"",""
ball,1,9.6,New Zealand,RJ Nicol,BB McCullum,M de Lange,0,0,"",""
ball,1,10.1,New Zealand,BB McCullum,RJ Nicol,RJ Peterson,1,0,"",""
ball,1,10.2,New Zealand,RJ Nicol,BB McCullum,RJ Peterson,0,0,"",""
ball,1,10.3,New Zealand,RJ Nicol,BB McCullum,RJ Peterson,1,0,"",""
ball,1,10.4,New Zealand,BB McCullum,RJ Nicol,RJ Peterson,1,0,"",""
ball,1,10.5,New Zealand,RJ Nicol,BB McCullum,RJ Peterson,0,0,"",""
ball,1,10.6,New Zealand,RJ Nicol,BB McCullum,RJ Peterson,0,0,"",""
ball,1,11.1,New Zealand,BB McCullum,RJ Nicol,M de Lange,0,0,"",""
ball,1,11.2,New Zealand,BB McCullum,RJ Nicol,M de Lange,3,0,"",""
ball,1,11.3,New Zealand,RJ Nicol,BB McCullum,M de Lange,0,0,"",""
ball,1,11.4,New Zealand,RJ Nicol,BB McCullum,M de Lange,1,0,"",""
ball,1,11.5,New Zealand,BB McCullum,RJ Nicol,M de Lange,2,0,"",""
ball,1,11.6,New Zealand,BB McCullum,RJ Nicol,M de Lange,0,0,"",""
ball,1,12.1,New Zealand,RJ Nicol,BB McCullum,RJ Peterson,0,0,"",""
ball,1,12.2,New Zealand,RJ Nicol,BB McCullum,RJ Peterson,1,0,"",""
ball,1,12.3,New Zealand,BB McCullum,RJ Nicol,RJ Peterson,1,0,"",""
ball,1,12.4,New Zealand,RJ Nicol,BB McCullum,RJ Peterson,0,0,"",""
ball,1,12.5,New Zealand,RJ Nicol,BB McCullum,RJ Peterson,1,0,"",""
ball,1,12.6,New Zealand,BB McCullum,RJ Nicol,RJ Peterson,0,0,"",""
ball,1,13.1,New Zealand,RJ Nicol,BB McCullum,J Botha,1,0,"",""
ball,1,13.2,New Zealand,BB McCullum,RJ Nicol,J Botha,1,0,"",""
ball,1,13.3,New Zealand,RJ Nicol,BB McCullum,J Botha,1,0,"",""
ball,1,13.4,New Zealand,BB McCullum,RJ Nicol,J Botha,1,0,"",""
ball,1,13.5,New Zealand,RJ Nicol,BB McCullum,J Botha,0,0,caught,RJ Nicol
ball,1,13.6,New Zealand,KS Williamson,BB McCullum,J Botha,0,0,"",""
ball,1,14.1,New Zealand,BB McCullum,KS Williamson,RJ Peterson,0,0,"",""
ball,1,14.2,New Zealand,BB McCullum,KS Williamson,RJ Peterson,1,0,"",""
ball,1,14.3,New Zealand,KS Williamson,BB McCullum,RJ Peterson,0,0,"",""
ball,1,14.4,New Zealand,KS Williamson,BB McCullum,RJ Peterson,0,0,"",""
ball,1,14.5,New Zealand,KS Williamson,BB McCullum,RJ Peterson,0,0,"",""
ball,1,14.6,New Zealand,KS Williamson,BB McCullum,RJ Peterson,0,0,"",""
ball,1,15.1,New Zealand,BB McCullum,KS Williamson,J Botha,1,0,"",""
ball,1,15.2,New Zealand,KS Williamson,BB McCullum,J Botha,0,0,"",""
ball,1,15.3,New Zealand,KS Williamson,BB McCullum,J Botha,0,0,"",""
ball,1,15.4,New Zealand,KS Williamson,BB McCullum,J Botha,0,0,"",""
ball,1,15.5,New Zealand,KS Williamson,BB McCullum,J Botha,0,0,"",""
ball,1,15.6,New Zealand,KS Williamson,BB McCullum,J Botha,0,0,"",""
ball,1,16.1,New Zealand,BB McCullum,KS Williamson,LL Tsotsobe,0,0,"",""
ball,1,16.2,New Zealand,BB McCullum,KS Williamson,LL Tsotsobe,1,0,"",""
ball,1,16.3,New Zealand,KS Williamson,BB McCullum,LL Tsotsobe,0,0,"",""
ball,1,16.4,New Zealand,KS Williamson,BB McCullum,LL Tsotsobe,1,0,"",""
ball,1,16.5,New Zealand,BB McCullum,KS Williamson,LL Tsotsobe,0,0,"",""
ball,1,16.6,New Zealand,BB McCullum,KS Williamson,LL Tsotsobe,1,0,"",""
ball,1,17.1,New Zealand,BB McCullum,KS Williamson,DW Steyn,0,0,"",""
ball,1,17.2,New Zealand,BB McCullum,KS Williamson,DW Steyn,0,0,"",""
ball,1,17.3,New Zealand,BB McCullum,KS Williamson,DW Steyn,0,0,"",""
ball,1,17.4,New Zealand,BB McCullum,KS Williamson,DW Steyn,0,0,"",""
ball,1,17.5,New Zealand,BB McCullum,KS Williamson,DW Steyn,0,0,"",""
ball,1,17.6,New Zealand,BB McCullum,KS Williamson,DW Steyn,1,0,"",""
ball,1,18.1,New Zealand,BB McCullum,KS Williamson,RJ Peterson,0,0,"",""
ball,1,18.2,New Zealand,BB McCullum,KS Williamson,RJ Peterson,2,0,"",""
ball,1,18.3,New Zealand,BB McCullum,KS Williamson,RJ Peterson,0,0,"",""
ball,1,18.4,New Zealand,BB McCullum,KS Williamson,RJ Peterson,0,0,"",""
ball,1,18.5,New Zealand,BB McCullum,KS Williamson,RJ Peterson,1,0,"",""
ball,1,18.6,New Zealand,KS Williamson,BB McCullum,RJ Peterson,0,0,"",""
ball,1,19.1,New Zealand,BB McCullum,KS Williamson,DW Steyn,4,0,"",""
ball,1,19.2,New Zealand,BB McCullum,KS Williamson,DW Steyn,4,0,"",""
ball,1,19.3,New Zealand,BB McCullum,KS Williamson,DW Steyn,0,0,"",""
ball,1,19.4,New Zealand,BB McCullum,KS Williamson,DW Steyn,1,0,"",""
ball,1,19.5,New Zealand,KS Williamson,BB McCullum,DW Steyn,4,0,"",""
ball,1,19.6,New Zealand,KS Williamson,BB McCullum,DW Steyn,0,0,"",""
ball,1,20.1,New Zealand,BB McCullum,KS Williamson,RJ Peterson,0,0,"",""
ball,1,20.2,New Zealand,BB McCullum,KS Williamson,RJ Peterson,4,0,"",""
ball,1,20.3,New Zealand,BB McCullum,KS Williamson,RJ Peterson,0,0,"",""
ball,1,20.4,New Zealand,BB McCullum,KS Williamson,RJ Peterson,0,0,"",""
ball,1,20.5,New Zealand,BB McCullum,KS Williamson,RJ Peterson,1,0,"",""
ball,1,20.6,New Zealand,KS Williamson,BB McCullum,RJ Peterson,2,0,"",""
ball,1,21.1,New Zealand,BB McCullum,KS Williamson,M de Lange,0,0,"",""
ball,1,21.2,New Zealand,BB McCullum,KS Williamson,M de Lange,0,0,caught,BB McCullum
ball,1,21.3,New Zealand,JEC Franklin,KS Williamson,M de Lange,0,2,"",""
ball,1,21.4,New Zealand,KS Williamson,JEC Franklin,M de Lange,2,0,"",""
ball,1,21.5,New Zealand,KS Williamson,JEC Franklin,M de Lange,0,0,"",""
ball,1,21.6,New Zealand,KS Williamson,JEC Franklin,M de Lange,0,0,"",""
ball,1,21.7,New Zealand,KS Williamson,JEC Franklin,M de Lange,1,0,"",""
ball,1,22.1,New Zealand,KS Williamson,JEC Franklin,RJ Peterson,0,0,"",""
ball,1,22.2,New Zealand,KS Williamson,JEC Franklin,RJ Peterson,0,0,"",""
ball,1,22.3,New Zealand,KS Williamson,JEC Franklin,RJ Peterson,1,0,"",""
ball,1,22.4,New Zealand,JEC Franklin,KS Williamson,RJ Peterson,0,0,"",""
ball,1,22.5,New Zealand,JEC Franklin,KS Williamson,RJ Peterson,2,0,"",""
ball,1,22.6,New Zealand,JEC Franklin,KS Williamson,RJ Peterson,0,0,"",""
ball,1,23.1,New Zealand,KS Williamson,JEC Franklin,M de Lange,1,0,"",""
ball,1,23.2,New Zealand,JEC Franklin,KS Williamson,M de Lange,1,0,"",""
ball,1,23.3,New Zealand,KS Williamson,JEC Franklin,M de Lange,0,0,"",""
ball,1,23.4,New Zealand,KS Williamson,JEC Franklin,M de Lange,0,0,"",""
ball,1,23.5,New Zealand,KS Williamson,JEC Franklin,M de Lange,0,0,"",""
ball,1,23.6,New Zealand,KS Williamson,JEC Franklin,M de Lange,0,0,"",""
ball,1,24.1,New Zealand,JEC Franklin,KS Williamson,RJ Peterson,0,0,"",""
ball,1,24.2,New Zealand,JEC Franklin,KS Williamson,RJ Peterson,1,0,"",""
ball,1,24.3,New Zealand,KS Williamson,JEC Franklin,RJ Peterson,1,0,"",""
ball,1,24.4,New Zealand,JEC Franklin,KS Williamson,RJ Peterson,0,0,"",""
ball,1,24.5,New Zealand,JEC Franklin,KS Williamson,RJ Peterson,1,0,"",""
ball,1,24.6,New Zealand,KS Williamson,JEC Franklin,RJ Peterson,0,0,"",""
ball,1,25.1,New Zealand,JEC Franklin,KS Williamson,J Botha,0,0,"",""
ball,1,25.2,New Zealand,JEC Franklin,KS Williamson,J Botha,0,0,"",""
ball,1,25.3,New Zealand,JEC Franklin,KS Williamson,J Botha,1,0,"",""
ball,1,25.4,New Zealand,KS Williamson,JEC Franklin,J Botha,1,0,"",""
ball,1,25.5,New Zealand,JEC Franklin,KS Williamson,J Botha,0,0,"",""
ball,1,25.6,New Zealand,JEC Franklin,KS Williamson,J Botha,0,0,"",""
ball,1,26.1,New Zealand,KS Williamson,JEC Franklin,WD Parnell,0,0,"",""
ball,1,26.2,New Zealand,KS Williamson,JEC Franklin,WD Parnell,0,0,"",""
ball,1,26.3,New Zealand,KS Williamson,JEC Franklin,WD Parnell,0,0,"",""
ball,1,26.4,New Zealand,KS Williamson,JEC Franklin,WD Parnell,2,0,"",""
ball,1,26.5,New Zealand,KS Williamson,JEC Franklin,WD Parnell,1,0,"",""
ball,1,26.6,New Zealand,JEC Franklin,KS Williamson,WD Parnell,0,0,"",""
ball,1,27.1,New Zealand,KS Williamson,JEC Franklin,J Botha,1,0,"",""
ball,1,27.2,New Zealand,JEC Franklin,KS Williamson,J Botha,1,0,"",""
ball,1,27.3,New Zealand,KS Williamson,JEC Franklin,J Botha,0,0,"",""
ball,1,27.4,New Zealand,KS Williamson,JEC Franklin,J Botha,1,0,"",""
ball,1,27.5,New Zealand,JEC Franklin,KS Williamson,J Botha,0,0,"",""
ball,1,27.6,New Zealand,JEC Franklin,KS Williamson,J Botha,1,0,"",""
ball,1,28.1,New Zealand,JEC Franklin,KS Williamson,WD Parnell,1,0,"",""
ball,1,28.2,New Zealand,KS Williamson,JEC Franklin,WD Parnell,1,0,"",""
ball,1,28.3,New Zealand,JEC Franklin,KS Williamson,WD Parnell,1,0,"",""
ball,1,28.4,New Zealand,KS Williamson,JEC Franklin,WD Parnell,1,0,"",""
ball,1,28.5,New Zealand,JEC Franklin,KS Williamson,WD Parnell,0,0,"",""
ball,1,28.6,New Zealand,JEC Franklin,KS Williamson,WD Parnell,0,0,"",""
ball,1,29.1,New Zealand,KS Williamson,JEC Franklin,J Botha,0,0,"",""
ball,1,29.2,New Zealand,KS Williamson,JEC Franklin,J Botha,1,0,"",""
ball,1,29.3,New Zealand,JEC Franklin,KS Williamson,J Botha,0,0,"",""
ball,1,29.4,New Zealand,JEC Franklin,KS Williamson,J Botha,4,0,"",""
ball,1,29.5,New Zealand,JEC Franklin,KS Williamson,J Botha,0,0,run out,KS Williamson
ball,1,29.6,New Zealand,C de Grandhomme,JEC Franklin,J Botha,0,1,"",""
ball,1,29.7,New Zealand,C de Grandhomme,JEC Franklin,J Botha,0,0,"",""
ball,1,30.1,New Zealand,JEC Franklin,C de Grandhomme,WD Parnell,0,0,"",""
ball,1,30.2,New Zealand,JEC Franklin,C de Grandhomme,WD Parnell,1,0,"",""
ball,1,30.3,New Zealand,C de Grandhomme,JEC Franklin,WD Parnell,0,1,"",""
ball,1,30.4,New Zealand,C de Grandhomme,JEC Franklin,WD Parnell,6,0,"",""
ball,1,30.5,New Zealand,C de Grandhomme,JEC Franklin,WD Parnell,0,0,"",""
ball,1,30.6,New Zealand,C de Grandhomme,JEC Franklin,WD Parnell,0,0,"",""
ball,1,30.7,New Zealand,C de Grandhomme,JEC Franklin,WD Parnell,1,0,"",""
ball,1,31.1,New Zealand,C de Grandhomme,JEC Franklin,J Botha,0,1,"",""
ball,1,31.2,New Zealand,C de Grandhomme,JEC Franklin,J Botha,1,0,"",""
ball,1,31.3,New Zealand,JEC Franklin,C de Grandhomme,J Botha,1,0,"",""
ball,1,31.4,New Zealand,C de Grandhomme,JEC Franklin,J Botha,0,0,"",""
ball,1,31.5,New Zealand,C de Grandhomme,JEC Franklin,J Botha,1,0,"",""
ball,1,31.6,New Zealand,JEC Franklin,C de Grandhomme,J Botha,0,0,"",""
ball,1,31.7,New Zealand,JEC Franklin,C de Grandhomme,J Botha,1,0,"",""
ball,1,32.1,New Zealand,JEC Franklin,C de Grandhomme,JP Duminy,1,0,"",""
ball,1,32.2,New Zealand,C de Grandhomme,JEC Franklin,JP Duminy,1,0,"",""
ball,1,32.3,New Zealand,JEC Franklin,C de Grandhomme,JP Duminy,1,0,"",""
ball,1,32.4,New Zealand,C de Grandhomme,JEC Franklin,JP Duminy,1,0,"",""
ball,1,32.5,New Zealand,JEC Franklin,C de Grandhomme,JP Duminy,1,0,"",""
ball,1,32.6,New Zealand,C de Grandhomme,JEC Franklin,JP Duminy,6,0,"",""
ball,1,33.1,New Zealand,JEC Franklin,C de Grandhomme,J Botha,1,0,"",""
ball,1,33.2,New Zealand,C de Grandhomme,JEC Franklin,J Botha,4,0,"",""
ball,1,33.3,New Zealand,C de Grandhomme,JEC Franklin,J Botha,0,0,"",""
ball,1,33.4,New Zealand,C de Grandhomme,JEC Franklin,J Botha,0,0,"",""
ball,1,33.5,New Zealand,C de Grandhomme,JEC Franklin,J Botha,1,0,"",""
ball,1,33.6,New Zealand,JEC Franklin,C de Grandhomme,J Botha,0,0,"",""
ball,1,34.1,New Zealand,C de Grandhomme,JEC Franklin,LL Tsotsobe,1,0,"",""
ball,1,34.2,New Zealand,JEC Franklin,C de Grandhomme,LL Tsotsobe,0,0,"",""
ball,1,34.3,New Zealand,JEC Franklin,C de Grandhomme,LL Tsotsobe,1,0,"",""
ball,1,34.4,New Zealand,C de Grandhomme,JEC Franklin,LL Tsotsobe,0,0,"",""
ball,1,34.5,New Zealand,C de Grandhomme,JEC Franklin,LL Tsotsobe,1,0,"",""
ball,1,34.6,New Zealand,JEC Franklin,C de Grandhomme,LL Tsotsobe,0,0,"",""
ball,1,35.1,New Zealand,C de Grandhomme,JEC Franklin,DW Steyn,0,0,"",""
ball,1,35.2,New Zealand,C de Grandhomme,JEC Franklin,DW Steyn,2,0,"",""
ball,1,35.3,New Zealand,C de Grandhomme,JEC Franklin,DW Steyn,1,0,"",""
ball,1,35.4,New Zealand,JEC Franklin,C de Grandhomme,DW Steyn,1,0,"",""
ball,1,35.5,New Zealand,C de Grandhomme,JEC Franklin,DW Steyn,2,0,"",""
ball,1,35.6,New Zealand,C de Grandhomme,JEC Franklin,DW Steyn,0,0,"",""
ball,1,36.1,New Zealand,JEC Franklin,C de Grandhomme,LL Tsotsobe,0,0,"",""
ball,1,36.2,New Zealand,JEC Franklin,C de Grandhomme,LL Tsotsobe,1,0,"",""
ball,1,36.3,New Zealand,C de Grandhomme,JEC Franklin,LL Tsotsobe,0,0,"",""
ball,1,36.4,New Zealand,C de Grandhomme,JEC Franklin,LL Tsotsobe,0,0,"",""
ball,1,36.5,New Zealand,C de Grandhomme,JEC Franklin,LL Tsotsobe,1,0,"",""
ball,1,36.6,New Zealand,JEC Franklin,C de Grandhomme,LL Tsotsobe,4,0,"",""
ball,1,37.1,New Zealand,C de Grandhomme,JEC Franklin,DW Steyn,0,0,"",""
ball,1,37.2,New Zealand,C de Grandhomme,JEC Franklin,DW Steyn,0,0,"",""
ball,1,37.3,New Zealand,C de Grandhomme,JEC Franklin,DW Steyn,0,0,"",""
ball,1,37.4,New Zealand,C de Grandhomme,JEC Franklin,DW Steyn,0,0,"",""
ball,1,37.5,New Zealand,C de Grandhomme,JEC Franklin,DW Steyn,0,0,"",""
ball,1,37.6,New Zealand,C de Grandhomme,JEC Franklin,DW Steyn,0,0,"",""
ball,1,38.1,New Zealand,JEC Franklin,C de Grandhomme,LL Tsotsobe,1,0,"",""
ball,1,38.2,New Zealand,C de Grandhomme,JEC Franklin,LL Tsotsobe,0,1,"",""
ball,1,38.3,New Zealand,C de Grandhomme,JEC Franklin,LL Tsotsobe,6,0,"",""
ball,1,38.4,New Zealand,C de Grandhomme,JEC Franklin,LL Tsotsobe,0,0,"",""
ball,1,38.5,New Zealand,C de Grandhomme,JEC Franklin,LL Tsotsobe,0,0,run out,C de Grandhomme
ball,1,38.6,New Zealand,JEC Franklin,NL McCullum,LL Tsotsobe,0,0,"",""
ball,1,38.7,New Zealand,JEC Franklin,NL McCullum,LL Tsotsobe,1,0,"",""
ball,1,39.1,New Zealand,JEC Franklin,NL McCullum,M de Lange,4,0,"",""
ball,1,39.2,New Zealand,JEC Franklin,NL McCullum,M de Lange,0,0,"",""
ball,1,39.3,New Zealand,JEC Franklin,NL McCullum,M de Lange,1,0,"",""
ball,1,39.4,New Zealand,NL McCullum,JEC Franklin,M de Lange,0,0,"",""
ball,1,39.5,New Zealand,NL McCullum,JEC Franklin,M de Lange,0,0,"",""
ball,1,39.6,New Zealand,NL McCullum,JEC Franklin,M de Lange,0,0,"",""
ball,1,40.1,New Zealand,JEC Franklin,NL McCullum,WD Parnell,0,0,"",""
ball,1,40.2,New Zealand,JEC Franklin,NL McCullum,WD Parnell,0,0,"",""
ball,1,40.3,New Zealand,JEC Franklin,NL McCullum,WD Parnell,1,0,"",""
ball,1,40.4,New Zealand,NL McCullum,JEC Franklin,WD Parnell,0,0,"",""
ball,1,40.5,New Zealand,NL McCullum,JEC Franklin,WD Parnell,1,0,"",""
ball,1,40.6,New Zealand,JEC Franklin,NL McCullum,WD Parnell,0,0,"",""
ball,1,41.1,New Zealand,NL McCullum,JEC Franklin,M de Lange,0,0,"",""
ball,1,41.2,New Zealand,NL McCullum,JEC Franklin,M de Lange,1,0,"",""
ball,1,41.3,New Zealand,JEC Franklin,NL McCullum,M de Lange,0,0,caught,JEC Franklin
ball,1,41.4,New Zealand,AM Ellis,NL McCullum,M de Lange,2,0,"",""
ball,1,41.5,New Zealand,AM Ellis,NL McCullum,M de Lange,0,0,caught,AM Ellis
ball,1,41.6,New Zealand,KD Mills,NL McCullum,M de Lange,0,0,"",""
ball,1,42.1,New Zealand,NL McCullum,KD Mills,RJ Peterson,0,0,"",""
ball,1,42.2,New Zealand,NL McCullum,KD Mills,RJ Peterson,1,0,"",""
ball,1,42.3,New Zealand,KD Mills,NL McCullum,RJ Peterson,0,5,"",""
ball,1,42.4,New Zealand,KD Mills,NL McCullum,RJ Peterson,0,0,"",""
ball,1,42.5,New Zealand,KD Mills,NL McCullum,RJ Peterson,0,0,"",""
ball,1,42.6,New Zealand,KD Mills,NL McCullum,RJ Peterson,0,0,"",""
ball,1,42.7,New Zealand,KD Mills,NL McCullum,RJ Peterson,0,0,"",""
ball,1,43.1,New Zealand,NL McCullum,KD Mills,M de Lange,0,0,"",""
ball,1,43.2,New Zealand,NL McCullum,KD Mills,M de Lange,6,0,"",""
ball,1,43.3,New Zealand,NL McCullum,KD Mills,M de Lange,1,0,"",""
ball,1,43.4,New Zealand,KD Mills,NL McCullum,M de Lange,5,0,"",""
ball,1,43.5,New Zealand,NL McCullum,KD Mills,M de Lange,0,0,caught,NL McCullum
ball,1,43.6,New Zealand,MD Bates,KD Mills,M de Lange,4,0,"",""
ball,1,44.1,New Zealand,KD Mills,MD Bates,RJ Peterson,0,0,"",""
ball,1,44.2,New Zealand,KD Mills,MD Bates,RJ Peterson,0,2,"",""
ball,1,44.3,New Zealand,KD Mills,MD Bates,RJ Peterson,0,0,lbw,KD Mills
ball,1,44.4,New Zealand,AJ McKay,MD Bates,RJ Peterson,0,0,"",""
ball,1,44.5,New Zealand,AJ McKay,MD Bates,RJ Peterson,0,0,"",""
ball,1,44.6,New Zealand,AJ McKay,MD Bates,RJ Peterson,0,0,"",""
ball,1,45.1,New Zealand,MD Bates,AJ McKay,M de Lange,0,0,"",""
ball,1,45.2,New Zealand,MD Bates,AJ McKay,M de Lange,0,0,"",""
ball,1,45.3,New Zealand,MD Bates,AJ McKay,M de Lange,0,0,"",""
ball,1,45.4,New Zealand,MD Bates,AJ McKay,M de Lange,3,0,"",""
ball,1,45.5,New Zealand,AJ McKay,MD Bates,M de Lange,0,0,"",""
ball,1,45.6,New Zealand,AJ McKay,MD Bates,M de Lange,1,0,"",""
ball,1,46.1,New Zealand,AJ McKay,MD Bates,RJ Peterson,1,0,"",""
ball,1,46.2,New Zealand,MD Bates,AJ McKay,RJ Peterson,0,0,"",""
ball,1,46.3,New Zealand,MD Bates,AJ McKay,RJ Peterson,0,0,"",""
ball,1,46.4,New Zealand,MD Bates,AJ McKay,RJ Peterson,0,0,"",""
ball,1,46.5,New Zealand,MD Bates,AJ McKay,RJ Peterson,6,0,"",""
ball,1,46.6,New Zealand,MD Bates,AJ McKay,RJ Peterson,0,0,lbw,MD Bates
ball,2,0.1,South Africa,HM Amla,WD Parnell,KD Mills,0,0,"",""
ball,2,0.2,South Africa,HM Amla,WD Parnell,KD Mills,2,0,"",""
ball,2,0.3,South Africa,HM Amla,WD Parnell,KD Mills,0,0,"",""
ball,2,0.4,South Africa,HM Amla,WD Parnell,KD Mills,2,0,"",""
ball,2,0.5,South Africa,HM Amla,WD Parnell,KD Mills,0,0,"",""
ball,2,0.6,South Africa,HM Amla,WD Parnell,KD Mills,0,0,"",""
ball,2,1.1,South Africa,WD Parnell,HM Amla,MD Bates,0,0,"",""
ball,2,1.2,South Africa,WD Parnell,HM Amla,MD Bates,0,0,"",""
ball,2,1.3,South Africa,WD Parnell,HM Amla,MD Bates,0,0,"",""
ball,2,1.4,South Africa,WD Parnell,HM Amla,MD Bates,0,1,"",""
ball,2,1.5,South Africa,HM Amla,WD Parnell,MD Bates,0,0,"",""
ball,2,1.6,South Africa,HM Amla,WD Parnell,MD Bates,2,0,"",""
ball,2,2.1,South Africa,WD Parnell,HM Amla,KD Mills,1,0,"",""
ball,2,2.2,South Africa,HM Amla,WD Parnell,KD Mills,0,0,"",""
ball,2,2.3,South Africa,HM Amla,WD Parnell,KD Mills,0,0,"",""
ball,2,2.4,South Africa,HM Amla,WD Parnell,KD Mills,0,0,"",""
ball,2,2.5,South Africa,HM Amla,WD Parnell,KD Mills,0,1,"",""
ball,2,2.6,South Africa,HM Amla,WD Parnell,KD Mills,4,0,"",""
ball,2,2.7,South Africa,HM Amla,WD Parnell,KD Mills,0,0,"",""
ball,2,3.1,South Africa,WD Parnell,HM Amla,MD Bates,0,0,"",""
ball,2,3.2,South Africa,WD Parnell,HM Amla,MD Bates,0,0,"",""
ball,2,3.3,South Africa,WD Parnell,HM Amla,MD Bates,1,0,"",""
ball,2,3.4,South Africa,HM Amla,WD Parnell,MD Bates,0,0,"",""
ball,2,3.5,South Africa,HM Amla,WD Parnell,MD Bates,0,0,"",""
ball,2,3.6,South Africa,HM Amla,WD Parnell,MD Bates,4,0,"",""
ball,2,4.1,South Africa,WD Parnell,HM Amla,NL McCullum,0,0,"",""
ball,2,4.2,South Africa,WD Parnell,HM Amla,NL McCullum,1,0,"",""
ball,2,4.3,South Africa,HM Amla,WD Parnell,NL McCullum,1,0,"",""
ball,2,4.4,South Africa,WD Parnell,HM Amla,NL McCullum,1,0,"",""
ball,2,4.5,South Africa,HM Amla,WD Parnell,NL McCullum,1,0,"",""
ball,2,4.6,South Africa,WD Parnell,HM Amla,NL McCullum,0,0,"",""
ball,2,5.1,South Africa,HM Amla,WD Parnell,MD Bates,0,0,"",""
ball,2,5.2,South Africa,HM Amla,WD Parnell,MD Bates,1,0,"",""
ball,2,5.3,South Africa,WD Parnell,HM Amla,MD Bates,0,0,"",""
ball,2,5.4,South Africa,WD Parnell,HM Amla,MD Bates,0,0,"",""
ball,2,5.5,South Africa,WD Parnell,HM Amla,MD Bates,1,0,"",""
ball,2,5.6,South Africa,HM Amla,WD Parnell,MD Bates,2,0,"",""
ball,2,6.1,South Africa,WD Parnell,HM Amla,AJ McKay,4,0,"",""
ball,2,6.2,South Africa,WD Parnell,HM Amla,AJ McKay,0,0,"",""
ball,2,6.3,South Africa,WD Parnell,HM Amla,AJ McKay,1,0,"",""
ball,2,6.4,South Africa,HM Amla,WD Parnell,AJ McKay,0,0,"",""
ball,2,6.5,South Africa,HM Amla,WD Parnell,AJ McKay,1,0,"",""
ball,2,6.6,South Africa,WD Parnell,HM Amla,AJ McKay,0,0,"",""
ball,2,7.1,South Africa,HM Amla,WD Parnell,MD Bates,0,0,"",""
ball,2,7.2,South Africa,HM Amla,WD Parnell,MD Bates,4,0,"",""
ball,2,7.3,South Africa,HM Amla,WD Parnell,MD Bates,0,0,"",""
ball,2,7.4,South Africa,HM Amla,WD Parnell,MD Bates,4,0,"",""
ball,2,7.5,South Africa,HM Amla,WD Parnell,MD Bates,0,0,"",""
ball,2,7.6,South Africa,HM Amla,WD Parnell,MD Bates,1,0,"",""
ball,2,8.1,South Africa,HM Amla,WD Parnell,AJ McKay,1,0,"",""
ball,2,8.2,South Africa,WD Parnell,HM Amla,AJ McKay,4,0,"",""
ball,2,8.3,South Africa,WD Parnell,HM Amla,AJ McKay,0,0,"",""
ball,2,8.4,South Africa,WD Parnell,HM Amla,AJ McKay,0,0,"",""
ball,2,8.5,South Africa,WD Parnell,HM Amla,AJ McKay,4,0,"",""
ball,2,8.6,South Africa,WD Parnell,HM Amla,AJ McKay,1,0,"",""
ball,2,9.1,South Africa,WD Parnell,HM Amla,KD Mills,1,0,"",""
ball,2,9.2,South Africa,HM Amla,WD Parnell,KD Mills,2,0,"",""
ball,2,9.3,South Africa,HM Amla,WD Parnell,KD Mills,1,0,"",""
ball,2,9.4,South Africa,WD Parnell,HM Amla,KD Mills,0,0,"",""
ball,2,9.5,South Africa,WD Parnell,HM Amla,KD Mills,1,0,"",""
ball,2,9.6,South Africa,HM Amla,WD Parnell,KD Mills,1,0,"",""
ball,2,10.1,South Africa,HM Amla,WD Parnell,NL McCullum,1,0,"",""
ball,2,10.2,South Africa,WD Parnell,HM Amla,NL McCullum,0,0,"",""
ball,2,10.3,South Africa,WD Parnell,HM Amla,NL McCullum,1,0,"",""
ball,2,10.4,South Africa,HM Amla,WD Parnell,NL McCullum,0,0,"",""
ball,2,10.5,South Africa,HM Amla,WD Parnell,NL McCullum,4,0,"",""
ball,2,10.6,South Africa,HM Amla,WD Parnell,NL McCullum,1,0,"",""
ball,2,11.1,South Africa,HM Amla,WD Parnell,KD Mills,1,0,"",""
ball,2,11.2,South Africa,WD Parnell,HM Amla,KD Mills,0,0,"",""
ball,2,11.3,South Africa,WD Parnell,HM Amla,KD Mills,1,0,"",""
ball,2,11.4,South Africa,HM Amla,WD Parnell,KD Mills,0,0,"",""
ball,2,11.5,South Africa,HM Amla,WD Parnell,KD Mills,1,0,"",""
ball,2,11.6,South Africa,WD Parnell,HM Amla,KD Mills,0,0,"",""
ball,2,12.1,South Africa,HM Amla,WD Parnell,NL McCullum,0,0,"",""
ball,2,12.2,South Africa,HM Amla,WD Parnell,NL McCullum,1,0,"",""
ball,2,12.3,South Africa,WD Parnell,HM Amla,NL McCullum,0,0,"",""
ball,2,12.4,South Africa,WD Parnell,HM Amla,NL McCullum,0,0,"",""
ball,2,12.5,South Africa,WD Parnell,HM Amla,NL McCullum,1,0,"",""
ball,2,12.6,South Africa,HM Amla,WD Parnell,NL McCullum,1,0,"",""
ball,2,13.1,South Africa,HM Amla,WD Parnell,KD Mills,1,0,"",""
ball,2,13.2,South Africa,WD Parnell,HM Amla,KD Mills,0,1,"",""
ball,2,13.3,South Africa,WD Parnell,HM Amla,KD Mills,1,0,"",""
ball,2,13.4,South Africa,HM Amla,WD Parnell,KD Mills,0,0,"",""
ball,2,13.5,South Africa,HM Amla,WD Parnell,KD Mills,0,0,"",""
ball,2,13.6,South Africa,HM Amla,WD Parnell,KD Mills,0,0,"",""
ball,2,13.7,South Africa,HM Amla,WD Parnell,KD Mills,1,0,"",""
ball,2,14.1,South Africa,HM Amla,WD Parnell,NL McCullum,2,0,"",""
ball,2,14.2,South Africa,HM Amla,WD Parnell,NL McCullum,1,0,"",""
ball,2,14.3,South Africa,WD Parnell,HM Amla,NL McCullum,0,0,"",""
ball,2,14.4,South Africa,WD Parnell,HM Amla,NL McCullum,2,0,"",""
ball,2,14.5,South Africa,WD Parnell,HM Amla,NL McCullum,0,0,"",""
ball,2,14.6,South Africa,WD Parnell,HM Amla,NL McCullum,0,0,"",""
ball,2,15.1,South Africa,HM Amla,WD Parnell,AM Ellis,0,0,"",""
ball,2,15.2,South Africa,HM Amla,WD Parnell,AM Ellis,1,0,"",""
ball,2,15.3,South Africa,WD Parnell,HM Amla,AM Ellis,0,0,bowled,WD Parnell
ball,2,15.4,South Africa,JA Morkel,HM Amla,AM Ellis,0,0,"",""
ball,2,15.5,South Africa,JA Morkel,HM Amla,AM Ellis,0,0,"",""
ball,2,15.6,South Africa,JA Morkel,HM Amla,AM Ellis,0,0,"",""
ball,2,16.1,South Africa,HM Amla,JA Morkel,AJ McKay,0,0,"",""
ball,2,16.2,South Africa,HM Amla,JA Morkel,AJ McKay,1,0,"",""
ball,2,16.3,South Africa,JA Morkel,HM Amla,AJ McKay,0,0,"",""
ball,2,16.4,South Africa,JA Morkel,HM Amla,AJ McKay,0,0,"",""
ball,2,16.5,South Africa,JA Morkel,HM Amla,AJ McKay,1,0,"",""
ball,2,16.6,South Africa,HM Amla,JA Morkel,AJ McKay,1,0,"",""
ball,2,17.1,South Africa,HM Amla,JA Morkel,AM Ellis,0,0,"",""
ball,2,17.2,South Africa,HM Amla,JA Morkel,AM Ellis,1,0,"",""
ball,2,17.3,South Africa,JA Morkel,HM Amla,AM Ellis,0,0,"",""
ball,2,17.4,South Africa,JA Morkel,HM Amla,AM Ellis,0,0,"",""
ball,2,17.5,South Africa,JA Morkel,HM Amla,AM Ellis,1,0,"",""
ball,2,17.6,South Africa,HM Amla,JA Morkel,AM Ellis,0,0,"",""
ball,2,18.1,South Africa,JA Morkel,HM Amla,AJ McKay,0,0,"",""
ball,2,18.2,South Africa,JA Morkel,HM Amla,AJ McKay,0,0,"",""
ball,2,18.3,South Africa,JA Morkel,HM Amla,AJ McKay,0,0,"",""
ball,2,18.4,South Africa,JA Morkel,HM Amla,AJ McKay,1,0,"",""
ball,2,18.5,South Africa,HM Amla,JA Morkel,AJ McKay,1,0,"",""
ball,2,18.6,South Africa,JA Morkel,HM Amla,AJ McKay,0,0,"",""
ball,2,19.1,South Africa,HM Amla,JA Morkel,AM Ellis,1,0,"",""
ball,2,19.2,South Africa,JA Morkel,HM Amla,AM Ellis,1,0,"",""
ball,2,19.3,South Africa,HM Amla,JA Morkel,AM Ellis,4,0,"",""
ball,2,19.4,South Africa,HM Amla,JA Morkel,AM Ellis,0,0,"",""
ball,2,19.5,South Africa,HM Amla,JA Morkel,AM Ellis,1,0,"",""
ball,2,19.6,South Africa,JA Morkel,HM Amla,AM Ellis,0,0,"",""
ball,2,20.1,South Africa,HM Amla,JA Morkel,AJ McKay,0,0,"",""
ball,2,20.2,South Africa,HM Amla,JA Morkel,AJ McKay,0,0,"",""
ball,2,20.3,South Africa,HM Amla,JA Morkel,AJ McKay,1,0,"",""
ball,2,20.4,South Africa,JA Morkel,HM Amla,AJ McKay,4,0,"",""
ball,2,20.5,South Africa,JA Morkel,HM Amla,AJ McKay,0,0,"",""
ball,2,20.6,South Africa,JA Morkel,HM Amla,AJ McKay,0,0,"",""
ball,2,21.1,South Africa,HM Amla,JA Morkel,AM Ellis,0,0,"",""
ball,2,21.2,South Africa,HM Amla,JA Morkel,AM Ellis,1,0,"",""
ball,2,21.3,South Africa,JA Morkel,HM Amla,AM Ellis,0,0,"",""
ball,2,21.4,South Africa,JA Morkel,HM Amla,AM Ellis,6,0,"",""
ball,2,21.5,South Africa,JA Morkel,HM Amla,AM Ellis,0,0,"",""
ball,2,21.6,South Africa,JA Morkel,HM Amla,AM Ellis,6,0,"",""
ball,2,22.1,South Africa,HM Amla,JA Morkel,RJ Nicol,1,0,"",""
ball,2,22.2,South Africa,JA Morkel,HM Amla,RJ Nicol,0,0,"",""
ball,2,22.3,South Africa,JA Morkel,HM Amla,RJ Nicol,1,0,"",""
ball,2,22.4,South Africa,HM Amla,JA Morkel,RJ Nicol,1,0,"",""
ball,2,22.5,South Africa,JA Morkel,HM Amla,RJ Nicol,0,0,"",""
ball,2,22.6,South Africa,JA Morkel,HM Amla,RJ Nicol,0,0,"",""
ball,2,23.1,South Africa,HM Amla,JA Morkel,C de Grandhomme,1,0,"",""
ball,2,23.2,South Africa,JA Morkel,HM Amla,C de Grandhomme,1,0,"",""
ball,2,23.3,South Africa,HM Amla,JA Morkel,C de Grandhomme,0,1,"",""
ball,2,23.4,South Africa,HM Amla,JA Morkel,C de Grandhomme,1,0,"",""
ball,2,23.5,South Africa,JA Morkel,HM Amla,C de Grandhomme,1,0,"",""
ball,2,23.6,South Africa,HM Amla,JA Morkel,C de Grandhomme,0,1,"",""
ball,2,23.7,South Africa,JA Morkel,HM Amla,C de Grandhomme,4,0,"",""
ball,2,24.1,South Africa,HM Amla,JA Morkel,NL McCullum,0,0,"",""
ball,2,24.2,South Africa,HM Amla,JA Morkel,NL McCullum,0,0,"",""
ball,2,24.3,South Africa,HM Amla,JA Morkel,NL McCullum,0,0,"",""
ball,2,24.4,South Africa,HM Amla,JA Morkel,NL McCullum,1,0,"",""
ball,2,24.5,South Africa,JA Morkel,HM Amla,NL McCullum,0,0,"",""
ball,2,24.6,South Africa,JA Morkel,HM Amla,NL McCullum,0,0,"",""
ball,2,25.1,South Africa,HM Amla,JA Morkel,KD Mills,2,0,"",""
ball,2,25.2,South Africa,HM Amla,JA Morkel,KD Mills,0,0,"",""
ball,2,25.3,South Africa,HM Amla,JA Morkel,KD Mills,4,0,"",""
ball,2,25.4,South Africa,HM Amla,JA Morkel,KD Mills,0,0,"",""
ball,2,25.5,South Africa,HM Amla,JA Morkel,KD Mills,1,0,"",""
ball,2,25.6,South Africa,JA Morkel,HM Amla,KD Mills,2,0,"",""
ball,2,26.1,South Africa,HM Amla,JA Morkel,NL McCullum,1,0,"",""
ball,2,26.2,South Africa,JA Morkel,HM Amla,NL McCullum,0,0,"",""
ball,2,26.3,South Africa,JA Morkel,HM Amla,NL McCullum,0,0,"",""
ball,2,26.4,South Africa,JA Morkel,HM Amla,NL McCullum,1,0,"",""
ball,2,26.5,South Africa,HM Amla,JA Morkel,NL McCullum,1,0,"",""
ball,2,26.6,South Africa,JA Morkel,HM Amla,NL McCullum,0,0,"",""
ball,2,27.1,South Africa,HM Amla,JA Morkel,KD Mills,0,0,"",""
ball,2,27.2,South Africa,HM Amla,JA Morkel,KD Mills,0,0,"",""
ball,2,27.3,South Africa,HM Amla,JA Morkel,KD Mills,0,0,"",""
ball,2,27.4,South Africa,HM Amla,JA Morkel,KD Mills,0,0,caught,HM Amla
ball,2,27.5,South Africa,JA Morkel,F du Plessis,KD Mills,0,0,"",""
ball,2,27.6,South Africa,JA Morkel,F du Plessis,KD Mills,0,0,"",""
ball,2,28.1,South Africa,F du Plessis,JA Morkel,KS Williamson,1,0,"",""
ball,2,28.2,South Africa,JA Morkel,F du Plessis,KS Williamson,0,0,"",""
ball,2,28.3,South Africa,JA Morkel,F du Plessis,KS Williamson,1,0,"",""
ball,2,28.4,South Africa,F du Plessis,JA Morkel,KS Williamson,1,0,"",""
ball,2,28.5,South Africa,JA Morkel,F du Plessis,KS Williamson,0,0,"",""
ball,2,28.6,South Africa,JA Morkel,F du Plessis,KS Williamson,1,0,"",""
ball,2,29.1,South Africa,JA Morkel,F du Plessis,KD Mills,6,0,"",""
ball,2,29.2,South Africa,JA Morkel,F du Plessis,KD Mills,0,0,"",""
ball,2,29.3,South Africa,JA Morkel,F du Plessis,KD Mills,0,0,"",""
ball,2,29.4,South Africa,JA Morkel,F du Plessis,KD Mills,1,0,"",""
ball,2,29.5,South Africa,F du Plessis,JA Morkel,KD Mills,1,0,"",""
ball,2,29.6,South Africa,JA Morkel,F du Plessis,KD Mills,1,0,"",""
ball,2,30.1,South Africa,JA Morkel,F du Plessis,AJ McKay,0,1,"",""
ball,2,30.2,South Africa,JA Morkel,F du Plessis,AJ McKay,1,0,"",""
ball,2,30.3,South Africa,F du Plessis,JA Morkel,AJ McKay,0,0,"",""
ball,2,30.4,South Africa,F du Plessis,JA Morkel,AJ McKay,0,0,"",""
ball,2,30.5,South Africa,F du Plessis,JA Morkel,AJ McKay,0,0,"",""
ball,2,30.6,South Africa,F du Plessis,JA Morkel,AJ McKay,1,0,"",""
ball,2,30.7,South Africa,JA Morkel,F du Plessis,AJ McKay,0,0,"",""
ball,2,31.1,South Africa,F du Plessis,JA Morkel,MD Bates,1,0,"",""
ball,2,31.2,South Africa,JA Morkel,F du Plessis,MD Bates,0,0,caught,JA Morkel
ball,2,31.3,South Africa,JP Duminy,F du Plessis,MD Bates,0,0,"",""
ball,2,31.4,South Africa,JP Duminy,F du Plessis,MD Bates,0,0,"",""
ball,2,31.5,South Africa,JP Duminy,F du Plessis,MD Bates,0,0,"",""
ball,2,31.6,South Africa,JP Duminy,F du Plessis,MD Bates,0,0,"",""
ball,2,32.1,South Africa,F du Plessis,JP Duminy,NL McCullum,0,0,"",""
ball,2,32.2,South Africa,F du Plessis,JP Duminy,NL McCullum,0,0,"",""
ball,2,32.3,South Africa,F du Plessis,JP Duminy,NL McCullum,1,0,"",""
ball,2,32.4,South Africa,JP Duminy,F du Plessis,NL McCullum,0,0,"",""
ball,2,32.5,South Africa,JP Duminy,F du Plessis,NL McCullum,0,0,"",""
ball,2,32.6,South Africa,JP Duminy,F du Plessis,NL McCullum,0,0,"",""
ball,2,33.1,South Africa,F du Plessis,JP Duminy,MD Bates,1,0,"",""
ball,2,33.2,South Africa,JP Duminy,F du Plessis,MD Bates,4,0,"",""
ball,2,33.3,South Africa,JP Duminy,F du Plessis,MD Bates,0,0,"",""
ball,2,33.4,South Africa,JP Duminy,F du Plessis,MD Bates,0,0,"",""
ball,2,33.5,South Africa,JP Duminy,F du Plessis,MD Bates,1,0,"",""
ball,2,33.6,South Africa,F du Plessis,JP Duminy,MD Bates,1,0,"",""
ball,2,34.1,South Africa,F du Plessis,JP Duminy,NL McCullum,0,0,"",""
ball,2,34.2,South Africa,F du Plessis,JP Duminy,NL McCullum,1,0,"",""
ball,2,34.3,South Africa,JP Duminy,F du Plessis,NL McCullum,1,0,"",""
ball,2,34.4,South Africa,F du Plessis,JP Duminy,NL McCullum,1,0,"",""
ball,2,34.5,South Africa,JP Duminy,F du Plessis,NL McCullum,0,0,"",""
ball,2,34.6,South Africa,JP Duminy,F du Plessis,NL McCullum,0,0,"",""
ball,2,35.1,South Africa,F du Plessis,JP Duminy,AM Ellis,0,0,"",""
ball,2,35.2,South Africa,F du Plessis,JP Duminy,AM Ellis,0,0,"",""
ball,2,35.3,South Africa,F du Plessis,JP Duminy,AM Ellis,1,0,"",""
ball,2,35.4,South Africa,JP Duminy,F du Plessis,AM Ellis,0,0,"",""
ball,2,35.5,South Africa,JP Duminy,F du Plessis,AM Ellis,0,0,"",""
ball,2,35.6,South Africa,JP Duminy,F du Plessis,AM Ellis,4,0,"",""
ball,2,36.1,South Africa,F du Plessis,JP Duminy,NL McCullum,1,0,"",""
ball,2,36.2,South Africa,JP Duminy,F du Plessis,NL McCullum,2,0,"",""
ball,2,36.3,South Africa,JP Duminy,F du Plessis,NL McCullum,0,0,"",""
ball,2,36.4,South Africa,JP Duminy,F du Plessis,NL McCullum,0,0,"",""
ball,2,36.5,South Africa,JP Duminy,F du Plessis,NL McCullum,1,0,"",""
ball,2,36.6,South Africa,F du Plessis,JP Duminy,NL McCullum,0,0,"",""
ball,2,37.1,South Africa,JP Duminy,F du Plessis,AM Ellis,0,0,"",""
ball,2,37.2,South Africa,JP Duminy,F du Plessis,AM Ellis,1,0,"",""
ball,2,37.3,South Africa,F du Plessis,JP Duminy,AM Ellis,4,0,"",""
ball,2,37.4,South Africa,F du Plessis,JP Duminy,AM Ellis,0,0,"",""
ball,2,37.5,South Africa,F du Plessis,JP Duminy,AM Ellis,1,0,"",""
ball,2,37.6,South Africa,JP Duminy,F du Plessis,AM Ellis,1,0,"",""
ball,2,38.1,South Africa,JP Duminy,F du Plessis,NL McCullum,0,0,"",""
ball,2,38.2,South Africa,JP Duminy,F du Plessis,NL McCullum,2,0,"",""
ball,2,38.3,South Africa,JP Duminy,F du Plessis,NL McCullum,1,0,"",""
ball,2,38.4,South Africa,F du Plessis,JP Duminy,NL McCullum,1,0,"",""
ball,2,38.5,South Africa,JP Duminy,F du Plessis,NL McCullum,0,0,"",""
ball,2,38.6,South Africa,JP Duminy,F du Plessis,NL McCullum,0,0,"",""
ball,2,39.1,South Africa,F du Plessis,JP Duminy,RJ Nicol,1,0,"",""
ball,2,39.2,South Africa,JP Duminy,F du Plessis,RJ Nicol,0,0,"",""
ball,2,39.3,South Africa,JP Duminy,F du Plessis,RJ Nicol,1,0,"",""
ball,2,39.4,South Africa,F du Plessis,JP Duminy,RJ Nicol,0,0,"",""
ball,2,39.5,South Africa,F du Plessis,JP Duminy,RJ Nicol,0,0,lbw,F du Plessis
ball,2,39.6,South Africa,AB de Villiers,JP Duminy,RJ Nicol,0,0,"",""
ball,2,40.1,South Africa,JP Duminy,AB de Villiers,AJ McKay,4,0,"",""
ball,2,40.2,South Africa,JP Duminy,AB de Villiers,AJ McKay,1,0,"",""
ball,2,40.3,South Africa,AB de Villiers,JP Duminy,AJ McKay,1,0,"",""
ball,2,40.4,South Africa,JP Duminy,AB de Villiers,AJ McKay,0,0,"",""
ball,2,40.5,South Africa,JP Duminy,AB de Villiers,AJ McKay,0,0,"",""
ball,2,40.6,South Africa,JP Duminy,AB de Villiers,AJ McKay,1,0,"",""
ball,2,41.1,South Africa,JP Duminy,AB de Villiers,RJ Nicol,0,0,bowled,JP Duminy
ball,2,41.2,South Africa,J Botha,AB de Villiers,RJ Nicol,0,0,"",""
ball,2,41.3,South Africa,J Botha,AB de Villiers,RJ Nicol,0,0,"",""
ball,2,41.4,South Africa,J Botha,AB de Villiers,RJ Nicol,0,0,"",""
ball,2,41.5,South Africa,J Botha,AB de Villiers,RJ Nicol,1,0,"",""
ball,2,41.6,South Africa,AB de Villiers,J Botha,RJ Nicol,0,0,"",""
ball,2,42.1,South Africa,J Botha,AB de Villiers,AJ McKay,0,0,"",""
ball,2,42.2,South Africa,J Botha,AB de Villiers,AJ McKay,0,0,"",""
ball,2,42.3,South Africa,J Botha,AB de Villiers,AJ McKay,0,0,"",""
ball,2,42.4,South Africa,J Botha,AB de Villiers,AJ McKay,0,0,"",""
ball,2,42.5,South Africa,J Botha,AB de Villiers,AJ McKay,4,0,"",""
ball,2,42.6,South Africa,J Botha,AB de Villiers,AJ McKay,0,0,"",""
ball,2,43.1,South Africa,AB de Villiers,J Botha,RJ Nicol,2,0,"",""
ball,2,43.2,South Africa,AB de Villiers,J Botha,RJ Nicol,6,0,"",""
