version,1.3.0
info,team,India
info,team,England
info,gender,male
info,season,2011/12
info,date,2011/10/14
info,series,England in India ODI Series
info,match_number,1
info,venue,"Rajiv Gandhi International Stadium, Uppal"
info,city,Hyderabad
info,toss_winner,India
info,toss_decision,bat
info,player_of_match,MS Dhoni
info,umpire,BF Bowden
info,umpire,SK Tarapore
info,reserve_umpire,K Srinath
info,tv_umpire,S Asnani
info,match_referee,RS Mahanama
info,winner,India
info,winner_runs,126
ball,1,0.1,India,PA Patel,AM Rahane,TT Bresnan,0,0,"",""
ball,1,0.2,India,PA Patel,AM Rahane,TT Bresnan,1,0,"",""
ball,1,0.3,India,AM Rahane,PA Patel,TT Bresnan,0,0,"",""
ball,1,0.4,India,AM Rahane,PA Patel,TT Bresnan,0,2,"",""
ball,1,0.5,India,PA Patel,AM Rahane,TT Bresnan,0,0,"",""
ball,1,0.6,India,PA Patel,AM Rahane,TT Bresnan,1,0,"",""
ball,1,0.7,India,AM Rahane,PA Patel,TT Bresnan,0,0,"",""
ball,1,1.1,India,PA Patel,AM Rahane,ST Finn,0,2,"",""
ball,1,1.2,India,AM Rahane,PA Patel,ST Finn,0,0,"",""
ball,1,1.3,India,AM Rahane,PA Patel,ST Finn,0,0,"",""
ball,1,1.4,India,AM Rahane,PA Patel,ST Finn,2,0,"",""
ball,1,1.5,India,AM Rahane,PA Patel,ST Finn,0,0,"",""
ball,1,1.6,India,AM Rahane,PA Patel,ST Finn,0,0,"",""
ball,1,1.7,India,AM Rahane,PA Patel,ST Finn,0,0,"",""
ball,1,2.1,India,PA Patel,AM Rahane,TT Bresnan,0,0,"",""
ball,1,2.2,India,PA Patel,AM Rahane,TT Bresnan,1,0,"",""
ball,1,2.3,India,AM Rahane,PA Patel,TT Bresnan,1,0,"",""
ball,1,2.4,India,PA Patel,AM Rahane,TT Bresnan,0,1,"",""
ball,1,2.5,India,PA Patel,AM Rahane,TT Bresnan,4,0,"",""
ball,1,2.6,India,PA Patel,AM Rahane,TT Bresnan,0,0,"",""
ball,1,2.7,India,PA Patel,AM Rahane,TT Bresnan,1,0,"",""
ball,1,3.1,India,PA Patel,AM Rahane,ST Finn,1,0,"",""
ball,1,3.2,India,AM Rahane,PA Patel,ST Finn,0,0,"",""
ball,1,3.3,India,AM Rahane,PA Patel,ST Finn,0,0,"",""
ball,1,3.4,India,AM Rahane,PA Patel,ST Finn,0,0,"",""
ball,1,3.5,India,AM Rahane,PA Patel,ST Finn,0,0,run out,PA Patel
ball,1,3.6,India,AM Rahane,G Gambhir,ST Finn,0,0,"",""
ball,1,4.1,India,G Gambhir,AM Rahane,TT Bresnan,0,0,"",""
ball,1,4.2,India,G Gambhir,AM Rahane,TT Bresnan,1,0,"",""
ball,1,4.3,India,AM Rahane,G Gambhir,TT Bresnan,0,0,"",""
ball,1,4.4,India,AM Rahane,G Gambhir,TT Bresnan,1,0,"",""
ball,1,4.5,India,G Gambhir,AM Rahane,TT Bresnan,0,0,"",""
ball,1,4.6,India,G Gambhir,AM Rahane,TT Bresnan,0,0,"",""
ball,1,5.1,India,AM Rahane,G Gambhir,ST Finn,0,0,"",""
ball,1,5.2,India,AM Rahane,G Gambhir,ST Finn,0,0,"",""
ball,1,5.3,India,AM Rahane,G Gambhir,ST Finn,0,0,"",""
ball,1,5.4,India,AM Rahane,G Gambhir,ST Finn,2,0,"",""
ball,1,5.5,India,G Gambhir,AM Rahane,ST Finn,4,0,"",""
ball,1,5.6,India,G Gambhir,AM Rahane,ST Finn,0,0,"",""
ball,1,6.1,India,AM Rahane,G Gambhir,TT Bresnan,0,1,"",""
ball,1,6.2,India,AM Rahane,G Gambhir,TT Bresnan,0,1,"",""
ball,1,6.3,India,AM Rahane,G Gambhir,TT Bresnan,1,0,"",""
ball,1,6.4,India,G Gambhir,AM Rahane,TT Bresnan,0,0,"",""
ball,1,6.5,India,G Gambhir,AM Rahane,TT Bresnan,0,0,"",""
ball,1,6.6,India,G Gambhir,AM Rahane,TT Bresnan,0,0,"",""
ball,1,6.7,India,G Gambhir,AM Rahane,TT Bresnan,0,0,"",""
ball,1,6.8,India,G Gambhir,AM Rahane,TT Bresnan,4,0,"",""
ball,1,7.1,India,AM Rahane,G Gambhir,ST Finn,0,0,"",""
ball,1,7.2,India,AM Rahane,G Gambhir,ST Finn,1,0,"",""
ball,1,7.3,India,G Gambhir,AM Rahane,ST Finn,0,0,"",""
ball,1,7.4,India,G Gambhir,AM Rahane,ST Finn,4,0,"",""
ball,1,7.5,India,G Gambhir,AM Rahane,ST Finn,1,0,"",""
ball,1,7.6,India,AM Rahane,G Gambhir,ST Finn,0,0,"",""
ball,1,8.1,India,G Gambhir,AM Rahane,JW Dernbach,1,0,"",""
ball,1,8.2,India,AM Rahane,G Gambhir,JW Dernbach,0,0,"",""
ball,1,8.3,India,AM Rahane,G Gambhir,JW Dernbach,0,0,"",""
ball,1,8.4,India,AM Rahane,G Gambhir,JW Dernbach,0,0,"",""
ball,1,8.5,India,AM Rahane,G Gambhir,JW Dernbach,0,0,"",""
ball,1,8.6,India,AM Rahane,G Gambhir,JW Dernbach,0,1,"",""
ball,1,8.7,India,AM Rahane,G Gambhir,JW Dernbach,1,0,"",""
ball,1,9.1,India,AM Rahane,G Gambhir,ST Finn,0,0,"",""
ball,1,9.2,India,AM Rahane,G Gambhir,ST Finn,0,1,"",""
ball,1,9.3,India,AM Rahane,G Gambhir,ST Finn,1,0,"",""
ball,1,9.4,India,G Gambhir,AM Rahane,ST Finn,1,0,"",""
ball,1,9.5,India,AM Rahane,G Gambhir,ST Finn,1,0,"",""
ball,1,9.6,India,G Gambhir,AM Rahane,ST Finn,1,0,"",""
ball,1,9.7,India,AM Rahane,G Gambhir,ST Finn,1,0,"",""
ball,1,10.1,India,AM Rahane,G Gambhir,JW Dernbach,0,0,"",""
ball,1,10.2,India,AM Rahane,G Gambhir,JW Dernbach,0,0,"",""
ball,1,10.3,India,AM Rahane,G Gambhir,JW Dernbach,0,0,"",""
ball,1,10.4,India,AM Rahane,G Gambhir,JW Dernbach,1,0,"",""
ball,1,10.5,India,G Gambhir,AM Rahane,JW Dernbach,1,0,"",""
ball,1,10.6,India,AM Rahane,G Gambhir,JW Dernbach,1,0,"",""
ball,1,11.1,India,AM Rahane,G Gambhir,GP Swann,0,0,"",""
ball,1,11.2,India,AM Rahane,G Gambhir,GP Swann,1,0,"",""
ball,1,11.3,India,G Gambhir,AM Rahane,GP Swann,1,0,"",""
ball,1,11.4,India,AM Rahane,G Gambhir,GP Swann,0,0,stumped,AM Rahane
ball,1,11.5,India,V Kohli,G Gambhir,GP Swann,0,0,"",""
ball,1,11.6,India,V Kohli,G Gambhir,GP Swann,1,0,"",""
ball,1,12.1,India,V Kohli,G Gambhir,JW Dernbach,1,0,"",""
ball,1,12.2,India,G Gambhir,V Kohli,JW Dernbach,1,0,"",""
ball,1,12.3,India,V Kohli,G Gambhir,JW Dernbach,0,0,"",""
ball,1,12.4,India,V Kohli,G Gambhir,JW Dernbach,0,0,"",""
ball,1,12.5,India,V Kohli,G Gambhir,JW Dernbach,0,0,"",""
ball,1,12.6,India,V Kohli,G Gambhir,JW Dernbach,1,0,"",""
ball,1,13.1,India,V Kohli,G Gambhir,GP Swann,0,0,"",""
ball,1,13.2,India,V Kohli,G Gambhir,GP Swann,0,0,"",""
ball,1,13.3,India,V Kohli,G Gambhir,GP Swann,1,0,"",""
ball,1,13.4,India,G Gambhir,V Kohli,GP Swann,0,0,"",""
ball,1,13.5,India,G Gambhir,V Kohli,GP Swann,1,0,"",""
ball,1,13.6,India,V Kohli,G Gambhir,GP Swann,1,0,"",""
ball,1,14.1,India,V Kohli,G Gambhir,SR Patel,0,0,"",""
ball,1,14.2,India,V Kohli,G Gambhir,SR Patel,1,0,"",""
ball,1,14.3,India,G Gambhir,V Kohli,SR Patel,1,0,"",""
ball,1,14.4,India,V Kohli,G Gambhir,SR Patel,1,0,"",""
ball,1,14.5,India,G Gambhir,V Kohli,SR Patel,0,0,"",""
ball,1,14.6,India,G Gambhir,V Kohli,SR Patel,4,0,"",""
ball,1,15.1,India,V Kohli,G Gambhir,GP Swann,0,0,"",""
ball,1,15.2,India,V Kohli,G Gambhir,GP Swann,0,0,"",""
ball,1,15.3,India,V Kohli,G Gambhir,GP Swann,1,0,"",""
ball,1,15.4,India,G Gambhir,V Kohli,GP Swann,1,0,"",""
ball,1,15.5,India,V Kohli,G Gambhir,GP Swann,1,0,"",""
ball,1,15.6,India,G Gambhir,V Kohli,GP Swann,2,0,"",""
ball,1,16.1,India,V Kohli,G Gambhir,TT Bresnan,1,0,"",""
ball,1,16.2,India,G Gambhir,V Kohli,TT Bresnan,1,0,"",""
ball,1,16.3,India,V Kohli,G Gambhir,TT Bresnan,1,0,"",""
ball,1,16.4,India,G Gambhir,V Kohli,TT Bresnan,2,0,"",""
ball,1,16.5,India,G Gambhir,V Kohli,TT Bresnan,0,0,"",""
ball,1,16.6,India,G Gambhir,V Kohli,TT Bresnan,0,0,"",""
ball,1,17.1,India,V Kohli,G Gambhir,JW Dernbach,0,0,"",""
ball,1,17.2,India,V Kohli,G Gambhir,JW Dernbach,2,0,"",""
ball,1,17.3,India,V Kohli,G Gambhir,JW Dernbach,1,0,"",""
ball,1,17.4,India,G Gambhir,V Kohli,JW Dernbach,0,0,"",""
ball,1,17.5,India,G Gambhir,V Kohli,JW Dernbach,0,0,lbw,G Gambhir
ball,1,17.6,India,SK Raina,V Kohli,JW Dernbach,0,0,"",""
ball,1,18.1,India,V Kohli,SK Raina,TT Bresnan,2,0,"",""
ball,1,18.2,India,V Kohli,SK Raina,TT Bresnan,0,0,"",""
ball,1,18.3,India,V Kohli,SK Raina,TT Bresnan,0,0,"",""
ball,1,18.4,India,V Kohli,SK Raina,TT Bresnan,1,0,"",""
ball,1,18.5,India,SK Raina,V Kohli,TT Bresnan,0,0,"",""
ball,1,18.6,India,SK Raina,V Kohli,TT Bresnan,0,0,"",""
ball,1,19.1,India,V Kohli,SK Raina,JW Dernbach,0,0,"",""
ball,1,19.2,India,V Kohli,SK Raina,JW Dernbach,1,0,"",""
ball,1,19.3,India,SK Raina,V Kohli,JW Dernbach,1,0,"",""
ball,1,19.4,India,V Kohli,SK Raina,JW Dernbach,1,0,"",""
ball,1,19.5,India,SK Raina,V Kohli,JW Dernbach,0,0,"",""
ball,1,19.6,India,SK Raina,V Kohli,JW Dernbach,2,0,"",""
ball,1,20.1,India,V Kohli,SK Raina,ST Finn,1,0,"",""
ball,1,20.2,India,SK Raina,V Kohli,ST Finn,0,0,"",""
ball,1,20.3,India,SK Raina,V Kohli,ST Finn,1,0,"",""
ball,1,20.4,India,V Kohli,SK Raina,ST Finn,0,0,"",""
ball,1,20.5,India,V Kohli,SK Raina,ST Finn,1,0,"",""
ball,1,20.6,India,SK Raina,V Kohli,ST Finn,0,1,"",""
ball,1,21.1,India,SK Raina,V Kohli,GP Swann,0,0,"",""
ball,1,21.2,India,SK Raina,V Kohli,GP Swann,0,0,"",""
ball,1,21.3,India,SK Raina,V Kohli,GP Swann,1,0,"",""
ball,1,21.4,India,V Kohli,SK Raina,GP Swann,0,0,"",""
ball,1,21.5,India,V Kohli,SK Raina,GP Swann,0,0,"",""
ball,1,21.6,India,V Kohli,SK Raina,GP Swann,1,0,"",""
ball,1,22.1,India,V Kohli,SK Raina,SR Patel,1,0,"",""
ball,1,22.2,India,SK Raina,V Kohli,SR Patel,2,0,"",""
ball,1,22.3,India,SK Raina,V Kohli,SR Patel,1,0,"",""
ball,1,22.4,India,V Kohli,SK Raina,SR Patel,1,0,"",""
ball,1,22.5,India,SK Raina,V Kohli,SR Patel,1,0,"",""
ball,1,22.6,India,V Kohli,SK Raina,SR Patel,0,0,"",""
ball,1,23.1,India,SK Raina,V Kohli,GP Swann,1,0,"",""
ball,1,23.2,India,V Kohli,SK Raina,GP Swann,2,0,"",""
ball,1,23.3,India,V Kohli,SK Raina,GP Swann,2,0,"",""
ball,1,23.4,India,V Kohli,SK Raina,GP Swann,1,0,"",""
ball,1,23.5,India,SK Raina,V Kohli,GP Swann,1,0,"",""
ball,1,23.6,India,V Kohli,SK Raina,GP Swann,1,0,"",""
ball,1,24.1,India,V Kohli,SK Raina,SR Patel,1,0,"",""
ball,1,24.2,India,SK Raina,V Kohli,SR Patel,4,0,"",""
ball,1,24.3,India,SK Raina,V Kohli,SR Patel,0,0,"",""
ball,1,24.4,India,SK Raina,V Kohli,SR Patel,1,0,"",""
ball,1,24.5,India,V Kohli,SK Raina,SR Patel,0,0,"",""
ball,1,24.6,India,V Kohli,SK Raina,SR Patel,1,0,"",""
ball,1,25.1,India,V Kohli,SK Raina,GP Swann,0,0,"",""
ball,1,25.2,India,V Kohli,SK Raina,GP Swann,0,0,"",""
ball,1,25.3,India,V Kohli,SK Raina,GP Swann,0,0,"",""
ball,1,25.4,India,V Kohli,SK Raina,GP Swann,0,0,"",""
ball,1,25.5,India,V Kohli,SK Raina,GP Swann,0,0,"",""
ball,1,25.6,India,V Kohli,SK Raina,GP Swann,0,0,"",""
ball,1,26.1,India,SK Raina,V Kohli,SR Patel,1,0,"",""
ball,1,26.2,India,V Kohli,SK Raina,SR Patel,1,0,"",""
ball,1,26.3,India,SK Raina,V Kohli,SR Patel,0,0,"",""
ball,1,26.4,India,SK Raina,V Kohli,SR Patel,0,0,"",""
ball,1,26.5,India,SK Raina,V Kohli,SR Patel,1,0,"",""
ball,1,26.6,India,V Kohli,SK Raina,SR Patel,1,0,"",""
ball,1,27.1,India,V Kohli,SK Raina,GP Swann,0,0,"",""
ball,1,27.2,India,V Kohli,SK Raina,GP Swann,0,0,"",""
ball,1,27.3,India,V Kohli,SK Raina,GP Swann,1,0,"",""
ball,1,27.4,India,SK Raina,V Kohli,GP Swann,1,0,"",""
ball,1,27.5,India,V Kohli,SK Raina,GP Swann,0,0,"",""
ball,1,27.6,India,V Kohli,SK Raina,GP Swann,1,0,"",""
ball,1,28.1,India,V Kohli,SK Raina,SR Patel,0,0,"",""
ball,1,28.2,India,V Kohli,SK Raina,SR Patel,1,0,"",""
ball,1,28.3,India,SK Raina,V Kohli,SR Patel,1,0,"",""
ball,1,28.4,India,V Kohli,SK Raina,SR Patel,0,0,"",""
ball,1,28.5,India,V Kohli,SK Raina,SR Patel,0,0,caught,V Kohli
ball,1,28.6,India,MS Dhoni,SK Raina,SR Patel,0,0,"",""
ball,1,29.1,India,SK Raina,MS Dhoni,GP Swann,1,0,"",""
ball,1,29.2,India,MS Dhoni,SK Raina,GP Swann,1,0,"",""
ball,1,29.3,India,SK Raina,MS Dhoni,GP Swann,0,0,"",""
ball,1,29.4,India,SK Raina,MS Dhoni,GP Swann,0,0,"",""
ball,1,29.5,India,SK Raina,MS Dhoni,GP Swann,1,0,"",""
ball,1,29.6,India,MS Dhoni,SK Raina,GP Swann,0,0,"",""
ball,1,30.1,India,SK Raina,MS Dhoni,JW Dernbach,0,0,"",""
ball,1,30.2,India,SK Raina,MS Dhoni,JW Dernbach,1,0,"",""
ball,1,30.3,India,MS Dhoni,SK Raina,JW Dernbach,0,0,"",""
ball,1,30.4,India,MS Dhoni,SK Raina,JW Dernbach,0,0,"",""
ball,1,30.5,India,MS Dhoni,SK Raina,JW Dernbach,1,0,"",""
ball,1,30.6,India,SK Raina,MS Dhoni,JW Dernbach,1,0,"",""
ball,1,31.1,India,SK Raina,MS Dhoni,GP Swann,4,0,"",""
ball,1,31.2,India,SK Raina,MS Dhoni,GP Swann,1,0,"",""
ball,1,31.3,India,MS Dhoni,SK Raina,GP Swann,0,0,"",""
ball,1,31.4,India,MS Dhoni,SK Raina,GP Swann,0,0,"",""
ball,1,31.5,India,MS Dhoni,SK Raina,GP Swann,0,0,"",""
ball,1,31.6,India,MS Dhoni,SK Raina,GP Swann,1,0,"",""
ball,1,32.1,India,MS Dhoni,SK Raina,RS Bopara,0,0,"",""
ball,1,32.2,India,MS Dhoni,SK Raina,RS Bopara,0,0,"",""
ball,1,32.3,India,MS Dhoni,SK Raina,RS Bopara,1,0,"",""
ball,1,32.4,India,SK Raina,MS Dhoni,RS Bopara,0,0,"",""
ball,1,32.5,India,SK Raina,MS Dhoni,RS Bopara,0,0,"",""
ball,1,32.6,India,SK Raina,MS Dhoni,RS Bopara,1,0,"",""
ball,1,33.1,India,SK Raina,MS Dhoni,GP Swann,1,0,"",""
ball,1,33.2,India,MS Dhoni,SK Raina,GP Swann,0,0,"",""
ball,1,33.3,India,MS Dhoni,SK Raina,GP Swann,0,0,"",""
ball,1,33.4,India,MS Dhoni,SK Raina,GP Swann,0,0,"",""
ball,1,33.5,India,MS Dhoni,SK Raina,GP Swann,0,0,"",""
ball,1,33.6,India,MS Dhoni,SK Raina,GP Swann,1,0,"",""
ball,1,34.1,India,MS Dhoni,SK Raina,RS Bopara,4,0,"",""
ball,1,34.2,India,MS Dhoni,SK Raina,RS Bopara,1,0,"",""
ball,1,34.3,India,SK Raina,MS Dhoni,RS Bopara,1,0,"",""
ball,1,34.4,India,MS Dhoni,SK Raina,RS Bopara,1,0,"",""
ball,1,34.5,India,SK Raina,MS Dhoni,RS Bopara,0,0,"",""
ball,1,34.6,India,SK Raina,MS Dhoni,RS Bopara,4,0,"",""
ball,1,35.1,India,MS Dhoni,SK Raina,TT Bresnan,0,0,"",""
ball,1,35.2,India,MS Dhoni,SK Raina,TT Bresnan,1,0,"",""
ball,1,35.3,India,SK Raina,MS Dhoni,TT Bresnan,0,0,"",""
ball,1,35.4,India,SK Raina,MS Dhoni,TT Bresnan,1,0,"",""
ball,1,35.5,India,MS Dhoni,SK Raina,TT Bresnan,4,0,"",""
ball,1,35.6,India,MS Dhoni,SK Raina,TT Bresnan,0,0,"",""
ball,1,36.1,India,SK Raina,MS Dhoni,JW Dernbach,0,1,"",""
ball,1,36.2,India,SK Raina,MS Dhoni,JW Dernbach,0,1,"",""
ball,1,36.3,India,SK Raina,MS Dhoni,JW Dernbach,0,0,"",""
ball,1,36.4,India,SK Raina,MS Dhoni,JW Dernbach,1,0,"",""
ball,1,36.5,India,MS Dhoni,SK Raina,JW Dernbach,1,0,"",""
ball,1,36.6,India,SK Raina,MS Dhoni,JW Dernbach,4,0,"",""
ball,1,36.7,India,SK Raina,MS Dhoni,JW Dernbach,1,0,"",""
ball,1,36.8,India,MS Dhoni,SK Raina,JW Dernbach,0,0,"",""
ball,1,37.1,India,SK Raina,MS Dhoni,TT Bresnan,1,0,"",""
ball,1,37.2,India,MS Dhoni,SK Raina,TT Bresnan,1,0,"",""
ball,1,37.3,India,SK Raina,MS Dhoni,TT Bresnan,1,0,"",""
ball,1,37.4,India,MS Dhoni,SK Raina,TT Bresnan,1,0,"",""
ball,1,37.5,India,SK Raina,MS Dhoni,TT Bresnan,4,0,"",""
ball,1,37.6,India,SK Raina,MS Dhoni,TT Bresnan,6,0,"",""
ball,1,38.1,India,MS Dhoni,SK Raina,ST Finn,4,0,"",""
ball,1,38.2,India,MS Dhoni,SK Raina,ST Finn,4,0,"",""
ball,1,38.3,India,MS Dhoni,SK Raina,ST Finn,1,1,"",""
ball,1,38.4,India,SK Raina,MS Dhoni,ST Finn,0,0,"",""
ball,1,38.5,India,SK Raina,MS Dhoni,ST Finn,6,0,"",""
ball,1,38.6,India,SK Raina,MS Dhoni,ST Finn,0,0,caught,SK Raina
ball,1,38.7,India,RA Jadeja,MS Dhoni,ST Finn,0,0,"",""
ball,1,39.1,India,MS Dhoni,RA Jadeja,JW Dernbach,0,5,"",""
ball,1,39.2,India,MS Dhoni,RA Jadeja,JW Dernbach,1,0,"",""
ball,1,39.3,India,RA Jadeja,MS Dhoni,JW Dernbach,1,0,"",""
ball,1,39.4,India,MS Dhoni,RA Jadeja,JW Dernbach,1,0,"",""
ball,1,39.5,India,RA Jadeja,MS Dhoni,JW Dernbach,4,0,"",""
ball,1,39.6,India,RA Jadeja,MS Dhoni,JW Dernbach,0,1,"",""
ball,1,39.7,India,MS Dhoni,RA Jadeja,JW Dernbach,1,0,"",""
ball,1,40.1,India,MS Dhoni,RA Jadeja,SR Patel,0,0,"",""
ball,1,40.2,India,MS Dhoni,RA Jadeja,SR Patel,1,0,"",""
ball,1,40.3,India,RA Jadeja,MS Dhoni,SR Patel,0,0,"",""
ball,1,40.4,India,RA Jadeja,MS Dhoni,SR Patel,0,0,"",""
ball,1,40.5,India,RA Jadeja,MS Dhoni,SR Patel,0,0,"",""
ball,1,40.6,India,RA Jadeja,MS Dhoni,SR Patel,1,0,"",""
ball,1,41.1,India,RA Jadeja,MS Dhoni,ST Finn,1,0,"",""
ball,1,41.2,India,MS Dhoni,RA Jadeja,ST Finn,1,0,"",""
ball,1,41.3,India,RA Jadeja,MS Dhoni,ST Finn,0,0,"",""
ball,1,41.4,India,RA Jadeja,MS Dhoni,ST Finn,1,0,"",""
ball,1,41.5,India,MS Dhoni,RA Jadeja,ST Finn,4,0,"",""
ball,1,41.6,India,MS Dhoni,RA Jadeja,ST Finn,2,0,"",""
ball,1,42.1,India,RA Jadeja,MS Dhoni,SR Patel,1,0,"",""
ball,1,42.2,India,MS Dhoni,RA Jadeja,SR Patel,0,2,"",""
ball,1,42.3,India,MS Dhoni,RA Jadeja,SR Patel,0,0,"",""
ball,1,42.4,India,MS Dhoni,RA Jadeja,SR Patel,4,0,"",""
ball,1,42.5,India,MS Dhoni,RA Jadeja,SR Patel,1,0,"",""
ball,1,42.6,India,RA Jadeja,MS Dhoni,SR Patel,0,0,"",""
ball,1,43.1,India,MS Dhoni,RA Jadeja,RS Bopara,1,0,"",""
ball,1,43.2,India,RA Jadeja,MS Dhoni,RS Bopara,1,0,"",""
ball,1,43.3,India,MS Dhoni,RA Jadeja,RS Bopara,2,0,"",""
ball,1,43.4,India,MS Dhoni,RA Jadeja,RS Bopara,1,0,"",""
ball,1,43.5,India,RA Jadeja,MS Dhoni,RS Bopara,1,0,"",""
ball,1,43.6,India,MS Dhoni,RA Jadeja,RS Bopara,2,0,"",""
ball,1,44.1,India,RA Jadeja,MS Dhoni,SR Patel,1,0,"",""
ball,1,44.2,India,MS Dhoni,RA Jadeja,SR Patel,1,0,"",""
ball,1,44.3,India,RA Jadeja,MS Dhoni,SR Patel,6,0,"",""
ball,1,44.4,India,RA Jadeja,MS Dhoni,SR Patel,6,0,"",""
ball,1,44.5,India,RA Jadeja,MS Dhoni,SR Patel,0,0,"",""
ball,1,44.6,India,RA Jadeja,MS Dhoni,SR Patel,1,0,"",""
ball,1,45.1,India,RA Jadeja,MS Dhoni,TT Bresnan,1,0,"",""
ball,1,45.2,India,MS Dhoni,RA Jadeja,TT Bresnan,2,0,"",""
ball,1,45.3,India,MS Dhoni,RA Jadeja,TT Bresnan,4,0,"",""
ball,1,45.4,India,MS Dhoni,RA Jadeja,TT Bresnan,1,0,"",""
ball,1,45.5,India,RA Jadeja,MS Dhoni,TT Bresnan,1,0,"",""
ball,1,45.6,India,MS Dhoni,RA Jadeja,TT Bresnan,0,0,run out,RA Jadeja
ball,1,46.1,India,R Ashwin,MS Dhoni,JW Dernbach,1,0,"",""
ball,1,46.2,India,MS Dhoni,R Ashwin,JW Dernbach,0,0,"",""
ball,1,46.3,India,MS Dhoni,R Ashwin,JW Dernbach,0,1,"",""
ball,1,46.4,India,MS Dhoni,R Ashwin,JW Dernbach,0,0,"",""
ball,1,46.5,India,MS Dhoni,R Ashwin,JW Dernbach,4,0,"",""
ball,1,46.6,India,MS Dhoni,R Ashwin,JW Dernbach,1,0,"",""
ball,1,46.7,India,R Ashwin,MS Dhoni,JW Dernbach,1,0,"",""
ball,1,47.1,India,R Ashwin,MS Dhoni,TT Bresnan,1,0,"",""
ball,1,47.2,India,MS Dhoni,R Ashwin,TT Bresnan,1,0,"",""
ball,1,47.3,India,R Ashwin,MS Dhoni,TT Bresnan,4,0,"",""
ball,1,47.4,India,R Ashwin,MS Dhoni,TT Bresnan,1,0,"",""
ball,1,47.5,India,MS Dhoni,R Ashwin,TT Bresnan,1,0,"",""
ball,1,47.6,India,R Ashwin,MS Dhoni,TT Bresnan,0,0,"",""
ball,1,48.1,India,MS Dhoni,R Ashwin,ST Finn,6,0,"",""
ball,1,48.2,India,MS Dhoni,R Ashwin,ST Finn,0,0,run out,R Ashwin
ball,1,48.3,India,P Kumar,MS Dhoni,ST Finn,1,0,"",""
ball,1,48.4,India,MS Dhoni,P Kumar,ST Finn,4,0,"",""
ball,1,48.5,India,MS Dhoni,P Kumar,ST Finn,4,0,"",""
ball,1,48.6,India,MS Dhoni,P Kumar,ST Finn,1,0,"",""
ball,1,49.1,India,MS Dhoni,P Kumar,JW Dernbach,0,0,"",""
ball,1,49.2,India,MS Dhoni,P Kumar,JW Dernbach,0,1,"",""
ball,1,49.3,India,MS Dhoni,P Kumar,JW Dernbach,2,0,"",""
ball,1,49.4,India,MS Dhoni,P Kumar,JW Dernbach,2,0,"",""
ball,1,49.5,India,MS Dhoni,P Kumar,JW Dernbach,2,0,"",""
ball,1,49.6,India,MS Dhoni,P Kumar,JW Dernbach,0,0,"",""
ball,1,49.7,India,MS Dhoni,P Kumar,JW Dernbach,1,0,"",""
ball,2,0.1,England,AN Cook,C Kieswetter,P Kumar,0,0,"",""
ball,2,0.2,England,AN Cook,C Kieswetter,P Kumar,0,0,"",""
ball,2,0.3,England,AN Cook,C Kieswetter,P Kumar,0,0,"",""
ball,2,0.4,England,AN Cook,C Kieswetter,P Kumar,0,0,"",""
ball,2,0.5,England,AN Cook,C Kieswetter,P Kumar,0,0,"",""
ball,2,0.6,England,AN Cook,C Kieswetter,P Kumar,0,0,"",""
ball,2,1.1,England,C Kieswetter,AN Cook,R Vinay Kumar,0,0,"",""
ball,2,1.2,England,C Kieswetter,AN Cook,R Vinay Kumar,4,0,"",""
ball,2,1.3,England,C Kieswetter,AN Cook,R Vinay Kumar,0,0,"",""
ball,2,1.4,England,C Kieswetter,AN Cook,R Vinay Kumar,2,0,"",""
ball,2,1.5,England,C Kieswetter,AN Cook,R Vinay Kumar,0,0,"",""
ball,2,1.6,England,C Kieswetter,AN Cook,R Vinay Kumar,1,0,"",""
ball,2,2.1,England,C Kieswetter,AN Cook,P Kumar,0,0,"",""
ball,2,2.2,England,C Kieswetter,AN Cook,P Kumar,0,0,caught,C Kieswetter
ball,2,2.3,England,KP Pietersen,AN Cook,P Kumar,0,0,"",""
ball,2,2.4,England,KP Pietersen,AN Cook,P Kumar,0,0,"",""
ball,2,2.5,England,KP Pietersen,AN Cook,P Kumar,1,0,"",""
ball,2,2.6,England,AN Cook,KP Pietersen,P Kumar,0,0,"",""
ball,2,3.1,England,KP Pietersen,AN Cook,R Vinay Kumar,0,0,"",""
ball,2,3.2,England,KP Pietersen,AN Cook,R Vinay Kumar,0,0,"",""
ball,2,3.3,England,KP Pietersen,AN Cook,R Vinay Kumar,0,0,"",""
ball,2,3.4,England,KP Pietersen,AN Cook,R Vinay Kumar,0,0,"",""
ball,2,3.5,England,KP Pietersen,AN Cook,R Vinay Kumar,4,0,"",""
ball,2,3.6,England,KP Pietersen,AN Cook,R Vinay Kumar,1,0,"",""
ball,2,4.1,England,KP Pietersen,AN Cook,P Kumar,4,0,"",""
ball,2,4.2,England,KP Pietersen,AN Cook,P Kumar,1,0,"",""
ball,2,4.3,England,AN Cook,KP Pietersen,P Kumar,4,0,"",""
ball,2,4.4,England,AN Cook,KP Pietersen,P Kumar,0,0,"",""
ball,2,4.5,England,AN Cook,KP Pietersen,P Kumar,4,0,"",""
ball,2,4.6,England,AN Cook,KP Pietersen,P Kumar,3,0,"",""
ball,2,5.1,England,AN Cook,KP Pietersen,R Vinay Kumar,0,0,"",""
ball,2,5.2,England,AN Cook,KP Pietersen,R Vinay Kumar,0,0,"",""
ball,2,5.3,England,AN Cook,KP Pietersen,R Vinay Kumar,1,0,"",""
ball,2,5.4,England,KP Pietersen,AN Cook,R Vinay Kumar,0,0,"",""
ball,2,5.5,England,KP Pietersen,AN Cook,R Vinay Kumar,0,0,"",""
ball,2,5.6,England,KP Pietersen,AN Cook,R Vinay Kumar,1,0,"",""
ball,2,6.1,England,KP Pietersen,AN Cook,P Kumar,0,0,"",""
ball,2,6.2,England,KP Pietersen,AN Cook,P Kumar,0,0,"",""
ball,2,6.3,England,KP Pietersen,AN Cook,P Kumar,0,0,"",""
ball,2,6.4,England,KP Pietersen,AN Cook,P Kumar,0,0,"",""
ball,2,6.5,England,KP Pietersen,AN Cook,P Kumar,0,0,"",""
ball,2,6.6,England,KP Pietersen,AN Cook,P Kumar,4,0,"",""
ball,2,7.1,England,AN Cook,KP Pietersen,R Vinay Kumar,1,0,"",""
ball,2,7.2,England,KP Pietersen,AN Cook,R Vinay Kumar,0,0,"",""
ball,2,7.3,England,KP Pietersen,AN Cook,R Vinay Kumar,0,0,"",""
ball,2,7.4,England,KP Pietersen,AN Cook,R Vinay Kumar,0,0,"",""
ball,2,7.5,England,KP Pietersen,AN Cook,R Vinay Kumar,1,0,"",""
ball,2,7.6,England,AN Cook,KP Pietersen,R Vinay Kumar,0,0,"",""
ball,2,8.1,England,KP Pietersen,AN Cook,P Kumar,0,0,"",""
ball,2,8.2,England,KP Pietersen,AN Cook,P Kumar,1,0,"",""
ball,2,8.3,England,AN Cook,KP Pietersen,P Kumar,0,0,"",""
ball,2,8.4,England,AN Cook,KP Pietersen,P Kumar,1,0,"",""
ball,2,8.5,England,KP Pietersen,AN Cook,P Kumar,0,0,"",""
ball,2,8.6,England,KP Pietersen,AN Cook,P Kumar,1,0,"",""
ball,2,9.1,England,KP Pietersen,AN Cook,R Vinay Kumar,0,0,run out,KP Pietersen
ball,2,9.2,England,AN Cook,IJL Trott,R Vinay Kumar,4,0,"",""
ball,2,9.3,England,AN Cook,IJL Trott,R Vinay Kumar,0,0,"",""
ball,2,9.4,England,AN Cook,IJL Trott,R Vinay Kumar,0,0,"",""
ball,2,9.5,England,AN Cook,IJL Trott,R Vinay Kumar,4,0,"",""
ball,2,9.6,England,AN Cook,IJL Trott,R Vinay Kumar,0,0,"",""
ball,2,10.1,England,IJL Trott,AN Cook,V Kohli,2,0,"",""
ball,2,10.2,England,IJL Trott,AN Cook,V Kohli,1,0,"",""
ball,2,10.3,England,AN Cook,IJL Trott,V Kohli,1,0,"",""
ball,2,10.4,England,IJL Trott,AN Cook,V Kohli,0,0,"",""
ball,2,10.5,England,IJL Trott,AN Cook,V Kohli,1,0,"",""
ball,2,10.6,England,AN Cook,IJL Trott,V Kohli,0,0,"",""
ball,2,11.1,England,IJL Trott,AN Cook,UT Yadav,1,0,"",""
ball,2,11.2,England,AN Cook,IJL Trott,UT Yadav,0,1,"",""
ball,2,11.3,England,AN Cook,IJL Trott,UT Yadav,0,0,"",""
ball,2,11.4,England,AN Cook,IJL Trott,UT Yadav,0,0,"",""
ball,2,11.5,England,AN Cook,IJL Trott,UT Yadav,1,0,"",""
ball,2,11.6,England,IJL Trott,AN Cook,UT Yadav,0,0,"",""
ball,2,11.7,England,IJL Trott,AN Cook,UT Yadav,1,0,"",""
ball,2,12.1,England,IJL Trott,AN Cook,V Kohli,0,0,"",""
ball,2,12.2,England,IJL Trott,AN Cook,V Kohli,1,0,"",""
ball,2,12.3,England,AN Cook,IJL Trott,V Kohli,1,0,"",""
ball,2,12.4,England,IJL Trott,AN Cook,V Kohli,0,0,"",""
ball,2,12.5,England,IJL Trott,AN Cook,V Kohli,0,0,"",""
ball,2,12.6,England,IJL Trott,AN Cook,V Kohli,1,0,"",""
ball,2,13.1,England,IJL Trott,AN Cook,UT Yadav,1,0,"",""
ball,2,13.2,England,AN Cook,IJL Trott,UT Yadav,4,0,"",""
ball,2,13.3,England,AN Cook,IJL Trott,UT Yadav,1,0,"",""
ball,2,13.4,England,IJL Trott,AN Cook,UT Yadav,0,0,"",""
ball,2,13.5,England,IJL Trott,AN Cook,UT Yadav,0,0,"",""
ball,2,13.6,England,IJL Trott,AN Cook,UT Yadav,1,0,"",""
ball,2,14.1,England,IJL Trott,AN Cook,V Kohli,0,0,"",""
ball,2,14.2,England,IJL Trott,AN Cook,V Kohli,1,0,"",""
ball,2,14.3,England,AN Cook,IJL Trott,V Kohli,0,0,"",""
ball,2,14.4,England,AN Cook,IJL Trott,V Kohli,1,0,"",""
ball,2,14.5,England,IJL Trott,AN Cook,V Kohli,0,0,"",""
ball,2,14.6,England,IJL Trott,AN Cook,V Kohli,1,0,"",""
ball,2,15.1,England,IJL Trott,AN Cook,UT Yadav,1,0,"",""
ball,2,15.2,England,AN Cook,IJL Trott,UT Yadav,1,0,"",""
ball,2,15.3,England,IJL Trott,AN Cook,UT Yadav,1,0,"",""
ball,2,15.4,England,AN Cook,IJL Trott,UT Yadav,4,0,"",""
ball,2,15.5,England,AN Cook,IJL Trott,UT Yadav,2,0,"",""
ball,2,15.6,England,AN Cook,IJL Trott,UT Yadav,1,0,"",""
ball,2,16.1,England,AN Cook,IJL Trott,P Kumar,0,0,"",""
ball,2,16.2,England,AN Cook,IJL Trott,P Kumar,0,0,"",""
ball,2,16.3,England,AN Cook,IJL Trott,P Kumar,1,0,"",""
ball,2,16.4,England,IJL Trott,AN Cook,P Kumar,1,0,"",""
ball,2,16.5,England,AN Cook,IJL Trott,P Kumar,1,0,"",""
ball,2,16.6,England,IJL Trott,AN Cook,P Kumar,1,0,"",""
ball,2,17.1,England,IJL Trott,AN Cook,R Ashwin,1,0,"",""
ball,2,17.2,England,AN Cook,IJL Trott,R Ashwin,0,0,"",""
ball,2,17.3,England,AN Cook,IJL Trott,R Ashwin,0,0,"",""
ball,2,17.4,England,AN Cook,IJL Trott,R Ashwin,2,0,"",""
ball,2,17.5,England,AN Cook,IJL Trott,R Ashwin,0,0,"",""
ball,2,17.6,England,AN Cook,IJL Trott,R Ashwin,4,0,"",""
ball,2,18.1,England,IJL Trott,AN Cook,P Kumar,1,0,"",""
ball,2,18.2,England,AN Cook,IJL Trott,P Kumar,0,1,"",""
ball,2,18.3,England,AN Cook,IJL Trott,P Kumar,0,0,"",""
ball,2,18.4,England,AN Cook,IJL Trott,P Kumar,2,0,"",""
ball,2,18.5,England,AN Cook,IJL Trott,P Kumar,0,0,"",""
ball,2,18.6,England,AN Cook,IJL Trott,P Kumar,1,0,"",""
ball,2,18.7,England,IJL Trott,AN Cook,P Kumar,1,0,"",""
ball,2,19.1,England,IJL Trott,AN Cook,R Ashwin,0,0,"",""
ball,2,19.2,England,IJL Trott,AN Cook,R Ashwin,0,0,"",""
ball,2,19.3,England,IJL Trott,AN Cook,R Ashwin,1,0,"",""
ball,2,19.4,England,AN Cook,IJL Trott,R Ashwin,0,0,"",""
ball,2,19.5,England,AN Cook,IJL Trott,R Ashwin,0,0,"",""
ball,2,19.6,England,AN Cook,IJL Trott,R Ashwin,1,0,"",""
ball,2,20.1,England,AN Cook,IJL Trott,RA Jadeja,2,0,"",""
ball,2,20.2,England,AN Cook,IJL Trott,RA Jadeja,1,0,"",""
ball,2,20.3,England,IJL Trott,AN Cook,RA Jadeja,0,0,"",""
ball,2,20.4,England,IJL Trott,AN Cook,RA Jadeja,1,0,"",""
ball,2,20.5,England,AN Cook,IJL Trott,RA Jadeja,0,0,"",""
ball,2,20.6,England,AN Cook,IJL Trott,RA Jadeja,2,0,"",""
ball,2,21.1,England,IJL Trott,AN Cook,R Ashwin,1,0,"",""
ball,2,21.2,England,AN Cook,IJL Trott,R Ashwin,1,0,"",""
ball,2,21.3,England,IJL Trott,AN Cook,R Ashwin,1,0,"",""
ball,2,21.4,England,AN Cook,IJL Trott,R Ashwin,1,0,"",""
ball,2,21.5,England,IJL Trott,AN Cook,R Ashwin,0,0,"",""
ball,2,21.6,England,IJL Trott,AN Cook,R Ashwin,0,0,"",""
ball,2,22.1,England,AN Cook,IJL Trott,RA Jadeja,2,0,"",""
ball,2,22.2,England,AN Cook,IJL Trott,RA Jadeja,0,0,"",""
ball,2,22.3,England,AN Cook,IJL Trott,RA Jadeja,0,0,"",""
ball,2,22.4,England,AN Cook,IJL Trott,RA Jadeja,0,0,caught,AN Cook
ball,2,22.5,England,RS Bopara,IJL Trott,RA Jadeja,2,0,"",""
ball,2,22.6,England,RS Bopara,IJL Trott,RA Jadeja,0,0,"",""
ball,2,23.1,England,IJL Trott,RS Bopara,R Ashwin,0,0,"",""
ball,2,23.2,England,IJL Trott,RS Bopara,R Ashwin,1,0,"",""
ball,2,23.3,England,RS Bopara,IJL Trott,R Ashwin,1,0,"",""
ball,2,23.4,England,IJL Trott,RS Bopara,R Ashwin,1,0,"",""
ball,2,23.5,England,RS Bopara,IJL Trott,R Ashwin,1,0,"",""
ball,2,23.6,England,IJL Trott,RS Bopara,R Ashwin,0,0,"",""
ball,2,24.1,England,RS Bopara,IJL Trott,RA Jadeja,1,0,"",""
ball,2,24.2,England,IJL Trott,RS Bopara,RA Jadeja,1,0,"",""
ball,2,24.3,England,RS Bopara,IJL Trott,RA Jadeja,1,0,"",""
ball,2,24.4,England,IJL Trott,RS Bopara,RA Jadeja,0,0,bowled,IJL Trott
ball,2,24.5,England,JM Bairstow,RS Bopara,RA Jadeja,1,0,"",""
ball,2,24.6,England,RS Bopara,JM Bairstow,RA Jadeja,1,0,"",""
ball,2,25.1,England,RS Bopara,JM Bairstow,R Ashwin,1,0,"",""
ball,2,25.2,England,JM Bairstow,RS Bopara,R Ashwin,0,0,"",""
ball,2,25.3,England,JM Bairstow,RS Bopara,R Ashwin,0,0,"",""
ball,2,25.4,England,JM Bairstow,RS Bopara,R Ashwin,1,0,"",""
ball,2,25.5,England,RS Bopara,JM Bairstow,R Ashwin,0,0,"",""
ball,2,25.6,England,RS Bopara,JM Bairstow,R Ashwin,0,0,caught and bowled,RS Bopara
ball,2,26.1,England,JM Bairstow,SR Patel,RA Jadeja,0,0,"",""
ball,2,26.2,England,JM Bairstow,SR Patel,RA Jadeja,1,0,"",""
ball,2,26.3,England,SR Patel,JM Bairstow,RA Jadeja,0,0,"",""
ball,2,26.4,England,SR Patel,JM Bairstow,RA Jadeja,1,0,"",""
ball,2,26.5,England,JM Bairstow,SR Patel,RA Jadeja,0,0,caught and bowled,JM Bairstow
ball,2,26.6,England,TT Bresnan,SR Patel,RA Jadeja,0,0,"",""
ball,2,27.1,England,SR Patel,TT Bresnan,R Ashwin,1,0,"",""
ball,2,27.2,England,TT Bresnan,SR Patel,R Ashwin,0,0,"",""
ball,2,27.3,England,TT Bresnan,SR Patel,R Ashwin,0,0,"",""
ball,2,27.4,England,TT Bresnan,SR Patel,R Ashwin,0,0,"",""
ball,2,27.5,England,TT Bresnan,SR Patel,R Ashwin,4,0,"",""
ball,2,27.6,England,TT Bresnan,SR Patel,R Ashwin,0,0,"",""
ball,2,28.1,England,SR Patel,TT Bresnan,RA Jadeja,0,0,"",""
ball,2,28.2,England,SR Patel,TT Bresnan,RA Jadeja,0,0,"",""
ball,2,28.3,England,SR Patel,TT Bresnan,RA Jadeja,2,0,"",""
ball,2,28.4,England,SR Patel,TT Bresnan,RA Jadeja,0,0,"",""
ball,2,28.5,England,SR Patel,TT Bresnan,RA Jadeja,0,0,"",""
ball,2,28.6,England,SR Patel,TT Bresnan,RA Jadeja,0,0,"",""
ball,2,29.1,England,TT Bresnan,SR Patel,R Ashwin,0,0,"",""
ball,2,29.2,England,TT Bresnan,SR Patel,R Ashwin,0,0,"",""
ball,2,29.3,England,TT Bresnan,SR Patel,R Ashwin,0,1,stumped,TT Bresnan
ball,2,29.4,England,GP Swann,SR Patel,R Ashwin,1,0,"",""
ball,2,29.5,England,SR Patel,GP Swann,R Ashwin,1,0,"",""
ball,2,29.6,England,GP Swann,SR Patel,R Ashwin,4,0,"",""
ball,2,29.7,England,GP Swann,SR Patel,R Ashwin,1,0,"",""
ball,2,30.1,England,GP Swann,SR Patel,RA Jadeja,1,0,"",""
ball,2,30.2,England,SR Patel,GP Swann,RA Jadeja,0,0,"",""
ball,2,30.3,England,SR Patel,GP Swann,RA Jadeja,4,0,"",""
ball,2,30.4,England,SR Patel,GP Swann,RA Jadeja,1,0,"",""
ball,2,30.5,England,GP Swann,SR Patel,RA Jadeja,1,0,"",""
ball,2,30.6,England,SR Patel,GP Swann,RA Jadeja,0,0,"",""
ball,2,31.1,England,GP Swann,SR Patel,UT Yadav,0,0,"",""
ball,2,31.2,England,GP Swann,SR Patel,UT Yadav,0,0,"",""
ball,2,31.3,England,GP Swann,SR Patel,UT Yadav,0,0,"",""
ball,2,31.4,England,GP Swann,SR Patel,UT Yadav,0,0,bowled,GP Swann
ball,2,31.5,England,ST Finn,SR Patel,UT Yadav,2,0,"",""
ball,2,31.6,England,ST Finn,SR Patel,UT Yadav,0,0,"",""
ball,2,32.1,England,SR Patel,ST Finn,P Kumar,1,0,"",""
ball,2,32.2,England,ST Finn,SR Patel,P Kumar,0,0,"",""
ball,2,32.3,England,ST Finn,SR Patel,P Kumar,0,0,"",""
ball,2,32.4,England,ST Finn,SR Patel,P Kumar,1,0,"",""
ball,2,32.5,England,SR Patel,ST Finn,P Kumar,1,0,"",""
ball,2,32.6,England,ST Finn,SR Patel,P Kumar,1,0,"",""
ball,2,33.1,England,ST Finn,SR Patel,UT Yadav,0,0,"",""
ball,2,33.2,England,ST Finn,SR Patel,UT Yadav,4,0,"",""
ball,2,33.3,England,ST Finn,SR Patel,UT Yadav,1,0,"",""
ball,2,33.4,England,SR Patel,ST Finn,UT Yadav,4,0,"",""
ball,2,33.5,England,SR Patel,ST Finn,UT Yadav,0,0,bowled,SR Patel
ball,2,33.6,England,JW Dernbach,ST Finn,UT Yadav,0,0,"",""
ball,2,34.1,England,ST Finn,JW Dernbach,R Ashwin,1,0,"",""
ball,2,34.2,England,JW Dernbach,ST Finn,R Ashwin,1,0,"",""
ball,2,34.3,England,ST Finn,JW Dernbach,R Ashwin,0,0,"",""
ball,2,34.4,England,ST Finn,JW Dernbach,R Ashwin,0,0,"",""
ball,2,34.5,England,ST Finn,JW Dernbach,R Ashwin,1,0,"",""
ball,2,34.6,England,JW Dernbach,ST Finn,R Ashwin,0,0,"",""
ball,2,35.1,England,ST Finn,JW Dernbach,RA Jadeja,0,0,"",""
ball,2,35.2,England,ST Finn,JW Dernbach,RA Jadeja,0,0,"",""
ball,2,35.3,England,ST Finn,JW Dernbach,RA Jadeja,0,0,"",""
ball,2,35.4,England,ST Finn,JW Dernbach,RA Jadeja,6,0,"",""
ball,2,35.5,England,ST Finn,JW Dernbach,RA Jadeja,1,0,"",""
ball,2,35.6,England,JW Dernbach,ST Finn,RA Jadeja,1,0,"",""
ball,2,36.1,England,JW Dernbach,ST Finn,R Ashwin,0,0,bowled,JW Dernbach
