version,1.3.0
info,team,Zimbabwe
info,team,Bangladesh
info,gender,male
info,season,2011
info,date,2011/08/16
info,series,Bangladesh in Zimbabwe ODI Series
info,match_number,3
info,venue,Harare Sports Club
info,city,
info,toss_winner,Bangladesh
info,toss_decision,field
info,player_of_match,Mushfiqur Rahim
info,umpire,HDPK Dharmasena
info,umpire,RB Tiffin
info,reserve_umpire,L Rusere
info,tv_umpire,TJ Matibiri
info,match_referee,RS Mahanama
info,winner,Zimbabwe
info,winner_runs,5
ball,1,0.1,Zimbabwe,BRM Taylor,V Sibanda,Shafiul Islam,0,0,"",""
ball,1,0.2,Zimbabwe,BRM Taylor,V Sibanda,Shafiul Islam,0,0,"",""
ball,1,0.3,Zimbabwe,BRM Taylor,V Sibanda,Shafiul Islam,0,0,"",""
ball,1,0.4,Zimbabwe,BRM Taylor,V Sibanda,Shafiul Islam,1,0,"",""
ball,1,0.5,Zimbabwe,V Sibanda,BRM Taylor,Shafiul Islam,0,0,"",""
ball,1,0.6,Zimbabwe,V Sibanda,BRM Taylor,Shafiul Islam,0,0,"",""
ball,1,1.1,Zimbabwe,BRM Taylor,V Sibanda,Nazmul Hossain,0,0,"",""
ball,1,1.2,Zimbabwe,BRM Taylor,V Sibanda,Nazmul Hossain,0,0,"",""
ball,1,1.3,Zimbabwe,BRM Taylor,V Sibanda,Nazmul Hossain,0,1,"",""
ball,1,1.4,Zimbabwe,V Sibanda,BRM Taylor,Nazmul Hossain,0,0,"",""
ball,1,1.5,Zimbabwe,V Sibanda,BRM Taylor,Nazmul Hossain,0,0,"",""
ball,1,1.6,Zimbabwe,V Sibanda,BRM Taylor,Nazmul Hossain,0,0,"",""
ball,1,2.1,Zimbabwe,BRM Taylor,V Sibanda,Shafiul Islam,0,0,"",""
ball,1,2.2,Zimbabwe,BRM Taylor,V Sibanda,Shafiul Islam,0,0,"",""
ball,1,2.3,Zimbabwe,BRM Taylor,V Sibanda,Shafiul Islam,3,0,"",""
ball,1,2.4,Zimbabwe,V Sibanda,BRM Taylor,Shafiul Islam,1,0,"",""
ball,1,2.5,Zimbabwe,BRM Taylor,V Sibanda,Shafiul Islam,0,0,"",""
ball,1,2.6,Zimbabwe,BRM Taylor,V Sibanda,Shafiul Islam,0,0,"",""
ball,1,3.1,Zimbabwe,V Sibanda,BRM Taylor,Nazmul Hossain,0,0,"",""
ball,1,3.2,Zimbabwe,V Sibanda,BRM Taylor,Nazmul Hossain,0,0,"",""
ball,1,3.3,Zimbabwe,V Sibanda,BRM Taylor,Nazmul Hossain,0,0,"",""
ball,1,3.4,Zimbabwe,V Sibanda,BRM Taylor,Nazmul Hossain,3,0,"",""
ball,1,3.5,Zimbabwe,BRM Taylor,V Sibanda,Nazmul Hossain,0,0,"",""
ball,1,3.6,Zimbabwe,BRM Taylor,V Sibanda,Nazmul Hossain,0,0,"",""
ball,1,4.1,Zimbabwe,V Sibanda,BRM Taylor,Shafiul Islam,0,0,"",""
ball,1,4.2,Zimbabwe,V Sibanda,BRM Taylor,Shafiul Islam,0,0,"",""
ball,1,4.3,Zimbabwe,V Sibanda,BRM Taylor,Shafiul Islam,1,0,"",""
ball,1,4.4,Zimbabwe,BRM Taylor,V Sibanda,Shafiul Islam,0,0,"",""
ball,1,4.5,Zimbabwe,BRM Taylor,V Sibanda,Shafiul Islam,0,0,"",""
ball,1,4.6,Zimbabwe,BRM Taylor,V Sibanda,Shafiul Islam,0,0,"",""
ball,1,5.1,Zimbabwe,V Sibanda,BRM Taylor,Nazmul Hossain,0,0,"",""
ball,1,5.2,Zimbabwe,V Sibanda,BRM Taylor,Nazmul Hossain,0,0,"",""
ball,1,5.3,Zimbabwe,V Sibanda,BRM Taylor,Nazmul Hossain,0,0,"",""
ball,1,5.4,Zimbabwe,V Sibanda,BRM Taylor,Nazmul Hossain,0,0,"",""
ball,1,5.5,Zimbabwe,V Sibanda,BRM Taylor,Nazmul Hossain,0,0,"",""
ball,1,5.6,Zimbabwe,V Sibanda,BRM Taylor,Nazmul Hossain,4,0,"",""
ball,1,6.1,Zimbabwe,BRM Taylor,V Sibanda,Shafiul Islam,0,0,"",""
ball,1,6.2,Zimbabwe,BRM Taylor,V Sibanda,Shafiul Islam,0,0,"",""
ball,1,6.3,Zimbabwe,BRM Taylor,V Sibanda,Shafiul Islam,0,0,caught,BRM Taylor
ball,1,6.4,Zimbabwe,H Masakadza,V Sibanda,Shafiul Islam,0,0,"",""
ball,1,6.5,Zimbabwe,H Masakadza,V Sibanda,Shafiul Islam,0,0,"",""
ball,1,6.6,Zimbabwe,H Masakadza,V Sibanda,Shafiul Islam,0,0,"",""
ball,1,7.1,Zimbabwe,V Sibanda,H Masakadza,Nazmul Hossain,0,0,"",""
ball,1,7.2,Zimbabwe,V Sibanda,H Masakadza,Nazmul Hossain,1,0,"",""
ball,1,7.3,Zimbabwe,H Masakadza,V Sibanda,Nazmul Hossain,0,0,"",""
ball,1,7.4,Zimbabwe,H Masakadza,V Sibanda,Nazmul Hossain,0,0,"",""
ball,1,7.5,Zimbabwe,H Masakadza,V Sibanda,Nazmul Hossain,0,0,"",""
ball,1,7.6,Zimbabwe,H Masakadza,V Sibanda,Nazmul Hossain,0,0,"",""
ball,1,8.1,Zimbabwe,V Sibanda,H Masakadza,Shafiul Islam,0,0,"",""
ball,1,8.2,Zimbabwe,V Sibanda,H Masakadza,Shafiul Islam,0,0,"",""
ball,1,8.3,Zimbabwe,V Sibanda,H Masakadza,Shafiul Islam,0,0,"",""
ball,1,8.4,Zimbabwe,V Sibanda,H Masakadza,Shafiul Islam,1,0,"",""
ball,1,8.5,Zimbabwe,H Masakadza,V Sibanda,Shafiul Islam,1,0,"",""
ball,1,8.6,Zimbabwe,V Sibanda,H Masakadza,Shafiul Islam,4,0,"",""
ball,1,9.1,Zimbabwe,H Masakadza,V Sibanda,Nazmul Hossain,0,0,"",""
ball,1,9.2,Zimbabwe,H Masakadza,V Sibanda,Nazmul Hossain,0,1,"",""
ball,1,9.3,Zimbabwe,H Masakadza,V Sibanda,Nazmul Hossain,0,0,"",""
ball,1,9.4,Zimbabwe,H Masakadza,V Sibanda,Nazmul Hossain,0,0,"",""
ball,1,9.5,Zimbabwe,H Masakadza,V Sibanda,Nazmul Hossain,0,0,"",""
ball,1,9.6,Zimbabwe,H Masakadza,V Sibanda,Nazmul Hossain,0,0,"",""
ball,1,9.7,Zimbabwe,H Masakadza,V Sibanda,Nazmul Hossain,0,0,"",""
ball,1,10.1,Zimbabwe,V Sibanda,H Masakadza,Shafiul Islam,4,0,"",""
ball,1,10.2,Zimbabwe,V Sibanda,H Masakadza,Shafiul Islam,0,0,"",""
ball,1,10.3,Zimbabwe,V Sibanda,H Masakadza,Shafiul Islam,0,0,"",""
ball,1,10.4,Zimbabwe,V Sibanda,H Masakadza,Shafiul Islam,4,0,"",""
ball,1,10.5,Zimbabwe,V Sibanda,H Masakadza,Shafiul Islam,0,0,"",""
ball,1,10.6,Zimbabwe,V Sibanda,H Masakadza,Shafiul Islam,0,0,"",""
ball,1,11.1,Zimbabwe,H Masakadza,V Sibanda,Rubel Hossain,0,0,"",""
ball,1,11.2,Zimbabwe,H Masakadza,V Sibanda,Rubel Hossain,0,0,"",""
ball,1,11.3,Zimbabwe,H Masakadza,V Sibanda,Rubel Hossain,1,0,"",""
ball,1,11.4,Zimbabwe,V Sibanda,H Masakadza,Rubel Hossain,4,0,"",""
ball,1,11.5,Zimbabwe,V Sibanda,H Masakadza,Rubel Hossain,0,0,"",""
ball,1,11.6,Zimbabwe,V Sibanda,H Masakadza,Rubel Hossain,0,0,"",""
ball,1,12.1,Zimbabwe,H Masakadza,V Sibanda,Shafiul Islam,0,0,"",""
ball,1,12.2,Zimbabwe,H Masakadza,V Sibanda,Shafiul Islam,0,0,"",""
ball,1,12.3,Zimbabwe,H Masakadza,V Sibanda,Shafiul Islam,0,0,"",""
ball,1,12.4,Zimbabwe,H Masakadza,V Sibanda,Shafiul Islam,0,0,"",""
ball,1,12.5,Zimbabwe,H Masakadza,V Sibanda,Shafiul Islam,4,0,"",""
ball,1,12.6,Zimbabwe,H Masakadza,V Sibanda,Shafiul Islam,0,0,"",""
ball,1,13.1,Zimbabwe,V Sibanda,H Masakadza,Rubel Hossain,0,0,caught,V Sibanda
ball,1,13.2,Zimbabwe,T Taibu,H Masakadza,Rubel Hossain,0,0,"",""
ball,1,13.3,Zimbabwe,T Taibu,H Masakadza,Rubel Hossain,0,0,"",""
ball,1,13.4,Zimbabwe,T Taibu,H Masakadza,Rubel Hossain,0,0,"",""
ball,1,13.5,Zimbabwe,T Taibu,H Masakadza,Rubel Hossain,0,0,"",""
ball,1,13.6,Zimbabwe,T Taibu,H Masakadza,Rubel Hossain,1,0,"",""
ball,1,14.1,Zimbabwe,T Taibu,H Masakadza,Shafiul Islam,0,0,"",""
ball,1,14.2,Zimbabwe,T Taibu,H Masakadza,Shafiul Islam,0,0,"",""
ball,1,14.3,Zimbabwe,T Taibu,H Masakadza,Shafiul Islam,0,0,"",""
ball,1,14.4,Zimbabwe,T Taibu,H Masakadza,Shafiul Islam,0,0,"",""
ball,1,14.5,Zimbabwe,T Taibu,H Masakadza,Shafiul Islam,0,0,"",""
ball,1,14.6,Zimbabwe,T Taibu,H Masakadza,Shafiul Islam,0,0,"",""
ball,1,15.1,Zimbabwe,H Masakadza,T Taibu,Rubel Hossain,1,0,"",""
ball,1,15.2,Zimbabwe,T Taibu,H Masakadza,Rubel Hossain,0,0,"",""
ball,1,15.3,Zimbabwe,T Taibu,H Masakadza,Rubel Hossain,0,0,"",""
ball,1,15.4,Zimbabwe,T Taibu,H Masakadza,Rubel Hossain,0,0,"",""
ball,1,15.5,Zimbabwe,T Taibu,H Masakadza,Rubel Hossain,0,0,"",""
ball,1,15.6,Zimbabwe,T Taibu,H Masakadza,Rubel Hossain,0,0,"",""
ball,1,16.1,Zimbabwe,H Masakadza,T Taibu,Nazmul Hossain,0,0,"",""
ball,1,16.2,Zimbabwe,H Masakadza,T Taibu,Nazmul Hossain,0,0,"",""
ball,1,16.3,Zimbabwe,H Masakadza,T Taibu,Nazmul Hossain,0,0,"",""
ball,1,16.4,Zimbabwe,H Masakadza,T Taibu,Nazmul Hossain,1,0,"",""
ball,1,16.5,Zimbabwe,T Taibu,H Masakadza,Nazmul Hossain,0,0,"",""
ball,1,16.6,Zimbabwe,T Taibu,H Masakadza,Nazmul Hossain,0,0,"",""
ball,1,17.1,Zimbabwe,H Masakadza,T Taibu,Rubel Hossain,0,0,"",""
ball,1,17.2,Zimbabwe,H Masakadza,T Taibu,Rubel Hossain,1,0,"",""
ball,1,17.3,Zimbabwe,T Taibu,H Masakadza,Rubel Hossain,1,0,"",""
ball,1,17.4,Zimbabwe,H Masakadza,T Taibu,Rubel Hossain,0,0,"",""
ball,1,17.5,Zimbabwe,H Masakadza,T Taibu,Rubel Hossain,1,0,"",""
ball,1,17.6,Zimbabwe,T Taibu,H Masakadza,Rubel Hossain,0,0,"",""
ball,1,18.1,Zimbabwe,H Masakadza,T Taibu,Nasir Hossain,0,0,"",""
ball,1,18.2,Zimbabwe,H Masakadza,T Taibu,Nasir Hossain,1,0,"",""
ball,1,18.3,Zimbabwe,T Taibu,H Masakadza,Nasir Hossain,0,0,"",""
ball,1,18.4,Zimbabwe,T Taibu,H Masakadza,Nasir Hossain,4,0,"",""
ball,1,18.5,Zimbabwe,T Taibu,H Masakadza,Nasir Hossain,4,0,"",""
ball,1,18.6,Zimbabwe,T Taibu,H Masakadza,Nasir Hossain,0,0,"",""
ball,1,19.1,Zimbabwe,H Masakadza,T Taibu,Rubel Hossain,1,0,"",""
ball,1,19.2,Zimbabwe,T Taibu,H Masakadza,Rubel Hossain,4,0,"",""
ball,1,19.3,Zimbabwe,T Taibu,H Masakadza,Rubel Hossain,0,0,"",""
ball,1,19.4,Zimbabwe,T Taibu,H Masakadza,Rubel Hossain,1,0,"",""
ball,1,19.5,Zimbabwe,H Masakadza,T Taibu,Rubel Hossain,0,0,"",""
ball,1,19.6,Zimbabwe,H Masakadza,T Taibu,Rubel Hossain,0,0,"",""
ball,1,20.1,Zimbabwe,T Taibu,H Masakadza,Nasir Hossain,1,0,"",""
ball,1,20.2,Zimbabwe,H Masakadza,T Taibu,Nasir Hossain,4,0,"",""
ball,1,20.3,Zimbabwe,H Masakadza,T Taibu,Nasir Hossain,1,0,"",""
ball,1,20.4,Zimbabwe,T Taibu,H Masakadza,Nasir Hossain,0,0,"",""
ball,1,20.5,Zimbabwe,T Taibu,H Masakadza,Nasir Hossain,0,0,"",""
ball,1,20.6,Zimbabwe,T Taibu,H Masakadza,Nasir Hossain,4,0,"",""
ball,1,21.1,Zimbabwe,H Masakadza,T Taibu,Mahmudullah,2,0,"",""
ball,1,21.2,Zimbabwe,H Masakadza,T Taibu,Mahmudullah,1,0,"",""
ball,1,21.3,Zimbabwe,T Taibu,H Masakadza,Mahmudullah,0,0,"",""
ball,1,21.4,Zimbabwe,T Taibu,H Masakadza,Mahmudullah,0,0,"",""
ball,1,21.5,Zimbabwe,T Taibu,H Masakadza,Mahmudullah,2,0,"",""
ball,1,21.6,Zimbabwe,T Taibu,H Masakadza,Mahmudullah,0,0,"",""
ball,1,22.1,Zimbabwe,H Masakadza,T Taibu,Shakib Al Hasan,4,0,"",""
ball,1,22.2,Zimbabwe,H Masakadza,T Taibu,Shakib Al Hasan,1,0,"",""
ball,1,22.3,Zimbabwe,T Taibu,H Masakadza,Shakib Al Hasan,1,0,"",""
ball,1,22.4,Zimbabwe,H Masakadza,T Taibu,Shakib Al Hasan,0,0,"",""
ball,1,22.5,Zimbabwe,H Masakadza,T Taibu,Shakib Al Hasan,1,0,"",""
ball,1,22.6,Zimbabwe,T Taibu,H Masakadza,Shakib Al Hasan,1,0,"",""
ball,1,23.1,Zimbabwe,T Taibu,H Masakadza,Mahmudullah,1,0,"",""
ball,1,23.2,Zimbabwe,H Masakadza,T Taibu,Mahmudullah,1,0,"",""
ball,1,23.3,Zimbabwe,T Taibu,H Masakadza,Mahmudullah,0,0,"",""
ball,1,23.4,Zimbabwe,T Taibu,H Masakadza,Mahmudullah,0,0,"",""
ball,1,23.5,Zimbabwe,T Taibu,H Masakadza,Mahmudullah,1,0,"",""
ball,1,23.6,Zimbabwe,H Masakadza,T Taibu,Mahmudullah,0,0,"",""
ball,1,24.1,Zimbabwe,T Taibu,H Masakadza,Shakib Al Hasan,4,0,"",""
ball,1,24.2,Zimbabwe,T Taibu,H Masakadza,Shakib Al Hasan,1,0,"",""
ball,1,24.3,Zimbabwe,H Masakadza,T Taibu,Shakib Al Hasan,1,0,"",""
ball,1,24.4,Zimbabwe,T Taibu,H Masakadza,Shakib Al Hasan,0,0,"",""
ball,1,24.5,Zimbabwe,T Taibu,H Masakadza,Shakib Al Hasan,0,0,"",""
ball,1,24.6,Zimbabwe,T Taibu,H Masakadza,Shakib Al Hasan,1,0,"",""
ball,1,25.1,Zimbabwe,T Taibu,H Masakadza,Mahmudullah,0,0,"",""
ball,1,25.2,Zimbabwe,T Taibu,H Masakadza,Mahmudullah,0,0,"",""
ball,1,25.3,Zimbabwe,T Taibu,H Masakadza,Mahmudullah,0,0,"",""
ball,1,25.4,Zimbabwe,T Taibu,H Masakadza,Mahmudullah,0,0,"",""
ball,1,25.5,Zimbabwe,T Taibu,H Masakadza,Mahmudullah,1,0,"",""
ball,1,25.6,Zimbabwe,H Masakadza,T Taibu,Mahmudullah,1,0,"",""
ball,1,26.1,Zimbabwe,H Masakadza,T Taibu,Nasir Hossain,1,0,"",""
ball,1,26.2,Zimbabwe,T Taibu,H Masakadza,Nasir Hossain,2,0,"",""
ball,1,26.3,Zimbabwe,T Taibu,H Masakadza,Nasir Hossain,0,0,"",""
ball,1,26.4,Zimbabwe,T Taibu,H Masakadza,Nasir Hossain,1,0,"",""
ball,1,26.5,Zimbabwe,H Masakadza,T Taibu,Nasir Hossain,1,0,"",""
ball,1,26.6,Zimbabwe,T Taibu,H Masakadza,Nasir Hossain,0,0,"",""
ball,1,27.1,Zimbabwe,H Masakadza,T Taibu,Mahmudullah,0,0,"",""
ball,1,27.2,Zimbabwe,H Masakadza,T Taibu,Mahmudullah,0,0,"",""
ball,1,27.3,Zimbabwe,H Masakadza,T Taibu,Mahmudullah,0,0,"",""
ball,1,27.4,Zimbabwe,H Masakadza,T Taibu,Mahmudullah,0,0,"",""
ball,1,27.5,Zimbabwe,H Masakadza,T Taibu,Mahmudullah,0,0,"",""
ball,1,27.6,Zimbabwe,H Masakadza,T Taibu,Mahmudullah,0,0,"",""
ball,1,28.1,Zimbabwe,T Taibu,H Masakadza,Nasir Hossain,0,0,"",""
ball,1,28.2,Zimbabwe,T Taibu,H Masakadza,Nasir Hossain,0,0,"",""
ball,1,28.3,Zimbabwe,T Taibu,H Masakadza,Nasir Hossain,0,0,"",""
ball,1,28.4,Zimbabwe,T Taibu,H Masakadza,Nasir Hossain,4,0,"",""
ball,1,28.5,Zimbabwe,T Taibu,H Masakadza,Nasir Hossain,1,0,"",""
ball,1,28.6,Zimbabwe,H Masakadza,T Taibu,Nasir Hossain,1,0,"",""
ball,1,29.1,Zimbabwe,H Masakadza,T Taibu,Mahmudullah,6,0,"",""
ball,1,29.2,Zimbabwe,H Masakadza,T Taibu,Mahmudullah,0,0,"",""
ball,1,29.3,Zimbabwe,H Masakadza,T Taibu,Mahmudullah,1,0,"",""
ball,1,29.4,Zimbabwe,T Taibu,H Masakadza,Mahmudullah,0,0,"",""
ball,1,29.5,Zimbabwe,T Taibu,H Masakadza,Mahmudullah,0,0,"",""
ball,1,29.6,Zimbabwe,T Taibu,H Masakadza,Mahmudullah,0,0,"",""
ball,1,30.1,Zimbabwe,H Masakadza,T Taibu,Nasir Hossain,0,0,"",""
ball,1,30.2,Zimbabwe,H Masakadza,T Taibu,Nasir Hossain,1,0,"",""
ball,1,30.3,Zimbabwe,T Taibu,H Masakadza,Nasir Hossain,0,0,"",""
ball,1,30.4,Zimbabwe,T Taibu,H Masakadza,Nasir Hossain,0,0,"",""
ball,1,30.5,Zimbabwe,T Taibu,H Masakadza,Nasir Hossain,0,0,"",""
ball,1,30.6,Zimbabwe,T Taibu,H Masakadza,Nasir Hossain,0,0,"",""
ball,1,31.1,Zimbabwe,H Masakadza,T Taibu,Mahmudullah,0,0,"",""
ball,1,31.2,Zimbabwe,H Masakadza,T Taibu,Mahmudullah,0,0,"",""
ball,1,31.3,Zimbabwe,H Masakadza,T Taibu,Mahmudullah,1,0,"",""
ball,1,31.4,Zimbabwe,T Taibu,H Masakadza,Mahmudullah,3,0,"",""
ball,1,31.5,Zimbabwe,H Masakadza,T Taibu,Mahmudullah,1,0,"",""
ball,1,31.6,Zimbabwe,T Taibu,H Masakadza,Mahmudullah,0,0,"",""
ball,1,32.1,Zimbabwe,H Masakadza,T Taibu,Nasir Hossain,0,0,"",""
ball,1,32.2,Zimbabwe,H Masakadza,T Taibu,Nasir Hossain,2,0,"",""
ball,1,32.3,Zimbabwe,H Masakadza,T Taibu,Nasir Hossain,0,0,"",""
ball,1,32.4,Zimbabwe,H Masakadza,T Taibu,Nasir Hossain,0,0,"",""
ball,1,32.5,Zimbabwe,H Masakadza,T Taibu,Nasir Hossain,1,0,"",""
ball,1,32.6,Zimbabwe,T Taibu,H Masakadza,Nasir Hossain,3,0,"",""
ball,1,33.1,Zimbabwe,T Taibu,H Masakadza,Rubel Hossain,1,0,"",""
ball,1,33.2,Zimbabwe,H Masakadza,T Taibu,Rubel Hossain,0,0,"",""
ball,1,33.3,Zimbabwe,H Masakadza,T Taibu,Rubel Hossain,0,0,"",""
ball,1,33.4,Zimbabwe,H Masakadza,T Taibu,Rubel Hossain,1,0,"",""
ball,1,33.5,Zimbabwe,T Taibu,H Masakadza,Rubel Hossain,1,0,"",""
ball,1,33.6,Zimbabwe,H Masakadza,T Taibu,Rubel Hossain,0,0,"",""
ball,1,34.1,Zimbabwe,T Taibu,H Masakadza,Nazmul Hossain,1,0,"",""
ball,1,34.2,Zimbabwe,H Masakadza,T Taibu,Nazmul Hossain,1,0,"",""
ball,1,34.3,Zimbabwe,T Taibu,H Masakadza,Nazmul Hossain,4,0,"",""
ball,1,34.4,Zimbabwe,T Taibu,H Masakadza,Nazmul Hossain,1,0,"",""
ball,1,34.5,Zimbabwe,H Masakadza,T Taibu,Nazmul Hossain,2,0,"",""
ball,1,34.6,Zimbabwe,H Masakadza,T Taibu,Nazmul Hossain,0,0,"",""
ball,1,35.1,Zimbabwe,T Taibu,H Masakadza,Rubel Hossain,1,0,"",""
ball,1,35.2,Zimbabwe,H Masakadza,T Taibu,Rubel Hossain,1,0,"",""
ball,1,35.3,Zimbabwe,T Taibu,H Masakadza,Rubel Hossain,0,0,"",""
ball,1,35.4,Zimbabwe,T Taibu,H Masakadza,Rubel Hossain,1,0,"",""
ball,1,35.5,Zimbabwe,H Masakadza,T Taibu,Rubel Hossain,0,0,"",""
ball,1,35.6,Zimbabwe,H Masakadza,T Taibu,Rubel Hossain,4,0,"",""
ball,1,36.1,Zimbabwe,T Taibu,H Masakadza,Mahmudullah,1,0,"",""
ball,1,36.2,Zimbabwe,H Masakadza,T Taibu,Mahmudullah,0,0,"",""
ball,1,36.3,Zimbabwe,H Masakadza,T Taibu,Mahmudullah,1,0,"",""
ball,1,36.4,Zimbabwe,T Taibu,H Masakadza,Mahmudullah,2,0,"",""
ball,1,36.5,Zimbabwe,T Taibu,H Masakadza,Mahmudullah,1,0,"",""
ball,1,36.6,Zimbabwe,H Masakadza,T Taibu,Mahmudullah,1,0,"",""
ball,1,37.1,Zimbabwe,H Masakadza,T Taibu,Rubel Hossain,1,0,"",""
ball,1,37.2,Zimbabwe,T Taibu,H Masakadza,Rubel Hossain,0,0,"",""
ball,1,37.3,Zimbabwe,T Taibu,H Masakadza,Rubel Hossain,0,0,"",""
ball,1,37.4,Zimbabwe,T Taibu,H Masakadza,Rubel Hossain,4,0,"",""
ball,1,37.5,Zimbabwe,T Taibu,H Masakadza,Rubel Hossain,0,0,"",""
ball,1,37.6,Zimbabwe,T Taibu,H Masakadza,Rubel Hossain,0,0,"",""
ball,1,38.1,Zimbabwe,H Masakadza,T Taibu,Shafiul Islam,1,0,"",""
ball,1,38.2,Zimbabwe,T Taibu,H Masakadza,Shafiul Islam,0,0,"",""
ball,1,38.3,Zimbabwe,T Taibu,H Masakadza,Shafiul Islam,1,0,"",""
ball,1,38.4,Zimbabwe,H Masakadza,T Taibu,Shafiul Islam,1,0,"",""
ball,1,38.5,Zimbabwe,T Taibu,H Masakadza,Shafiul Islam,0,1,"",""
ball,1,38.6,Zimbabwe,T Taibu,H Masakadza,Shafiul Islam,1,0,"",""
ball,1,38.7,Zimbabwe,H Masakadza,T Taibu,Shafiul Islam,1,0,"",""
ball,1,39.1,Zimbabwe,H Masakadza,T Taibu,Rubel Hossain,1,0,"",""
ball,1,39.2,Zimbabwe,T Taibu,H Masakadza,Rubel Hossain,1,0,"",""
ball,1,39.3,Zimbabwe,H Masakadza,T Taibu,Rubel Hossain,1,0,"",""
ball,1,39.4,Zimbabwe,T Taibu,H Masakadza,Rubel Hossain,1,0,"",""
ball,1,39.5,Zimbabwe,H Masakadza,T Taibu,Rubel Hossain,0,1,"",""
ball,1,39.6,Zimbabwe,T Taibu,H Masakadza,Rubel Hossain,1,0,"",""
ball,1,40.1,Zimbabwe,T Taibu,H Masakadza,Shafiul Islam,1,0,"",""
ball,1,40.2,Zimbabwe,H Masakadza,T Taibu,Shafiul Islam,2,0,"",""
ball,1,40.3,Zimbabwe,H Masakadza,T Taibu,Shafiul Islam,0,0,"",""
ball,1,40.4,Zimbabwe,H Masakadza,T Taibu,Shafiul Islam,0,0,"",""
ball,1,40.5,Zimbabwe,H Masakadza,T Taibu,Shafiul Islam,6,0,"",""
ball,1,40.6,Zimbabwe,H Masakadza,T Taibu,Shafiul Islam,1,0,"",""
ball,1,41.1,Zimbabwe,H Masakadza,T Taibu,Rubel Hossain,1,0,"",""
ball,1,41.2,Zimbabwe,T Taibu,H Masakadza,Rubel Hossain,1,0,"",""
ball,1,41.3,Zimbabwe,H Masakadza,T Taibu,Rubel Hossain,2,0,"",""
ball,1,41.4,Zimbabwe,H Masakadza,T Taibu,Rubel Hossain,0,0,bowled,H Masakadza
ball,1,41.5,Zimbabwe,CR Ervine,T Taibu,Rubel Hossain,0,0,"",""
ball,1,41.6,Zimbabwe,CR Ervine,T Taibu,Rubel Hossain,1,0,"",""
ball,1,42.1,Zimbabwe,CR Ervine,T Taibu,Mahmudullah,0,0,"",""
ball,1,42.2,Zimbabwe,CR Ervine,T Taibu,Mahmudullah,1,0,"",""
ball,1,42.3,Zimbabwe,T Taibu,CR Ervine,Mahmudullah,2,0,"",""
ball,1,42.4,Zimbabwe,T Taibu,CR Ervine,Mahmudullah,1,0,"",""
ball,1,42.5,Zimbabwe,CR Ervine,T Taibu,Mahmudullah,0,0,"",""
ball,1,42.6,Zimbabwe,CR Ervine,T Taibu,Mahmudullah,6,0,"",""
ball,1,43.1,Zimbabwe,T Taibu,CR Ervine,Shakib Al Hasan,1,0,"",""
ball,1,43.2,Zimbabwe,CR Ervine,T Taibu,Shakib Al Hasan,1,0,"",""
ball,1,43.3,Zimbabwe,T Taibu,CR Ervine,Shakib Al Hasan,1,0,"",""
ball,1,43.4,Zimbabwe,CR Ervine,T Taibu,Shakib Al Hasan,0,0,"",""
ball,1,43.5,Zimbabwe,CR Ervine,T Taibu,Shakib Al Hasan,1,0,"",""
ball,1,43.6,Zimbabwe,T Taibu,CR Ervine,Shakib Al Hasan,2,0,"",""
ball,1,44.1,Zimbabwe,CR Ervine,T Taibu,Mahmudullah,2,0,"",""
ball,1,44.2,Zimbabwe,CR Ervine,T Taibu,Mahmudullah,2,0,"",""
ball,1,44.3,Zimbabwe,CR Ervine,T Taibu,Mahmudullah,4,0,"",""
ball,1,44.4,Zimbabwe,CR Ervine,T Taibu,Mahmudullah,0,0,stumped,CR Ervine
ball,1,44.5,Zimbabwe,E Chigumbura,T Taibu,Mahmudullah,2,0,"",""
ball,1,44.6,Zimbabwe,E Chigumbura,T Taibu,Mahmudullah,1,0,"",""
ball,1,45.1,Zimbabwe,E Chigumbura,T Taibu,Shakib Al Hasan,1,0,"",""
ball,1,45.2,Zimbabwe,T Taibu,E Chigumbura,Shakib Al Hasan,1,0,"",""
ball,1,45.3,Zimbabwe,E Chigumbura,T Taibu,Shakib Al Hasan,0,0,"",""
ball,1,45.4,Zimbabwe,E Chigumbura,T Taibu,Shakib Al Hasan,0,1,"",""
ball,1,45.5,Zimbabwe,T Taibu,E Chigumbura,Shakib Al Hasan,1,0,"",""
ball,1,45.6,Zimbabwe,E Chigumbura,T Taibu,Shakib Al Hasan,1,0,"",""
ball,1,46.1,Zimbabwe,E Chigumbura,T Taibu,Nazmul Hossain,0,0,"",""
ball,1,46.2,Zimbabwe,E Chigumbura,T Taibu,Nazmul Hossain,1,0,"",""
ball,1,46.3,Zimbabwe,T Taibu,E Chigumbura,Nazmul Hossain,2,0,"",""
ball,1,46.4,Zimbabwe,T Taibu,E Chigumbura,Nazmul Hossain,0,0,caught,T Taibu
ball,1,46.5,Zimbabwe,E Chigumbura,F Mutizwa,Nazmul Hossain,0,0,"",""
ball,1,46.6,Zimbabwe,E Chigumbura,F Mutizwa,Nazmul Hossain,1,0,"",""
ball,1,47.1,Zimbabwe,E Chigumbura,F Mutizwa,Shakib Al Hasan,6,0,"",""
ball,1,47.2,Zimbabwe,E Chigumbura,F Mutizwa,Shakib Al Hasan,0,0,"",""
ball,1,47.3,Zimbabwe,E Chigumbura,F Mutizwa,Shakib Al Hasan,2,0,"",""
ball,1,47.4,Zimbabwe,E Chigumbura,F Mutizwa,Shakib Al Hasan,0,0,"",""
ball,1,47.5,Zimbabwe,E Chigumbura,F Mutizwa,Shakib Al Hasan,2,0,"",""
ball,1,47.6,Zimbabwe,E Chigumbura,F Mutizwa,Shakib Al Hasan,6,0,"",""
ball,1,48.1,Zimbabwe,F Mutizwa,E Chigumbura,Nazmul Hossain,1,0,"",""
ball,1,48.2,Zimbabwe,E Chigumbura,F Mutizwa,Nazmul Hossain,0,1,"",""
ball,1,48.3,Zimbabwe,E Chigumbura,F Mutizwa,Nazmul Hossain,1,0,"",""
ball,1,48.4,Zimbabwe,F Mutizwa,E Chigumbura,Nazmul Hossain,1,0,"",""
ball,1,48.5,Zimbabwe,E Chigumbura,F Mutizwa,Nazmul Hossain,2,0,"",""
ball,1,48.6,Zimbabwe,E Chigumbura,F Mutizwa,Nazmul Hossain,4,0,"",""
ball,1,48.7,Zimbabwe,E Chigumbura,F Mutizwa,Nazmul Hossain,1,0,"",""
ball,1,49.1,Zimbabwe,E Chigumbura,F Mutizwa,Shakib Al Hasan,0,0,caught,E Chigumbura
ball,1,49.2,Zimbabwe,F Mutizwa,P Utseya,Shakib Al Hasan,0,0,lbw,F Mutizwa
ball,1,49.3,Zimbabwe,KM Jarvis,P Utseya,Shakib Al Hasan,0,0,"",""
ball,1,49.4,Zimbabwe,KM Jarvis,P Utseya,Shakib Al Hasan,1,0,"",""
ball,1,49.5,Zimbabwe,P Utseya,KM Jarvis,Shakib Al Hasan,2,0,"",""
ball,1,49.6,Zimbabwe,P Utseya,KM Jarvis,Shakib Al Hasan,2,0,"",""
ball,2,0.1,Bangladesh,Tamim Iqbal,Imrul Kayes,BV Vitori,0,0,"",""
ball,2,0.2,Bangladesh,Tamim Iqbal,Imrul Kayes,BV Vitori,0,0,"",""
ball,2,0.3,Bangladesh,Tamim Iqbal,Imrul Kayes,BV Vitori,1,0,"",""
ball,2,0.4,Bangladesh,Imrul Kayes,Tamim Iqbal,BV Vitori,0,1,"",""
ball,2,0.5,Bangladesh,Tamim Iqbal,Imrul Kayes,BV Vitori,0,0,"",""
ball,2,0.6,Bangladesh,Tamim Iqbal,Imrul Kayes,BV Vitori,1,0,"",""
ball,2,1.1,Bangladesh,Tamim Iqbal,Imrul Kayes,KM Jarvis,3,0,"",""
ball,2,1.2,Bangladesh,Imrul Kayes,Tamim Iqbal,KM Jarvis,0,0,"",""
ball,2,1.3,Bangladesh,Imrul Kayes,Tamim Iqbal,KM Jarvis,0,0,"",""
ball,2,1.4,Bangladesh,Imrul Kayes,Tamim Iqbal,KM Jarvis,0,1,"",""
ball,2,1.5,Bangladesh,Imrul Kayes,Tamim Iqbal,KM Jarvis,0,0,"",""
ball,2,1.6,Bangladesh,Imrul Kayes,Tamim Iqbal,KM Jarvis,0,0,"",""
ball,2,1.7,Bangladesh,Imrul Kayes,Tamim Iqbal,KM Jarvis,0,0,"",""
ball,2,2.1,Bangladesh,Tamim Iqbal,Imrul Kayes,BV Vitori,0,0,"",""
ball,2,2.2,Bangladesh,Tamim Iqbal,Imrul Kayes,BV Vitori,1,0,"",""
ball,2,2.3,Bangladesh,Imrul Kayes,Tamim Iqbal,BV Vitori,0,0,"",""
ball,2,2.4,Bangladesh,Imrul Kayes,Tamim Iqbal,BV Vitori,4,0,"",""
ball,2,2.5,Bangladesh,Imrul Kayes,Tamim Iqbal,BV Vitori,0,0,"",""
ball,2,2.6,Bangladesh,Imrul Kayes,Tamim Iqbal,BV Vitori,0,1,"",""
ball,2,2.7,Bangladesh,Imrul Kayes,Tamim Iqbal,BV Vitori,0,0,"",""
ball,2,3.1,Bangladesh,Tamim Iqbal,Imrul Kayes,KM Jarvis,1,0,"",""
ball,2,3.2,Bangladesh,Imrul Kayes,Tamim Iqbal,KM Jarvis,1,0,"",""
ball,2,3.3,Bangladesh,Tamim Iqbal,Imrul Kayes,KM Jarvis,0,0,"",""
ball,2,3.4,Bangladesh,Tamim Iqbal,Imrul Kayes,KM Jarvis,0,0,"",""
ball,2,3.5,Bangladesh,Tamim Iqbal,Imrul Kayes,KM Jarvis,1,0,"",""
ball,2,3.6,Bangladesh,Imrul Kayes,Tamim Iqbal,KM Jarvis,1,0,"",""
ball,2,4.1,Bangladesh,Imrul Kayes,Tamim Iqbal,BV Vitori,0,0,"",""
ball,2,4.2,Bangladesh,Imrul Kayes,Tamim Iqbal,BV Vitori,1,0,"",""
ball,2,4.3,Bangladesh,Tamim Iqbal,Imrul Kayes,BV Vitori,2,0,"",""
ball,2,4.4,Bangladesh,Tamim Iqbal,Imrul Kayes,BV Vitori,0,0,"",""
ball,2,4.5,Bangladesh,Tamim Iqbal,Imrul Kayes,BV Vitori,0,0,"",""
ball,2,4.6,Bangladesh,Tamim Iqbal,Imrul Kayes,BV Vitori,1,0,"",""
ball,2,5.1,Bangladesh,Tamim Iqbal,Imrul Kayes,KM Jarvis,0,0,"",""
ball,2,5.2,Bangladesh,Tamim Iqbal,Imrul Kayes,KM Jarvis,0,0,"",""
ball,2,5.3,Bangladesh,Tamim Iqbal,Imrul Kayes,KM Jarvis,0,0,"",""
ball,2,5.4,Bangladesh,Tamim Iqbal,Imrul Kayes,KM Jarvis,1,0,"",""
ball,2,5.5,Bangladesh,Imrul Kayes,Tamim Iqbal,KM Jarvis,0,0,"",""
ball,2,5.6,Bangladesh,Imrul Kayes,Tamim Iqbal,KM Jarvis,0,0,"",""
ball,2,6.1,Bangladesh,Tamim Iqbal,Imrul Kayes,CB Mpofu,0,0,"",""
ball,2,6.2,Bangladesh,Tamim Iqbal,Imrul Kayes,CB Mpofu,1,0,"",""
ball,2,6.3,Bangladesh,Imrul Kayes,Tamim Iqbal,CB Mpofu,0,0,"",""
ball,2,6.4,Bangladesh,Imrul Kayes,Tamim Iqbal,CB Mpofu,0,0,"",""
ball,2,6.5,Bangladesh,Imrul Kayes,Tamim Iqbal,CB Mpofu,0,0,"",""
ball,2,6.6,Bangladesh,Imrul Kayes,Tamim Iqbal,CB Mpofu,0,0,"",""
ball,2,7.1,Bangladesh,Tamim Iqbal,Imrul Kayes,KM Jarvis,1,0,"",""
ball,2,7.2,Bangladesh,Imrul Kayes,Tamim Iqbal,KM Jarvis,0,0,"",""
ball,2,7.3,Bangladesh,Imrul Kayes,Tamim Iqbal,KM Jarvis,2,0,"",""
ball,2,7.4,Bangladesh,Imrul Kayes,Tamim Iqbal,KM Jarvis,0,0,"",""
ball,2,7.5,Bangladesh,Imrul Kayes,Tamim Iqbal,KM Jarvis,0,0,"",""
ball,2,7.6,Bangladesh,Imrul Kayes,Tamim Iqbal,KM Jarvis,0,0,"",""
ball,2,8.1,Bangladesh,Tamim Iqbal,Imrul Kayes,CB Mpofu,4,0,"",""
ball,2,8.2,Bangladesh,Tamim Iqbal,Imrul Kayes,CB Mpofu,2,0,"",""
ball,2,8.3,Bangladesh,Tamim Iqbal,Imrul Kayes,CB Mpofu,1,0,"",""
ball,2,8.4,Bangladesh,Imrul Kayes,Tamim Iqbal,CB Mpofu,0,0,"",""
ball,2,8.5,Bangladesh,Imrul Kayes,Tamim Iqbal,CB Mpofu,0,0,"",""
ball,2,8.6,Bangladesh,Imrul Kayes,Tamim Iqbal,CB Mpofu,0,0,"",""
ball,2,9.1,Bangladesh,Tamim Iqbal,Imrul Kayes,KM Jarvis,1,0,"",""
ball,2,9.2,Bangladesh,Imrul Kayes,Tamim Iqbal,KM Jarvis,1,0,"",""
ball,2,9.3,Bangladesh,Tamim Iqbal,Imrul Kayes,KM Jarvis,2,0,"",""
ball,2,9.4,Bangladesh,Tamim Iqbal,Imrul Kayes,KM Jarvis,1,0,"",""
ball,2,9.5,Bangladesh,Imrul Kayes,Tamim Iqbal,KM Jarvis,0,0,"",""
ball,2,9.6,Bangladesh,Imrul Kayes,Tamim Iqbal,KM Jarvis,0,0,"",""
ball,2,10.1,Bangladesh,Tamim Iqbal,Imrul Kayes,CB Mpofu,4,0,"",""
ball,2,10.2,Bangladesh,Tamim Iqbal,Imrul Kayes,CB Mpofu,1,0,"",""
ball,2,10.3,Bangladesh,Imrul Kayes,Tamim Iqbal,CB Mpofu,4,0,"",""
ball,2,10.4,Bangladesh,Imrul Kayes,Tamim Iqbal,CB Mpofu,1,0,"",""
ball,2,10.5,Bangladesh,Tamim Iqbal,Imrul Kayes,CB Mpofu,1,0,"",""
ball,2,10.6,Bangladesh,Imrul Kayes,Tamim Iqbal,CB Mpofu,1,0,"",""
ball,2,11.1,Bangladesh,Imrul Kayes,Tamim Iqbal,P Utseya,0,0,"",""
ball,2,11.2,Bangladesh,Imrul Kayes,Tamim Iqbal,P Utseya,0,0,"",""
ball,2,11.3,Bangladesh,Imrul Kayes,Tamim Iqbal,P Utseya,0,0,"",""
ball,2,11.4,Bangladesh,Imrul Kayes,Tamim Iqbal,P Utseya,0,0,"",""
ball,2,11.5,Bangladesh,Imrul Kayes,Tamim Iqbal,P Utseya,0,0,lbw,Imrul Kayes
ball,2,11.6,Bangladesh,Junaid Siddique,Tamim Iqbal,P Utseya,0,0,"",""
ball,2,12.1,Bangladesh,Tamim Iqbal,Junaid Siddique,CB Mpofu,0,0,"",""
ball,2,12.2,Bangladesh,Tamim Iqbal,Junaid Siddique,CB Mpofu,0,0,"",""
ball,2,12.3,Bangladesh,Tamim Iqbal,Junaid Siddique,CB Mpofu,1,0,"",""
ball,2,12.4,Bangladesh,Junaid Siddique,Tamim Iqbal,CB Mpofu,4,0,"",""
ball,2,12.5,Bangladesh,Junaid Siddique,Tamim Iqbal,CB Mpofu,0,0,"",""
ball,2,12.6,Bangladesh,Junaid Siddique,Tamim Iqbal,CB Mpofu,0,0,"",""
ball,2,13.1,Bangladesh,Tamim Iqbal,Junaid Siddique,P Utseya,1,0,"",""
ball,2,13.2,Bangladesh,Junaid Siddique,Tamim Iqbal,P Utseya,0,0,"",""
ball,2,13.3,Bangladesh,Junaid Siddique,Tamim Iqbal,P Utseya,1,0,"",""
ball,2,13.4,Bangladesh,Tamim Iqbal,Junaid Siddique,P Utseya,0,0,"",""
ball,2,13.5,Bangladesh,Tamim Iqbal,Junaid Siddique,P Utseya,0,0,"",""
ball,2,13.6,Bangladesh,Tamim Iqbal,Junaid Siddique,P Utseya,0,0,"",""
ball,2,14.1,Bangladesh,Junaid Siddique,Tamim Iqbal,CB Mpofu,0,0,"",""
ball,2,14.2,Bangladesh,Junaid Siddique,Tamim Iqbal,CB Mpofu,1,0,"",""
ball,2,14.3,Bangladesh,Tamim Iqbal,Junaid Siddique,CB Mpofu,0,0,"",""
ball,2,14.4,Bangladesh,Tamim Iqbal,Junaid Siddique,CB Mpofu,1,0,"",""
ball,2,14.5,Bangladesh,Junaid Siddique,Tamim Iqbal,CB Mpofu,0,0,"",""
ball,2,14.6,Bangladesh,Junaid Siddique,Tamim Iqbal,CB Mpofu,0,0,"",""
ball,2,15.1,Bangladesh,Tamim Iqbal,Junaid Siddique,P Utseya,0,0,"",""
ball,2,15.2,Bangladesh,Tamim Iqbal,Junaid Siddique,P Utseya,0,0,"",""
ball,2,15.3,Bangladesh,Tamim Iqbal,Junaid Siddique,P Utseya,1,0,"",""
ball,2,15.4,Bangladesh,Junaid Siddique,Tamim Iqbal,P Utseya,0,0,"",""
ball,2,15.5,Bangladesh,Junaid Siddique,Tamim Iqbal,P Utseya,1,0,"",""
ball,2,15.6,Bangladesh,Tamim Iqbal,Junaid Siddique,P Utseya,0,0,"",""
ball,2,16.1,Bangladesh,Junaid Siddique,Tamim Iqbal,CB Mpofu,0,0,"",""
ball,2,16.2,Bangladesh,Junaid Siddique,Tamim Iqbal,CB Mpofu,0,0,"",""
ball,2,16.3,Bangladesh,Junaid Siddique,Tamim Iqbal,CB Mpofu,0,0,"",""
ball,2,16.4,Bangladesh,Junaid Siddique,Tamim Iqbal,CB Mpofu,0,0,"",""
ball,2,16.5,Bangladesh,Junaid Siddique,Tamim Iqbal,CB Mpofu,4,0,"",""
ball,2,16.6,Bangladesh,Junaid Siddique,Tamim Iqbal,CB Mpofu,1,0,"",""
ball,2,17.1,Bangladesh,Junaid Siddique,Tamim Iqbal,P Utseya,0,0,caught and bowled,Junaid Siddique
ball,2,17.2,Bangladesh,Mushfiqur Rahim,Tamim Iqbal,P Utseya,1,0,"",""
ball,2,17.3,Bangladesh,Tamim Iqbal,Mushfiqur Rahim,P Utseya,0,0,"",""
ball,2,17.4,Bangladesh,Tamim Iqbal,Mushfiqur Rahim,P Utseya,1,0,"",""
ball,2,17.5,Bangladesh,Mushfiqur Rahim,Tamim Iqbal,P Utseya,0,0,"",""
ball,2,17.6,Bangladesh,Mushfiqur Rahim,Tamim Iqbal,P Utseya,0,0,"",""
ball,2,18.1,Bangladesh,Tamim Iqbal,Mushfiqur Rahim,BV Vitori,1,0,"",""
ball,2,18.2,Bangladesh,Mushfiqur Rahim,Tamim Iqbal,BV Vitori,0,0,"",""
ball,2,18.3,Bangladesh,Mushfiqur Rahim,Tamim Iqbal,BV Vitori,0,0,"",""
ball,2,18.4,Bangladesh,Mushfiqur Rahim,Tamim Iqbal,BV Vitori,0,0,"",""
ball,2,18.5,Bangladesh,Mushfiqur Rahim,Tamim Iqbal,BV Vitori,0,0,"",""
ball,2,18.6,Bangladesh,Mushfiqur Rahim,Tamim Iqbal,BV Vitori,0,0,"",""
ball,2,19.1,Bangladesh,Tamim Iqbal,Mushfiqur Rahim,E Chigumbura,1,0,"",""
ball,2,19.2,Bangladesh,Mushfiqur Rahim,Tamim Iqbal,E Chigumbura,0,0,"",""
ball,2,19.3,Bangladesh,Mushfiqur Rahim,Tamim Iqbal,E Chigumbura,5,0,"",""
ball,2,19.4,Bangladesh,Tamim Iqbal,Mushfiqur Rahim,E Chigumbura,1,0,"",""
ball,2,19.5,Bangladesh,Mushfiqur Rahim,Tamim Iqbal,E Chigumbura,4,0,"",""
ball,2,19.6,Bangladesh,Mushfiqur Rahim,Tamim Iqbal,E Chigumbura,0,0,"",""
ball,2,20.1,Bangladesh,Tamim Iqbal,Mushfiqur Rahim,BV Vitori,0,0,"",""
ball,2,20.2,Bangladesh,Tamim Iqbal,Mushfiqur Rahim,BV Vitori,0,0,"",""
ball,2,20.3,Bangladesh,Tamim Iqbal,Mushfiqur Rahim,BV Vitori,0,0,"",""
ball,2,20.4,Bangladesh,Tamim Iqbal,Mushfiqur Rahim,BV Vitori,0,0,"",""
ball,2,20.5,Bangladesh,Tamim Iqbal,Mushfiqur Rahim,BV Vitori,0,0,"",""
ball,2,20.6,Bangladesh,Tamim Iqbal,Mushfiqur Rahim,BV Vitori,1,0,"",""
ball,2,21.1,Bangladesh,Tamim Iqbal,Mushfiqur Rahim,E Chigumbura,1,0,"",""
ball,2,21.2,Bangladesh,Mushfiqur Rahim,Tamim Iqbal,E Chigumbura,1,0,"",""
ball,2,21.3,Bangladesh,Tamim Iqbal,Mushfiqur Rahim,E Chigumbura,0,0,"",""
ball,2,21.4,Bangladesh,Tamim Iqbal,Mushfiqur Rahim,E Chigumbura,1,0,"",""
ball,2,21.5,Bangladesh,Mushfiqur Rahim,Tamim Iqbal,E Chigumbura,0,0,"",""
ball,2,21.6,Bangladesh,Mushfiqur Rahim,Tamim Iqbal,E Chigumbura,1,0,"",""
ball,2,22.1,Bangladesh,Mushfiqur Rahim,Tamim Iqbal,BV Vitori,0,0,"",""
ball,2,22.2,Bangladesh,Mushfiqur Rahim,Tamim Iqbal,BV Vitori,0,0,"",""
ball,2,22.3,Bangladesh,Mushfiqur Rahim,Tamim Iqbal,BV Vitori,0,0,"",""
ball,2,22.4,Bangladesh,Mushfiqur Rahim,Tamim Iqbal,BV Vitori,0,0,"",""
ball,2,22.5,Bangladesh,Mushfiqur Rahim,Tamim Iqbal,BV Vitori,0,0,"",""
ball,2,22.6,Bangladesh,Mushfiqur Rahim,Tamim Iqbal,BV Vitori,1,0,"",""
ball,2,23.1,Bangladesh,Mushfiqur Rahim,Tamim Iqbal,E Chigumbura,0,0,"",""
ball,2,23.2,Bangladesh,Mushfiqur Rahim,Tamim Iqbal,E Chigumbura,1,0,"",""
ball,2,23.3,Bangladesh,Tamim Iqbal,Mushfiqur Rahim,E Chigumbura,1,0,"",""
ball,2,23.4,Bangladesh,Mushfiqur Rahim,Tamim Iqbal,E Chigumbura,0,0,"",""
ball,2,23.5,Bangladesh,Mushfiqur Rahim,Tamim Iqbal,E Chigumbura,1,0,"",""
ball,2,23.6,Bangladesh,Tamim Iqbal,Mushfiqur Rahim,E Chigumbura,0,0,"",""
ball,2,24.1,Bangladesh,Mushfiqur Rahim,Tamim Iqbal,BV Vitori,1,0,"",""
ball,2,24.2,Bangladesh,Tamim Iqbal,Mushfiqur Rahim,BV Vitori,1,0,run out,Tamim Iqbal
ball,2,24.3,Bangladesh,Shakib Al Hasan,Mushfiqur Rahim,BV Vitori,0,0,"",""
ball,2,24.4,Bangladesh,Shakib Al Hasan,Mushfiqur Rahim,BV Vitori,0,0,"",""
ball,2,24.5,Bangladesh,Shakib Al Hasan,Mushfiqur Rahim,BV Vitori,1,0,"",""
ball,2,24.6,Bangladesh,Mushfiqur Rahim,Shakib Al Hasan,BV Vitori,1,0,"",""
ball,2,25.1,Bangladesh,Mushfiqur Rahim,Shakib Al Hasan,E Chigumbura,1,0,"",""
ball,2,25.2,Bangladesh,Shakib Al Hasan,Mushfiqur Rahim,E Chigumbura,0,0,"",""
ball,2,25.3,Bangladesh,Shakib Al Hasan,Mushfiqur Rahim,E Chigumbura,6,0,"",""
ball,2,25.4,Bangladesh,Shakib Al Hasan,Mushfiqur Rahim,E Chigumbura,0,0,"",""
ball,2,25.5,Bangladesh,Shakib Al Hasan,Mushfiqur Rahim,E Chigumbura,0,0,"",""
ball,2,25.6,Bangladesh,Shakib Al Hasan,Mushfiqur Rahim,E Chigumbura,2,0,"",""
ball,2,26.1,Bangladesh,Mushfiqur Rahim,Shakib Al Hasan,CB Mpofu,0,0,"",""
ball,2,26.2,Bangladesh,Mushfiqur Rahim,Shakib Al Hasan,CB Mpofu,0,0,"",""
ball,2,26.3,Bangladesh,Mushfiqur Rahim,Shakib Al Hasan,CB Mpofu,0,0,"",""
ball,2,26.4,Bangladesh,Mushfiqur Rahim,Shakib Al Hasan,CB Mpofu,0,0,"",""
ball,2,26.5,Bangladesh,Mushfiqur Rahim,Shakib Al Hasan,CB Mpofu,0,0,"",""
ball,2,26.6,Bangladesh,Mushfiqur Rahim,Shakib Al Hasan,CB Mpofu,0,0,"",""
ball,2,27.1,Bangladesh,Shakib Al Hasan,Mushfiqur Rahim,KM Jarvis,0,0,"",""
ball,2,27.2,Bangladesh,Shakib Al Hasan,Mushfiqur Rahim,KM Jarvis,1,0,"",""
ball,2,27.3,Bangladesh,Mushfiqur Rahim,Shakib Al Hasan,KM Jarvis,1,0,"",""
ball,2,27.4,Bangladesh,Shakib Al Hasan,Mushfiqur Rahim,KM Jarvis,0,0,"",""
ball,2,27.5,Bangladesh,Shakib Al Hasan,Mushfiqur Rahim,KM Jarvis,0,0,"",""
ball,2,27.6,Bangladesh,Shakib Al Hasan,Mushfiqur Rahim,KM Jarvis,4,0,"",""
ball,2,28.1,Bangladesh,Mushfiqur Rahim,Shakib Al Hasan,H Masakadza,0,0,"",""
ball,2,28.2,Bangladesh,Mushfiqur Rahim,Shakib Al Hasan,H Masakadza,2,0,"",""
ball,2,28.3,Bangladesh,Mushfiqur Rahim,Shakib Al Hasan,H Masakadza,0,0,"",""
ball,2,28.4,Bangladesh,Mushfiqur Rahim,Shakib Al Hasan,H Masakadza,0,0,"",""
ball,2,28.5,Bangladesh,Mushfiqur Rahim,Shakib Al Hasan,H Masakadza,1,0,"",""
ball,2,28.6,Bangladesh,Shakib Al Hasan,Mushfiqur Rahim,H Masakadza,2,0,"",""
ball,2,29.1,Bangladesh,Mushfiqur Rahim,Shakib Al Hasan,KM Jarvis,1,0,"",""
ball,2,29.2,Bangladesh,Shakib Al Hasan,Mushfiqur Rahim,KM Jarvis,0,0,"",""
ball,2,29.3,Bangladesh,Shakib Al Hasan,Mushfiqur Rahim,KM Jarvis,1,0,"",""
ball,2,29.4,Bangladesh,Mushfiqur Rahim,Shakib Al Hasan,KM Jarvis,0,0,"",""
ball,2,29.5,Bangladesh,Mushfiqur Rahim,Shakib Al Hasan,KM Jarvis,0,0,"",""
ball,2,29.6,Bangladesh,Mushfiqur Rahim,Shakib Al Hasan,KM Jarvis,0,0,"",""
ball,2,30.1,Bangladesh,Shakib Al Hasan,Mushfiqur Rahim,H Masakadza,0,0,"",""
ball,2,30.2,Bangladesh,Shakib Al Hasan,Mushfiqur Rahim,H Masakadza,0,0,"",""
ball,2,30.3,Bangladesh,Shakib Al Hasan,Mushfiqur Rahim,H Masakadza,0,0,"",""
ball,2,30.4,Bangladesh,Shakib Al Hasan,Mushfiqur Rahim,H Masakadza,1,0,"",""
ball,2,30.5,Bangladesh,Mushfiqur Rahim,Shakib Al Hasan,H Masakadza,0,0,"",""
ball,2,30.6,Bangladesh,Mushfiqur Rahim,Shakib Al Hasan,H Masakadza,1,0,"",""
ball,2,31.1,Bangladesh,Mushfiqur Rahim,Shakib Al Hasan,P Utseya,4,0,"",""
ball,2,31.2,Bangladesh,Mushfiqur Rahim,Shakib Al Hasan,P Utseya,1,0,"",""
ball,2,31.3,Bangladesh,Shakib Al Hasan,Mushfiqur Rahim,P Utseya,1,0,"",""
ball,2,31.4,Bangladesh,Mushfiqur Rahim,Shakib Al Hasan,P Utseya,1,0,"",""
ball,2,31.5,Bangladesh,Shakib Al Hasan,Mushfiqur Rahim,P Utseya,0,0,caught and bowled,Shakib Al Hasan
ball,2,31.6,Bangladesh,Shuvagata Hom,Mushfiqur Rahim,P Utseya,0,0,"",""
ball,2,32.1,Bangladesh,Mushfiqur Rahim,Shuvagata Hom,H Masakadza,4,0,"",""
ball,2,32.2,Bangladesh,Mushfiqur Rahim,Shuvagata Hom,H Masakadza,1,0,"",""
ball,2,32.3,Bangladesh,Shuvagata Hom,Mushfiqur Rahim,H Masakadza,0,0,"",""
ball,2,32.4,Bangladesh,Shuvagata Hom,Mushfiqur Rahim,H Masakadza,0,0,"",""
ball,2,32.5,Bangladesh,Shuvagata Hom,Mushfiqur Rahim,H Masakadza,0,0,"",""
ball,2,32.6,Bangladesh,Shuvagata Hom,Mushfiqur Rahim,H Masakadza,1,0,"",""
ball,2,33.1,Bangladesh,Shuvagata Hom,Mushfiqur Rahim,P Utseya,0,0,"",""
ball,2,33.2,Bangladesh,Shuvagata Hom,Mushfiqur Rahim,P Utseya,1,0,"",""
ball,2,33.3,Bangladesh,Mushfiqur Rahim,Shuvagata Hom,P Utseya,0,0,"",""
ball,2,33.4,Bangladesh,Mushfiqur Rahim,Shuvagata Hom,P Utseya,0,0,"",""
ball,2,33.5,Bangladesh,Mushfiqur Rahim,Shuvagata Hom,P Utseya,1,0,"",""
ball,2,33.6,Bangladesh,Shuvagata Hom,Mushfiqur Rahim,P Utseya,1,0,"",""
ball,2,34.1,Bangladesh,Shuvagata Hom,Mushfiqur Rahim,BV Vitori,4,0,"",""
ball,2,34.2,Bangladesh,Shuvagata Hom,Mushfiqur Rahim,BV Vitori,1,0,"",""
ball,2,34.3,Bangladesh,Mushfiqur Rahim,Shuvagata Hom,BV Vitori,0,0,"",""
ball,2,34.4,Bangladesh,Mushfiqur Rahim,Shuvagata Hom,BV Vitori,1,0,"",""
ball,2,34.5,Bangladesh,Shuvagata Hom,Mushfiqur Rahim,BV Vitori,1,0,"",""
ball,2,34.6,Bangladesh,Mushfiqur Rahim,Shuvagata Hom,BV Vitori,0,0,"",""
ball,2,35.1,Bangladesh,Shuvagata Hom,Mushfiqur Rahim,KM Jarvis,0,1,"",""
ball,2,35.2,Bangladesh,Mushfiqur Rahim,Shuvagata Hom,KM Jarvis,2,0,"",""
ball,2,35.3,Bangladesh,Mushfiqur Rahim,Shuvagata Hom,KM Jarvis,1,0,"",""
ball,2,35.4,Bangladesh,Shuvagata Hom,Mushfiqur Rahim,KM Jarvis,0,0,"",""
ball,2,35.5,Bangladesh,Shuvagata Hom,Mushfiqur Rahim,KM Jarvis,2,0,"",""
ball,2,35.6,Bangladesh,Shuvagata Hom,Mushfiqur Rahim,KM Jarvis,4,0,"",""
ball,2,36.1,Bangladesh,Mushfiqur Rahim,Shuvagata Hom,H Masakadza,1,0,"",""
ball,2,36.2,Bangladesh,Shuvagata Hom,Mushfiqur Rahim,H Masakadza,1,0,"",""
ball,2,36.3,Bangladesh,Mushfiqur Rahim,Shuvagata Hom,H Masakadza,1,0,"",""
ball,2,36.4,Bangladesh,Shuvagata Hom,Mushfiqur Rahim,H Masakadza,0,0,"",""
ball,2,36.5,Bangladesh,Shuvagata Hom,Mushfiqur Rahim,H Masakadza,1,0,"",""
ball,2,36.6,Bangladesh,Mushfiqur Rahim,Shuvagata Hom,H Masakadza,0,0,"",""
ball,2,37.1,Bangladesh,Shuvagata Hom,Mushfiqur Rahim,P Utseya,1,0,"",""
ball,2,37.2,Bangladesh,Mushfiqur Rahim,Shuvagata Hom,P Utseya,1,0,"",""
ball,2,37.3,Bangladesh,Shuvagata Hom,Mushfiqur Rahim,P Utseya,1,0,"",""
ball,2,37.4,Bangladesh,Mushfiqur Rahim,Shuvagata Hom,P Utseya,1,0,"",""
ball,2,37.5,Bangladesh,Shuvagata Hom,Mushfiqur Rahim,P Utseya,0,0,"",""
ball,2,37.6,Bangladesh,Shuvagata Hom,Mushfiqur Rahim,P Utseya,1,0,"",""
ball,2,38.1,Bangladesh,Shuvagata Hom,Mushfiqur Rahim,E Chigumbura,0,0,"",""
ball,2,38.2,Bangladesh,Shuvagata Hom,Mushfiqur Rahim,E Chigumbura,0,0,"",""
ball,2,38.3,Bangladesh,Shuvagata Hom,Mushfiqur Rahim,E Chigumbura,0,1,"",""
ball,2,38.4,Bangladesh,Mushfiqur Rahim,Shuvagata Hom,E Chigumbura,1,0,"",""
ball,2,38.5,Bangladesh,Shuvagata Hom,Mushfiqur Rahim,E Chigumbura,2,0,"",""
ball,2,38.6,Bangladesh,Shuvagata Hom,Mushfiqur Rahim,E Chigumbura,0,0,"",""
ball,2,39.1,Bangladesh,Mushfiqur Rahim,Shuvagata Hom,P Utseya,1,0,"",""
ball,2,39.2,Bangladesh,Shuvagata Hom,Mushfiqur Rahim,P Utseya,1,0,"",""
ball,2,39.3,Bangladesh,Mushfiqur Rahim,Shuvagata Hom,P Utseya,1,0,"",""
ball,2,39.4,Bangladesh,Shuvagata Hom,Mushfiqur Rahim,P Utseya,0,0,"",""
ball,2,39.5,Bangladesh,Shuvagata Hom,Mushfiqur Rahim,P Utseya,1,0,"",""
ball,2,39.6,Bangladesh,Mushfiqur Rahim,Shuvagata Hom,P Utseya,1,0,"",""
ball,2,40.1,Bangladesh,Mushfiqur Rahim,Shuvagata Hom,E Chigumbura,1,0,"",""
ball,2,40.2,Bangladesh,Shuvagata Hom,Mushfiqur Rahim,E Chigumbura,1,0,"",""
ball,2,40.3,Bangladesh,Mushfiqur Rahim,Shuvagata Hom,E Chigumbura,1,0,"",""
ball,2,40.4,Bangladesh,Shuvagata Hom,Mushfiqur Rahim,E Chigumbura,1,0,"",""
ball,2,40.5,Bangladesh,Mushfiqur Rahim,Shuvagata Hom,E Chigumbura,2,0,"",""
ball,2,40.6,Bangladesh,Mushfiqur Rahim,Shuvagata Hom,E Chigumbura,1,0,"",""
ball,2,41.1,Bangladesh,Mushfiqur Rahim,Shuvagata Hom,P Utseya,1,0,"",""
ball,2,41.2,Bangladesh,Shuvagata Hom,Mushfiqur Rahim,P Utseya,1,0,"",""
ball,2,41.3,Bangladesh,Mushfiqur Rahim,Shuvagata Hom,P Utseya,2,0,"",""
ball,2,41.4,Bangladesh,Mushfiqur Rahim,Shuvagata Hom,P Utseya,1,0,"",""
ball,2,41.5,Bangladesh,Shuvagata Hom,Mushfiqur Rahim,P Utseya,4,0,"",""
ball,2,41.6,Bangladesh,Shuvagata Hom,Mushfiqur Rahim,P Utseya,1,0,"",""
ball,2,42.1,Bangladesh,Shuvagata Hom,Mushfiqur Rahim,CB Mpofu,0,0,run out,Shuvagata Hom
ball,2,42.2,Bangladesh,Mahmudullah,Mushfiqur Rahim,CB Mpofu,0,0,"",""
ball,2,42.3,Bangladesh,Mahmudullah,Mushfiqur Rahim,CB Mpofu,1,0,"",""
ball,2,42.4,Bangladesh,Mushfiqur Rahim,Mahmudullah,CB Mpofu,1,0,"",""
ball,2,42.5,Bangladesh,Mahmudullah,Mushfiqur Rahim,CB Mpofu,1,0,"",""
ball,2,42.6,Bangladesh,Mushfiqur Rahim,Mahmudullah,CB Mpofu,1,0,"",""
ball,2,43.1,Bangladesh,Mushfiqur Rahim,Mahmudullah,P Utseya,0,0,"",""
ball,2,43.2,Bangladesh,Mushfiqur Rahim,Mahmudullah,P Utseya,0,0,"",""
ball,2,43.3,Bangladesh,Mushfiqur Rahim,Mahmudullah,P Utseya,4,0,"",""
ball,2,43.4,Bangladesh,Mushfiqur Rahim,Mahmudullah,P Utseya,1,0,"",""
ball,2,43.5,Bangladesh,Mahmudullah,Mushfiqur Rahim,P Utseya,2,0,"",""
ball,2,43.6,Bangladesh,Mahmudullah,Mushfiqur Rahim,P Utseya,4,0,"",""
ball,2,44.1,Bangladesh,Mushfiqur Rahim,Mahmudullah,BV Vitori,0,0,"",""
ball,2,44.2,Bangladesh,Mushfiqur Rahim,Mahmudullah,BV Vitori,4,0,"",""
ball,2,44.3,Bangladesh,Mushfiqur Rahim,Mahmudullah,BV Vitori,1,0,"",""
ball,2,44.4,Bangladesh,Mahmudullah,Mushfiqur Rahim,BV Vitori,2,0,"",""
ball,2,44.5,Bangladesh,Mahmudullah,Mushfiqur Rahim,BV Vitori,1,0,"",""
ball,2,44.6,Bangladesh,Mushfiqur Rahim,Mahmudullah,BV Vitori,2,0,"",""
ball,2,45.1,Bangladesh,Mahmudullah,Mushfiqur Rahim,KM Jarvis,2,0,"",""
ball,2,45.2,Bangladesh,Mahmudullah,Mushfiqur Rahim,KM Jarvis,1,0,"",""
ball,2,45.3,Bangladesh,Mushfiqur Rahim,Mahmudullah,KM Jarvis,2,0,"",""
ball,2,45.4,Bangladesh,Mushfiqur Rahim,Mahmudullah,KM Jarvis,2,0,"",""
ball,2,45.5,Bangladesh,Mushfiqur Rahim,Mahmudullah,KM Jarvis,2,0,"",""
ball,2,45.6,Bangladesh,Mushfiqur Rahim,Mahmudullah,KM Jarvis,1,0,"",""
ball,2,46.1,Bangladesh,Mushfiqur Rahim,Mahmudullah,BV Vitori,0,0,"",""
ball,2,46.2,Bangladesh,Mushfiqur Rahim,Mahmudullah,BV Vitori,4,0,"",""
ball,2,46.3,Bangladesh,Mushfiqur Rahim,Mahmudullah,BV Vitori,4,0,"",""
ball,2,46.4,Bangladesh,Mushfiqur Rahim,Mahmudullah,BV Vitori,1,0,"",""
ball,2,46.5,Bangladesh,Mahmudullah,Mushfiqur Rahim,BV Vitori,0,0,"",""
ball,2,46.6,Bangladesh,Mahmudullah,Mushfiqur Rahim,BV Vitori,0,0,caught,Mahmudullah
ball,2,47.1,Bangladesh,Nasir Hossain,Mushfiqur Rahim,CB Mpofu,0,0,"",""
ball,2,47.2,Bangladesh,Nasir Hossain,Mushfiqur Rahim,CB Mpofu,0,0,caught,Nasir Hossain
ball,2,47.3,Bangladesh,Mushfiqur Rahim,Shafiul Islam,CB Mpofu,0,0,"",""
ball,2,47.4,Bangladesh,Mushfiqur Rahim,Shafiul Islam,CB Mpofu,4,0,"",""
ball,2,47.5,Bangladesh,Mushfiqur Rahim,Shafiul Islam,CB Mpofu,1,0,"",""
ball,2,47.6,Bangladesh,Shafiul Islam,Mushfiqur Rahim,CB Mpofu,0,1,"",""
ball,2,48.1,Bangladesh,Shafiul Islam,Mushfiqur Rahim,KM Jarvis,0,0,"",""
ball,2,48.2,Bangladesh,Shafiul Islam,Mushfiqur Rahim,KM Jarvis,0,0,bowled,Shafiul Islam
ball,2,48.3,Bangladesh,Rubel Hossain,Mushfiqur Rahim,KM Jarvis,1,0,"",""
ball,2,48.4,Bangladesh,Mushfiqur Rahim,Rubel Hossain,KM Jarvis,6,0,"",""
ball,2,48.5,Bangladesh,Mushfiqur Rahim,Rubel Hossain,KM Jarvis,1,0,"",""
ball,2,48.6,Bangladesh,Rubel Hossain,Mushfiqur Rahim,KM Jarvis,0,0,bowled,Rubel Hossain
ball,2,49.1,Bangladesh,Mushfiqur Rahim,Nazmul Hossain,CB Mpofu,2,0,"",""
ball,2,49.2,Bangladesh,Mushfiqur Rahim,Nazmul Hossain,CB Mpofu,0,0,caught,Mushfiqur Rahim
