version,1.3.0
info,team,Zimbabwe
info,team,Pakistan
info,gender,male
info,season,2011
info,date,2011/09/08
info,series,Pakistan in Zimbabwe ODI Series
info,match_number,1
info,venue,Queens Sports Club
info,city,Bulawayo
info,toss_winner,Pakistan
info,toss_decision,bat
info,player_of_match,Younis Khan
info,umpire,O Chirombe
info,umpire,IJ Gould
info,reserve_umpire,LA Ngwenya
info,tv_umpire,TJ Matibiri
info,match_referee,DC Boon
info,winner,Pakistan
info,winner_runs,5
ball,1,0.1,Pakistan,Mohammad Hafeez,Imran Farhat,CB Mpofu,0,0,"",""
ball,1,0.2,Pakistan,Mohammad Hafeez,Imran Farhat,CB Mpofu,0,0,"",""
ball,1,0.3,Pakistan,Mohammad Hafeez,Imran Farhat,CB Mpofu,0,0,"",""
ball,1,0.4,Pakistan,Mohammad Hafeez,Imran Farhat,CB Mpofu,0,0,"",""
ball,1,0.5,Pakistan,Mohammad Hafeez,Imran Farhat,CB Mpofu,1,0,"",""
ball,1,0.6,Pakistan,Imran Farhat,Mohammad Hafeez,CB Mpofu,0,0,"",""
ball,1,1.1,Pakistan,Mohammad Hafeez,Imran Farhat,RW Price,0,0,"",""
ball,1,1.2,Pakistan,Mohammad Hafeez,Imran Farhat,RW Price,0,0,"",""
ball,1,1.3,Pakistan,Mohammad Hafeez,Imran Farhat,RW Price,0,0,"",""
ball,1,1.4,Pakistan,Mohammad Hafeez,Imran Farhat,RW Price,0,0,"",""
ball,1,1.5,Pakistan,Mohammad Hafeez,Imran Farhat,RW Price,0,0,"",""
ball,1,1.6,Pakistan,Mohammad Hafeez,Imran Farhat,RW Price,0,0,"",""
ball,1,2.1,Pakistan,Imran Farhat,Mohammad Hafeez,CB Mpofu,0,0,caught,Imran Farhat
ball,1,2.2,Pakistan,Younis Khan,Mohammad Hafeez,CB Mpofu,0,0,"",""
ball,1,2.3,Pakistan,Younis Khan,Mohammad Hafeez,CB Mpofu,4,0,"",""
ball,1,2.4,Pakistan,Younis Khan,Mohammad Hafeez,CB Mpofu,0,1,"",""
ball,1,2.5,Pakistan,Younis Khan,Mohammad Hafeez,CB Mpofu,0,0,"",""
ball,1,2.6,Pakistan,Younis Khan,Mohammad Hafeez,CB Mpofu,1,0,"",""
ball,1,2.7,Pakistan,Mohammad Hafeez,Younis Khan,CB Mpofu,0,0,"",""
ball,1,3.1,Pakistan,Younis Khan,Mohammad Hafeez,RW Price,1,0,"",""
ball,1,3.2,Pakistan,Mohammad Hafeez,Younis Khan,RW Price,0,0,"",""
ball,1,3.3,Pakistan,Mohammad Hafeez,Younis Khan,RW Price,0,0,"",""
ball,1,3.4,Pakistan,Mohammad Hafeez,Younis Khan,RW Price,0,0,"",""
ball,1,3.5,Pakistan,Mohammad Hafeez,Younis Khan,RW Price,0,0,"",""
ball,1,3.6,Pakistan,Mohammad Hafeez,Younis Khan,RW Price,0,0,"",""
ball,1,4.1,Pakistan,Younis Khan,Mohammad Hafeez,CB Mpofu,0,0,"",""
ball,1,4.2,Pakistan,Younis Khan,Mohammad Hafeez,CB Mpofu,0,1,"",""
ball,1,4.3,Pakistan,Younis Khan,Mohammad Hafeez,CB Mpofu,4,0,"",""
ball,1,4.4,Pakistan,Younis Khan,Mohammad Hafeez,CB Mpofu,0,0,"",""
ball,1,4.5,Pakistan,Younis Khan,Mohammad Hafeez,CB Mpofu,2,0,"",""
ball,1,4.6,Pakistan,Younis Khan,Mohammad Hafeez,CB Mpofu,4,0,"",""
ball,1,4.7,Pakistan,Younis Khan,Mohammad Hafeez,CB Mpofu,0,0,"",""
ball,1,5.1,Pakistan,Mohammad Hafeez,Younis Khan,RW Price,0,0,"",""
ball,1,5.2,Pakistan,Mohammad Hafeez,Younis Khan,RW Price,0,0,"",""
ball,1,5.3,Pakistan,Mohammad Hafeez,Younis Khan,RW Price,0,0,"",""
ball,1,5.4,Pakistan,Mohammad Hafeez,Younis Khan,RW Price,1,0,"",""
ball,1,5.5,Pakistan,Younis Khan,Mohammad Hafeez,RW Price,1,0,"",""
ball,1,5.6,Pakistan,Mohammad Hafeez,Younis Khan,RW Price,0,0,"",""
ball,1,6.1,Pakistan,Younis Khan,Mohammad Hafeez,CB Mpofu,1,0,"",""
ball,1,6.2,Pakistan,Mohammad Hafeez,Younis Khan,CB Mpofu,3,0,"",""
ball,1,6.3,Pakistan,Younis Khan,Mohammad Hafeez,CB Mpofu,1,0,"",""
ball,1,6.4,Pakistan,Mohammad Hafeez,Younis Khan,CB Mpofu,0,0,"",""
ball,1,6.5,Pakistan,Mohammad Hafeez,Younis Khan,CB Mpofu,0,0,"",""
ball,1,6.6,Pakistan,Mohammad Hafeez,Younis Khan,CB Mpofu,0,0,"",""
ball,1,7.1,Pakistan,Younis Khan,Mohammad Hafeez,RW Price,0,0,"",""
ball,1,7.2,Pakistan,Younis Khan,Mohammad Hafeez,RW Price,1,0,"",""
ball,1,7.3,Pakistan,Mohammad Hafeez,Younis Khan,RW Price,0,0,"",""
ball,1,7.4,Pakistan,Mohammad Hafeez,Younis Khan,RW Price,0,0,"",""
ball,1,7.5,Pakistan,Mohammad Hafeez,Younis Khan,RW Price,1,0,"",""
ball,1,7.6,Pakistan,Younis Khan,Mohammad Hafeez,RW Price,1,0,"",""
ball,1,8.1,Pakistan,Younis Khan,Mohammad Hafeez,CB Mpofu,0,0,"",""
ball,1,8.2,Pakistan,Younis Khan,Mohammad Hafeez,CB Mpofu,4,0,"",""
ball,1,8.3,Pakistan,Younis Khan,Mohammad Hafeez,CB Mpofu,1,0,"",""
ball,1,8.4,Pakistan,Mohammad Hafeez,Younis Khan,CB Mpofu,1,0,"",""
ball,1,8.5,Pakistan,Younis Khan,Mohammad Hafeez,CB Mpofu,4,0,"",""
ball,1,8.6,Pakistan,Younis Khan,Mohammad Hafeez,CB Mpofu,2,0,"",""
ball,1,9.1,Pakistan,Mohammad Hafeez,Younis Khan,RW Price,1,0,"",""
ball,1,9.2,Pakistan,Younis Khan,Mohammad Hafeez,RW Price,0,0,"",""
ball,1,9.3,Pakistan,Younis Khan,Mohammad Hafeez,RW Price,1,0,"",""
ball,1,9.4,Pakistan,Mohammad Hafeez,Younis Khan,RW Price,0,0,"",""
ball,1,9.5,Pakistan,Mohammad Hafeez,Younis Khan,RW Price,0,0,"",""
ball,1,9.6,Pakistan,Mohammad Hafeez,Younis Khan,RW Price,0,0,"",""
ball,1,10.1,Pakistan,Younis Khan,Mohammad Hafeez,P Utseya,1,0,"",""
ball,1,10.2,Pakistan,Mohammad Hafeez,Younis Khan,P Utseya,0,0,"",""
ball,1,10.3,Pakistan,Mohammad Hafeez,Younis Khan,P Utseya,0,0,"",""
ball,1,10.4,Pakistan,Mohammad Hafeez,Younis Khan,P Utseya,0,0,"",""
ball,1,10.5,Pakistan,Mohammad Hafeez,Younis Khan,P Utseya,0,0,"",""
ball,1,10.6,Pakistan,Mohammad Hafeez,Younis Khan,P Utseya,0,0,"",""
ball,1,11.1,Pakistan,Younis Khan,Mohammad Hafeez,GA Lamb,1,0,"",""
ball,1,11.2,Pakistan,Mohammad Hafeez,Younis Khan,GA Lamb,1,0,"",""
ball,1,11.3,Pakistan,Younis Khan,Mohammad Hafeez,GA Lamb,0,0,"",""
ball,1,11.4,Pakistan,Younis Khan,Mohammad Hafeez,GA Lamb,1,0,"",""
ball,1,11.5,Pakistan,Mohammad Hafeez,Younis Khan,GA Lamb,0,0,"",""
ball,1,11.6,Pakistan,Mohammad Hafeez,Younis Khan,GA Lamb,4,0,"",""
ball,1,12.1,Pakistan,Younis Khan,Mohammad Hafeez,P Utseya,1,0,"",""
ball,1,12.2,Pakistan,Mohammad Hafeez,Younis Khan,P Utseya,1,0,"",""
ball,1,12.3,Pakistan,Younis Khan,Mohammad Hafeez,P Utseya,1,0,"",""
ball,1,12.4,Pakistan,Mohammad Hafeez,Younis Khan,P Utseya,0,0,"",""
ball,1,12.5,Pakistan,Mohammad Hafeez,Younis Khan,P Utseya,1,0,"",""
ball,1,12.6,Pakistan,Younis Khan,Mohammad Hafeez,P Utseya,1,0,"",""
ball,1,13.1,Pakistan,Younis Khan,Mohammad Hafeez,GA Lamb,4,0,"",""
ball,1,13.2,Pakistan,Younis Khan,Mohammad Hafeez,GA Lamb,0,0,"",""
ball,1,13.3,Pakistan,Younis Khan,Mohammad Hafeez,GA Lamb,0,0,"",""
ball,1,13.4,Pakistan,Younis Khan,Mohammad Hafeez,GA Lamb,1,0,"",""
ball,1,13.5,Pakistan,Mohammad Hafeez,Younis Khan,GA Lamb,1,0,"",""
ball,1,13.6,Pakistan,Younis Khan,Mohammad Hafeez,GA Lamb,1,0,"",""
ball,1,14.1,Pakistan,Younis Khan,Mohammad Hafeez,P Utseya,1,0,"",""
ball,1,14.2,Pakistan,Mohammad Hafeez,Younis Khan,P Utseya,6,0,"",""
ball,1,14.3,Pakistan,Mohammad Hafeez,Younis Khan,P Utseya,4,0,"",""
ball,1,14.4,Pakistan,Mohammad Hafeez,Younis Khan,P Utseya,0,0,caught,Mohammad Hafeez
ball,1,14.5,Pakistan,Misbah-ul-Haq,Younis Khan,P Utseya,0,0,"",""
ball,1,14.6,Pakistan,Misbah-ul-Haq,Younis Khan,P Utseya,1,0,"",""
ball,1,15.1,Pakistan,Misbah-ul-Haq,Younis Khan,GA Lamb,4,0,"",""
ball,1,15.2,Pakistan,Misbah-ul-Haq,Younis Khan,GA Lamb,1,0,"",""
ball,1,15.3,Pakistan,Younis Khan,Misbah-ul-Haq,GA Lamb,4,0,"",""
ball,1,15.4,Pakistan,Younis Khan,Misbah-ul-Haq,GA Lamb,0,0,"",""
ball,1,15.5,Pakistan,Younis Khan,Misbah-ul-Haq,GA Lamb,4,0,"",""
ball,1,15.6,Pakistan,Younis Khan,Misbah-ul-Haq,GA Lamb,1,0,"",""
ball,1,16.1,Pakistan,Younis Khan,Misbah-ul-Haq,P Utseya,1,0,"",""
ball,1,16.2,Pakistan,Misbah-ul-Haq,Younis Khan,P Utseya,1,0,"",""
ball,1,16.3,Pakistan,Younis Khan,Misbah-ul-Haq,P Utseya,1,0,"",""
ball,1,16.4,Pakistan,Misbah-ul-Haq,Younis Khan,P Utseya,0,0,"",""
ball,1,16.5,Pakistan,Misbah-ul-Haq,Younis Khan,P Utseya,1,0,"",""
ball,1,16.6,Pakistan,Younis Khan,Misbah-ul-Haq,P Utseya,1,0,"",""
ball,1,17.1,Pakistan,Younis Khan,Misbah-ul-Haq,E Chigumbura,0,0,"",""
ball,1,17.2,Pakistan,Younis Khan,Misbah-ul-Haq,E Chigumbura,1,0,"",""
ball,1,17.3,Pakistan,Misbah-ul-Haq,Younis Khan,E Chigumbura,0,0,"",""
ball,1,17.4,Pakistan,Misbah-ul-Haq,Younis Khan,E Chigumbura,0,0,"",""
ball,1,17.5,Pakistan,Misbah-ul-Haq,Younis Khan,E Chigumbura,1,0,"",""
ball,1,17.6,Pakistan,Younis Khan,Misbah-ul-Haq,E Chigumbura,1,0,"",""
ball,1,18.1,Pakistan,Younis Khan,Misbah-ul-Haq,H Masakadza,1,0,"",""
ball,1,18.2,Pakistan,Misbah-ul-Haq,Younis Khan,H Masakadza,0,0,"",""
ball,1,18.3,Pakistan,Misbah-ul-Haq,Younis Khan,H Masakadza,0,0,"",""
ball,1,18.4,Pakistan,Misbah-ul-Haq,Younis Khan,H Masakadza,0,0,"",""
ball,1,18.5,Pakistan,Misbah-ul-Haq,Younis Khan,H Masakadza,1,0,"",""
ball,1,18.6,Pakistan,Younis Khan,Misbah-ul-Haq,H Masakadza,1,0,"",""
ball,1,19.1,Pakistan,Younis Khan,Misbah-ul-Haq,E Chigumbura,1,0,"",""
ball,1,19.2,Pakistan,Misbah-ul-Haq,Younis Khan,E Chigumbura,0,0,"",""
ball,1,19.3,Pakistan,Misbah-ul-Haq,Younis Khan,E Chigumbura,1,0,"",""
ball,1,19.4,Pakistan,Younis Khan,Misbah-ul-Haq,E Chigumbura,0,0,"",""
ball,1,19.5,Pakistan,Younis Khan,Misbah-ul-Haq,E Chigumbura,0,0,"",""
ball,1,19.6,Pakistan,Younis Khan,Misbah-ul-Haq,E Chigumbura,1,0,"",""
ball,1,20.1,Pakistan,Younis Khan,Misbah-ul-Haq,H Masakadza,0,0,"",""
ball,1,20.2,Pakistan,Younis Khan,Misbah-ul-Haq,H Masakadza,1,0,"",""
ball,1,20.3,Pakistan,Misbah-ul-Haq,Younis Khan,H Masakadza,1,0,"",""
ball,1,20.4,Pakistan,Younis Khan,Misbah-ul-Haq,H Masakadza,1,0,"",""
ball,1,20.5,Pakistan,Misbah-ul-Haq,Younis Khan,H Masakadza,1,0,"",""
ball,1,20.6,Pakistan,Younis Khan,Misbah-ul-Haq,H Masakadza,1,0,"",""
ball,1,21.1,Pakistan,Younis Khan,Misbah-ul-Haq,E Chigumbura,0,0,"",""
ball,1,21.2,Pakistan,Younis Khan,Misbah-ul-Haq,E Chigumbura,0,0,"",""
ball,1,21.3,Pakistan,Younis Khan,Misbah-ul-Haq,E Chigumbura,0,0,"",""
ball,1,21.4,Pakistan,Younis Khan,Misbah-ul-Haq,E Chigumbura,0,0,"",""
ball,1,21.5,Pakistan,Younis Khan,Misbah-ul-Haq,E Chigumbura,0,0,"",""
ball,1,21.6,Pakistan,Younis Khan,Misbah-ul-Haq,E Chigumbura,1,0,"",""
ball,1,22.1,Pakistan,Younis Khan,Misbah-ul-Haq,H Masakadza,1,0,"",""
ball,1,22.2,Pakistan,Misbah-ul-Haq,Younis Khan,H Masakadza,1,0,"",""
ball,1,22.3,Pakistan,Younis Khan,Misbah-ul-Haq,H Masakadza,1,0,"",""
ball,1,22.4,Pakistan,Misbah-ul-Haq,Younis Khan,H Masakadza,1,0,"",""
ball,1,22.5,Pakistan,Younis Khan,Misbah-ul-Haq,H Masakadza,1,0,"",""
ball,1,22.6,Pakistan,Misbah-ul-Haq,Younis Khan,H Masakadza,1,0,"",""
ball,1,23.1,Pakistan,Misbah-ul-Haq,Younis Khan,E Chigumbura,2,0,"",""
ball,1,23.2,Pakistan,Misbah-ul-Haq,Younis Khan,E Chigumbura,1,0,"",""
ball,1,23.3,Pakistan,Younis Khan,Misbah-ul-Haq,E Chigumbura,0,0,"",""
ball,1,23.4,Pakistan,Younis Khan,Misbah-ul-Haq,E Chigumbura,0,0,"",""
ball,1,23.5,Pakistan,Younis Khan,Misbah-ul-Haq,E Chigumbura,1,0,"",""
ball,1,23.6,Pakistan,Misbah-ul-Haq,Younis Khan,E Chigumbura,0,0,"",""
ball,1,24.1,Pakistan,Younis Khan,Misbah-ul-Haq,P Utseya,1,0,"",""
ball,1,24.2,Pakistan,Misbah-ul-Haq,Younis Khan,P Utseya,1,0,"",""
ball,1,24.3,Pakistan,Younis Khan,Misbah-ul-Haq,P Utseya,4,0,"",""
ball,1,24.4,Pakistan,Younis Khan,Misbah-ul-Haq,P Utseya,1,0,run out,Younis Khan
ball,1,24.5,Pakistan,Shoaib Malik,Misbah-ul-Haq,P Utseya,1,0,"",""
ball,1,24.6,Pakistan,Misbah-ul-Haq,Shoaib Malik,P Utseya,0,0,"",""
ball,1,25.1,Pakistan,Shoaib Malik,Misbah-ul-Haq,E Chigumbura,0,0,"",""
ball,1,25.2,Pakistan,Shoaib Malik,Misbah-ul-Haq,E Chigumbura,1,0,"",""
ball,1,25.3,Pakistan,Misbah-ul-Haq,Shoaib Malik,E Chigumbura,1,0,"",""
ball,1,25.4,Pakistan,Shoaib Malik,Misbah-ul-Haq,E Chigumbura,0,0,"",""
ball,1,25.5,Pakistan,Shoaib Malik,Misbah-ul-Haq,E Chigumbura,0,0,caught,Shoaib Malik
ball,1,25.6,Pakistan,Umar Akmal,Misbah-ul-Haq,E Chigumbura,0,0,"",""
ball,1,26.1,Pakistan,Misbah-ul-Haq,Umar Akmal,P Utseya,0,0,"",""
ball,1,26.2,Pakistan,Misbah-ul-Haq,Umar Akmal,P Utseya,1,0,"",""
ball,1,26.3,Pakistan,Umar Akmal,Misbah-ul-Haq,P Utseya,1,0,"",""
ball,1,26.4,Pakistan,Misbah-ul-Haq,Umar Akmal,P Utseya,1,0,"",""
ball,1,26.5,Pakistan,Umar Akmal,Misbah-ul-Haq,P Utseya,0,0,"",""
ball,1,26.6,Pakistan,Umar Akmal,Misbah-ul-Haq,P Utseya,0,0,"",""
ball,1,27.1,Pakistan,Misbah-ul-Haq,Umar Akmal,E Chigumbura,4,0,"",""
ball,1,27.2,Pakistan,Misbah-ul-Haq,Umar Akmal,E Chigumbura,1,0,"",""
ball,1,27.3,Pakistan,Umar Akmal,Misbah-ul-Haq,E Chigumbura,0,0,"",""
ball,1,27.4,Pakistan,Umar Akmal,Misbah-ul-Haq,E Chigumbura,0,0,"",""
ball,1,27.5,Pakistan,Umar Akmal,Misbah-ul-Haq,E Chigumbura,0,0,"",""
ball,1,27.6,Pakistan,Umar Akmal,Misbah-ul-Haq,E Chigumbura,1,0,"",""
ball,1,28.1,Pakistan,Umar Akmal,Misbah-ul-Haq,P Utseya,1,0,"",""
ball,1,28.2,Pakistan,Misbah-ul-Haq,Umar Akmal,P Utseya,1,0,"",""
ball,1,28.3,Pakistan,Umar Akmal,Misbah-ul-Haq,P Utseya,1,0,"",""
ball,1,28.4,Pakistan,Misbah-ul-Haq,Umar Akmal,P Utseya,1,0,"",""
ball,1,28.5,Pakistan,Umar Akmal,Misbah-ul-Haq,P Utseya,1,0,"",""
ball,1,28.6,Pakistan,Misbah-ul-Haq,Umar Akmal,P Utseya,1,0,"",""
ball,1,29.1,Pakistan,Misbah-ul-Haq,Umar Akmal,E Chigumbura,0,0,"",""
ball,1,29.2,Pakistan,Misbah-ul-Haq,Umar Akmal,E Chigumbura,1,0,"",""
ball,1,29.3,Pakistan,Umar Akmal,Misbah-ul-Haq,E Chigumbura,0,0,"",""
ball,1,29.4,Pakistan,Umar Akmal,Misbah-ul-Haq,E Chigumbura,0,0,"",""
ball,1,29.5,Pakistan,Umar Akmal,Misbah-ul-Haq,E Chigumbura,0,0,"",""
ball,1,29.6,Pakistan,Umar Akmal,Misbah-ul-Haq,E Chigumbura,0,0,"",""
ball,1,30.1,Pakistan,Misbah-ul-Haq,Umar Akmal,CB Mpofu,1,0,"",""
ball,1,30.2,Pakistan,Umar Akmal,Misbah-ul-Haq,CB Mpofu,0,0,"",""
ball,1,30.3,Pakistan,Umar Akmal,Misbah-ul-Haq,CB Mpofu,0,0,"",""
ball,1,30.4,Pakistan,Umar Akmal,Misbah-ul-Haq,CB Mpofu,4,0,"",""
ball,1,30.5,Pakistan,Umar Akmal,Misbah-ul-Haq,CB Mpofu,1,0,"",""
ball,1,30.6,Pakistan,Misbah-ul-Haq,Umar Akmal,CB Mpofu,0,0,"",""
ball,1,31.1,Pakistan,Umar Akmal,Misbah-ul-Haq,E Chigumbura,1,0,"",""
ball,1,31.2,Pakistan,Misbah-ul-Haq,Umar Akmal,E Chigumbura,0,0,"",""
ball,1,31.3,Pakistan,Misbah-ul-Haq,Umar Akmal,E Chigumbura,1,0,"",""
ball,1,31.4,Pakistan,Umar Akmal,Misbah-ul-Haq,E Chigumbura,0,0,"",""
ball,1,31.5,Pakistan,Umar Akmal,Misbah-ul-Haq,E Chigumbura,0,0,"",""
ball,1,31.6,Pakistan,Umar Akmal,Misbah-ul-Haq,E Chigumbura,1,0,"",""
ball,1,32.1,Pakistan,Umar Akmal,Misbah-ul-Haq,H Masakadza,0,0,"",""
ball,1,32.2,Pakistan,Umar Akmal,Misbah-ul-Haq,H Masakadza,1,0,"",""
ball,1,32.3,Pakistan,Misbah-ul-Haq,Umar Akmal,H Masakadza,1,0,"",""
ball,1,32.4,Pakistan,Umar Akmal,Misbah-ul-Haq,H Masakadza,0,0,"",""
ball,1,32.5,Pakistan,Umar Akmal,Misbah-ul-Haq,H Masakadza,2,0,"",""
ball,1,32.6,Pakistan,Umar Akmal,Misbah-ul-Haq,H Masakadza,0,0,"",""
ball,1,33.1,Pakistan,Misbah-ul-Haq,Umar Akmal,E Chigumbura,0,1,"",""
ball,1,33.2,Pakistan,Misbah-ul-Haq,Umar Akmal,E Chigumbura,1,0,"",""
ball,1,33.3,Pakistan,Umar Akmal,Misbah-ul-Haq,E Chigumbura,4,0,"",""
ball,1,33.4,Pakistan,Umar Akmal,Misbah-ul-Haq,E Chigumbura,0,0,"",""
ball,1,33.5,Pakistan,Umar Akmal,Misbah-ul-Haq,E Chigumbura,0,0,"",""
ball,1,33.6,Pakistan,Umar Akmal,Misbah-ul-Haq,E Chigumbura,0,0,"",""
ball,1,33.7,Pakistan,Umar Akmal,Misbah-ul-Haq,E Chigumbura,0,0,"",""
ball,1,34.1,Pakistan,Misbah-ul-Haq,Umar Akmal,H Masakadza,1,0,"",""
ball,1,34.2,Pakistan,Umar Akmal,Misbah-ul-Haq,H Masakadza,1,0,"",""
ball,1,34.3,Pakistan,Misbah-ul-Haq,Umar Akmal,H Masakadza,0,0,"",""
ball,1,34.4,Pakistan,Misbah-ul-Haq,Umar Akmal,H Masakadza,0,0,"",""
ball,1,34.5,Pakistan,Misbah-ul-Haq,Umar Akmal,H Masakadza,0,0,"",""
ball,1,34.6,Pakistan,Misbah-ul-Haq,Umar Akmal,H Masakadza,1,0,"",""
ball,1,35.1,Pakistan,Misbah-ul-Haq,Umar Akmal,E Chigumbura,0,0,"",""
ball,1,35.2,Pakistan,Misbah-ul-Haq,Umar Akmal,E Chigumbura,1,0,"",""
ball,1,35.3,Pakistan,Umar Akmal,Misbah-ul-Haq,E Chigumbura,0,0,"",""
ball,1,35.4,Pakistan,Umar Akmal,Misbah-ul-Haq,E Chigumbura,1,0,"",""
ball,1,35.5,Pakistan,Misbah-ul-Haq,Umar Akmal,E Chigumbura,0,0,"",""
ball,1,35.6,Pakistan,Misbah-ul-Haq,Umar Akmal,E Chigumbura,0,0,"",""
ball,1,36.1,Pakistan,Umar Akmal,Misbah-ul-Haq,H Masakadza,0,0,"",""
ball,1,36.2,Pakistan,Umar Akmal,Misbah-ul-Haq,H Masakadza,1,0,"",""
ball,1,36.3,Pakistan,Misbah-ul-Haq,Umar Akmal,H Masakadza,6,0,"",""
ball,1,36.4,Pakistan,Misbah-ul-Haq,Umar Akmal,H Masakadza,0,0,"",""
ball,1,36.5,Pakistan,Misbah-ul-Haq,Umar Akmal,H Masakadza,4,0,"",""
ball,1,36.6,Pakistan,Misbah-ul-Haq,Umar Akmal,H Masakadza,1,0,"",""
ball,1,37.1,Pakistan,Misbah-ul-Haq,Umar Akmal,RW Price,0,0,"",""
ball,1,37.2,Pakistan,Misbah-ul-Haq,Umar Akmal,RW Price,1,0,"",""
ball,1,37.3,Pakistan,Umar Akmal,Misbah-ul-Haq,RW Price,0,0,"",""
ball,1,37.4,Pakistan,Umar Akmal,Misbah-ul-Haq,RW Price,1,0,"",""
ball,1,37.5,Pakistan,Misbah-ul-Haq,Umar Akmal,RW Price,1,0,"",""
ball,1,37.6,Pakistan,Umar Akmal,Misbah-ul-Haq,RW Price,0,0,"",""
ball,1,38.1,Pakistan,Misbah-ul-Haq,Umar Akmal,P Utseya,1,0,"",""
ball,1,38.2,Pakistan,Umar Akmal,Misbah-ul-Haq,P Utseya,0,0,"",""
ball,1,38.3,Pakistan,Umar Akmal,Misbah-ul-Haq,P Utseya,1,0,"",""
ball,1,38.4,Pakistan,Misbah-ul-Haq,Umar Akmal,P Utseya,0,0,"",""
ball,1,38.5,Pakistan,Misbah-ul-Haq,Umar Akmal,P Utseya,1,0,"",""
ball,1,38.6,Pakistan,Umar Akmal,Misbah-ul-Haq,P Utseya,1,0,"",""
ball,1,39.1,Pakistan,Umar Akmal,Misbah-ul-Haq,RW Price,1,0,"",""
ball,1,39.2,Pakistan,Misbah-ul-Haq,Umar Akmal,RW Price,0,0,"",""
ball,1,39.3,Pakistan,Misbah-ul-Haq,Umar Akmal,RW Price,0,0,lbw,Misbah-ul-Haq
ball,1,39.4,Pakistan,Adnan Akmal,Umar Akmal,RW Price,1,0,"",""
ball,1,39.5,Pakistan,Umar Akmal,Adnan Akmal,RW Price,1,0,"",""
ball,1,39.6,Pakistan,Adnan Akmal,Umar Akmal,RW Price,0,0,"",""
ball,1,40.1,Pakistan,Umar Akmal,Adnan Akmal,P Utseya,0,0,"",""
ball,1,40.2,Pakistan,Umar Akmal,Adnan Akmal,P Utseya,1,0,"",""
ball,1,40.3,Pakistan,Adnan Akmal,Umar Akmal,P Utseya,0,0,"",""
ball,1,40.4,Pakistan,Adnan Akmal,Umar Akmal,P Utseya,0,0,"",""
ball,1,40.5,Pakistan,Adnan Akmal,Umar Akmal,P Utseya,1,0,"",""
ball,1,40.6,Pakistan,Umar Akmal,Adnan Akmal,P Utseya,1,0,"",""
ball,1,41.1,Pakistan,Umar Akmal,Adnan Akmal,GA Lamb,1,0,"",""
ball,1,41.2,Pakistan,Adnan Akmal,Umar Akmal,GA Lamb,0,0,"",""
ball,1,41.3,Pakistan,Adnan Akmal,Umar Akmal,GA Lamb,0,0,"",""
ball,1,41.4,Pakistan,Adnan Akmal,Umar Akmal,GA Lamb,3,0,"",""
ball,1,41.5,Pakistan,Umar Akmal,Adnan Akmal,GA Lamb,2,0,"",""
ball,1,41.6,Pakistan,Umar Akmal,Adnan Akmal,GA Lamb,0,0,"",""
ball,1,42.1,Pakistan,Adnan Akmal,Umar Akmal,P Utseya,1,0,"",""
ball,1,42.2,Pakistan,Umar Akmal,Adnan Akmal,P Utseya,2,0,"",""
ball,1,42.3,Pakistan,Umar Akmal,Adnan Akmal,P Utseya,1,0,"",""
ball,1,42.4,Pakistan,Adnan Akmal,Umar Akmal,P Utseya,0,0,"",""
ball,1,42.5,Pakistan,Adnan Akmal,Umar Akmal,P Utseya,0,0,"",""
ball,1,42.6,Pakistan,Adnan Akmal,Umar Akmal,P Utseya,1,0,"",""
ball,1,43.1,Pakistan,Adnan Akmal,Umar Akmal,GA Lamb,1,0,"",""
ball,1,43.2,Pakistan,Umar Akmal,Adnan Akmal,GA Lamb,1,0,"",""
ball,1,43.3,Pakistan,Adnan Akmal,Umar Akmal,GA Lamb,1,0,"",""
ball,1,43.4,Pakistan,Umar Akmal,Adnan Akmal,GA Lamb,0,0,"",""
ball,1,43.5,Pakistan,Umar Akmal,Adnan Akmal,GA Lamb,0,0,"",""
ball,1,43.6,Pakistan,Umar Akmal,Adnan Akmal,GA Lamb,0,1,"",""
ball,1,44.1,Pakistan,Umar Akmal,Adnan Akmal,CB Mpofu,0,0,caught,Umar Akmal
ball,1,44.2,Pakistan,Sohail Tanvir,Adnan Akmal,CB Mpofu,0,0,"",""
ball,1,44.3,Pakistan,Sohail Tanvir,Adnan Akmal,CB Mpofu,0,0,"",""
ball,1,44.4,Pakistan,Sohail Tanvir,Adnan Akmal,CB Mpofu,0,0,"",""
ball,1,44.5,Pakistan,Sohail Tanvir,Adnan Akmal,CB Mpofu,0,0,"",""
ball,1,44.6,Pakistan,Sohail Tanvir,Adnan Akmal,CB Mpofu,0,0,"",""
ball,1,45.1,Pakistan,Adnan Akmal,Sohail Tanvir,RW Price,0,0,"",""
ball,1,45.2,Pakistan,Adnan Akmal,Sohail Tanvir,RW Price,0,1,"",""
ball,1,45.3,Pakistan,Adnan Akmal,Sohail Tanvir,RW Price,0,0,"",""
ball,1,45.4,Pakistan,Adnan Akmal,Sohail Tanvir,RW Price,0,1,"",""
ball,1,45.5,Pakistan,Adnan Akmal,Sohail Tanvir,RW Price,4,0,"",""
ball,1,45.6,Pakistan,Adnan Akmal,Sohail Tanvir,RW Price,1,0,"",""
ball,1,45.7,Pakistan,Sohail Tanvir,Adnan Akmal,RW Price,1,0,"",""
ball,1,45.8,Pakistan,Adnan Akmal,Sohail Tanvir,RW Price,1,0,"",""
ball,1,46.1,Pakistan,Adnan Akmal,Sohail Tanvir,CB Mpofu,2,0,"",""
ball,1,46.2,Pakistan,Adnan Akmal,Sohail Tanvir,CB Mpofu,1,0,"",""
ball,1,46.3,Pakistan,Sohail Tanvir,Adnan Akmal,CB Mpofu,1,0,"",""
ball,1,46.4,Pakistan,Adnan Akmal,Sohail Tanvir,CB Mpofu,0,0,"",""
ball,1,46.5,Pakistan,Adnan Akmal,Sohail Tanvir,CB Mpofu,0,0,"",""
ball,1,46.6,Pakistan,Adnan Akmal,Sohail Tanvir,CB Mpofu,0,0,"",""
ball,1,47.1,Pakistan,Sohail Tanvir,Adnan Akmal,RW Price,6,0,"",""
ball,1,47.2,Pakistan,Sohail Tanvir,Adnan Akmal,RW Price,1,0,"",""
ball,1,47.3,Pakistan,Adnan Akmal,Sohail Tanvir,RW Price,0,0,"",""
ball,1,47.4,Pakistan,Adnan Akmal,Sohail Tanvir,RW Price,1,0,"",""
ball,1,47.5,Pakistan,Sohail Tanvir,Adnan Akmal,RW Price,1,0,"",""
ball,1,47.6,Pakistan,Adnan Akmal,Sohail Tanvir,RW Price,1,0,"",""
ball,1,48.1,Pakistan,Adnan Akmal,Sohail Tanvir,CB Mpofu,1,0,"",""
ball,1,48.2,Pakistan,Sohail Tanvir,Adnan Akmal,CB Mpofu,0,0,"",""
ball,1,48.3,Pakistan,Sohail Tanvir,Adnan Akmal,CB Mpofu,1,0,"",""
ball,1,48.4,Pakistan,Adnan Akmal,Sohail Tanvir,CB Mpofu,4,0,"",""
ball,1,48.5,Pakistan,Adnan Akmal,Sohail Tanvir,CB Mpofu,1,0,"",""
ball,1,48.6,Pakistan,Sohail Tanvir,Adnan Akmal,CB Mpofu,2,0,"",""
ball,1,49.1,Pakistan,Adnan Akmal,Sohail Tanvir,RW Price,1,0,"",""
ball,1,49.2,Pakistan,Sohail Tanvir,Adnan Akmal,RW Price,2,0,"",""
ball,1,49.3,Pakistan,Sohail Tanvir,Adnan Akmal,RW Price,1,0,"",""
ball,1,49.4,Pakistan,Adnan Akmal,Sohail Tanvir,RW Price,0,0,caught,Adnan Akmal
ball,1,49.5,Pakistan,Saeed Ajmal,Sohail Tanvir,RW Price,1,0,"",""
ball,1,49.6,Pakistan,Sohail Tanvir,Saeed Ajmal,RW Price,1,0,"",""
ball,2,0.1,Zimbabwe,V Sibanda,CJ Chibhabha,Sohail Tanvir,0,0,"",""
ball,2,0.2,Zimbabwe,V Sibanda,CJ Chibhabha,Sohail Tanvir,0,0,"",""
ball,2,0.3,Zimbabwe,V Sibanda,CJ Chibhabha,Sohail Tanvir,4,0,"",""
ball,2,0.4,Zimbabwe,V Sibanda,CJ Chibhabha,Sohail Tanvir,0,0,"",""
ball,2,0.5,Zimbabwe,V Sibanda,CJ Chibhabha,Sohail Tanvir,0,0,"",""
ball,2,0.6,Zimbabwe,V Sibanda,CJ Chibhabha,Sohail Tanvir,0,0,"",""
ball,2,1.1,Zimbabwe,CJ Chibhabha,V Sibanda,Junaid Khan,0,0,"",""
ball,2,1.2,Zimbabwe,CJ Chibhabha,V Sibanda,Junaid Khan,0,0,"",""
ball,2,1.3,Zimbabwe,CJ Chibhabha,V Sibanda,Junaid Khan,0,0,"",""
ball,2,1.4,Zimbabwe,CJ Chibhabha,V Sibanda,Junaid Khan,1,0,"",""
ball,2,1.5,Zimbabwe,V Sibanda,CJ Chibhabha,Junaid Khan,0,0,"",""
ball,2,1.6,Zimbabwe,V Sibanda,CJ Chibhabha,Junaid Khan,0,0,"",""
ball,2,2.1,Zimbabwe,CJ Chibhabha,V Sibanda,Sohail Tanvir,0,0,"",""
ball,2,2.2,Zimbabwe,CJ Chibhabha,V Sibanda,Sohail Tanvir,0,0,"",""
ball,2,2.3,Zimbabwe,CJ Chibhabha,V Sibanda,Sohail Tanvir,0,0,bowled,CJ Chibhabha
ball,2,2.4,Zimbabwe,H Masakadza,V Sibanda,Sohail Tanvir,0,0,"",""
ball,2,2.5,Zimbabwe,H Masakadza,V Sibanda,Sohail Tanvir,0,0,"",""
ball,2,2.6,Zimbabwe,H Masakadza,V Sibanda,Sohail Tanvir,0,0,"",""
ball,2,3.1,Zimbabwe,V Sibanda,H Masakadza,Junaid Khan,0,0,"",""
ball,2,3.2,Zimbabwe,V Sibanda,H Masakadza,Junaid Khan,4,0,"",""
ball,2,3.3,Zimbabwe,V Sibanda,H Masakadza,Junaid Khan,6,0,"",""
ball,2,3.4,Zimbabwe,V Sibanda,H Masakadza,Junaid Khan,1,0,"",""
ball,2,3.5,Zimbabwe,H Masakadza,V Sibanda,Junaid Khan,0,0,"",""
ball,2,3.6,Zimbabwe,H Masakadza,V Sibanda,Junaid Khan,0,0,"",""
ball,2,4.1,Zimbabwe,V Sibanda,H Masakadza,Sohail Tanvir,0,0,"",""
ball,2,4.2,Zimbabwe,V Sibanda,H Masakadza,Sohail Tanvir,4,0,"",""
ball,2,4.3,Zimbabwe,V Sibanda,H Masakadza,Sohail Tanvir,0,0,"",""
ball,2,4.4,Zimbabwe,V Sibanda,H Masakadza,Sohail Tanvir,0,0,"",""
ball,2,4.5,Zimbabwe,V Sibanda,H Masakadza,Sohail Tanvir,1,0,"",""
ball,2,4.6,Zimbabwe,H Masakadza,V Sibanda,Sohail Tanvir,0,0,"",""
ball,2,5.1,Zimbabwe,V Sibanda,H Masakadza,Junaid Khan,0,0,"",""
ball,2,5.2,Zimbabwe,V Sibanda,H Masakadza,Junaid Khan,1,0,"",""
ball,2,5.3,Zimbabwe,H Masakadza,V Sibanda,Junaid Khan,4,0,"",""
ball,2,5.4,Zimbabwe,H Masakadza,V Sibanda,Junaid Khan,0,0,"",""
ball,2,5.5,Zimbabwe,H Masakadza,V Sibanda,Junaid Khan,1,0,"",""
ball,2,5.6,Zimbabwe,V Sibanda,H Masakadza,Junaid Khan,0,1,"",""
ball,2,5.7,Zimbabwe,V Sibanda,H Masakadza,Junaid Khan,2,0,"",""
ball,2,6.1,Zimbabwe,H Masakadza,V Sibanda,Sohail Tanvir,0,0,"",""
ball,2,6.2,Zimbabwe,H Masakadza,V Sibanda,Sohail Tanvir,0,0,"",""
ball,2,6.3,Zimbabwe,H Masakadza,V Sibanda,Sohail Tanvir,0,0,"",""
ball,2,6.4,Zimbabwe,H Masakadza,V Sibanda,Sohail Tanvir,0,0,"",""
ball,2,6.5,Zimbabwe,H Masakadza,V Sibanda,Sohail Tanvir,3,0,"",""
ball,2,6.6,Zimbabwe,V Sibanda,H Masakadza,Sohail Tanvir,1,0,"",""
ball,2,7.1,Zimbabwe,V Sibanda,H Masakadza,Saeed Ajmal,0,0,"",""
ball,2,7.2,Zimbabwe,V Sibanda,H Masakadza,Saeed Ajmal,0,0,"",""
ball,2,7.3,Zimbabwe,V Sibanda,H Masakadza,Saeed Ajmal,0,0,"",""
ball,2,7.4,Zimbabwe,V Sibanda,H Masakadza,Saeed Ajmal,0,0,"",""
ball,2,7.5,Zimbabwe,V Sibanda,H Masakadza,Saeed Ajmal,0,1,"",""
ball,2,7.6,Zimbabwe,V Sibanda,H Masakadza,Saeed Ajmal,0,0,"",""
ball,2,7.7,Zimbabwe,V Sibanda,H Masakadza,Saeed Ajmal,1,0,"",""
ball,2,8.1,Zimbabwe,V Sibanda,H Masakadza,Sohail Tanvir,0,0,"",""
ball,2,8.2,Zimbabwe,V Sibanda,H Masakadza,Sohail Tanvir,0,1,"",""
ball,2,8.3,Zimbabwe,V Sibanda,H Masakadza,Sohail Tanvir,0,0,"",""
ball,2,8.4,Zimbabwe,V Sibanda,H Masakadza,Sohail Tanvir,0,0,"",""
ball,2,8.5,Zimbabwe,V Sibanda,H Masakadza,Sohail Tanvir,0,0,"",""
ball,2,8.6,Zimbabwe,V Sibanda,H Masakadza,Sohail Tanvir,0,0,"",""
ball,2,8.7,Zimbabwe,V Sibanda,H Masakadza,Sohail Tanvir,0,0,"",""
ball,2,9.1,Zimbabwe,H Masakadza,V Sibanda,Saeed Ajmal,0,0,"",""
ball,2,9.2,Zimbabwe,H Masakadza,V Sibanda,Saeed Ajmal,4,0,"",""
ball,2,9.3,Zimbabwe,H Masakadza,V Sibanda,Saeed Ajmal,0,0,"",""
ball,2,9.4,Zimbabwe,H Masakadza,V Sibanda,Saeed Ajmal,0,0,"",""
ball,2,9.5,Zimbabwe,H Masakadza,V Sibanda,Saeed Ajmal,0,0,"",""
ball,2,9.6,Zimbabwe,H Masakadza,V Sibanda,Saeed Ajmal,0,0,"",""
ball,2,10.1,Zimbabwe,V Sibanda,H Masakadza,Aizaz Cheema,0,0,"",""
ball,2,10.2,Zimbabwe,V Sibanda,H Masakadza,Aizaz Cheema,0,1,"",""
ball,2,10.3,Zimbabwe,H Masakadza,V Sibanda,Aizaz Cheema,1,0,"",""
ball,2,10.4,Zimbabwe,V Sibanda,H Masakadza,Aizaz Cheema,0,0,"",""
ball,2,10.5,Zimbabwe,V Sibanda,H Masakadza,Aizaz Cheema,0,0,"",""
ball,2,10.6,Zimbabwe,V Sibanda,H Masakadza,Aizaz Cheema,0,0,"",""
ball,2,11.1,Zimbabwe,H Masakadza,V Sibanda,Mohammad Hafeez,0,0,"",""
ball,2,11.2,Zimbabwe,H Masakadza,V Sibanda,Mohammad Hafeez,1,0,"",""
ball,2,11.3,Zimbabwe,V Sibanda,H Masakadza,Mohammad Hafeez,2,0,"",""
ball,2,11.4,Zimbabwe,V Sibanda,H Masakadza,Mohammad Hafeez,1,0,"",""
ball,2,11.5,Zimbabwe,H Masakadza,V Sibanda,Mohammad Hafeez,0,0,"",""
ball,2,11.6,Zimbabwe,H Masakadza,V Sibanda,Mohammad Hafeez,0,0,"",""
ball,2,12.1,Zimbabwe,V Sibanda,H Masakadza,Aizaz Cheema,1,0,"",""
ball,2,12.2,Zimbabwe,H Masakadza,V Sibanda,Aizaz Cheema,1,0,"",""
ball,2,12.3,Zimbabwe,V Sibanda,H Masakadza,Aizaz Cheema,0,0,"",""
ball,2,12.4,Zimbabwe,V Sibanda,H Masakadza,Aizaz Cheema,0,0,"",""
ball,2,12.5,Zimbabwe,V Sibanda,H Masakadza,Aizaz Cheema,4,0,"",""
ball,2,12.6,Zimbabwe,V Sibanda,H Masakadza,Aizaz Cheema,0,0,"",""
ball,2,13.1,Zimbabwe,H Masakadza,V Sibanda,Mohammad Hafeez,0,0,lbw,H Masakadza
ball,2,13.2,Zimbabwe,BRM Taylor,V Sibanda,Mohammad Hafeez,1,0,"",""
ball,2,13.3,Zimbabwe,V Sibanda,BRM Taylor,Mohammad Hafeez,0,0,"",""
ball,2,13.4,Zimbabwe,V Sibanda,BRM Taylor,Mohammad Hafeez,0,0,"",""
ball,2,13.5,Zimbabwe,V Sibanda,BRM Taylor,Mohammad Hafeez,0,0,"",""
ball,2,13.6,Zimbabwe,V Sibanda,BRM Taylor,Mohammad Hafeez,1,0,"",""
ball,2,14.1,Zimbabwe,V Sibanda,BRM Taylor,Aizaz Cheema,1,0,"",""
ball,2,14.2,Zimbabwe,BRM Taylor,V Sibanda,Aizaz Cheema,0,0,"",""
ball,2,14.3,Zimbabwe,BRM Taylor,V Sibanda,Aizaz Cheema,0,0,"",""
ball,2,14.4,Zimbabwe,BRM Taylor,V Sibanda,Aizaz Cheema,0,0,"",""
ball,2,14.5,Zimbabwe,BRM Taylor,V Sibanda,Aizaz Cheema,0,0,"",""
ball,2,14.6,Zimbabwe,BRM Taylor,V Sibanda,Aizaz Cheema,0,0,"",""
ball,2,15.1,Zimbabwe,V Sibanda,BRM Taylor,Mohammad Hafeez,1,0,"",""
ball,2,15.2,Zimbabwe,BRM Taylor,V Sibanda,Mohammad Hafeez,0,0,"",""
ball,2,15.3,Zimbabwe,BRM Taylor,V Sibanda,Mohammad Hafeez,1,0,"",""
ball,2,15.4,Zimbabwe,V Sibanda,BRM Taylor,Mohammad Hafeez,0,0,"",""
ball,2,15.5,Zimbabwe,V Sibanda,BRM Taylor,Mohammad Hafeez,0,0,"",""
ball,2,15.6,Zimbabwe,V Sibanda,BRM Taylor,Mohammad Hafeez,1,0,"",""
ball,2,16.1,Zimbabwe,V Sibanda,BRM Taylor,Aizaz Cheema,4,0,"",""
ball,2,16.2,Zimbabwe,V Sibanda,BRM Taylor,Aizaz Cheema,1,0,"",""
ball,2,16.3,Zimbabwe,BRM Taylor,V Sibanda,Aizaz Cheema,0,0,"",""
ball,2,16.4,Zimbabwe,BRM Taylor,V Sibanda,Aizaz Cheema,1,0,"",""
ball,2,16.5,Zimbabwe,V Sibanda,BRM Taylor,Aizaz Cheema,1,0,"",""
ball,2,16.6,Zimbabwe,BRM Taylor,V Sibanda,Aizaz Cheema,1,0,"",""
ball,2,17.1,Zimbabwe,BRM Taylor,V Sibanda,Mohammad Hafeez,0,0,"",""
ball,2,17.2,Zimbabwe,BRM Taylor,V Sibanda,Mohammad Hafeez,1,0,"",""
ball,2,17.3,Zimbabwe,V Sibanda,BRM Taylor,Mohammad Hafeez,0,0,"",""
ball,2,17.4,Zimbabwe,V Sibanda,BRM Taylor,Mohammad Hafeez,0,0,"",""
ball,2,17.5,Zimbabwe,V Sibanda,BRM Taylor,Mohammad Hafeez,1,0,"",""
ball,2,17.6,Zimbabwe,BRM Taylor,V Sibanda,Mohammad Hafeez,0,0,"",""
ball,2,18.1,Zimbabwe,V Sibanda,BRM Taylor,Aizaz Cheema,1,0,"",""
ball,2,18.2,Zimbabwe,BRM Taylor,V Sibanda,Aizaz Cheema,0,0,"",""
ball,2,18.3,Zimbabwe,BRM Taylor,V Sibanda,Aizaz Cheema,0,0,"",""
ball,2,18.4,Zimbabwe,BRM Taylor,V Sibanda,Aizaz Cheema,0,0,"",""
ball,2,18.5,Zimbabwe,BRM Taylor,V Sibanda,Aizaz Cheema,0,0,"",""
ball,2,18.6,Zimbabwe,BRM Taylor,V Sibanda,Aizaz Cheema,0,0,"",""
ball,2,19.1,Zimbabwe,V Sibanda,BRM Taylor,Mohammad Hafeez,0,0,"",""
ball,2,19.2,Zimbabwe,V Sibanda,BRM Taylor,Mohammad Hafeez,0,0,"",""
ball,2,19.3,Zimbabwe,V Sibanda,BRM Taylor,Mohammad Hafeez,0,0,"",""
ball,2,19.4,Zimbabwe,V Sibanda,BRM Taylor,Mohammad Hafeez,0,0,"",""
ball,2,19.5,Zimbabwe,V Sibanda,BRM Taylor,Mohammad Hafeez,0,0,"",""
ball,2,19.6,Zimbabwe,V Sibanda,BRM Taylor,Mohammad Hafeez,1,0,"",""
ball,2,20.1,Zimbabwe,V Sibanda,BRM Taylor,Junaid Khan,4,0,"",""
ball,2,20.2,Zimbabwe,V Sibanda,BRM Taylor,Junaid Khan,1,0,"",""
ball,2,20.3,Zimbabwe,BRM Taylor,V Sibanda,Junaid Khan,1,0,"",""
ball,2,20.4,Zimbabwe,V Sibanda,BRM Taylor,Junaid Khan,1,0,"",""
ball,2,20.5,Zimbabwe,BRM Taylor,V Sibanda,Junaid Khan,0,0,"",""
ball,2,20.6,Zimbabwe,BRM Taylor,V Sibanda,Junaid Khan,0,0,"",""
ball,2,21.1,Zimbabwe,V Sibanda,BRM Taylor,Mohammad Hafeez,2,0,"",""
ball,2,21.2,Zimbabwe,V Sibanda,BRM Taylor,Mohammad Hafeez,1,0,"",""
ball,2,21.3,Zimbabwe,BRM Taylor,V Sibanda,Mohammad Hafeez,1,0,"",""
ball,2,21.4,Zimbabwe,V Sibanda,BRM Taylor,Mohammad Hafeez,1,0,"",""
ball,2,21.5,Zimbabwe,BRM Taylor,V Sibanda,Mohammad Hafeez,1,0,"",""
ball,2,21.6,Zimbabwe,V Sibanda,BRM Taylor,Mohammad Hafeez,1,0,"",""
ball,2,22.1,Zimbabwe,V Sibanda,BRM Taylor,Junaid Khan,2,0,"",""
ball,2,22.2,Zimbabwe,V Sibanda,BRM Taylor,Junaid Khan,1,0,"",""
ball,2,22.3,Zimbabwe,BRM Taylor,V Sibanda,Junaid Khan,0,0,"",""
ball,2,22.4,Zimbabwe,BRM Taylor,V Sibanda,Junaid Khan,4,0,"",""
ball,2,22.5,Zimbabwe,BRM Taylor,V Sibanda,Junaid Khan,1,0,"",""
ball,2,22.6,Zimbabwe,V Sibanda,BRM Taylor,Junaid Khan,1,0,"",""
ball,2,23.1,Zimbabwe,V Sibanda,BRM Taylor,Mohammad Hafeez,1,0,"",""
ball,2,23.2,Zimbabwe,BRM Taylor,V Sibanda,Mohammad Hafeez,0,0,"",""
ball,2,23.3,Zimbabwe,BRM Taylor,V Sibanda,Mohammad Hafeez,1,0,"",""
ball,2,23.4,Zimbabwe,V Sibanda,BRM Taylor,Mohammad Hafeez,0,0,"",""
ball,2,23.5,Zimbabwe,V Sibanda,BRM Taylor,Mohammad Hafeez,0,0,"",""
ball,2,23.6,Zimbabwe,V Sibanda,BRM Taylor,Mohammad Hafeez,0,0,"",""
ball,2,24.1,Zimbabwe,BRM Taylor,V Sibanda,Saeed Ajmal,1,0,"",""
ball,2,24.2,Zimbabwe,V Sibanda,BRM Taylor,Saeed Ajmal,1,0,"",""
ball,2,24.3,Zimbabwe,BRM Taylor,V Sibanda,Saeed Ajmal,1,0,"",""
ball,2,24.4,Zimbabwe,V Sibanda,BRM Taylor,Saeed Ajmal,2,0,"",""
ball,2,24.5,Zimbabwe,V Sibanda,BRM Taylor,Saeed Ajmal,1,0,"",""
ball,2,24.6,Zimbabwe,BRM Taylor,V Sibanda,Saeed Ajmal,0,0,"",""
ball,2,25.1,Zimbabwe,V Sibanda,BRM Taylor,Mohammad Hafeez,0,0,"",""
ball,2,25.2,Zimbabwe,V Sibanda,BRM Taylor,Mohammad Hafeez,1,0,"",""
ball,2,25.3,Zimbabwe,BRM Taylor,V Sibanda,Mohammad Hafeez,0,0,"",""
ball,2,25.4,Zimbabwe,BRM Taylor,V Sibanda,Mohammad Hafeez,2,0,"",""
ball,2,25.5,Zimbabwe,BRM Taylor,V Sibanda,Mohammad Hafeez,1,0,"",""
ball,2,25.6,Zimbabwe,V Sibanda,BRM Taylor,Mohammad Hafeez,0,1,"",""
ball,2,25.7,Zimbabwe,V Sibanda,BRM Taylor,Mohammad Hafeez,6,0,"",""
ball,2,26.1,Zimbabwe,BRM Taylor,V Sibanda,Aizaz Cheema,1,0,"",""
ball,2,26.2,Zimbabwe,V Sibanda,BRM Taylor,Aizaz Cheema,0,0,"",""
ball,2,26.3,Zimbabwe,V Sibanda,BRM Taylor,Aizaz Cheema,0,0,caught and bowled,V Sibanda
ball,2,26.4,Zimbabwe,T Taibu,BRM Taylor,Aizaz Cheema,0,0,"",""
ball,2,26.5,Zimbabwe,T Taibu,BRM Taylor,Aizaz Cheema,0,0,"",""
ball,2,26.6,Zimbabwe,T Taibu,BRM Taylor,Aizaz Cheema,0,0,"",""
ball,2,27.1,Zimbabwe,BRM Taylor,T Taibu,Mohammad Hafeez,0,0,"",""
ball,2,27.2,Zimbabwe,BRM Taylor,T Taibu,Mohammad Hafeez,1,0,"",""
ball,2,27.3,Zimbabwe,T Taibu,BRM Taylor,Mohammad Hafeez,0,0,"",""
ball,2,27.4,Zimbabwe,T Taibu,BRM Taylor,Mohammad Hafeez,1,0,"",""
ball,2,27.5,Zimbabwe,BRM Taylor,T Taibu,Mohammad Hafeez,1,0,"",""
ball,2,27.6,Zimbabwe,T Taibu,BRM Taylor,Mohammad Hafeez,0,0,"",""
ball,2,28.1,Zimbabwe,BRM Taylor,T Taibu,Aizaz Cheema,1,0,"",""
ball,2,28.2,Zimbabwe,T Taibu,BRM Taylor,Aizaz Cheema,1,0,"",""
ball,2,28.3,Zimbabwe,BRM Taylor,T Taibu,Aizaz Cheema,0,0,"",""
ball,2,28.4,Zimbabwe,BRM Taylor,T Taibu,Aizaz Cheema,0,0,"",""
ball,2,28.5,Zimbabwe,BRM Taylor,T Taibu,Aizaz Cheema,1,0,"",""
ball,2,28.6,Zimbabwe,T Taibu,BRM Taylor,Aizaz Cheema,0,0,"",""
ball,2,29.1,Zimbabwe,BRM Taylor,T Taibu,Mohammad Hafeez,0,0,"",""
ball,2,29.2,Zimbabwe,BRM Taylor,T Taibu,Mohammad Hafeez,1,0,"",""
ball,2,29.3,Zimbabwe,T Taibu,BRM Taylor,Mohammad Hafeez,1,0,"",""
ball,2,29.4,Zimbabwe,BRM Taylor,T Taibu,Mohammad Hafeez,0,0,"",""
ball,2,29.5,Zimbabwe,BRM Taylor,T Taibu,Mohammad Hafeez,1,0,"",""
ball,2,29.6,Zimbabwe,T Taibu,BRM Taylor,Mohammad Hafeez,0,0,"",""
ball,2,30.1,Zimbabwe,BRM Taylor,T Taibu,Saeed Ajmal,1,0,"",""
ball,2,30.2,Zimbabwe,T Taibu,BRM Taylor,Saeed Ajmal,0,0,"",""
ball,2,30.3,Zimbabwe,T Taibu,BRM Taylor,Saeed Ajmal,2,0,"",""
ball,2,30.4,Zimbabwe,T Taibu,BRM Taylor,Saeed Ajmal,2,0,"",""
ball,2,30.5,Zimbabwe,T Taibu,BRM Taylor,Saeed Ajmal,0,0,"",""
ball,2,30.6,Zimbabwe,T Taibu,BRM Taylor,Saeed Ajmal,0,0,"",""
ball,2,31.1,Zimbabwe,BRM Taylor,T Taibu,Shoaib Malik,1,0,"",""
ball,2,31.2,Zimbabwe,T Taibu,BRM Taylor,Shoaib Malik,0,0,"",""
ball,2,31.3,Zimbabwe,T Taibu,BRM Taylor,Shoaib Malik,0,0,"",""
ball,2,31.4,Zimbabwe,T Taibu,BRM Taylor,Shoaib Malik,1,0,"",""
ball,2,31.5,Zimbabwe,BRM Taylor,T Taibu,Shoaib Malik,2,0,"",""
ball,2,31.6,Zimbabwe,BRM Taylor,T Taibu,Shoaib Malik,0,0,"",""
ball,2,32.1,Zimbabwe,T Taibu,BRM Taylor,Saeed Ajmal,1,0,"",""
ball,2,32.2,Zimbabwe,BRM Taylor,T Taibu,Saeed Ajmal,0,0,"",""
ball,2,32.3,Zimbabwe,BRM Taylor,T Taibu,Saeed Ajmal,0,0,"",""
ball,2,32.4,Zimbabwe,BRM Taylor,T Taibu,Saeed Ajmal,1,0,"",""
ball,2,32.5,Zimbabwe,T Taibu,BRM Taylor,Saeed Ajmal,0,0,"",""
ball,2,32.6,Zimbabwe,T Taibu,BRM Taylor,Saeed Ajmal,0,0,"",""
ball,2,33.1,Zimbabwe,BRM Taylor,T Taibu,Shoaib Malik,0,0,"",""
ball,2,33.2,Zimbabwe,BRM Taylor,T Taibu,Shoaib Malik,0,0,"",""
ball,2,33.3,Zimbabwe,BRM Taylor,T Taibu,Shoaib Malik,1,0,"",""
ball,2,33.4,Zimbabwe,T Taibu,BRM Taylor,Shoaib Malik,1,0,"",""
ball,2,33.5,Zimbabwe,BRM Taylor,T Taibu,Shoaib Malik,1,0,"",""
ball,2,33.6,Zimbabwe,T Taibu,BRM Taylor,Shoaib Malik,2,0,"",""
ball,2,34.1,Zimbabwe,BRM Taylor,T Taibu,Sohail Tanvir,1,0,"",""
ball,2,34.2,Zimbabwe,T Taibu,BRM Taylor,Sohail Tanvir,0,0,"",""
ball,2,34.3,Zimbabwe,T Taibu,BRM Taylor,Sohail Tanvir,0,0,"",""
ball,2,34.4,Zimbabwe,T Taibu,BRM Taylor,Sohail Tanvir,0,0,"",""
ball,2,34.5,Zimbabwe,T Taibu,BRM Taylor,Sohail Tanvir,1,0,"",""
ball,2,34.6,Zimbabwe,BRM Taylor,T Taibu,Sohail Tanvir,0,0,"",""
ball,2,35.1,Zimbabwe,T Taibu,BRM Taylor,Shoaib Malik,1,0,"",""
ball,2,35.2,Zimbabwe,BRM Taylor,T Taibu,Shoaib Malik,2,0,"",""
ball,2,35.3,Zimbabwe,BRM Taylor,T Taibu,Shoaib Malik,1,0,"",""
ball,2,35.4,Zimbabwe,T Taibu,BRM Taylor,Shoaib Malik,6,0,"",""
ball,2,35.5,Zimbabwe,T Taibu,BRM Taylor,Shoaib Malik,1,0,"",""
ball,2,35.6,Zimbabwe,BRM Taylor,T Taibu,Shoaib Malik,1,0,"",""
ball,2,36.1,Zimbabwe,BRM Taylor,T Taibu,Sohail Tanvir,0,0,"",""
ball,2,36.2,Zimbabwe,BRM Taylor,T Taibu,Sohail Tanvir,0,0,"",""
ball,2,36.3,Zimbabwe,BRM Taylor,T Taibu,Sohail Tanvir,1,0,"",""
ball,2,36.4,Zimbabwe,T Taibu,BRM Taylor,Sohail Tanvir,1,0,"",""
ball,2,36.5,Zimbabwe,BRM Taylor,T Taibu,Sohail Tanvir,2,0,"",""
ball,2,36.6,Zimbabwe,BRM Taylor,T Taibu,Sohail Tanvir,0,0,"",""
ball,2,37.1,Zimbabwe,T Taibu,BRM Taylor,Saeed Ajmal,1,0,"",""
ball,2,37.2,Zimbabwe,BRM Taylor,T Taibu,Saeed Ajmal,1,0,"",""
ball,2,37.3,Zimbabwe,T Taibu,BRM Taylor,Saeed Ajmal,1,0,"",""
ball,2,37.4,Zimbabwe,BRM Taylor,T Taibu,Saeed Ajmal,0,0,"",""
ball,2,37.5,Zimbabwe,BRM Taylor,T Taibu,Saeed Ajmal,4,0,"",""
ball,2,37.6,Zimbabwe,BRM Taylor,T Taibu,Saeed Ajmal,0,0,"",""
ball,2,38.1,Zimbabwe,T Taibu,BRM Taylor,Aizaz Cheema,0,0,"",""
ball,2,38.2,Zimbabwe,T Taibu,BRM Taylor,Aizaz Cheema,0,0,"",""
ball,2,38.3,Zimbabwe,T Taibu,BRM Taylor,Aizaz Cheema,0,0,"",""
ball,2,38.4,Zimbabwe,T Taibu,BRM Taylor,Aizaz Cheema,0,0,"",""
ball,2,38.5,Zimbabwe,T Taibu,BRM Taylor,Aizaz Cheema,1,0,"",""
ball,2,38.6,Zimbabwe,BRM Taylor,T Taibu,Aizaz Cheema,1,0,"",""
ball,2,39.1,Zimbabwe,BRM Taylor,T Taibu,Saeed Ajmal,0,0,"",""
ball,2,39.2,Zimbabwe,BRM Taylor,T Taibu,Saeed Ajmal,0,0,"",""
ball,2,39.3,Zimbabwe,BRM Taylor,T Taibu,Saeed Ajmal,3,0,"",""
ball,2,39.4,Zimbabwe,T Taibu,BRM Taylor,Saeed Ajmal,0,0,"",""
ball,2,39.5,Zimbabwe,T Taibu,BRM Taylor,Saeed Ajmal,1,0,"",""
ball,2,39.6,Zimbabwe,BRM Taylor,T Taibu,Saeed Ajmal,4,0,"",""
ball,2,40.1,Zimbabwe,T Taibu,BRM Taylor,Aizaz Cheema,0,0,"",""
ball,2,40.2,Zimbabwe,T Taibu,BRM Taylor,Aizaz Cheema,0,0,"",""
ball,2,40.3,Zimbabwe,T Taibu,BRM Taylor,Aizaz Cheema,0,0,caught,T Taibu
ball,2,40.4,Zimbabwe,BRM Taylor,MN Waller,Aizaz Cheema,1,0,"",""
ball,2,40.5,Zimbabwe,MN Waller,BRM Taylor,Aizaz Cheema,1,0,"",""
ball,2,40.6,Zimbabwe,BRM Taylor,MN Waller,Aizaz Cheema,1,0,"",""
ball,2,41.1,Zimbabwe,BRM Taylor,MN Waller,Junaid Khan,0,0,"",""
ball,2,41.2,Zimbabwe,BRM Taylor,MN Waller,Junaid Khan,4,0,"",""
ball,2,41.3,Zimbabwe,BRM Taylor,MN Waller,Junaid Khan,0,0,"",""
ball,2,41.4,Zimbabwe,BRM Taylor,MN Waller,Junaid Khan,0,0,"",""
ball,2,41.5,Zimbabwe,BRM Taylor,MN Waller,Junaid Khan,4,0,"",""
ball,2,41.6,Zimbabwe,BRM Taylor,MN Waller,Junaid Khan,0,0,"",""
ball,2,42.1,Zimbabwe,MN Waller,BRM Taylor,Sohail Tanvir,4,0,"",""
ball,2,42.2,Zimbabwe,MN Waller,BRM Taylor,Sohail Tanvir,4,0,"",""
ball,2,42.3,Zimbabwe,MN Waller,BRM Taylor,Sohail Tanvir,0,0,"",""
ball,2,42.4,Zimbabwe,MN Waller,BRM Taylor,Sohail Tanvir,0,0,"",""
ball,2,42.5,Zimbabwe,MN Waller,BRM Taylor,Sohail Tanvir,1,0,"",""
ball,2,42.6,Zimbabwe,BRM Taylor,MN Waller,Sohail Tanvir,1,0,"",""
ball,2,43.1,Zimbabwe,BRM Taylor,MN Waller,Saeed Ajmal,1,0,"",""
ball,2,43.2,Zimbabwe,MN Waller,BRM Taylor,Saeed Ajmal,0,0,caught,MN Waller
ball,2,43.3,Zimbabwe,BRM Taylor,E Chigumbura,Saeed Ajmal,1,0,"",""
ball,2,43.4,Zimbabwe,E Chigumbura,BRM Taylor,Saeed Ajmal,0,0,"",""
ball,2,43.5,Zimbabwe,E Chigumbura,BRM Taylor,Saeed Ajmal,0,0,"",""
ball,2,43.6,Zimbabwe,E Chigumbura,BRM Taylor,Saeed Ajmal,1,0,"",""
ball,2,44.1,Zimbabwe,E Chigumbura,BRM Taylor,Sohail Tanvir,0,0,"",""
ball,2,44.2,Zimbabwe,E Chigumbura,BRM Taylor,Sohail Tanvir,0,1,"",""
ball,2,44.3,Zimbabwe,E Chigumbura,BRM Taylor,Sohail Tanvir,4,0,"",""
ball,2,44.4,Zimbabwe,E Chigumbura,BRM Taylor,Sohail Tanvir,0,0,"",""
ball,2,44.5,Zimbabwe,E Chigumbura,BRM Taylor,Sohail Tanvir,0,0,"",""
ball,2,44.6,Zimbabwe,E Chigumbura,BRM Taylor,Sohail Tanvir,1,0,"",""
ball,2,44.7,Zimbabwe,BRM Taylor,E Chigumbura,Sohail Tanvir,2,0,"",""
ball,2,45.1,Zimbabwe,E Chigumbura,BRM Taylor,Saeed Ajmal,0,0,"",""
ball,2,45.2,Zimbabwe,E Chigumbura,BRM Taylor,Saeed Ajmal,2,0,"",""
ball,2,45.3,Zimbabwe,E Chigumbura,BRM Taylor,Saeed Ajmal,1,0,"",""
ball,2,45.4,Zimbabwe,BRM Taylor,E Chigumbura,Saeed Ajmal,0,0,"",""
ball,2,45.5,Zimbabwe,BRM Taylor,E Chigumbura,Saeed Ajmal,4,0,"",""
ball,2,45.6,Zimbabwe,BRM Taylor,E Chigumbura,Saeed Ajmal,1,0,"",""
ball,2,46.1,Zimbabwe,BRM Taylor,E Chigumbura,Sohail Tanvir,2,0,"",""
ball,2,46.2,Zimbabwe,BRM Taylor,E Chigumbura,Sohail Tanvir,1,1,"",""
ball,2,46.3,Zimbabwe,E Chigumbura,BRM Taylor,Sohail Tanvir,0,0,"",""
ball,2,46.4,Zimbabwe,E Chigumbura,BRM Taylor,Sohail Tanvir,1,0,"",""
ball,2,46.5,Zimbabwe,BRM Taylor,E Chigumbura,Sohail Tanvir,4,0,"",""
ball,2,46.6,Zimbabwe,BRM Taylor,E Chigumbura,Sohail Tanvir,0,0,"",""
ball,2,46.7,Zimbabwe,BRM Taylor,E Chigumbura,Sohail Tanvir,0,0,"",""
ball,2,47.1,Zimbabwe,E Chigumbura,BRM Taylor,Saeed Ajmal,1,0,"",""
ball,2,47.2,Zimbabwe,BRM Taylor,E Chigumbura,Saeed Ajmal,0,0,"",""
ball,2,47.3,Zimbabwe,BRM Taylor,E Chigumbura,Saeed Ajmal,0,0,"",""
ball,2,47.4,Zimbabwe,BRM Taylor,E Chigumbura,Saeed Ajmal,1,0,"",""
ball,2,47.5,Zimbabwe,E Chigumbura,BRM Taylor,Saeed Ajmal,1,0,"",""
ball,2,47.6,Zimbabwe,BRM Taylor,E Chigumbura,Saeed Ajmal,0,0,"",""
ball,2,48.1,Zimbabwe,E Chigumbura,BRM Taylor,Aizaz Cheema,4,0,"",""
ball,2,48.2,Zimbabwe,E Chigumbura,BRM Taylor,Aizaz Cheema,1,0,"",""
ball,2,48.3,Zimbabwe,BRM Taylor,E Chigumbura,Aizaz Cheema,2,0,"",""
ball,2,48.4,Zimbabwe,BRM Taylor,E Chigumbura,Aizaz Cheema,0,0,caught,BRM Taylor
ball,2,48.5,Zimbabwe,E Chigumbura,GA Lamb,Aizaz Cheema,2,0,"",""
ball,2,48.6,Zimbabwe,E Chigumbura,GA Lamb,Aizaz Cheema,1,0,"",""
ball,2,49.1,Zimbabwe,E Chigumbura,GA Lamb,Junaid Khan,2,0,"",""
ball,2,49.2,Zimbabwe,E Chigumbura,GA Lamb,Junaid Khan,0,0,"",""
ball,2,49.3,Zimbabwe,E Chigumbura,GA Lamb,Junaid Khan,1,0,"",""
ball,2,49.4,Zimbabwe,GA Lamb,E Chigumbura,Junaid Khan,1,0,"",""
ball,2,49.5,Zimbabwe,E Chigumbura,GA Lamb,Junaid Khan,1,0,run out,E Chigumbura
ball,2,49.6,Zimbabwe,P Utseya,GA Lamb,Junaid Khan,1,0,"",""
