version,1.3.0
info,team,England
info,team,Pakistan
info,gender,male
info,season,2011/12
info,date,2012/02/15
info,series,Pakistan v England ODI Series
info,match_number,2
info,venue,Sheikh Zayed Stadium
info,city,Abu Dhabi
info,neutralvenue,true
info,toss_winner,England
info,toss_decision,bat
info,player_of_match,AN Cook
info,umpire,Aleem Dar
info,umpire,HDPK Dharmasena
info,reserve_umpire,Ahsan Raza
info,tv_umpire,SJA Taufel
info,match_referee,JJ Crowe
info,winner,England
info,winner_runs,20
ball,1,0.1,England,AN Cook,KP Pietersen,Umar Gul,0,0,"",""
ball,1,0.2,England,AN Cook,KP Pietersen,Umar Gul,0,0,"",""
ball,1,0.3,England,AN Cook,KP Pietersen,Umar Gul,0,0,"",""
ball,1,0.4,England,AN Cook,KP Pietersen,Umar Gul,0,0,"",""
ball,1,0.5,England,AN Cook,KP Pietersen,Umar Gul,0,0,"",""
ball,1,0.6,England,AN Cook,KP Pietersen,Umar Gul,0,0,"",""
ball,1,1.1,England,KP Pietersen,AN Cook,Aizaz Cheema,0,0,"",""
ball,1,1.2,England,KP Pietersen,AN Cook,Aizaz Cheema,0,1,"",""
ball,1,1.3,England,KP Pietersen,AN Cook,Aizaz Cheema,0,5,"",""
ball,1,1.4,England,KP Pietersen,AN Cook,Aizaz Cheema,0,1,"",""
ball,1,1.5,England,KP Pietersen,AN Cook,Aizaz Cheema,0,0,"",""
ball,1,1.6,England,KP Pietersen,AN Cook,Aizaz Cheema,1,0,"",""
ball,1,1.7,England,AN Cook,KP Pietersen,Aizaz Cheema,0,0,"",""
ball,1,1.8,England,AN Cook,KP Pietersen,Aizaz Cheema,0,0,"",""
ball,1,1.9,England,AN Cook,KP Pietersen,Aizaz Cheema,0,0,"",""
ball,1,2.1,England,KP Pietersen,AN Cook,Umar Gul,0,0,"",""
ball,1,2.2,England,KP Pietersen,AN Cook,Umar Gul,0,0,"",""
ball,1,2.3,England,KP Pietersen,AN Cook,Umar Gul,0,0,"",""
ball,1,2.4,England,KP Pietersen,AN Cook,Umar Gul,0,0,"",""
ball,1,2.5,England,KP Pietersen,AN Cook,Umar Gul,4,0,"",""
ball,1,2.6,England,KP Pietersen,AN Cook,Umar Gul,0,0,"",""
ball,1,3.1,England,AN Cook,KP Pietersen,Aizaz Cheema,4,0,"",""
ball,1,3.2,England,AN Cook,KP Pietersen,Aizaz Cheema,0,0,"",""
ball,1,3.3,England,AN Cook,KP Pietersen,Aizaz Cheema,0,0,"",""
ball,1,3.4,England,AN Cook,KP Pietersen,Aizaz Cheema,0,0,"",""
ball,1,3.5,England,AN Cook,KP Pietersen,Aizaz Cheema,0,0,"",""
ball,1,3.6,England,AN Cook,KP Pietersen,Aizaz Cheema,0,0,"",""
ball,1,4.1,England,KP Pietersen,AN Cook,Umar Gul,1,0,"",""
ball,1,4.2,England,AN Cook,KP Pietersen,Umar Gul,2,0,"",""
ball,1,4.3,England,AN Cook,KP Pietersen,Umar Gul,0,0,"",""
ball,1,4.4,England,AN Cook,KP Pietersen,Umar Gul,0,0,"",""
ball,1,4.5,England,AN Cook,KP Pietersen,Umar Gul,0,0,"",""
ball,1,4.6,England,AN Cook,KP Pietersen,Umar Gul,0,0,"",""
ball,1,5.1,England,KP Pietersen,AN Cook,Mohammad Hafeez,1,0,"",""
ball,1,5.2,England,AN Cook,KP Pietersen,Mohammad Hafeez,0,0,"",""
ball,1,5.3,England,AN Cook,KP Pietersen,Mohammad Hafeez,0,0,"",""
ball,1,5.4,England,AN Cook,KP Pietersen,Mohammad Hafeez,4,0,"",""
ball,1,5.5,England,AN Cook,KP Pietersen,Mohammad Hafeez,1,0,"",""
ball,1,5.6,England,KP Pietersen,AN Cook,Mohammad Hafeez,0,0,"",""
ball,1,6.1,England,AN Cook,KP Pietersen,Umar Gul,1,0,"",""
ball,1,6.2,England,KP Pietersen,AN Cook,Umar Gul,0,0,"",""
ball,1,6.3,England,KP Pietersen,AN Cook,Umar Gul,0,0,"",""
ball,1,6.4,England,KP Pietersen,AN Cook,Umar Gul,0,0,"",""
ball,1,6.5,England,KP Pietersen,AN Cook,Umar Gul,1,0,"",""
ball,1,6.6,England,AN Cook,KP Pietersen,Umar Gul,0,0,"",""
ball,1,7.1,England,KP Pietersen,AN Cook,Mohammad Hafeez,1,0,"",""
ball,1,7.2,England,AN Cook,KP Pietersen,Mohammad Hafeez,0,0,"",""
ball,1,7.3,England,AN Cook,KP Pietersen,Mohammad Hafeez,0,0,"",""
ball,1,7.4,England,AN Cook,KP Pietersen,Mohammad Hafeez,0,0,"",""
ball,1,7.5,England,AN Cook,KP Pietersen,Mohammad Hafeez,4,0,"",""
ball,1,7.6,England,AN Cook,KP Pietersen,Mohammad Hafeez,4,0,"",""
ball,1,8.1,England,KP Pietersen,AN Cook,Umar Gul,0,0,"",""
ball,1,8.2,England,KP Pietersen,AN Cook,Umar Gul,4,0,"",""
ball,1,8.3,England,KP Pietersen,AN Cook,Umar Gul,4,0,"",""
ball,1,8.4,England,KP Pietersen,AN Cook,Umar Gul,0,0,"",""
ball,1,8.5,England,KP Pietersen,AN Cook,Umar Gul,1,0,"",""
ball,1,8.6,England,AN Cook,KP Pietersen,Umar Gul,3,0,"",""
ball,1,9.1,England,AN Cook,KP Pietersen,Abdur Rehman,0,0,"",""
ball,1,9.2,England,AN Cook,KP Pietersen,Abdur Rehman,0,0,"",""
ball,1,9.3,England,AN Cook,KP Pietersen,Abdur Rehman,0,0,"",""
ball,1,9.4,England,AN Cook,KP Pietersen,Abdur Rehman,1,0,"",""
ball,1,9.5,England,KP Pietersen,AN Cook,Abdur Rehman,0,0,"",""
ball,1,9.6,England,KP Pietersen,AN Cook,Abdur Rehman,0,0,"",""
ball,1,10.1,England,AN Cook,KP Pietersen,Shahid Afridi,0,0,"",""
ball,1,10.2,England,AN Cook,KP Pietersen,Shahid Afridi,1,0,"",""
ball,1,10.3,England,KP Pietersen,AN Cook,Shahid Afridi,0,0,"",""
ball,1,10.4,England,KP Pietersen,AN Cook,Shahid Afridi,0,0,"",""
ball,1,10.5,England,KP Pietersen,AN Cook,Shahid Afridi,0,0,"",""
ball,1,10.6,England,KP Pietersen,AN Cook,Shahid Afridi,0,0,"",""
ball,1,11.1,England,AN Cook,KP Pietersen,Abdur Rehman,0,0,"",""
ball,1,11.2,England,AN Cook,KP Pietersen,Abdur Rehman,1,0,"",""
ball,1,11.3,England,KP Pietersen,AN Cook,Abdur Rehman,4,0,"",""
ball,1,11.4,England,KP Pietersen,AN Cook,Abdur Rehman,0,2,"",""
ball,1,11.5,England,KP Pietersen,AN Cook,Abdur Rehman,0,0,"",""
ball,1,11.6,England,KP Pietersen,AN Cook,Abdur Rehman,1,0,"",""
ball,1,12.1,England,KP Pietersen,AN Cook,Shahid Afridi,0,0,"",""
ball,1,12.2,England,KP Pietersen,AN Cook,Shahid Afridi,0,0,"",""
ball,1,12.3,England,KP Pietersen,AN Cook,Shahid Afridi,0,0,"",""
ball,1,12.4,England,KP Pietersen,AN Cook,Shahid Afridi,0,0,"",""
ball,1,12.5,England,KP Pietersen,AN Cook,Shahid Afridi,0,0,"",""
ball,1,12.6,England,KP Pietersen,AN Cook,Shahid Afridi,0,0,"",""
ball,1,13.1,England,AN Cook,KP Pietersen,Abdur Rehman,1,0,"",""
ball,1,13.2,England,KP Pietersen,AN Cook,Abdur Rehman,1,0,"",""
ball,1,13.3,England,AN Cook,KP Pietersen,Abdur Rehman,1,0,"",""
ball,1,13.4,England,KP Pietersen,AN Cook,Abdur Rehman,0,0,"",""
ball,1,13.5,England,KP Pietersen,AN Cook,Abdur Rehman,0,0,"",""
ball,1,13.6,England,KP Pietersen,AN Cook,Abdur Rehman,0,0,"",""
ball,1,14.1,England,AN Cook,KP Pietersen,Shahid Afridi,0,0,"",""
ball,1,14.2,England,AN Cook,KP Pietersen,Shahid Afridi,2,0,"",""
ball,1,14.3,England,AN Cook,KP Pietersen,Shahid Afridi,0,0,"",""
ball,1,14.4,England,AN Cook,KP Pietersen,Shahid Afridi,1,0,"",""
ball,1,14.5,England,KP Pietersen,AN Cook,Shahid Afridi,0,0,"",""
ball,1,14.6,England,KP Pietersen,AN Cook,Shahid Afridi,1,0,"",""
ball,1,15.1,England,KP Pietersen,AN Cook,Saeed Ajmal,1,0,"",""
ball,1,15.2,England,AN Cook,KP Pietersen,Saeed Ajmal,1,0,"",""
ball,1,15.3,England,KP Pietersen,AN Cook,Saeed Ajmal,0,0,lbw,KP Pietersen
ball,1,15.4,England,IJL Trott,AN Cook,Saeed Ajmal,0,0,"",""
ball,1,15.5,England,IJL Trott,AN Cook,Saeed Ajmal,2,0,"",""
ball,1,15.6,England,IJL Trott,AN Cook,Saeed Ajmal,0,0,"",""
ball,1,16.1,England,AN Cook,IJL Trott,Shahid Afridi,4,0,"",""
ball,1,16.2,England,AN Cook,IJL Trott,Shahid Afridi,1,0,"",""
ball,1,16.3,England,IJL Trott,AN Cook,Shahid Afridi,0,0,"",""
ball,1,16.4,England,IJL Trott,AN Cook,Shahid Afridi,0,0,"",""
ball,1,16.5,England,IJL Trott,AN Cook,Shahid Afridi,1,0,"",""
ball,1,16.6,England,AN Cook,IJL Trott,Shahid Afridi,0,0,"",""
ball,1,17.1,England,IJL Trott,AN Cook,Saeed Ajmal,0,0,"",""
ball,1,17.2,England,IJL Trott,AN Cook,Saeed Ajmal,0,0,"",""
ball,1,17.3,England,IJL Trott,AN Cook,Saeed Ajmal,4,0,"",""
ball,1,17.4,England,IJL Trott,AN Cook,Saeed Ajmal,1,0,"",""
ball,1,17.5,England,AN Cook,IJL Trott,Saeed Ajmal,0,0,"",""
ball,1,17.6,England,AN Cook,IJL Trott,Saeed Ajmal,0,0,"",""
ball,1,18.1,England,IJL Trott,AN Cook,Shahid Afridi,1,0,"",""
ball,1,18.2,England,AN Cook,IJL Trott,Shahid Afridi,0,0,"",""
ball,1,18.3,England,AN Cook,IJL Trott,Shahid Afridi,1,0,"",""
ball,1,18.4,England,IJL Trott,AN Cook,Shahid Afridi,1,0,"",""
ball,1,18.5,England,AN Cook,IJL Trott,Shahid Afridi,1,0,"",""
ball,1,18.6,England,IJL Trott,AN Cook,Shahid Afridi,1,0,"",""
ball,1,19.1,England,IJL Trott,AN Cook,Saeed Ajmal,1,0,"",""
ball,1,19.2,England,AN Cook,IJL Trott,Saeed Ajmal,0,0,"",""
ball,1,19.3,England,AN Cook,IJL Trott,Saeed Ajmal,1,0,"",""
ball,1,19.4,England,IJL Trott,AN Cook,Saeed Ajmal,0,0,"",""
ball,1,19.5,England,IJL Trott,AN Cook,Saeed Ajmal,0,0,"",""
ball,1,19.6,England,IJL Trott,AN Cook,Saeed Ajmal,1,0,"",""
ball,1,20.1,England,IJL Trott,AN Cook,Shahid Afridi,1,0,"",""
ball,1,20.2,England,AN Cook,IJL Trott,Shahid Afridi,1,0,"",""
ball,1,20.3,England,IJL Trott,AN Cook,Shahid Afridi,0,0,"",""
ball,1,20.4,England,IJL Trott,AN Cook,Shahid Afridi,0,0,"",""
ball,1,20.5,England,IJL Trott,AN Cook,Shahid Afridi,1,0,"",""
ball,1,20.6,England,AN Cook,IJL Trott,Shahid Afridi,1,0,"",""
ball,1,21.1,England,AN Cook,IJL Trott,Abdur Rehman,1,0,"",""
ball,1,21.2,England,IJL Trott,AN Cook,Abdur Rehman,1,0,"",""
ball,1,21.3,England,AN Cook,IJL Trott,Abdur Rehman,1,0,"",""
ball,1,21.4,England,IJL Trott,AN Cook,Abdur Rehman,0,0,"",""
ball,1,21.5,England,IJL Trott,AN Cook,Abdur Rehman,0,0,"",""
ball,1,21.6,England,IJL Trott,AN Cook,Abdur Rehman,1,0,"",""
ball,1,22.1,England,IJL Trott,AN Cook,Shahid Afridi,1,0,"",""
ball,1,22.2,England,AN Cook,IJL Trott,Shahid Afridi,1,0,"",""
ball,1,22.3,England,IJL Trott,AN Cook,Shahid Afridi,1,0,"",""
ball,1,22.4,England,AN Cook,IJL Trott,Shahid Afridi,4,0,"",""
ball,1,22.5,England,AN Cook,IJL Trott,Shahid Afridi,0,0,"",""
ball,1,22.6,England,AN Cook,IJL Trott,Shahid Afridi,0,0,"",""
ball,1,23.1,England,IJL Trott,AN Cook,Abdur Rehman,2,0,"",""
ball,1,23.2,England,IJL Trott,AN Cook,Abdur Rehman,0,0,"",""
ball,1,23.3,England,IJL Trott,AN Cook,Abdur Rehman,0,0,"",""
ball,1,23.4,England,IJL Trott,AN Cook,Abdur Rehman,0,0,"",""
ball,1,23.5,England,IJL Trott,AN Cook,Abdur Rehman,0,0,"",""
ball,1,23.6,England,IJL Trott,AN Cook,Abdur Rehman,0,0,"",""
ball,1,24.1,England,AN Cook,IJL Trott,Aizaz Cheema,1,0,"",""
ball,1,24.2,England,IJL Trott,AN Cook,Aizaz Cheema,0,0,"",""
ball,1,24.3,England,IJL Trott,AN Cook,Aizaz Cheema,1,0,"",""
ball,1,24.4,England,AN Cook,IJL Trott,Aizaz Cheema,0,0,"",""
ball,1,24.5,England,AN Cook,IJL Trott,Aizaz Cheema,1,0,"",""
ball,1,24.6,England,IJL Trott,AN Cook,Aizaz Cheema,0,0,"",""
ball,1,25.1,England,AN Cook,IJL Trott,Abdur Rehman,2,0,"",""
ball,1,25.2,England,AN Cook,IJL Trott,Abdur Rehman,3,0,"",""
ball,1,25.3,England,IJL Trott,AN Cook,Abdur Rehman,1,0,"",""
ball,1,25.4,England,AN Cook,IJL Trott,Abdur Rehman,0,0,"",""
ball,1,25.5,England,AN Cook,IJL Trott,Abdur Rehman,0,0,"",""
ball,1,25.6,England,AN Cook,IJL Trott,Abdur Rehman,1,0,"",""
ball,1,26.1,England,AN Cook,IJL Trott,Aizaz Cheema,0,0,"",""
ball,1,26.2,England,AN Cook,IJL Trott,Aizaz Cheema,1,0,"",""
ball,1,26.3,England,IJL Trott,AN Cook,Aizaz Cheema,0,0,caught,IJL Trott
ball,1,26.4,England,RS Bopara,AN Cook,Aizaz Cheema,0,0,"",""
ball,1,26.5,England,RS Bopara,AN Cook,Aizaz Cheema,0,0,"",""
ball,1,26.6,England,RS Bopara,AN Cook,Aizaz Cheema,0,0,"",""
ball,1,27.1,England,AN Cook,RS Bopara,Abdur Rehman,1,0,"",""
ball,1,27.2,England,RS Bopara,AN Cook,Abdur Rehman,1,0,"",""
ball,1,27.3,England,AN Cook,RS Bopara,Abdur Rehman,1,0,"",""
ball,1,27.4,England,RS Bopara,AN Cook,Abdur Rehman,1,0,"",""
ball,1,27.5,England,AN Cook,RS Bopara,Abdur Rehman,0,0,"",""
ball,1,27.6,England,AN Cook,RS Bopara,Abdur Rehman,0,0,"",""
ball,1,28.1,England,RS Bopara,AN Cook,Aizaz Cheema,1,0,"",""
ball,1,28.2,England,AN Cook,RS Bopara,Aizaz Cheema,0,0,"",""
ball,1,28.3,England,AN Cook,RS Bopara,Aizaz Cheema,1,0,"",""
ball,1,28.4,England,RS Bopara,AN Cook,Aizaz Cheema,1,0,"",""
ball,1,28.5,England,AN Cook,RS Bopara,Aizaz Cheema,1,0,"",""
ball,1,28.6,England,RS Bopara,AN Cook,Aizaz Cheema,4,0,"",""
ball,1,29.1,England,AN Cook,RS Bopara,Abdur Rehman,0,1,"",""
ball,1,29.2,England,RS Bopara,AN Cook,Abdur Rehman,0,0,"",""
ball,1,29.3,England,RS Bopara,AN Cook,Abdur Rehman,0,0,"",""
ball,1,29.4,England,RS Bopara,AN Cook,Abdur Rehman,0,0,"",""
ball,1,29.5,England,RS Bopara,AN Cook,Abdur Rehman,0,0,"",""
ball,1,29.6,England,RS Bopara,AN Cook,Abdur Rehman,0,0,"",""
ball,1,30.1,England,AN Cook,RS Bopara,Aizaz Cheema,1,0,"",""
ball,1,30.2,England,RS Bopara,AN Cook,Aizaz Cheema,1,0,"",""
ball,1,30.3,England,AN Cook,RS Bopara,Aizaz Cheema,0,0,"",""
ball,1,30.4,England,AN Cook,RS Bopara,Aizaz Cheema,0,0,"",""
ball,1,30.5,England,AN Cook,RS Bopara,Aizaz Cheema,4,0,"",""
ball,1,30.6,England,AN Cook,RS Bopara,Aizaz Cheema,1,0,"",""
ball,1,31.1,England,AN Cook,RS Bopara,Abdur Rehman,0,0,"",""
ball,1,31.2,England,AN Cook,RS Bopara,Abdur Rehman,1,0,"",""
ball,1,31.3,England,RS Bopara,AN Cook,Abdur Rehman,0,0,"",""
ball,1,31.4,England,RS Bopara,AN Cook,Abdur Rehman,1,0,"",""
ball,1,31.5,England,AN Cook,RS Bopara,Abdur Rehman,1,0,"",""
ball,1,31.6,England,RS Bopara,AN Cook,Abdur Rehman,1,0,"",""
ball,1,32.1,England,RS Bopara,AN Cook,Mohammad Hafeez,0,0,"",""
ball,1,32.2,England,RS Bopara,AN Cook,Mohammad Hafeez,0,0,"",""
ball,1,32.3,England,RS Bopara,AN Cook,Mohammad Hafeez,1,0,"",""
ball,1,32.4,England,AN Cook,RS Bopara,Mohammad Hafeez,0,0,"",""
ball,1,32.5,England,AN Cook,RS Bopara,Mohammad Hafeez,0,1,"",""
ball,1,32.6,England,AN Cook,RS Bopara,Mohammad Hafeez,0,0,"",""
ball,1,32.7,England,AN Cook,RS Bopara,Mohammad Hafeez,1,0,"",""
ball,1,33.1,England,AN Cook,RS Bopara,Abdur Rehman,2,0,"",""
ball,1,33.2,England,AN Cook,RS Bopara,Abdur Rehman,0,0,"",""
ball,1,33.3,England,AN Cook,RS Bopara,Abdur Rehman,1,0,"",""
ball,1,33.4,England,RS Bopara,AN Cook,Abdur Rehman,1,0,"",""
ball,1,33.5,England,AN Cook,RS Bopara,Abdur Rehman,1,0,"",""
ball,1,33.6,England,RS Bopara,AN Cook,Abdur Rehman,0,0,"",""
ball,1,34.1,England,AN Cook,RS Bopara,Mohammad Hafeez,2,0,"",""
ball,1,34.2,England,AN Cook,RS Bopara,Mohammad Hafeez,1,0,"",""
ball,1,34.3,England,RS Bopara,AN Cook,Mohammad Hafeez,1,0,"",""
ball,1,34.4,England,AN Cook,RS Bopara,Mohammad Hafeez,0,0,"",""
ball,1,34.5,England,AN Cook,RS Bopara,Mohammad Hafeez,1,0,"",""
ball,1,34.6,England,RS Bopara,AN Cook,Mohammad Hafeez,1,0,"",""
ball,1,35.1,England,RS Bopara,AN Cook,Saeed Ajmal,1,0,"",""
ball,1,35.2,England,AN Cook,RS Bopara,Saeed Ajmal,0,0,"",""
ball,1,35.3,England,AN Cook,RS Bopara,Saeed Ajmal,2,0,"",""
ball,1,35.4,England,AN Cook,RS Bopara,Saeed Ajmal,1,0,"",""
ball,1,35.5,England,RS Bopara,AN Cook,Saeed Ajmal,1,0,"",""
ball,1,35.6,England,AN Cook,RS Bopara,Saeed Ajmal,0,0,"",""
ball,1,36.1,England,RS Bopara,AN Cook,Umar Gul,3,0,"",""
ball,1,36.2,England,AN Cook,RS Bopara,Umar Gul,1,0,"",""
ball,1,36.3,England,RS Bopara,AN Cook,Umar Gul,4,0,"",""
ball,1,36.4,England,RS Bopara,AN Cook,Umar Gul,1,0,"",""
ball,1,36.5,England,AN Cook,RS Bopara,Umar Gul,0,0,"",""
ball,1,36.6,England,AN Cook,RS Bopara,Umar Gul,0,0,"",""
ball,1,37.1,England,RS Bopara,AN Cook,Saeed Ajmal,1,0,"",""
ball,1,37.2,England,AN Cook,RS Bopara,Saeed Ajmal,4,0,"",""
ball,1,37.3,England,AN Cook,RS Bopara,Saeed Ajmal,1,0,"",""
ball,1,37.4,England,RS Bopara,AN Cook,Saeed Ajmal,1,0,"",""
ball,1,37.5,England,AN Cook,RS Bopara,Saeed Ajmal,0,0,"",""
ball,1,37.6,England,AN Cook,RS Bopara,Saeed Ajmal,0,0,"",""
ball,1,38.1,England,RS Bopara,AN Cook,Umar Gul,1,0,"",""
ball,1,38.2,England,AN Cook,RS Bopara,Umar Gul,1,0,"",""
ball,1,38.3,England,RS Bopara,AN Cook,Umar Gul,1,0,"",""
ball,1,38.4,England,AN Cook,RS Bopara,Umar Gul,4,0,"",""
ball,1,38.5,England,AN Cook,RS Bopara,Umar Gul,2,0,"",""
ball,1,38.6,England,AN Cook,RS Bopara,Umar Gul,4,0,"",""
ball,1,39.1,England,RS Bopara,AN Cook,Saeed Ajmal,0,0,"",""
ball,1,39.2,England,RS Bopara,AN Cook,Saeed Ajmal,1,0,"",""
ball,1,39.3,England,AN Cook,RS Bopara,Saeed Ajmal,1,0,"",""
ball,1,39.4,England,RS Bopara,AN Cook,Saeed Ajmal,0,0,"",""
ball,1,39.5,England,RS Bopara,AN Cook,Saeed Ajmal,1,0,"",""
ball,1,39.6,England,AN Cook,RS Bopara,Saeed Ajmal,1,0,"",""
ball,1,40.1,England,AN Cook,RS Bopara,Shahid Afridi,1,0,"",""
ball,1,40.2,England,RS Bopara,AN Cook,Shahid Afridi,0,0,"",""
ball,1,40.3,England,RS Bopara,AN Cook,Shahid Afridi,1,0,"",""
ball,1,40.4,England,AN Cook,RS Bopara,Shahid Afridi,0,0,caught and bowled,AN Cook
ball,1,40.5,England,EJG Morgan,RS Bopara,Shahid Afridi,0,0,"",""
ball,1,40.6,England,EJG Morgan,RS Bopara,Shahid Afridi,0,0,"",""
ball,1,41.1,England,RS Bopara,EJG Morgan,Saeed Ajmal,0,0,"",""
ball,1,41.2,England,RS Bopara,EJG Morgan,Saeed Ajmal,0,0,"",""
ball,1,41.3,England,RS Bopara,EJG Morgan,Saeed Ajmal,4,0,"",""
ball,1,41.4,England,RS Bopara,EJG Morgan,Saeed Ajmal,1,0,"",""
ball,1,41.5,England,EJG Morgan,RS Bopara,Saeed Ajmal,0,0,"",""
ball,1,41.6,England,EJG Morgan,RS Bopara,Saeed Ajmal,0,0,"",""
ball,1,42.1,England,RS Bopara,EJG Morgan,Shahid Afridi,1,0,"",""
ball,1,42.2,England,EJG Morgan,RS Bopara,Shahid Afridi,0,0,"",""
ball,1,42.3,England,EJG Morgan,RS Bopara,Shahid Afridi,0,0,"",""
ball,1,42.4,England,EJG Morgan,RS Bopara,Shahid Afridi,1,0,"",""
ball,1,42.5,England,RS Bopara,EJG Morgan,Shahid Afridi,1,0,"",""
ball,1,42.6,England,EJG Morgan,RS Bopara,Shahid Afridi,1,0,"",""
ball,1,43.1,England,EJG Morgan,RS Bopara,Saeed Ajmal,0,0,"",""
ball,1,43.2,England,EJG Morgan,RS Bopara,Saeed Ajmal,1,0,"",""
ball,1,43.3,England,RS Bopara,EJG Morgan,Saeed Ajmal,1,0,"",""
ball,1,43.4,England,EJG Morgan,RS Bopara,Saeed Ajmal,0,0,"",""
ball,1,43.5,England,EJG Morgan,RS Bopara,Saeed Ajmal,1,0,"",""
ball,1,43.6,England,RS Bopara,EJG Morgan,Saeed Ajmal,0,1,"",""
ball,1,43.7,England,RS Bopara,EJG Morgan,Saeed Ajmal,0,1,"",""
ball,1,43.8,England,RS Bopara,EJG Morgan,Saeed Ajmal,1,0,"",""
ball,1,44.1,England,RS Bopara,EJG Morgan,Shahid Afridi,0,1,"",""
ball,1,44.2,England,EJG Morgan,RS Bopara,Shahid Afridi,0,0,"",""
ball,1,44.3,England,EJG Morgan,RS Bopara,Shahid Afridi,1,0,"",""
ball,1,44.4,England,RS Bopara,EJG Morgan,Shahid Afridi,2,0,"",""
ball,1,44.5,England,RS Bopara,EJG Morgan,Shahid Afridi,1,0,"",""
ball,1,44.6,England,EJG Morgan,RS Bopara,Shahid Afridi,1,0,"",""
ball,1,45.1,England,EJG Morgan,RS Bopara,Aizaz Cheema,0,0,"",""
ball,1,45.2,England,EJG Morgan,RS Bopara,Aizaz Cheema,1,0,"",""
ball,1,45.3,England,RS Bopara,EJG Morgan,Aizaz Cheema,1,0,"",""
ball,1,45.4,England,EJG Morgan,RS Bopara,Aizaz Cheema,2,0,"",""
ball,1,45.5,England,EJG Morgan,RS Bopara,Aizaz Cheema,2,0,"",""
ball,1,45.6,England,EJG Morgan,RS Bopara,Aizaz Cheema,0,0,"",""
ball,1,46.1,England,RS Bopara,EJG Morgan,Saeed Ajmal,1,0,"",""
ball,1,46.2,England,EJG Morgan,RS Bopara,Saeed Ajmal,1,0,"",""
ball,1,46.3,England,RS Bopara,EJG Morgan,Saeed Ajmal,1,0,"",""
ball,1,46.4,England,EJG Morgan,RS Bopara,Saeed Ajmal,1,0,"",""
ball,1,46.5,England,RS Bopara,EJG Morgan,Saeed Ajmal,1,0,"",""
ball,1,46.6,England,EJG Morgan,RS Bopara,Saeed Ajmal,2,0,"",""
ball,1,47.1,England,RS Bopara,EJG Morgan,Aizaz Cheema,1,0,"",""
ball,1,47.2,England,EJG Morgan,RS Bopara,Aizaz Cheema,1,0,"",""
ball,1,47.3,England,RS Bopara,EJG Morgan,Aizaz Cheema,0,1,"",""
ball,1,47.4,England,EJG Morgan,RS Bopara,Aizaz Cheema,1,0,"",""
ball,1,47.5,England,RS Bopara,EJG Morgan,Aizaz Cheema,0,0,"",""
ball,1,47.6,England,RS Bopara,EJG Morgan,Aizaz Cheema,1,0,"",""
ball,1,48.1,England,RS Bopara,EJG Morgan,Saeed Ajmal,0,1,"",""
ball,1,48.2,England,EJG Morgan,RS Bopara,Saeed Ajmal,1,0,"",""
ball,1,48.3,England,RS Bopara,EJG Morgan,Saeed Ajmal,0,0,"",""
ball,1,48.4,England,RS Bopara,EJG Morgan,Saeed Ajmal,1,0,"",""
ball,1,48.5,England,EJG Morgan,RS Bopara,Saeed Ajmal,6,0,"",""
ball,1,48.6,England,EJG Morgan,RS Bopara,Saeed Ajmal,0,0,"",""
ball,1,49.1,England,RS Bopara,EJG Morgan,Aizaz Cheema,4,0,"",""
ball,1,49.2,England,RS Bopara,EJG Morgan,Aizaz Cheema,1,0,"",""
ball,1,49.3,England,EJG Morgan,RS Bopara,Aizaz Cheema,1,0,"",""
ball,1,49.4,England,RS Bopara,EJG Morgan,Aizaz Cheema,2,0,"",""
ball,1,49.5,England,RS Bopara,EJG Morgan,Aizaz Cheema,0,0,"",""
ball,1,49.6,England,RS Bopara,EJG Morgan,Aizaz Cheema,0,0,caught,RS Bopara
ball,2,0.1,Pakistan,Mohammad Hafeez,Imran Farhat,ST Finn,0,0,"",""
ball,2,0.2,Pakistan,Mohammad Hafeez,Imran Farhat,ST Finn,0,1,"",""
ball,2,0.3,Pakistan,Imran Farhat,Mohammad Hafeez,ST Finn,0,0,"",""
ball,2,0.4,Pakistan,Imran Farhat,Mohammad Hafeez,ST Finn,0,0,"",""
ball,2,0.5,Pakistan,Imran Farhat,Mohammad Hafeez,ST Finn,0,0,"",""
ball,2,0.6,Pakistan,Imran Farhat,Mohammad Hafeez,ST Finn,1,0,"",""
ball,2,1.1,Pakistan,Imran Farhat,Mohammad Hafeez,JM Anderson,0,1,"",""
ball,2,1.2,Pakistan,Imran Farhat,Mohammad Hafeez,JM Anderson,0,0,"",""
ball,2,1.3,Pakistan,Imran Farhat,Mohammad Hafeez,JM Anderson,0,0,"",""
ball,2,1.4,Pakistan,Imran Farhat,Mohammad Hafeez,JM Anderson,0,0,"",""
ball,2,1.5,Pakistan,Imran Farhat,Mohammad Hafeez,JM Anderson,0,0,"",""
ball,2,1.6,Pakistan,Imran Farhat,Mohammad Hafeez,JM Anderson,2,0,"",""
ball,2,1.7,Pakistan,Imran Farhat,Mohammad Hafeez,JM Anderson,0,0,"",""
ball,2,2.1,Pakistan,Mohammad Hafeez,Imran Farhat,ST Finn,0,0,"",""
ball,2,2.2,Pakistan,Mohammad Hafeez,Imran Farhat,ST Finn,0,0,"",""
ball,2,2.3,Pakistan,Mohammad Hafeez,Imran Farhat,ST Finn,2,0,"",""
ball,2,2.4,Pakistan,Mohammad Hafeez,Imran Farhat,ST Finn,1,0,"",""
ball,2,2.5,Pakistan,Imran Farhat,Mohammad Hafeez,ST Finn,0,0,"",""
ball,2,2.6,Pakistan,Imran Farhat,Mohammad Hafeez,ST Finn,0,0,"",""
ball,2,3.1,Pakistan,Mohammad Hafeez,Imran Farhat,JM Anderson,1,0,"",""
ball,2,3.2,Pakistan,Imran Farhat,Mohammad Hafeez,JM Anderson,0,0,"",""
ball,2,3.3,Pakistan,Imran Farhat,Mohammad Hafeez,JM Anderson,0,0,"",""
ball,2,3.4,Pakistan,Imran Farhat,Mohammad Hafeez,JM Anderson,0,0,"",""
ball,2,3.5,Pakistan,Imran Farhat,Mohammad Hafeez,JM Anderson,0,0,"",""
ball,2,3.6,Pakistan,Imran Farhat,Mohammad Hafeez,JM Anderson,0,0,"",""
ball,2,4.1,Pakistan,Mohammad Hafeez,Imran Farhat,ST Finn,0,0,"",""
ball,2,4.2,Pakistan,Mohammad Hafeez,Imran Farhat,ST Finn,0,0,"",""
ball,2,4.3,Pakistan,Mohammad Hafeez,Imran Farhat,ST Finn,0,0,"",""
ball,2,4.4,Pakistan,Mohammad Hafeez,Imran Farhat,ST Finn,0,0,"",""
ball,2,4.5,Pakistan,Mohammad Hafeez,Imran Farhat,ST Finn,0,0,"",""
ball,2,4.6,Pakistan,Mohammad Hafeez,Imran Farhat,ST Finn,0,0,"",""
ball,2,5.1,Pakistan,Imran Farhat,Mohammad Hafeez,JM Anderson,0,0,"",""
ball,2,5.2,Pakistan,Imran Farhat,Mohammad Hafeez,JM Anderson,2,0,"",""
ball,2,5.3,Pakistan,Imran Farhat,Mohammad Hafeez,JM Anderson,4,0,"",""
ball,2,5.4,Pakistan,Imran Farhat,Mohammad Hafeez,JM Anderson,0,0,"",""
ball,2,5.5,Pakistan,Imran Farhat,Mohammad Hafeez,JM Anderson,0,0,"",""
ball,2,5.6,Pakistan,Imran Farhat,Mohammad Hafeez,JM Anderson,2,0,"",""
ball,2,6.1,Pakistan,Mohammad Hafeez,Imran Farhat,ST Finn,0,0,"",""
ball,2,6.2,Pakistan,Mohammad Hafeez,Imran Farhat,ST Finn,0,0,"",""
ball,2,6.3,Pakistan,Mohammad Hafeez,Imran Farhat,ST Finn,0,0,"",""
ball,2,6.4,Pakistan,Mohammad Hafeez,Imran Farhat,ST Finn,0,0,"",""
ball,2,6.5,Pakistan,Mohammad Hafeez,Imran Farhat,ST Finn,0,0,"",""
ball,2,6.6,Pakistan,Mohammad Hafeez,Imran Farhat,ST Finn,1,0,"",""
ball,2,7.1,Pakistan,Mohammad Hafeez,Imran Farhat,SCJ Broad,4,0,"",""
ball,2,7.2,Pakistan,Mohammad Hafeez,Imran Farhat,SCJ Broad,0,0,"",""
ball,2,7.3,Pakistan,Mohammad Hafeez,Imran Farhat,SCJ Broad,0,0,"",""
ball,2,7.4,Pakistan,Mohammad Hafeez,Imran Farhat,SCJ Broad,0,0,"",""
ball,2,7.5,Pakistan,Mohammad Hafeez,Imran Farhat,SCJ Broad,4,0,"",""
ball,2,7.6,Pakistan,Mohammad Hafeez,Imran Farhat,SCJ Broad,0,0,"",""
ball,2,8.1,Pakistan,Imran Farhat,Mohammad Hafeez,ST Finn,0,0,"",""
ball,2,8.2,Pakistan,Imran Farhat,Mohammad Hafeez,ST Finn,0,0,"",""
ball,2,8.3,Pakistan,Imran Farhat,Mohammad Hafeez,ST Finn,0,0,"",""
ball,2,8.4,Pakistan,Imran Farhat,Mohammad Hafeez,ST Finn,0,0,"",""
ball,2,8.5,Pakistan,Imran Farhat,Mohammad Hafeez,ST Finn,0,0,"",""
ball,2,8.6,Pakistan,Imran Farhat,Mohammad Hafeez,ST Finn,0,1,"",""
ball,2,8.7,Pakistan,Imran Farhat,Mohammad Hafeez,ST Finn,0,0,"",""
ball,2,9.1,Pakistan,Mohammad Hafeez,Imran Farhat,SCJ Broad,4,0,"",""
ball,2,9.2,Pakistan,Mohammad Hafeez,Imran Farhat,SCJ Broad,0,0,"",""
ball,2,9.3,Pakistan,Mohammad Hafeez,Imran Farhat,SCJ Broad,1,0,"",""
ball,2,9.4,Pakistan,Imran Farhat,Mohammad Hafeez,SCJ Broad,0,0,"",""
ball,2,9.5,Pakistan,Imran Farhat,Mohammad Hafeez,SCJ Broad,1,0,"",""
ball,2,9.6,Pakistan,Mohammad Hafeez,Imran Farhat,SCJ Broad,0,0,"",""
ball,2,10.1,Pakistan,Imran Farhat,Mohammad Hafeez,GP Swann,0,0,"",""
ball,2,10.2,Pakistan,Imran Farhat,Mohammad Hafeez,GP Swann,1,0,"",""
ball,2,10.3,Pakistan,Mohammad Hafeez,Imran Farhat,GP Swann,0,0,"",""
ball,2,10.4,Pakistan,Mohammad Hafeez,Imran Farhat,GP Swann,0,0,"",""
ball,2,10.5,Pakistan,Mohammad Hafeez,Imran Farhat,GP Swann,1,0,"",""
ball,2,10.6,Pakistan,Imran Farhat,Mohammad Hafeez,GP Swann,4,0,"",""
ball,2,11.1,Pakistan,Mohammad Hafeez,Imran Farhat,SCJ Broad,1,0,"",""
ball,2,11.2,Pakistan,Imran Farhat,Mohammad Hafeez,SCJ Broad,0,0,"",""
ball,2,11.3,Pakistan,Imran Farhat,Mohammad Hafeez,SCJ Broad,1,0,"",""
ball,2,11.4,Pakistan,Mohammad Hafeez,Imran Farhat,SCJ Broad,1,0,"",""
ball,2,11.5,Pakistan,Imran Farhat,Mohammad Hafeez,SCJ Broad,1,0,"",""
ball,2,11.6,Pakistan,Mohammad Hafeez,Imran Farhat,SCJ Broad,1,0,"",""
ball,2,12.1,Pakistan,Mohammad Hafeez,Imran Farhat,GP Swann,1,0,"",""
ball,2,12.2,Pakistan,Imran Farhat,Mohammad Hafeez,GP Swann,0,0,"",""
ball,2,12.3,Pakistan,Imran Farhat,Mohammad Hafeez,GP Swann,4,0,"",""
ball,2,12.4,Pakistan,Imran Farhat,Mohammad Hafeez,GP Swann,0,0,"",""
ball,2,12.5,Pakistan,Imran Farhat,Mohammad Hafeez,GP Swann,1,0,"",""
ball,2,12.6,Pakistan,Mohammad Hafeez,Imran Farhat,GP Swann,0,0,"",""
ball,2,13.1,Pakistan,Imran Farhat,Mohammad Hafeez,RS Bopara,0,0,"",""
ball,2,13.2,Pakistan,Imran Farhat,Mohammad Hafeez,RS Bopara,1,0,"",""
ball,2,13.3,Pakistan,Mohammad Hafeez,Imran Farhat,RS Bopara,1,0,"",""
ball,2,13.4,Pakistan,Imran Farhat,Mohammad Hafeez,RS Bopara,1,0,"",""
ball,2,13.5,Pakistan,Mohammad Hafeez,Imran Farhat,RS Bopara,1,0,"",""
ball,2,13.6,Pakistan,Imran Farhat,Mohammad Hafeez,RS Bopara,1,0,"",""
ball,2,14.1,Pakistan,Imran Farhat,Mohammad Hafeez,GP Swann,1,0,"",""
ball,2,14.2,Pakistan,Mohammad Hafeez,Imran Farhat,GP Swann,0,3,"",""
ball,2,14.3,Pakistan,Imran Farhat,Mohammad Hafeez,GP Swann,1,0,"",""
ball,2,14.4,Pakistan,Mohammad Hafeez,Imran Farhat,GP Swann,1,0,"",""
ball,2,14.5,Pakistan,Imran Farhat,Mohammad Hafeez,GP Swann,0,0,"",""
ball,2,14.6,Pakistan,Imran Farhat,Mohammad Hafeez,GP Swann,0,0,"",""
ball,2,15.1,Pakistan,Mohammad Hafeez,Imran Farhat,JM Anderson,0,0,"",""
ball,2,15.2,Pakistan,Mohammad Hafeez,Imran Farhat,JM Anderson,0,0,caught,Mohammad Hafeez
ball,2,15.3,Pakistan,Azhar Ali,Imran Farhat,JM Anderson,1,0,"",""
ball,2,15.4,Pakistan,Imran Farhat,Azhar Ali,JM Anderson,3,0,"",""
ball,2,15.5,Pakistan,Azhar Ali,Imran Farhat,JM Anderson,4,0,"",""
ball,2,15.6,Pakistan,Azhar Ali,Imran Farhat,JM Anderson,0,0,"",""
ball,2,16.1,Pakistan,Imran Farhat,Azhar Ali,SR Patel,0,0,"",""
ball,2,16.2,Pakistan,Imran Farhat,Azhar Ali,SR Patel,0,0,"",""
ball,2,16.3,Pakistan,Imran Farhat,Azhar Ali,SR Patel,0,0,"",""
ball,2,16.4,Pakistan,Imran Farhat,Azhar Ali,SR Patel,1,0,"",""
ball,2,16.5,Pakistan,Azhar Ali,Imran Farhat,SR Patel,0,0,"",""
ball,2,16.6,Pakistan,Azhar Ali,Imran Farhat,SR Patel,0,0,"",""
ball,2,17.1,Pakistan,Imran Farhat,Azhar Ali,JM Anderson,0,0,"",""
ball,2,17.2,Pakistan,Imran Farhat,Azhar Ali,JM Anderson,0,1,"",""
ball,2,17.3,Pakistan,Azhar Ali,Imran Farhat,JM Anderson,0,1,"",""
ball,2,17.4,Pakistan,Imran Farhat,Azhar Ali,JM Anderson,4,0,"",""
ball,2,17.5,Pakistan,Imran Farhat,Azhar Ali,JM Anderson,0,0,"",""
ball,2,17.6,Pakistan,Imran Farhat,Azhar Ali,JM Anderson,0,0,"",""
ball,2,18.1,Pakistan,Azhar Ali,Imran Farhat,SR Patel,0,0,"",""
ball,2,18.2,Pakistan,Azhar Ali,Imran Farhat,SR Patel,1,0,"",""
ball,2,18.3,Pakistan,Imran Farhat,Azhar Ali,SR Patel,2,0,"",""
ball,2,18.4,Pakistan,Imran Farhat,Azhar Ali,SR Patel,0,0,"",""
ball,2,18.5,Pakistan,Imran Farhat,Azhar Ali,SR Patel,1,0,"",""
ball,2,18.6,Pakistan,Azhar Ali,Imran Farhat,SR Patel,0,0,"",""
ball,2,19.1,Pakistan,Imran Farhat,Azhar Ali,SCJ Broad,0,1,"",""
ball,2,19.2,Pakistan,Imran Farhat,Azhar Ali,SCJ Broad,0,0,"",""
ball,2,19.3,Pakistan,Imran Farhat,Azhar Ali,SCJ Broad,0,0,"",""
ball,2,19.4,Pakistan,Imran Farhat,Azhar Ali,SCJ Broad,0,0,"",""
ball,2,19.5,Pakistan,Imran Farhat,Azhar Ali,SCJ Broad,4,0,"",""
ball,2,19.6,Pakistan,Imran Farhat,Azhar Ali,SCJ Broad,0,1,"",""
ball,2,19.7,Pakistan,Imran Farhat,Azhar Ali,SCJ Broad,1,0,"",""
ball,2,19.8,Pakistan,Azhar Ali,Imran Farhat,SCJ Broad,0,0,"",""
ball,2,20.1,Pakistan,Imran Farhat,Azhar Ali,SR Patel,1,0,"",""
ball,2,20.2,Pakistan,Azhar Ali,Imran Farhat,SR Patel,1,0,"",""
ball,2,20.3,Pakistan,Imran Farhat,Azhar Ali,SR Patel,1,0,"",""
ball,2,20.4,Pakistan,Azhar Ali,Imran Farhat,SR Patel,0,0,"",""
ball,2,20.5,Pakistan,Azhar Ali,Imran Farhat,SR Patel,1,0,"",""
ball,2,20.6,Pakistan,Imran Farhat,Azhar Ali,SR Patel,0,0,"",""
ball,2,21.1,Pakistan,Azhar Ali,Imran Farhat,SCJ Broad,1,0,"",""
ball,2,21.2,Pakistan,Imran Farhat,Azhar Ali,SCJ Broad,0,0,run out,Imran Farhat
ball,2,21.3,Pakistan,Younis Khan,Azhar Ali,SCJ Broad,1,0,"",""
ball,2,21.4,Pakistan,Azhar Ali,Younis Khan,SCJ Broad,0,1,"",""
ball,2,21.5,Pakistan,Azhar Ali,Younis Khan,SCJ Broad,0,0,"",""
ball,2,21.6,Pakistan,Azhar Ali,Younis Khan,SCJ Broad,0,1,"",""
ball,2,21.7,Pakistan,Younis Khan,Azhar Ali,SCJ Broad,1,0,"",""
ball,2,22.1,Pakistan,Younis Khan,Azhar Ali,SR Patel,0,0,"",""
ball,2,22.2,Pakistan,Younis Khan,Azhar Ali,SR Patel,0,0,"",""
ball,2,22.3,Pakistan,Younis Khan,Azhar Ali,SR Patel,1,0,"",""
ball,2,22.4,Pakistan,Azhar Ali,Younis Khan,SR Patel,0,0,"",""
ball,2,22.5,Pakistan,Azhar Ali,Younis Khan,SR Patel,0,0,"",""
ball,2,22.6,Pakistan,Azhar Ali,Younis Khan,SR Patel,4,0,"",""
ball,2,23.1,Pakistan,Younis Khan,Azhar Ali,GP Swann,1,0,"",""
ball,2,23.2,Pakistan,Azhar Ali,Younis Khan,GP Swann,0,0,"",""
ball,2,23.3,Pakistan,Azhar Ali,Younis Khan,GP Swann,0,0,"",""
ball,2,23.4,Pakistan,Azhar Ali,Younis Khan,GP Swann,0,0,"",""
ball,2,23.5,Pakistan,Azhar Ali,Younis Khan,GP Swann,1,0,"",""
ball,2,23.6,Pakistan,Younis Khan,Azhar Ali,GP Swann,1,0,"",""
ball,2,24.1,Pakistan,Younis Khan,Azhar Ali,SR Patel,0,0,lbw,Younis Khan
ball,2,24.2,Pakistan,Misbah-ul-Haq,Azhar Ali,SR Patel,1,0,"",""
ball,2,24.3,Pakistan,Azhar Ali,Misbah-ul-Haq,SR Patel,0,0,"",""
ball,2,24.4,Pakistan,Azhar Ali,Misbah-ul-Haq,SR Patel,1,0,"",""
ball,2,24.5,Pakistan,Misbah-ul-Haq,Azhar Ali,SR Patel,1,0,"",""
ball,2,24.6,Pakistan,Azhar Ali,Misbah-ul-Haq,SR Patel,1,0,"",""
ball,2,25.1,Pakistan,Azhar Ali,Misbah-ul-Haq,GP Swann,0,0,"",""
ball,2,25.2,Pakistan,Azhar Ali,Misbah-ul-Haq,GP Swann,0,0,"",""
ball,2,25.3,Pakistan,Azhar Ali,Misbah-ul-Haq,GP Swann,0,0,"",""
ball,2,25.4,Pakistan,Azhar Ali,Misbah-ul-Haq,GP Swann,0,0,"",""
ball,2,25.5,Pakistan,Azhar Ali,Misbah-ul-Haq,GP Swann,0,0,"",""
ball,2,25.6,Pakistan,Azhar Ali,Misbah-ul-Haq,GP Swann,1,0,"",""
ball,2,26.1,Pakistan,Azhar Ali,Misbah-ul-Haq,SR Patel,0,0,"",""
ball,2,26.2,Pakistan,Azhar Ali,Misbah-ul-Haq,SR Patel,3,0,"",""
ball,2,26.3,Pakistan,Misbah-ul-Haq,Azhar Ali,SR Patel,0,0,"",""
ball,2,26.4,Pakistan,Misbah-ul-Haq,Azhar Ali,SR Patel,1,0,"",""
ball,2,26.5,Pakistan,Azhar Ali,Misbah-ul-Haq,SR Patel,0,0,"",""
ball,2,26.6,Pakistan,Azhar Ali,Misbah-ul-Haq,SR Patel,0,0,"",""
ball,2,27.1,Pakistan,Misbah-ul-Haq,Azhar Ali,GP Swann,0,0,"",""
ball,2,27.2,Pakistan,Misbah-ul-Haq,Azhar Ali,GP Swann,1,0,"",""
ball,2,27.3,Pakistan,Azhar Ali,Misbah-ul-Haq,GP Swann,0,0,"",""
ball,2,27.4,Pakistan,Azhar Ali,Misbah-ul-Haq,GP Swann,0,0,"",""
ball,2,27.5,Pakistan,Azhar Ali,Misbah-ul-Haq,GP Swann,1,0,"",""
ball,2,27.6,Pakistan,Misbah-ul-Haq,Azhar Ali,GP Swann,1,0,"",""
ball,2,28.1,Pakistan,Misbah-ul-Haq,Azhar Ali,JM Anderson,1,0,"",""
ball,2,28.2,Pakistan,Azhar Ali,Misbah-ul-Haq,JM Anderson,1,0,"",""
ball,2,28.3,Pakistan,Misbah-ul-Haq,Azhar Ali,JM Anderson,0,0,"",""
ball,2,28.4,Pakistan,Misbah-ul-Haq,Azhar Ali,JM Anderson,0,0,"",""
ball,2,28.5,Pakistan,Misbah-ul-Haq,Azhar Ali,JM Anderson,0,0,"",""
ball,2,28.6,Pakistan,Misbah-ul-Haq,Azhar Ali,JM Anderson,0,0,"",""
ball,2,29.1,Pakistan,Azhar Ali,Misbah-ul-Haq,GP Swann,4,0,"",""
ball,2,29.2,Pakistan,Azhar Ali,Misbah-ul-Haq,GP Swann,1,0,"",""
ball,2,29.3,Pakistan,Misbah-ul-Haq,Azhar Ali,GP Swann,1,0,"",""
ball,2,29.4,Pakistan,Azhar Ali,Misbah-ul-Haq,GP Swann,1,0,"",""
ball,2,29.5,Pakistan,Misbah-ul-Haq,Azhar Ali,GP Swann,1,0,"",""
ball,2,29.6,Pakistan,Azhar Ali,Misbah-ul-Haq,GP Swann,0,0,"",""
ball,2,30.1,Pakistan,Misbah-ul-Haq,Azhar Ali,JM Anderson,0,0,"",""
ball,2,30.2,Pakistan,Misbah-ul-Haq,Azhar Ali,JM Anderson,0,0,"",""
ball,2,30.3,Pakistan,Misbah-ul-Haq,Azhar Ali,JM Anderson,0,1,"",""
ball,2,30.4,Pakistan,Misbah-ul-Haq,Azhar Ali,JM Anderson,2,0,"",""
ball,2,30.5,Pakistan,Misbah-ul-Haq,Azhar Ali,JM Anderson,0,0,"",""
ball,2,30.6,Pakistan,Misbah-ul-Haq,Azhar Ali,JM Anderson,2,0,"",""
ball,2,30.7,Pakistan,Misbah-ul-Haq,Azhar Ali,JM Anderson,1,0,"",""
ball,2,31.1,Pakistan,Misbah-ul-Haq,Azhar Ali,GP Swann,0,0,"",""
ball,2,31.2,Pakistan,Misbah-ul-Haq,Azhar Ali,GP Swann,1,0,"",""
ball,2,31.3,Pakistan,Azhar Ali,Misbah-ul-Haq,GP Swann,0,0,"",""
ball,2,31.4,Pakistan,Azhar Ali,Misbah-ul-Haq,GP Swann,1,0,"",""
ball,2,31.5,Pakistan,Misbah-ul-Haq,Azhar Ali,GP Swann,1,0,"",""
ball,2,31.6,Pakistan,Azhar Ali,Misbah-ul-Haq,GP Swann,0,0,"",""
ball,2,32.1,Pakistan,Misbah-ul-Haq,Azhar Ali,SR Patel,4,0,"",""
ball,2,32.2,Pakistan,Misbah-ul-Haq,Azhar Ali,SR Patel,1,0,"",""
ball,2,32.3,Pakistan,Azhar Ali,Misbah-ul-Haq,SR Patel,0,0,"",""
ball,2,32.4,Pakistan,Azhar Ali,Misbah-ul-Haq,SR Patel,2,0,"",""
ball,2,32.5,Pakistan,Azhar Ali,Misbah-ul-Haq,SR Patel,0,0,bowled,Azhar Ali
ball,2,32.6,Pakistan,Umar Akmal,Misbah-ul-Haq,SR Patel,1,0,"",""
ball,2,33.1,Pakistan,Umar Akmal,Misbah-ul-Haq,RS Bopara,0,0,"",""
ball,2,33.2,Pakistan,Umar Akmal,Misbah-ul-Haq,RS Bopara,1,0,"",""
ball,2,33.3,Pakistan,Misbah-ul-Haq,Umar Akmal,RS Bopara,1,0,"",""
ball,2,33.4,Pakistan,Umar Akmal,Misbah-ul-Haq,RS Bopara,0,1,"",""
ball,2,33.5,Pakistan,Misbah-ul-Haq,Umar Akmal,RS Bopara,2,0,"",""
ball,2,33.6,Pakistan,Misbah-ul-Haq,Umar Akmal,RS Bopara,1,0,"",""
ball,2,34.1,Pakistan,Misbah-ul-Haq,Umar Akmal,SR Patel,1,0,"",""
ball,2,34.2,Pakistan,Umar Akmal,Misbah-ul-Haq,SR Patel,0,0,"",""
ball,2,34.3,Pakistan,Umar Akmal,Misbah-ul-Haq,SR Patel,0,0,"",""
ball,2,34.4,Pakistan,Umar Akmal,Misbah-ul-Haq,SR Patel,0,0,"",""
ball,2,34.5,Pakistan,Umar Akmal,Misbah-ul-Haq,SR Patel,1,0,"",""
ball,2,34.6,Pakistan,Misbah-ul-Haq,Umar Akmal,SR Patel,0,0,"",""
ball,2,35.1,Pakistan,Umar Akmal,Misbah-ul-Haq,SCJ Broad,0,0,"",""
ball,2,35.2,Pakistan,Umar Akmal,Misbah-ul-Haq,SCJ Broad,4,0,"",""
ball,2,35.3,Pakistan,Umar Akmal,Misbah-ul-Haq,SCJ Broad,0,0,"",""
ball,2,35.4,Pakistan,Umar Akmal,Misbah-ul-Haq,SCJ Broad,1,0,"",""
ball,2,35.5,Pakistan,Misbah-ul-Haq,Umar Akmal,SCJ Broad,1,0,"",""
ball,2,35.6,Pakistan,Umar Akmal,Misbah-ul-Haq,SCJ Broad,1,0,"",""
ball,2,36.1,Pakistan,Umar Akmal,Misbah-ul-Haq,ST Finn,0,0,"",""
ball,2,36.2,Pakistan,Umar Akmal,Misbah-ul-Haq,ST Finn,4,0,"",""
ball,2,36.3,Pakistan,Umar Akmal,Misbah-ul-Haq,ST Finn,0,0,"",""
ball,2,36.4,Pakistan,Umar Akmal,Misbah-ul-Haq,ST Finn,0,1,"",""
ball,2,36.5,Pakistan,Umar Akmal,Misbah-ul-Haq,ST Finn,1,0,"",""
ball,2,36.6,Pakistan,Misbah-ul-Haq,Umar Akmal,ST Finn,1,0,"",""
ball,2,36.7,Pakistan,Umar Akmal,Misbah-ul-Haq,ST Finn,0,0,"",""
ball,2,37.1,Pakistan,Misbah-ul-Haq,Umar Akmal,SCJ Broad,1,0,"",""
ball,2,37.2,Pakistan,Umar Akmal,Misbah-ul-Haq,SCJ Broad,0,0,"",""
ball,2,37.3,Pakistan,Umar Akmal,Misbah-ul-Haq,SCJ Broad,2,0,"",""
ball,2,37.4,Pakistan,Umar Akmal,Misbah-ul-Haq,SCJ Broad,1,0,"",""
ball,2,37.5,Pakistan,Misbah-ul-Haq,Umar Akmal,SCJ Broad,0,0,"",""
ball,2,37.6,Pakistan,Misbah-ul-Haq,Umar Akmal,SCJ Broad,1,0,"",""
ball,2,38.1,Pakistan,Misbah-ul-Haq,Umar Akmal,ST Finn,0,4,"",""
ball,2,38.2,Pakistan,Misbah-ul-Haq,Umar Akmal,ST Finn,0,0,"",""
ball,2,38.3,Pakistan,Misbah-ul-Haq,Umar Akmal,ST Finn,1,0,"",""
ball,2,38.4,Pakistan,Umar Akmal,Misbah-ul-Haq,ST Finn,4,0,"",""
ball,2,38.5,Pakistan,Umar Akmal,Misbah-ul-Haq,ST Finn,0,0,caught,Umar Akmal
ball,2,38.6,Pakistan,Shahid Afridi,Misbah-ul-Haq,ST Finn,0,0,"",""
ball,2,39.1,Pakistan,Misbah-ul-Haq,Shahid Afridi,SCJ Broad,1,0,"",""
ball,2,39.2,Pakistan,Shahid Afridi,Misbah-ul-Haq,SCJ Broad,0,0,"",""
ball,2,39.3,Pakistan,Shahid Afridi,Misbah-ul-Haq,SCJ Broad,0,0,"",""
ball,2,39.4,Pakistan,Shahid Afridi,Misbah-ul-Haq,SCJ Broad,0,0,"",""
ball,2,39.5,Pakistan,Shahid Afridi,Misbah-ul-Haq,SCJ Broad,0,0,"",""
ball,2,39.6,Pakistan,Shahid Afridi,Misbah-ul-Haq,SCJ Broad,0,0,"",""
ball,2,40.1,Pakistan,Misbah-ul-Haq,Shahid Afridi,ST Finn,1,0,"",""
ball,2,40.2,Pakistan,Shahid Afridi,Misbah-ul-Haq,ST Finn,1,0,"",""
ball,2,40.3,Pakistan,Misbah-ul-Haq,Shahid Afridi,ST Finn,0,0,"",""
ball,2,40.4,Pakistan,Misbah-ul-Haq,Shahid Afridi,ST Finn,2,0,"",""
ball,2,40.5,Pakistan,Misbah-ul-Haq,Shahid Afridi,ST Finn,0,0,"",""
ball,2,40.6,Pakistan,Misbah-ul-Haq,Shahid Afridi,ST Finn,0,0,"",""
ball,2,41.1,Pakistan,Shahid Afridi,Misbah-ul-Haq,SR Patel,1,0,"",""
ball,2,41.2,Pakistan,Misbah-ul-Haq,Shahid Afridi,SR Patel,1,0,"",""
ball,2,41.3,Pakistan,Shahid Afridi,Misbah-ul-Haq,SR Patel,2,0,"",""
ball,2,41.4,Pakistan,Shahid Afridi,Misbah-ul-Haq,SR Patel,0,0,"",""
ball,2,41.5,Pakistan,Shahid Afridi,Misbah-ul-Haq,SR Patel,1,0,"",""
ball,2,41.6,Pakistan,Misbah-ul-Haq,Shahid Afridi,SR Patel,2,0,"",""
ball,2,42.1,Pakistan,Shahid Afridi,Misbah-ul-Haq,JM Anderson,1,0,"",""
ball,2,42.2,Pakistan,Misbah-ul-Haq,Shahid Afridi,JM Anderson,0,0,"",""
ball,2,42.3,Pakistan,Misbah-ul-Haq,Shahid Afridi,JM Anderson,1,0,"",""
ball,2,42.4,Pakistan,Shahid Afridi,Misbah-ul-Haq,JM Anderson,1,0,"",""
ball,2,42.5,Pakistan,Misbah-ul-Haq,Shahid Afridi,JM Anderson,0,0,"",""
ball,2,42.6,Pakistan,Misbah-ul-Haq,Shahid Afridi,JM Anderson,1,0,"",""
ball,2,43.1,Pakistan,Misbah-ul-Haq,Shahid Afridi,SR Patel,1,0,"",""
ball,2,43.2,Pakistan,Shahid Afridi,Misbah-ul-Haq,SR Patel,6,0,"",""
ball,2,43.3,Pakistan,Shahid Afridi,Misbah-ul-Haq,SR Patel,4,0,"",""
ball,2,43.4,Pakistan,Shahid Afridi,Misbah-ul-Haq,SR Patel,1,0,"",""
ball,2,43.5,Pakistan,Misbah-ul-Haq,Shahid Afridi,SR Patel,0,0,"",""
ball,2,43.6,Pakistan,Misbah-ul-Haq,Shahid Afridi,SR Patel,0,0,"",""
ball,2,44.1,Pakistan,Shahid Afridi,Misbah-ul-Haq,JM Anderson,0,0,"",""
ball,2,44.2,Pakistan,Shahid Afridi,Misbah-ul-Haq,JM Anderson,0,0,bowled,Shahid Afridi
ball,2,44.3,Pakistan,Abdur Rehman,Misbah-ul-Haq,JM Anderson,0,0,"",""
ball,2,44.4,Pakistan,Abdur Rehman,Misbah-ul-Haq,JM Anderson,0,0,"",""
ball,2,44.5,Pakistan,Abdur Rehman,Misbah-ul-Haq,JM Anderson,0,0,"",""
ball,2,44.6,Pakistan,Abdur Rehman,Misbah-ul-Haq,JM Anderson,0,0,"",""
ball,2,45.1,Pakistan,Misbah-ul-Haq,Abdur Rehman,SCJ Broad,4,0,"",""
ball,2,45.2,Pakistan,Misbah-ul-Haq,Abdur Rehman,SCJ Broad,1,0,"",""
ball,2,45.3,Pakistan,Abdur Rehman,Misbah-ul-Haq,SCJ Broad,0,0,"",""
ball,2,45.4,Pakistan,Abdur Rehman,Misbah-ul-Haq,SCJ Broad,0,0,"",""
ball,2,45.5,Pakistan,Abdur Rehman,Misbah-ul-Haq,SCJ Broad,0,0,"",""
ball,2,45.6,Pakistan,Abdur Rehman,Misbah-ul-Haq,SCJ Broad,0,1,"",""
ball,2,45.7,Pakistan,Abdur Rehman,Misbah-ul-Haq,SCJ Broad,0,0,"",""
ball,2,46.1,Pakistan,Misbah-ul-Haq,Abdur Rehman,ST Finn,0,0,"",""
ball,2,46.2,Pakistan,Misbah-ul-Haq,Abdur Rehman,ST Finn,1,0,"",""
ball,2,46.3,Pakistan,Abdur Rehman,Misbah-ul-Haq,ST Finn,1,0,"",""
ball,2,46.4,Pakistan,Misbah-ul-Haq,Abdur Rehman,ST Finn,1,0,"",""
ball,2,46.5,Pakistan,Abdur Rehman,Misbah-ul-Haq,ST Finn,0,1,"",""
ball,2,46.6,Pakistan,Abdur Rehman,Misbah-ul-Haq,ST Finn,0,0,"",""
ball,2,46.7,Pakistan,Abdur Rehman,Misbah-ul-Haq,ST Finn,0,0,bowled,Abdur Rehman
ball,2,47.1,Pakistan,Misbah-ul-Haq,Umar Gul,SCJ Broad,0,0,caught,Misbah-ul-Haq
ball,2,47.2,Pakistan,Umar Gul,Saeed Ajmal,SCJ Broad,0,0,"",""
ball,2,47.3,Pakistan,Umar Gul,Saeed Ajmal,SCJ Broad,0,0,"",""
ball,2,47.4,Pakistan,Umar Gul,Saeed Ajmal,SCJ Broad,4,0,"",""
ball,2,47.5,Pakistan,Umar Gul,Saeed Ajmal,SCJ Broad,1,0,"",""
ball,2,47.6,Pakistan,Saeed Ajmal,Umar Gul,SCJ Broad,0,0,"",""
ball,2,48.1,Pakistan,Umar Gul,Saeed Ajmal,ST Finn,0,0,lbw,Umar Gul
ball,2,48.2,Pakistan,Aizaz Cheema,Saeed Ajmal,ST Finn,1,0,"",""
ball,2,48.3,Pakistan,Saeed Ajmal,Aizaz Cheema,ST Finn,2,0,"",""
ball,2,48.4,Pakistan,Saeed Ajmal,Aizaz Cheema,ST Finn,4,0,"",""
ball,2,48.5,Pakistan,Saeed Ajmal,Aizaz Cheema,ST Finn,1,0,"",""
ball,2,48.6,Pakistan,Aizaz Cheema,Saeed Ajmal,ST Finn,0,0,bowled,Aizaz Cheema
