version,1.3.0
info,team,England
info,team,South Africa
info,gender,male
info,season,2012
info,date,2012/08/28
info,series,NatWest Series
info,match_number,2
info,venue,The Rose Bowl
info,city,Southampton
info,toss_winner,South Africa
info,toss_decision,bat
info,player_of_match,HM Amla
info,umpire,RJ Bailey
info,umpire,SJA Taufel
info,reserve_umpire,RA Kettleborough
info,tv_umpire,HDPK Dharmasena
info,match_referee,AJ Pycroft
info,winner,South Africa
info,winner_runs,80
ball,1,0.1,South Africa,GC Smith,HM Amla,JM Anderson,0,0,"",""
ball,1,0.2,South Africa,GC Smith,HM Amla,JM Anderson,0,0,"",""
ball,1,0.3,South Africa,GC Smith,HM Amla,JM Anderson,0,0,"",""
ball,1,0.4,South Africa,GC Smith,HM Amla,JM Anderson,0,0,"",""
ball,1,0.5,South Africa,GC Smith,HM Amla,JM Anderson,1,0,"",""
ball,1,0.6,South Africa,HM Amla,GC Smith,JM Anderson,0,0,"",""
ball,1,1.1,South Africa,GC Smith,HM Amla,ST Finn,0,0,"",""
ball,1,1.2,South Africa,GC Smith,HM Amla,ST Finn,1,0,"",""
ball,1,1.3,South Africa,HM Amla,GC Smith,ST Finn,0,0,"",""
ball,1,1.4,South Africa,HM Amla,GC Smith,ST Finn,0,0,"",""
ball,1,1.5,South Africa,HM Amla,GC Smith,ST Finn,0,0,"",""
ball,1,1.6,South Africa,HM Amla,GC Smith,ST Finn,1,0,"",""
ball,1,2.1,South Africa,HM Amla,GC Smith,JM Anderson,1,0,"",""
ball,1,2.2,South Africa,GC Smith,HM Amla,JM Anderson,0,0,"",""
ball,1,2.3,South Africa,GC Smith,HM Amla,JM Anderson,2,0,"",""
ball,1,2.4,South Africa,GC Smith,HM Amla,JM Anderson,0,0,"",""
ball,1,2.5,South Africa,GC Smith,HM Amla,JM Anderson,0,0,"",""
ball,1,2.6,South Africa,GC Smith,HM Amla,JM Anderson,1,0,"",""
ball,1,3.1,South Africa,GC Smith,HM Amla,ST Finn,0,0,"",""
ball,1,3.2,South Africa,GC Smith,HM Amla,ST Finn,0,0,"",""
ball,1,3.3,South Africa,GC Smith,HM Amla,ST Finn,0,0,"",""
ball,1,3.4,South Africa,GC Smith,HM Amla,ST Finn,0,0,"",""
ball,1,3.5,South Africa,GC Smith,HM Amla,ST Finn,0,0,"",""
ball,1,3.6,South Africa,GC Smith,HM Amla,ST Finn,1,0,"",""
ball,1,4.1,South Africa,GC Smith,HM Amla,JM Anderson,0,0,"",""
ball,1,4.2,South Africa,GC Smith,HM Amla,JM Anderson,0,0,"",""
ball,1,4.3,South Africa,GC Smith,HM Amla,JM Anderson,2,0,"",""
ball,1,4.4,South Africa,GC Smith,HM Amla,JM Anderson,0,0,"",""
ball,1,4.5,South Africa,GC Smith,HM Amla,JM Anderson,1,0,"",""
ball,1,4.6,South Africa,HM Amla,GC Smith,JM Anderson,0,0,"",""
ball,1,5.1,South Africa,GC Smith,HM Amla,ST Finn,0,0,"",""
ball,1,5.2,South Africa,GC Smith,HM Amla,ST Finn,4,0,"",""
ball,1,5.3,South Africa,GC Smith,HM Amla,ST Finn,0,0,"",""
ball,1,5.4,South Africa,GC Smith,HM Amla,ST Finn,0,0,"",""
ball,1,5.5,South Africa,GC Smith,HM Amla,ST Finn,0,0,"",""
ball,1,5.6,South Africa,GC Smith,HM Amla,ST Finn,0,0,"",""
ball,1,6.1,South Africa,HM Amla,GC Smith,JM Anderson,0,0,"",""
ball,1,6.2,South Africa,HM Amla,GC Smith,JM Anderson,0,0,"",""
ball,1,6.3,South Africa,HM Amla,GC Smith,JM Anderson,0,0,"",""
ball,1,6.4,South Africa,HM Amla,GC Smith,JM Anderson,4,0,"",""
ball,1,6.5,South Africa,HM Amla,GC Smith,JM Anderson,0,0,"",""
ball,1,6.6,South Africa,HM Amla,GC Smith,JM Anderson,4,0,"",""
ball,1,7.1,South Africa,GC Smith,HM Amla,ST Finn,0,0,"",""
ball,1,7.2,South Africa,GC Smith,HM Amla,ST Finn,0,0,"",""
ball,1,7.3,South Africa,GC Smith,HM Amla,ST Finn,0,0,"",""
ball,1,7.4,South Africa,GC Smith,HM Amla,ST Finn,4,0,"",""
ball,1,7.5,South Africa,GC Smith,HM Amla,ST Finn,2,0,"",""
ball,1,7.6,South Africa,GC Smith,HM Amla,ST Finn,4,0,"",""
ball,1,8.1,South Africa,HM Amla,GC Smith,TT Bresnan,1,0,"",""
ball,1,8.2,South Africa,GC Smith,HM Amla,TT Bresnan,4,0,"",""
ball,1,8.3,South Africa,GC Smith,HM Amla,TT Bresnan,0,0,"",""
ball,1,8.4,South Africa,GC Smith,HM Amla,TT Bresnan,4,0,"",""
ball,1,8.5,South Africa,GC Smith,HM Amla,TT Bresnan,1,0,"",""
ball,1,8.6,South Africa,HM Amla,GC Smith,TT Bresnan,4,0,"",""
ball,1,9.1,South Africa,GC Smith,HM Amla,ST Finn,0,0,"",""
ball,1,9.2,South Africa,GC Smith,HM Amla,ST Finn,0,0,"",""
ball,1,9.3,South Africa,GC Smith,HM Amla,ST Finn,0,0,"",""
ball,1,9.4,South Africa,GC Smith,HM Amla,ST Finn,0,0,"",""
ball,1,9.5,South Africa,GC Smith,HM Amla,ST Finn,1,0,"",""
ball,1,9.6,South Africa,HM Amla,GC Smith,ST Finn,1,0,"",""
ball,1,10.1,South Africa,HM Amla,GC Smith,TT Bresnan,0,0,"",""
ball,1,10.2,South Africa,HM Amla,GC Smith,TT Bresnan,1,0,"",""
ball,1,10.3,South Africa,GC Smith,HM Amla,TT Bresnan,1,0,"",""
ball,1,10.4,South Africa,HM Amla,GC Smith,TT Bresnan,1,0,"",""
ball,1,10.5,South Africa,GC Smith,HM Amla,TT Bresnan,1,0,"",""
ball,1,10.6,South Africa,HM Amla,GC Smith,TT Bresnan,1,0,"",""
ball,1,11.1,South Africa,HM Amla,GC Smith,GP Swann,1,0,"",""
ball,1,11.2,South Africa,GC Smith,HM Amla,GP Swann,2,0,"",""
ball,1,11.3,South Africa,GC Smith,HM Amla,GP Swann,0,0,"",""
ball,1,11.4,South Africa,GC Smith,HM Amla,GP Swann,0,0,"",""
ball,1,11.5,South Africa,GC Smith,HM Amla,GP Swann,1,0,"",""
ball,1,11.6,South Africa,HM Amla,GC Smith,GP Swann,1,0,"",""
ball,1,12.1,South Africa,HM Amla,GC Smith,SR Patel,2,0,"",""
ball,1,12.2,South Africa,HM Amla,GC Smith,SR Patel,0,0,"",""
ball,1,12.3,South Africa,HM Amla,GC Smith,SR Patel,0,0,"",""
ball,1,12.4,South Africa,HM Amla,GC Smith,SR Patel,4,0,"",""
ball,1,12.5,South Africa,HM Amla,GC Smith,SR Patel,0,0,"",""
ball,1,12.6,South Africa,HM Amla,GC Smith,SR Patel,0,0,"",""
ball,1,13.1,South Africa,GC Smith,HM Amla,GP Swann,0,0,"",""
ball,1,13.2,South Africa,GC Smith,HM Amla,GP Swann,1,0,"",""
ball,1,13.3,South Africa,HM Amla,GC Smith,GP Swann,1,0,"",""
ball,1,13.4,South Africa,GC Smith,HM Amla,GP Swann,1,0,"",""
ball,1,13.5,South Africa,HM Amla,GC Smith,GP Swann,1,0,"",""
ball,1,13.6,South Africa,GC Smith,HM Amla,GP Swann,1,0,"",""
ball,1,14.1,South Africa,GC Smith,HM Amla,SR Patel,0,0,"",""
ball,1,14.2,South Africa,GC Smith,HM Amla,SR Patel,0,0,"",""
ball,1,14.3,South Africa,GC Smith,HM Amla,SR Patel,2,0,"",""
ball,1,14.4,South Africa,GC Smith,HM Amla,SR Patel,0,0,"",""
ball,1,14.5,South Africa,GC Smith,HM Amla,SR Patel,0,0,"",""
ball,1,14.6,South Africa,GC Smith,HM Amla,SR Patel,1,0,"",""
ball,1,15.1,South Africa,GC Smith,HM Amla,GP Swann,1,0,"",""
ball,1,15.2,South Africa,HM Amla,GC Smith,GP Swann,1,0,"",""
ball,1,15.3,South Africa,GC Smith,HM Amla,GP Swann,0,0,"",""
ball,1,15.4,South Africa,GC Smith,HM Amla,GP Swann,1,0,"",""
ball,1,15.5,South Africa,HM Amla,GC Smith,GP Swann,1,0,"",""
ball,1,15.6,South Africa,GC Smith,HM Amla,GP Swann,0,0,"",""
ball,1,16.1,South Africa,HM Amla,GC Smith,SR Patel,1,0,"",""
ball,1,16.2,South Africa,GC Smith,HM Amla,SR Patel,0,0,"",""
ball,1,16.3,South Africa,GC Smith,HM Amla,SR Patel,1,0,"",""
ball,1,16.4,South Africa,HM Amla,GC Smith,SR Patel,0,0,"",""
ball,1,16.5,South Africa,HM Amla,GC Smith,SR Patel,1,0,"",""
ball,1,16.6,South Africa,GC Smith,HM Amla,SR Patel,1,0,"",""
ball,1,17.1,South Africa,GC Smith,HM Amla,TT Bresnan,0,0,"",""
ball,1,17.2,South Africa,GC Smith,HM Amla,TT Bresnan,1,0,"",""
ball,1,17.3,South Africa,HM Amla,GC Smith,TT Bresnan,0,0,"",""
ball,1,17.4,South Africa,HM Amla,GC Smith,TT Bresnan,2,0,"",""
ball,1,17.5,South Africa,HM Amla,GC Smith,TT Bresnan,1,0,"",""
ball,1,17.6,South Africa,GC Smith,HM Amla,TT Bresnan,1,0,"",""
ball,1,18.1,South Africa,GC Smith,HM Amla,SR Patel,1,0,"",""
ball,1,18.2,South Africa,HM Amla,GC Smith,SR Patel,1,0,"",""
ball,1,18.3,South Africa,GC Smith,HM Amla,SR Patel,0,0,"",""
ball,1,18.4,South Africa,GC Smith,HM Amla,SR Patel,0,0,"",""
ball,1,18.5,South Africa,GC Smith,HM Amla,SR Patel,1,0,"",""
ball,1,18.6,South Africa,HM Amla,GC Smith,SR Patel,0,0,"",""
ball,1,19.1,South Africa,GC Smith,HM Amla,TT Bresnan,0,0,"",""
ball,1,19.2,South Africa,GC Smith,HM Amla,TT Bresnan,0,0,caught,GC Smith
ball,1,19.3,South Africa,HM Amla,JP Duminy,TT Bresnan,1,0,"",""
ball,1,19.4,South Africa,JP Duminy,HM Amla,TT Bresnan,1,0,"",""
ball,1,19.5,South Africa,HM Amla,JP Duminy,TT Bresnan,4,0,"",""
ball,1,19.6,South Africa,HM Amla,JP Duminy,TT Bresnan,0,0,"",""
ball,1,20.1,South Africa,JP Duminy,HM Amla,SR Patel,1,0,"",""
ball,1,20.2,South Africa,HM Amla,JP Duminy,SR Patel,0,0,"",""
ball,1,20.3,South Africa,HM Amla,JP Duminy,SR Patel,0,0,"",""
ball,1,20.4,South Africa,HM Amla,JP Duminy,SR Patel,2,0,"",""
ball,1,20.5,South Africa,HM Amla,JP Duminy,SR Patel,1,0,"",""
ball,1,20.6,South Africa,JP Duminy,HM Amla,SR Patel,0,0,"",""
ball,1,21.1,South Africa,HM Amla,JP Duminy,JM Anderson,1,0,"",""
ball,1,21.2,South Africa,JP Duminy,HM Amla,JM Anderson,0,0,"",""
ball,1,21.3,South Africa,JP Duminy,HM Amla,JM Anderson,0,0,"",""
ball,1,21.4,South Africa,JP Duminy,HM Amla,JM Anderson,0,0,"",""
ball,1,21.5,South Africa,JP Duminy,HM Amla,JM Anderson,0,0,"",""
ball,1,21.6,South Africa,JP Duminy,HM Amla,JM Anderson,1,0,"",""
ball,1,22.1,South Africa,JP Duminy,HM Amla,SR Patel,0,0,"",""
ball,1,22.2,South Africa,JP Duminy,HM Amla,SR Patel,0,1,"",""
ball,1,22.3,South Africa,HM Amla,JP Duminy,SR Patel,0,0,"",""
ball,1,22.4,South Africa,HM Amla,JP Duminy,SR Patel,1,0,"",""
ball,1,22.5,South Africa,JP Duminy,HM Amla,SR Patel,0,0,"",""
ball,1,22.6,South Africa,JP Duminy,HM Amla,SR Patel,1,0,"",""
ball,1,23.1,South Africa,JP Duminy,HM Amla,JM Anderson,0,1,"",""
ball,1,23.2,South Africa,HM Amla,JP Duminy,JM Anderson,1,0,"",""
ball,1,23.3,South Africa,JP Duminy,HM Amla,JM Anderson,0,2,"",""
ball,1,23.4,South Africa,JP Duminy,HM Amla,JM Anderson,0,0,"",""
ball,1,23.5,South Africa,JP Duminy,HM Amla,JM Anderson,4,0,"",""
ball,1,23.6,South Africa,JP Duminy,HM Amla,JM Anderson,0,0,"",""
ball,1,24.1,South Africa,HM Amla,JP Duminy,SR Patel,1,0,"",""
ball,1,24.2,South Africa,JP Duminy,HM Amla,SR Patel,0,0,"",""
ball,1,24.3,South Africa,JP Duminy,HM Amla,SR Patel,1,0,"",""
ball,1,24.4,South Africa,HM Amla,JP Duminy,SR Patel,0,0,"",""
ball,1,24.5,South Africa,HM Amla,JP Duminy,SR Patel,1,0,"",""
ball,1,24.6,South Africa,JP Duminy,HM Amla,SR Patel,3,0,"",""
ball,1,25.1,South Africa,JP Duminy,HM Amla,GP Swann,0,0,"",""
ball,1,25.2,South Africa,JP Duminy,HM Amla,GP Swann,0,0,"",""
ball,1,25.3,South Africa,JP Duminy,HM Amla,GP Swann,1,0,"",""
ball,1,25.4,South Africa,HM Amla,JP Duminy,GP Swann,1,0,"",""
ball,1,25.5,South Africa,JP Duminy,HM Amla,GP Swann,1,0,"",""
ball,1,25.6,South Africa,HM Amla,JP Duminy,GP Swann,0,0,run out,JP Duminy
ball,1,26.1,South Africa,HM Amla,D Elgar,RS Bopara,1,0,"",""
ball,1,26.2,South Africa,D Elgar,HM Amla,RS Bopara,0,0,"",""
ball,1,26.3,South Africa,D Elgar,HM Amla,RS Bopara,0,0,"",""
ball,1,26.4,South Africa,D Elgar,HM Amla,RS Bopara,1,0,"",""
ball,1,26.5,South Africa,HM Amla,D Elgar,RS Bopara,1,0,"",""
ball,1,26.6,South Africa,D Elgar,HM Amla,RS Bopara,0,0,"",""
ball,1,27.1,South Africa,HM Amla,D Elgar,GP Swann,0,0,"",""
ball,1,27.2,South Africa,HM Amla,D Elgar,GP Swann,1,0,"",""
ball,1,27.3,South Africa,D Elgar,HM Amla,GP Swann,0,0,"",""
ball,1,27.4,South Africa,D Elgar,HM Amla,GP Swann,0,0,"",""
ball,1,27.5,South Africa,D Elgar,HM Amla,GP Swann,1,0,"",""
ball,1,27.6,South Africa,HM Amla,D Elgar,GP Swann,2,0,"",""
ball,1,28.1,South Africa,D Elgar,HM Amla,RS Bopara,0,0,"",""
ball,1,28.2,South Africa,D Elgar,HM Amla,RS Bopara,1,0,"",""
ball,1,28.3,South Africa,HM Amla,D Elgar,RS Bopara,1,0,"",""
ball,1,28.4,South Africa,D Elgar,HM Amla,RS Bopara,0,0,"",""
ball,1,28.5,South Africa,D Elgar,HM Amla,RS Bopara,0,0,"",""
ball,1,28.6,South Africa,D Elgar,HM Amla,RS Bopara,4,0,"",""
ball,1,29.1,South Africa,HM Amla,D Elgar,GP Swann,4,0,"",""
ball,1,29.2,South Africa,HM Amla,D Elgar,GP Swann,0,0,"",""
ball,1,29.3,South Africa,HM Amla,D Elgar,GP Swann,1,0,"",""
ball,1,29.4,South Africa,D Elgar,HM Amla,GP Swann,0,0,"",""
ball,1,29.5,South Africa,D Elgar,HM Amla,GP Swann,1,0,"",""
ball,1,29.6,South Africa,HM Amla,D Elgar,GP Swann,1,0,"",""
ball,1,30.1,South Africa,HM Amla,D Elgar,RS Bopara,2,0,"",""
ball,1,30.2,South Africa,HM Amla,D Elgar,RS Bopara,1,0,"",""
ball,1,30.3,South Africa,D Elgar,HM Amla,RS Bopara,0,0,"",""
ball,1,30.4,South Africa,D Elgar,HM Amla,RS Bopara,0,0,"",""
ball,1,30.5,South Africa,D Elgar,HM Amla,RS Bopara,0,0,"",""
ball,1,30.6,South Africa,D Elgar,HM Amla,RS Bopara,0,0,"",""
ball,1,31.1,South Africa,HM Amla,D Elgar,GP Swann,1,0,"",""
ball,1,31.2,South Africa,D Elgar,HM Amla,GP Swann,2,0,"",""
ball,1,31.3,South Africa,D Elgar,HM Amla,GP Swann,1,0,"",""
ball,1,31.4,South Africa,HM Amla,D Elgar,GP Swann,1,0,"",""
ball,1,31.5,South Africa,D Elgar,HM Amla,GP Swann,1,0,"",""
ball,1,31.6,South Africa,HM Amla,D Elgar,GP Swann,3,0,"",""
ball,1,32.1,South Africa,HM Amla,D Elgar,TT Bresnan,1,0,"",""
ball,1,32.2,South Africa,D Elgar,HM Amla,TT Bresnan,2,0,"",""
ball,1,32.3,South Africa,D Elgar,HM Amla,TT Bresnan,0,0,"",""
ball,1,32.4,South Africa,D Elgar,HM Amla,TT Bresnan,1,0,"",""
ball,1,32.5,South Africa,HM Amla,D Elgar,TT Bresnan,4,0,"",""
ball,1,32.6,South Africa,HM Amla,D Elgar,TT Bresnan,3,0,"",""
ball,1,33.1,South Africa,HM Amla,D Elgar,GP Swann,1,0,"",""
ball,1,33.2,South Africa,D Elgar,HM Amla,GP Swann,0,0,"",""
ball,1,33.3,South Africa,D Elgar,HM Amla,GP Swann,0,0,"",""
ball,1,33.4,South Africa,D Elgar,HM Amla,GP Swann,0,0,"",""
ball,1,33.5,South Africa,D Elgar,HM Amla,GP Swann,0,0,bowled,D Elgar
ball,1,33.6,South Africa,AB de Villiers,HM Amla,GP Swann,1,0,"",""
ball,1,34.1,South Africa,AB de Villiers,HM Amla,TT Bresnan,0,0,"",""
ball,1,34.2,South Africa,AB de Villiers,HM Amla,TT Bresnan,1,0,"",""
ball,1,34.3,South Africa,HM Amla,AB de Villiers,TT Bresnan,0,0,"",""
ball,1,34.4,South Africa,HM Amla,AB de Villiers,TT Bresnan,0,0,"",""
ball,1,34.5,South Africa,HM Amla,AB de Villiers,TT Bresnan,0,0,"",""
ball,1,34.6,South Africa,HM Amla,AB de Villiers,TT Bresnan,0,0,"",""
ball,1,35.1,South Africa,AB de Villiers,HM Amla,ST Finn,3,0,"",""
ball,1,35.2,South Africa,HM Amla,AB de Villiers,ST Finn,0,0,"",""
ball,1,35.3,South Africa,HM Amla,AB de Villiers,ST Finn,0,0,"",""
ball,1,35.4,South Africa,HM Amla,AB de Villiers,ST Finn,1,0,"",""
ball,1,35.5,South Africa,AB de Villiers,HM Amla,ST Finn,4,0,"",""
ball,1,35.6,South Africa,AB de Villiers,HM Amla,ST Finn,3,0,"",""
ball,1,36.1,South Africa,AB de Villiers,HM Amla,SR Patel,0,0,"",""
ball,1,36.2,South Africa,AB de Villiers,HM Amla,SR Patel,1,0,"",""
ball,1,36.3,South Africa,HM Amla,AB de Villiers,SR Patel,4,0,"",""
ball,1,36.4,South Africa,HM Amla,AB de Villiers,SR Patel,1,0,"",""
ball,1,36.5,South Africa,AB de Villiers,HM Amla,SR Patel,0,0,"",""
ball,1,36.6,South Africa,AB de Villiers,HM Amla,SR Patel,1,0,"",""
ball,1,37.1,South Africa,AB de Villiers,HM Amla,ST Finn,1,0,"",""
ball,1,37.2,South Africa,HM Amla,AB de Villiers,ST Finn,0,0,"",""
ball,1,37.3,South Africa,HM Amla,AB de Villiers,ST Finn,1,0,"",""
ball,1,37.4,South Africa,AB de Villiers,HM Amla,ST Finn,3,0,"",""
ball,1,37.5,South Africa,HM Amla,AB de Villiers,ST Finn,0,1,"",""
ball,1,37.6,South Africa,AB de Villiers,HM Amla,ST Finn,0,0,"",""
ball,1,38.1,South Africa,HM Amla,AB de Villiers,TT Bresnan,4,0,"",""
ball,1,38.2,South Africa,HM Amla,AB de Villiers,TT Bresnan,0,0,"",""
ball,1,38.3,South Africa,HM Amla,AB de Villiers,TT Bresnan,0,0,"",""
ball,1,38.4,South Africa,HM Amla,AB de Villiers,TT Bresnan,1,0,"",""
ball,1,38.5,South Africa,AB de Villiers,HM Amla,TT Bresnan,0,0,"",""
ball,1,38.6,South Africa,AB de Villiers,HM Amla,TT Bresnan,0,0,"",""
ball,1,39.1,South Africa,HM Amla,AB de Villiers,ST Finn,2,0,"",""
ball,1,39.2,South Africa,HM Amla,AB de Villiers,ST Finn,0,0,"",""
ball,1,39.3,South Africa,HM Amla,AB de Villiers,ST Finn,4,0,"",""
ball,1,39.4,South Africa,HM Amla,AB de Villiers,ST Finn,1,0,"",""
ball,1,39.5,South Africa,AB de Villiers,HM Amla,ST Finn,0,0,"",""
ball,1,39.6,South Africa,AB de Villiers,HM Amla,ST Finn,2,0,"",""
ball,1,40.1,South Africa,HM Amla,AB de Villiers,SR Patel,1,0,"",""
ball,1,40.2,South Africa,AB de Villiers,HM Amla,SR Patel,1,0,"",""
ball,1,40.3,South Africa,HM Amla,AB de Villiers,SR Patel,4,0,"",""
ball,1,40.4,South Africa,HM Amla,AB de Villiers,SR Patel,1,0,"",""
ball,1,40.5,South Africa,AB de Villiers,HM Amla,SR Patel,1,0,"",""
ball,1,40.6,South Africa,HM Amla,AB de Villiers,SR Patel,0,0,"",""
ball,1,41.1,South Africa,AB de Villiers,HM Amla,GP Swann,0,0,"",""
ball,1,41.2,South Africa,AB de Villiers,HM Amla,GP Swann,1,0,"",""
ball,1,41.3,South Africa,HM Amla,AB de Villiers,GP Swann,1,0,"",""
ball,1,41.4,South Africa,AB de Villiers,HM Amla,GP Swann,1,0,"",""
ball,1,41.5,South Africa,HM Amla,AB de Villiers,GP Swann,0,0,"",""
ball,1,41.6,South Africa,HM Amla,AB de Villiers,GP Swann,2,0,"",""
ball,1,42.1,South Africa,AB de Villiers,HM Amla,JM Anderson,0,0,"",""
ball,1,42.2,South Africa,AB de Villiers,HM Amla,JM Anderson,0,0,"",""
ball,1,42.3,South Africa,AB de Villiers,HM Amla,JM Anderson,0,0,"",""
ball,1,42.4,South Africa,AB de Villiers,HM Amla,JM Anderson,1,0,"",""
ball,1,42.5,South Africa,HM Amla,AB de Villiers,JM Anderson,4,0,"",""
ball,1,42.6,South Africa,HM Amla,AB de Villiers,JM Anderson,0,1,"",""
ball,1,42.7,South Africa,HM Amla,AB de Villiers,JM Anderson,2,0,"",""
ball,1,43.1,South Africa,AB de Villiers,HM Amla,GP Swann,1,0,"",""
ball,1,43.2,South Africa,HM Amla,AB de Villiers,GP Swann,1,0,"",""
ball,1,43.3,South Africa,AB de Villiers,HM Amla,GP Swann,2,0,"",""
ball,1,43.4,South Africa,AB de Villiers,HM Amla,GP Swann,0,0,bowled,AB de Villiers
ball,1,43.5,South Africa,F du Plessis,HM Amla,GP Swann,1,0,"",""
ball,1,43.6,South Africa,HM Amla,F du Plessis,GP Swann,1,0,"",""
ball,1,44.1,South Africa,HM Amla,F du Plessis,JM Anderson,4,0,"",""
ball,1,44.2,South Africa,HM Amla,F du Plessis,JM Anderson,2,0,"",""
ball,1,44.3,South Africa,HM Amla,F du Plessis,JM Anderson,1,0,"",""
ball,1,44.4,South Africa,F du Plessis,HM Amla,JM Anderson,4,0,"",""
ball,1,44.5,South Africa,F du Plessis,HM Amla,JM Anderson,1,0,"",""
ball,1,44.6,South Africa,HM Amla,F du Plessis,JM Anderson,0,0,"",""
ball,1,45.1,South Africa,F du Plessis,HM Amla,SR Patel,1,0,"",""
ball,1,45.2,South Africa,HM Amla,F du Plessis,SR Patel,1,0,"",""
ball,1,45.3,South Africa,F du Plessis,HM Amla,SR Patel,0,0,"",""
ball,1,45.4,South Africa,F du Plessis,HM Amla,SR Patel,1,0,"",""
ball,1,45.5,South Africa,HM Amla,F du Plessis,SR Patel,1,0,"",""
ball,1,45.6,South Africa,F du Plessis,HM Amla,SR Patel,0,0,"",""
ball,1,46.1,South Africa,HM Amla,F du Plessis,TT Bresnan,2,0,"",""
ball,1,46.2,South Africa,HM Amla,F du Plessis,TT Bresnan,4,0,"",""
ball,1,46.3,South Africa,HM Amla,F du Plessis,TT Bresnan,4,0,"",""
ball,1,46.4,South Africa,HM Amla,F du Plessis,TT Bresnan,1,0,"",""
ball,1,46.5,South Africa,F du Plessis,HM Amla,TT Bresnan,1,0,"",""
ball,1,46.6,South Africa,HM Amla,F du Plessis,TT Bresnan,2,0,"",""
ball,1,47.1,South Africa,F du Plessis,HM Amla,ST Finn,1,0,"",""
ball,1,47.2,South Africa,HM Amla,F du Plessis,ST Finn,1,0,"",""
ball,1,47.3,South Africa,F du Plessis,HM Amla,ST Finn,0,0,"",""
ball,1,47.4,South Africa,F du Plessis,HM Amla,ST Finn,1,0,"",""
ball,1,47.5,South Africa,HM Amla,F du Plessis,ST Finn,1,0,"",""
ball,1,47.6,South Africa,F du Plessis,HM Amla,ST Finn,4,0,"",""
ball,1,48.1,South Africa,HM Amla,F du Plessis,JM Anderson,1,0,"",""
ball,1,48.2,South Africa,F du Plessis,HM Amla,JM Anderson,2,0,"",""
ball,1,48.3,South Africa,F du Plessis,HM Amla,JM Anderson,1,0,"",""
ball,1,48.4,South Africa,HM Amla,F du Plessis,JM Anderson,3,0,"",""
ball,1,48.5,South Africa,F du Plessis,HM Amla,JM Anderson,1,0,"",""
ball,1,48.6,South Africa,HM Amla,F du Plessis,JM Anderson,2,0,"",""
ball,1,49.1,South Africa,F du Plessis,HM Amla,ST Finn,0,0,"",""
ball,1,49.2,South Africa,F du Plessis,HM Amla,ST Finn,1,0,"",""
ball,1,49.3,South Africa,HM Amla,F du Plessis,ST Finn,4,0,"",""
ball,1,49.4,South Africa,HM Amla,F du Plessis,ST Finn,0,0,caught,HM Amla
ball,1,49.5,South Africa,F du Plessis,WD Parnell,ST Finn,0,0,"",""
ball,1,49.6,South Africa,F du Plessis,WD Parnell,ST Finn,2,0,"",""
ball,2,0.1,England,AN Cook,IR Bell,LL Tsotsobe,0,0,"",""
ball,2,0.2,England,AN Cook,IR Bell,LL Tsotsobe,0,0,bowled,AN Cook
ball,2,0.3,England,IJL Trott,IR Bell,LL Tsotsobe,1,0,"",""
ball,2,0.4,England,IR Bell,IJL Trott,LL Tsotsobe,0,0,"",""
ball,2,0.5,England,IR Bell,IJL Trott,LL Tsotsobe,1,0,"",""
ball,2,0.6,England,IJL Trott,IR Bell,LL Tsotsobe,1,0,"",""
ball,2,1.1,England,IJL Trott,IR Bell,R McLaren,0,0,"",""
ball,2,1.2,England,IJL Trott,IR Bell,R McLaren,0,0,"",""
ball,2,1.3,England,IJL Trott,IR Bell,R McLaren,0,0,"",""
ball,2,1.4,England,IJL Trott,IR Bell,R McLaren,1,0,"",""
ball,2,1.5,England,IR Bell,IJL Trott,R McLaren,0,0,"",""
ball,2,1.6,England,IR Bell,IJL Trott,R McLaren,1,0,"",""
ball,2,2.1,England,IR Bell,IJL Trott,LL Tsotsobe,2,0,"",""
ball,2,2.2,England,IR Bell,IJL Trott,LL Tsotsobe,0,0,"",""
ball,2,2.3,England,IR Bell,IJL Trott,LL Tsotsobe,4,0,"",""
ball,2,2.4,England,IR Bell,IJL Trott,LL Tsotsobe,2,0,"",""
ball,2,2.5,England,IR Bell,IJL Trott,LL Tsotsobe,1,0,"",""
ball,2,2.6,England,IJL Trott,IR Bell,LL Tsotsobe,0,0,"",""
ball,2,3.1,England,IR Bell,IJL Trott,R McLaren,4,0,"",""
ball,2,3.2,England,IR Bell,IJL Trott,R McLaren,0,1,"",""
ball,2,3.3,England,IJL Trott,IR Bell,R McLaren,0,0,"",""
ball,2,3.4,England,IJL Trott,IR Bell,R McLaren,0,0,"",""
ball,2,3.5,England,IJL Trott,IR Bell,R McLaren,1,0,"",""
ball,2,3.6,England,IR Bell,IJL Trott,R McLaren,0,0,"",""
ball,2,4.1,England,IJL Trott,IR Bell,LL Tsotsobe,0,0,"",""
ball,2,4.2,England,IJL Trott,IR Bell,LL Tsotsobe,1,0,"",""
ball,2,4.3,England,IR Bell,IJL Trott,LL Tsotsobe,4,0,"",""
ball,2,4.4,England,IR Bell,IJL Trott,LL Tsotsobe,0,0,"",""
ball,2,4.5,England,IR Bell,IJL Trott,LL Tsotsobe,0,0,"",""
ball,2,4.6,England,IR Bell,IJL Trott,LL Tsotsobe,4,0,"",""
ball,2,5.1,England,IJL Trott,IR Bell,R McLaren,0,0,"",""
ball,2,5.2,England,IJL Trott,IR Bell,R McLaren,0,0,"",""
ball,2,5.3,England,IJL Trott,IR Bell,R McLaren,0,0,"",""
ball,2,5.4,England,IJL Trott,IR Bell,R McLaren,0,0,"",""
ball,2,5.5,England,IJL Trott,IR Bell,R McLaren,4,0,"",""
ball,2,5.6,England,IJL Trott,IR Bell,R McLaren,1,0,"",""
ball,2,6.1,England,IJL Trott,IR Bell,LL Tsotsobe,0,0,"",""
ball,2,6.2,England,IJL Trott,IR Bell,LL Tsotsobe,1,0,"",""
ball,2,6.3,England,IR Bell,IJL Trott,LL Tsotsobe,1,0,"",""
ball,2,6.4,England,IJL Trott,IR Bell,LL Tsotsobe,0,0,"",""
ball,2,6.5,England,IJL Trott,IR Bell,LL Tsotsobe,0,0,"",""
ball,2,6.6,England,IJL Trott,IR Bell,LL Tsotsobe,0,0,"",""
ball,2,7.1,England,IR Bell,IJL Trott,M Morkel,0,0,"",""
ball,2,7.2,England,IR Bell,IJL Trott,M Morkel,0,0,"",""
ball,2,7.3,England,IR Bell,IJL Trott,M Morkel,4,0,"",""
ball,2,7.4,England,IR Bell,IJL Trott,M Morkel,0,0,"",""
ball,2,7.5,England,IR Bell,IJL Trott,M Morkel,0,0,"",""
ball,2,7.6,England,IR Bell,IJL Trott,M Morkel,0,1,"",""
ball,2,7.7,England,IR Bell,IJL Trott,M Morkel,2,0,"",""
ball,2,8.1,England,IJL Trott,IR Bell,WD Parnell,2,0,"",""
ball,2,8.2,England,IJL Trott,IR Bell,WD Parnell,1,0,"",""
ball,2,8.3,England,IR Bell,IJL Trott,WD Parnell,1,0,"",""
ball,2,8.4,England,IJL Trott,IR Bell,WD Parnell,0,0,"",""
ball,2,8.5,England,IJL Trott,IR Bell,WD Parnell,1,0,"",""
ball,2,8.6,England,IR Bell,IJL Trott,WD Parnell,2,0,"",""
ball,2,9.1,England,IJL Trott,IR Bell,M Morkel,2,0,"",""
ball,2,9.2,England,IJL Trott,IR Bell,M Morkel,1,0,"",""
ball,2,9.3,England,IR Bell,IJL Trott,M Morkel,0,0,"",""
ball,2,9.4,England,IR Bell,IJL Trott,M Morkel,1,0,"",""
ball,2,9.5,England,IJL Trott,IR Bell,M Morkel,0,0,"",""
ball,2,9.6,England,IJL Trott,IR Bell,M Morkel,0,0,"",""
ball,2,10.1,England,IR Bell,IJL Trott,RJ Peterson,0,0,"",""
ball,2,10.2,England,IR Bell,IJL Trott,RJ Peterson,1,0,"",""
ball,2,10.3,England,IJL Trott,IR Bell,RJ Peterson,1,0,"",""
ball,2,10.4,England,IR Bell,IJL Trott,RJ Peterson,3,0,"",""
ball,2,10.5,England,IJL Trott,IR Bell,RJ Peterson,4,0,"",""
ball,2,10.6,England,IJL Trott,IR Bell,RJ Peterson,0,0,"",""
ball,2,11.1,England,IR Bell,IJL Trott,M Morkel,1,0,"",""
ball,2,11.2,England,IJL Trott,IR Bell,M Morkel,0,0,"",""
ball,2,11.3,England,IJL Trott,IR Bell,M Morkel,0,0,"",""
ball,2,11.4,England,IJL Trott,IR Bell,M Morkel,0,0,caught,IJL Trott
ball,2,11.5,England,RS Bopara,IR Bell,M Morkel,0,0,"",""
ball,2,11.6,England,RS Bopara,IR Bell,M Morkel,0,0,"",""
ball,2,12.1,England,IR Bell,RS Bopara,RJ Peterson,0,0,"",""
ball,2,12.2,England,IR Bell,RS Bopara,RJ Peterson,0,0,"",""
ball,2,12.3,England,IR Bell,RS Bopara,RJ Peterson,1,0,"",""
ball,2,12.4,England,RS Bopara,IR Bell,RJ Peterson,0,0,"",""
ball,2,12.5,England,RS Bopara,IR Bell,RJ Peterson,0,0,"",""
ball,2,12.6,England,RS Bopara,IR Bell,RJ Peterson,1,0,"",""
ball,2,13.1,England,RS Bopara,IR Bell,M Morkel,0,1,"",""
ball,2,13.2,England,IR Bell,RS Bopara,M Morkel,1,0,"",""
ball,2,13.3,England,RS Bopara,IR Bell,M Morkel,0,0,"",""
ball,2,13.4,England,RS Bopara,IR Bell,M Morkel,0,0,"",""
ball,2,13.5,England,RS Bopara,IR Bell,M Morkel,0,0,"",""
ball,2,13.6,England,RS Bopara,IR Bell,M Morkel,0,0,"",""
ball,2,14.1,England,IR Bell,RS Bopara,WD Parnell,1,0,"",""
ball,2,14.2,England,RS Bopara,IR Bell,WD Parnell,1,0,"",""
ball,2,14.3,England,IR Bell,RS Bopara,WD Parnell,1,0,"",""
ball,2,14.4,England,RS Bopara,IR Bell,WD Parnell,1,0,"",""
ball,2,14.5,England,IR Bell,RS Bopara,WD Parnell,0,0,"",""
ball,2,14.6,England,IR Bell,RS Bopara,WD Parnell,0,0,"",""
ball,2,15.1,England,RS Bopara,IR Bell,RJ Peterson,2,0,"",""
ball,2,15.2,England,RS Bopara,IR Bell,RJ Peterson,0,0,"",""
ball,2,15.3,England,RS Bopara,IR Bell,RJ Peterson,1,0,"",""
ball,2,15.4,England,IR Bell,RS Bopara,RJ Peterson,2,0,"",""
ball,2,15.5,England,IR Bell,RS Bopara,RJ Peterson,0,0,bowled,IR Bell
ball,2,15.6,England,EJG Morgan,RS Bopara,RJ Peterson,0,0,"",""
ball,2,16.1,England,RS Bopara,EJG Morgan,WD Parnell,0,0,"",""
ball,2,16.2,England,RS Bopara,EJG Morgan,WD Parnell,4,0,"",""
ball,2,16.3,England,RS Bopara,EJG Morgan,WD Parnell,1,0,"",""
ball,2,16.4,England,EJG Morgan,RS Bopara,WD Parnell,0,0,"",""
ball,2,16.5,England,EJG Morgan,RS Bopara,WD Parnell,1,0,"",""
ball,2,16.6,England,RS Bopara,EJG Morgan,WD Parnell,4,0,"",""
ball,2,17.1,England,EJG Morgan,RS Bopara,RJ Peterson,0,0,"",""
ball,2,17.2,England,EJG Morgan,RS Bopara,RJ Peterson,1,0,"",""
ball,2,17.3,England,RS Bopara,EJG Morgan,RJ Peterson,1,0,"",""
ball,2,17.4,England,EJG Morgan,RS Bopara,RJ Peterson,0,0,"",""
ball,2,17.5,England,EJG Morgan,RS Bopara,RJ Peterson,1,0,"",""
ball,2,17.6,England,RS Bopara,EJG Morgan,RJ Peterson,0,0,caught,RS Bopara
ball,2,18.1,England,EJG Morgan,C Kieswetter,JP Duminy,0,0,"",""
ball,2,18.2,England,EJG Morgan,C Kieswetter,JP Duminy,0,0,"",""
ball,2,18.3,England,EJG Morgan,C Kieswetter,JP Duminy,0,0,"",""
ball,2,18.4,England,EJG Morgan,C Kieswetter,JP Duminy,1,0,"",""
ball,2,18.5,England,C Kieswetter,EJG Morgan,JP Duminy,0,0,"",""
ball,2,18.6,England,C Kieswetter,EJG Morgan,JP Duminy,1,0,"",""
ball,2,19.1,England,C Kieswetter,EJG Morgan,RJ Peterson,1,0,"",""
ball,2,19.2,England,EJG Morgan,C Kieswetter,RJ Peterson,0,0,"",""
ball,2,19.3,England,EJG Morgan,C Kieswetter,RJ Peterson,0,0,"",""
ball,2,19.4,England,EJG Morgan,C Kieswetter,RJ Peterson,0,1,"",""
ball,2,19.5,England,C Kieswetter,EJG Morgan,RJ Peterson,1,0,"",""
ball,2,19.6,England,EJG Morgan,C Kieswetter,RJ Peterson,0,0,"",""
ball,2,20.1,England,C Kieswetter,EJG Morgan,JP Duminy,0,0,"",""
ball,2,20.2,England,C Kieswetter,EJG Morgan,JP Duminy,6,0,"",""
ball,2,20.3,England,C Kieswetter,EJG Morgan,JP Duminy,1,0,"",""
ball,2,20.4,England,EJG Morgan,C Kieswetter,JP Duminy,0,0,"",""
ball,2,20.5,England,EJG Morgan,C Kieswetter,JP Duminy,4,0,"",""
ball,2,20.6,England,EJG Morgan,C Kieswetter,JP Duminy,0,0,"",""
ball,2,21.1,England,C Kieswetter,EJG Morgan,RJ Peterson,0,0,"",""
ball,2,21.2,England,C Kieswetter,EJG Morgan,RJ Peterson,0,0,"",""
ball,2,21.3,England,C Kieswetter,EJG Morgan,RJ Peterson,0,0,"",""
ball,2,21.4,England,C Kieswetter,EJG Morgan,RJ Peterson,1,0,"",""
ball,2,21.5,England,EJG Morgan,C Kieswetter,RJ Peterson,1,0,"",""
ball,2,21.6,England,C Kieswetter,EJG Morgan,RJ Peterson,1,0,"",""
ball,2,22.1,England,C Kieswetter,EJG Morgan,R McLaren,0,0,"",""
ball,2,22.2,England,C Kieswetter,EJG Morgan,R McLaren,4,0,"",""
ball,2,22.3,England,C Kieswetter,EJG Morgan,R McLaren,0,0,"",""
ball,2,22.4,England,C Kieswetter,EJG Morgan,R McLaren,2,0,"",""
ball,2,22.5,England,C Kieswetter,EJG Morgan,R McLaren,2,0,"",""
ball,2,22.6,England,C Kieswetter,EJG Morgan,R McLaren,0,0,"",""
ball,2,23.1,England,EJG Morgan,C Kieswetter,D Elgar,0,1,"",""
ball,2,23.2,England,C Kieswetter,EJG Morgan,D Elgar,0,0,"",""
ball,2,23.3,England,C Kieswetter,EJG Morgan,D Elgar,0,0,caught,C Kieswetter
ball,2,23.4,England,SR Patel,EJG Morgan,D Elgar,0,0,"",""
ball,2,23.5,England,SR Patel,EJG Morgan,D Elgar,0,0,"",""
ball,2,23.6,England,SR Patel,EJG Morgan,D Elgar,0,0,"",""
ball,2,24.1,England,EJG Morgan,SR Patel,R McLaren,1,0,"",""
ball,2,24.2,England,SR Patel,EJG Morgan,R McLaren,0,0,"",""
ball,2,24.3,England,SR Patel,EJG Morgan,R McLaren,0,0,"",""
ball,2,24.4,England,SR Patel,EJG Morgan,R McLaren,1,0,"",""
ball,2,24.5,England,EJG Morgan,SR Patel,R McLaren,1,0,"",""
ball,2,24.6,England,SR Patel,EJG Morgan,R McLaren,0,0,"",""
ball,2,25.1,England,EJG Morgan,SR Patel,D Elgar,0,0,"",""
ball,2,25.2,England,EJG Morgan,SR Patel,D Elgar,0,0,"",""
ball,2,25.3,England,EJG Morgan,SR Patel,D Elgar,1,0,"",""
ball,2,25.4,England,SR Patel,EJG Morgan,D Elgar,0,0,"",""
ball,2,25.5,England,SR Patel,EJG Morgan,D Elgar,4,0,"",""
ball,2,25.6,England,SR Patel,EJG Morgan,D Elgar,1,0,"",""
ball,2,26.1,England,SR Patel,EJG Morgan,R McLaren,0,0,"",""
ball,2,26.2,England,SR Patel,EJG Morgan,R McLaren,0,0,"",""
ball,2,26.3,England,SR Patel,EJG Morgan,R McLaren,0,0,"",""
ball,2,26.4,England,SR Patel,EJG Morgan,R McLaren,0,0,"",""
ball,2,26.5,England,SR Patel,EJG Morgan,R McLaren,0,0,"",""
ball,2,26.6,England,SR Patel,EJG Morgan,R McLaren,0,0,"",""
ball,2,27.1,England,EJG Morgan,SR Patel,D Elgar,1,0,"",""
ball,2,27.2,England,SR Patel,EJG Morgan,D Elgar,0,3,"",""
ball,2,27.3,England,EJG Morgan,SR Patel,D Elgar,0,0,"",""
ball,2,27.4,England,EJG Morgan,SR Patel,D Elgar,2,0,"",""
ball,2,27.5,England,EJG Morgan,SR Patel,D Elgar,1,0,"",""
ball,2,27.6,England,SR Patel,EJG Morgan,D Elgar,1,0,"",""
ball,2,28.1,England,SR Patel,EJG Morgan,R McLaren,1,0,"",""
ball,2,28.2,England,EJG Morgan,SR Patel,R McLaren,0,0,"",""
ball,2,28.3,England,EJG Morgan,SR Patel,R McLaren,1,0,"",""
ball,2,28.4,England,SR Patel,EJG Morgan,R McLaren,4,0,"",""
ball,2,28.5,England,SR Patel,EJG Morgan,R McLaren,2,0,"",""
ball,2,28.6,England,SR Patel,EJG Morgan,R McLaren,0,0,"",""
ball,2,29.1,England,EJG Morgan,SR Patel,LL Tsotsobe,2,0,"",""
ball,2,29.2,England,EJG Morgan,SR Patel,LL Tsotsobe,1,0,"",""
ball,2,29.3,England,SR Patel,EJG Morgan,LL Tsotsobe,0,0,"",""
ball,2,29.4,England,SR Patel,EJG Morgan,LL Tsotsobe,0,0,"",""
ball,2,29.5,England,SR Patel,EJG Morgan,LL Tsotsobe,0,0,"",""
ball,2,29.6,England,SR Patel,EJG Morgan,LL Tsotsobe,0,0,"",""
ball,2,30.1,England,EJG Morgan,SR Patel,WD Parnell,0,0,"",""
ball,2,30.2,England,EJG Morgan,SR Patel,WD Parnell,0,0,"",""
ball,2,30.3,England,EJG Morgan,SR Patel,WD Parnell,0,0,"",""
ball,2,30.4,England,EJG Morgan,SR Patel,WD Parnell,1,0,"",""
ball,2,30.5,England,SR Patel,EJG Morgan,WD Parnell,0,0,"",""
ball,2,30.6,England,SR Patel,EJG Morgan,WD Parnell,0,0,"",""
ball,2,31.1,England,EJG Morgan,SR Patel,LL Tsotsobe,0,0,"",""
ball,2,31.2,England,EJG Morgan,SR Patel,LL Tsotsobe,0,2,"",""
ball,2,31.3,England,EJG Morgan,SR Patel,LL Tsotsobe,0,0,"",""
ball,2,31.4,England,EJG Morgan,SR Patel,LL Tsotsobe,2,0,"",""
ball,2,31.5,England,EJG Morgan,SR Patel,LL Tsotsobe,0,0,"",""
ball,2,31.6,England,EJG Morgan,SR Patel,LL Tsotsobe,1,0,"",""
ball,2,32.1,England,EJG Morgan,SR Patel,WD Parnell,1,0,"",""
ball,2,32.2,England,SR Patel,EJG Morgan,WD Parnell,0,0,"",""
ball,2,32.3,England,SR Patel,EJG Morgan,WD Parnell,1,0,"",""
ball,2,32.4,England,EJG Morgan,SR Patel,WD Parnell,0,0,"",""
ball,2,32.5,England,EJG Morgan,SR Patel,WD Parnell,1,0,"",""
ball,2,32.6,England,SR Patel,EJG Morgan,WD Parnell,1,0,"",""
ball,2,33.1,England,SR Patel,EJG Morgan,JP Duminy,1,0,"",""
ball,2,33.2,England,EJG Morgan,SR Patel,JP Duminy,1,0,"",""
ball,2,33.3,England,SR Patel,EJG Morgan,JP Duminy,1,0,"",""
ball,2,33.4,England,EJG Morgan,SR Patel,JP Duminy,0,0,caught,EJG Morgan
ball,2,33.5,England,SR Patel,TT Bresnan,JP Duminy,0,0,"",""
ball,2,33.6,England,SR Patel,TT Bresnan,JP Duminy,0,0,"",""
ball,2,34.1,England,TT Bresnan,SR Patel,WD Parnell,0,0,caught,TT Bresnan
ball,2,34.2,England,GP Swann,SR Patel,WD Parnell,0,0,"",""
ball,2,34.3,England,GP Swann,SR Patel,WD Parnell,0,0,caught,GP Swann
ball,2,34.4,England,JM Anderson,SR Patel,WD Parnell,0,0,"",""
ball,2,34.5,England,JM Anderson,SR Patel,WD Parnell,0,0,"",""
ball,2,34.6,England,JM Anderson,SR Patel,WD Parnell,0,1,"",""
ball,2,35.1,England,JM Anderson,SR Patel,RJ Peterson,0,0,"",""
ball,2,35.2,England,JM Anderson,SR Patel,RJ Peterson,0,0,"",""
ball,2,35.3,England,JM Anderson,SR Patel,RJ Peterson,1,0,"",""
ball,2,35.4,England,SR Patel,JM Anderson,RJ Peterson,1,0,"",""
ball,2,35.5,England,JM Anderson,SR Patel,RJ Peterson,0,0,"",""
ball,2,35.6,England,JM Anderson,SR Patel,RJ Peterson,1,0,"",""
ball,2,36.1,England,JM Anderson,SR Patel,WD Parnell,1,0,"",""
ball,2,36.2,England,SR Patel,JM Anderson,WD Parnell,0,0,"",""
ball,2,36.3,England,SR Patel,JM Anderson,WD Parnell,2,0,"",""
ball,2,36.4,England,SR Patel,JM Anderson,WD Parnell,0,0,"",""
ball,2,36.5,England,SR Patel,JM Anderson,WD Parnell,1,0,"",""
ball,2,36.6,England,JM Anderson,SR Patel,WD Parnell,0,0,"",""
ball,2,37.1,England,SR Patel,JM Anderson,RJ Peterson,1,0,"",""
ball,2,37.2,England,JM Anderson,SR Patel,RJ Peterson,0,0,"",""
ball,2,37.3,England,JM Anderson,SR Patel,RJ Peterson,2,0,"",""
ball,2,37.4,England,JM Anderson,SR Patel,RJ Peterson,0,0,run out,JM Anderson
ball,2,37.5,England,SR Patel,ST Finn,RJ Peterson,0,0,"",""
ball,2,37.6,England,SR Patel,ST Finn,RJ Peterson,1,0,"",""
ball,2,38.1,England,SR Patel,ST Finn,M Morkel,1,0,"",""
ball,2,38.2,England,ST Finn,SR Patel,M Morkel,4,0,"",""
ball,2,38.3,England,ST Finn,SR Patel,M Morkel,0,0,"",""
ball,2,38.4,England,ST Finn,SR Patel,M Morkel,4,0,"",""
ball,2,38.5,England,ST Finn,SR Patel,M Morkel,4,0,"",""
ball,2,38.6,England,ST Finn,SR Patel,M Morkel,0,0,"",""
ball,2,39.1,England,SR Patel,ST Finn,RJ Peterson,1,0,"",""
ball,2,39.2,England,ST Finn,SR Patel,RJ Peterson,1,0,"",""
ball,2,39.3,England,SR Patel,ST Finn,RJ Peterson,6,0,"",""
ball,2,39.4,England,SR Patel,ST Finn,RJ Peterson,4,0,"",""
ball,2,39.5,England,SR Patel,ST Finn,RJ Peterson,6,0,"",""
ball,2,39.6,England,SR Patel,ST Finn,RJ Peterson,2,0,"",""
ball,2,40.1,England,ST Finn,SR Patel,M Morkel,1,0,"",""
ball,2,40.2,England,SR Patel,ST Finn,M Morkel,1,0,"",""
ball,2,40.3,England,ST Finn,SR Patel,M Morkel,1,0,"",""
ball,2,40.4,England,SR Patel,ST Finn,M Morkel,0,0,caught,SR Patel
