version,1.3.0
info,team,England
info,team,West Indies
info,gender,male
info,season,2012
info,date,2012/06/19
info,series,NatWest Series
info,match_number,2
info,venue,Kennington Oval
info,city,London
info,toss_winner,England
info,toss_decision,field
info,player_of_match,AN Cook
info,umpire,RJ Bailey
info,umpire,AL Hill
info,reserve_umpire,RK Illingworth
info,tv_umpire,HDPK Dharmasena
info,match_referee,JJ Crowe
info,winner,England
info,winner_wickets,8
ball,1,0.1,West Indies,LMP Simmons,CH Gayle,JM Anderson,0,0,"",""
ball,1,0.2,West Indies,LMP Simmons,CH Gayle,JM Anderson,0,0,"",""
ball,1,0.3,West Indies,LMP Simmons,CH Gayle,JM Anderson,0,0,"",""
ball,1,0.4,West Indies,LMP Simmons,CH Gayle,JM Anderson,0,0,"",""
ball,1,0.5,West Indies,LMP Simmons,CH Gayle,JM Anderson,0,0,"",""
ball,1,0.6,West Indies,LMP Simmons,CH Gayle,JM Anderson,0,0,"",""
ball,1,1.1,West Indies,CH Gayle,LMP Simmons,ST Finn,1,0,"",""
ball,1,1.2,West Indies,LMP Simmons,CH Gayle,ST Finn,0,0,"",""
ball,1,1.3,West Indies,LMP Simmons,CH Gayle,ST Finn,4,0,"",""
ball,1,1.4,West Indies,LMP Simmons,CH Gayle,ST Finn,0,0,"",""
ball,1,1.5,West Indies,LMP Simmons,CH Gayle,ST Finn,1,0,"",""
ball,1,1.6,West Indies,CH Gayle,LMP Simmons,ST Finn,0,0,"",""
ball,1,2.1,West Indies,LMP Simmons,CH Gayle,JM Anderson,0,0,"",""
ball,1,2.2,West Indies,LMP Simmons,CH Gayle,JM Anderson,0,0,"",""
ball,1,2.3,West Indies,LMP Simmons,CH Gayle,JM Anderson,0,0,"",""
ball,1,2.4,West Indies,LMP Simmons,CH Gayle,JM Anderson,0,0,"",""
ball,1,2.5,West Indies,LMP Simmons,CH Gayle,JM Anderson,0,0,"",""
ball,1,2.6,West Indies,LMP Simmons,CH Gayle,JM Anderson,0,0,"",""
ball,1,3.1,West Indies,CH Gayle,LMP Simmons,ST Finn,0,0,"",""
ball,1,3.2,West Indies,CH Gayle,LMP Simmons,ST Finn,0,0,"",""
ball,1,3.3,West Indies,CH Gayle,LMP Simmons,ST Finn,0,0,"",""
ball,1,3.4,West Indies,CH Gayle,LMP Simmons,ST Finn,0,0,"",""
ball,1,3.5,West Indies,CH Gayle,LMP Simmons,ST Finn,0,0,"",""
ball,1,3.6,West Indies,CH Gayle,LMP Simmons,ST Finn,0,0,"",""
ball,1,4.1,West Indies,LMP Simmons,CH Gayle,JM Anderson,1,0,"",""
ball,1,4.2,West Indies,CH Gayle,LMP Simmons,JM Anderson,0,0,"",""
ball,1,4.3,West Indies,CH Gayle,LMP Simmons,JM Anderson,1,0,"",""
ball,1,4.4,West Indies,LMP Simmons,CH Gayle,JM Anderson,0,0,"",""
ball,1,4.5,West Indies,LMP Simmons,CH Gayle,JM Anderson,0,0,"",""
ball,1,4.6,West Indies,LMP Simmons,CH Gayle,JM Anderson,0,0,"",""
ball,1,5.1,West Indies,CH Gayle,LMP Simmons,ST Finn,0,0,"",""
ball,1,5.2,West Indies,CH Gayle,LMP Simmons,ST Finn,4,0,"",""
ball,1,5.3,West Indies,CH Gayle,LMP Simmons,ST Finn,4,0,"",""
ball,1,5.4,West Indies,CH Gayle,LMP Simmons,ST Finn,4,0,"",""
ball,1,5.5,West Indies,CH Gayle,LMP Simmons,ST Finn,0,0,"",""
ball,1,5.6,West Indies,CH Gayle,LMP Simmons,ST Finn,0,0,"",""
ball,1,6.1,West Indies,LMP Simmons,CH Gayle,JM Anderson,0,0,"",""
ball,1,6.2,West Indies,LMP Simmons,CH Gayle,JM Anderson,0,0,"",""
ball,1,6.3,West Indies,LMP Simmons,CH Gayle,JM Anderson,1,0,"",""
ball,1,6.4,West Indies,CH Gayle,LMP Simmons,JM Anderson,0,0,"",""
ball,1,6.5,West Indies,CH Gayle,LMP Simmons,JM Anderson,0,0,"",""
ball,1,6.6,West Indies,CH Gayle,LMP Simmons,JM Anderson,1,0,"",""
ball,1,7.1,West Indies,CH Gayle,LMP Simmons,ST Finn,0,0,"",""
ball,1,7.2,West Indies,CH Gayle,LMP Simmons,ST Finn,0,0,"",""
ball,1,7.3,West Indies,CH Gayle,LMP Simmons,ST Finn,1,0,"",""
ball,1,7.4,West Indies,LMP Simmons,CH Gayle,ST Finn,0,0,"",""
ball,1,7.5,West Indies,LMP Simmons,CH Gayle,ST Finn,0,0,"",""
ball,1,7.6,West Indies,LMP Simmons,CH Gayle,ST Finn,0,0,"",""
ball,1,8.1,West Indies,CH Gayle,LMP Simmons,JM Anderson,0,0,"",""
ball,1,8.2,West Indies,CH Gayle,LMP Simmons,JM Anderson,0,0,"",""
ball,1,8.3,West Indies,CH Gayle,LMP Simmons,JM Anderson,6,0,"",""
ball,1,8.4,West Indies,CH Gayle,LMP Simmons,JM Anderson,1,0,"",""
ball,1,8.5,West Indies,LMP Simmons,CH Gayle,JM Anderson,0,0,"",""
ball,1,8.6,West Indies,LMP Simmons,CH Gayle,JM Anderson,0,0,"",""
ball,1,9.1,West Indies,CH Gayle,LMP Simmons,TT Bresnan,0,0,"",""
ball,1,9.2,West Indies,CH Gayle,LMP Simmons,TT Bresnan,6,0,"",""
ball,1,9.3,West Indies,CH Gayle,LMP Simmons,TT Bresnan,6,0,"",""
ball,1,9.4,West Indies,CH Gayle,LMP Simmons,TT Bresnan,0,0,"",""
ball,1,9.5,West Indies,CH Gayle,LMP Simmons,TT Bresnan,0,0,"",""
ball,1,9.6,West Indies,CH Gayle,LMP Simmons,TT Bresnan,6,0,"",""
ball,1,10.1,West Indies,LMP Simmons,CH Gayle,JM Anderson,1,0,"",""
ball,1,10.2,West Indies,CH Gayle,LMP Simmons,JM Anderson,0,0,"",""
ball,1,10.3,West Indies,CH Gayle,LMP Simmons,JM Anderson,0,0,"",""
ball,1,10.4,West Indies,CH Gayle,LMP Simmons,JM Anderson,6,0,"",""
ball,1,10.5,West Indies,CH Gayle,LMP Simmons,JM Anderson,1,0,"",""
ball,1,10.6,West Indies,LMP Simmons,CH Gayle,JM Anderson,0,0,"",""
ball,1,11.1,West Indies,CH Gayle,LMP Simmons,TT Bresnan,0,0,"",""
ball,1,11.2,West Indies,CH Gayle,LMP Simmons,TT Bresnan,1,0,"",""
ball,1,11.3,West Indies,LMP Simmons,CH Gayle,TT Bresnan,1,0,"",""
ball,1,11.4,West Indies,CH Gayle,LMP Simmons,TT Bresnan,0,0,"",""
ball,1,11.5,West Indies,CH Gayle,LMP Simmons,TT Bresnan,0,0,"",""
ball,1,11.6,West Indies,CH Gayle,LMP Simmons,TT Bresnan,1,0,"",""
ball,1,12.1,West Indies,CH Gayle,LMP Simmons,GP Swann,1,0,"",""
ball,1,12.2,West Indies,LMP Simmons,CH Gayle,GP Swann,0,0,"",""
ball,1,12.3,West Indies,LMP Simmons,CH Gayle,GP Swann,1,0,"",""
ball,1,12.4,West Indies,CH Gayle,LMP Simmons,GP Swann,0,0,"",""
ball,1,12.5,West Indies,CH Gayle,LMP Simmons,GP Swann,0,0,"",""
ball,1,12.6,West Indies,CH Gayle,LMP Simmons,GP Swann,1,0,"",""
ball,1,13.1,West Indies,CH Gayle,LMP Simmons,TT Bresnan,0,0,"",""
ball,1,13.2,West Indies,CH Gayle,LMP Simmons,TT Bresnan,1,0,"",""
ball,1,13.3,West Indies,LMP Simmons,CH Gayle,TT Bresnan,0,0,"",""
ball,1,13.4,West Indies,LMP Simmons,CH Gayle,TT Bresnan,0,0,"",""
ball,1,13.5,West Indies,LMP Simmons,CH Gayle,TT Bresnan,0,0,"",""
ball,1,13.6,West Indies,LMP Simmons,CH Gayle,TT Bresnan,0,0,"",""
ball,1,14.1,West Indies,CH Gayle,LMP Simmons,GP Swann,0,0,"",""
ball,1,14.2,West Indies,CH Gayle,LMP Simmons,GP Swann,0,0,"",""
ball,1,14.3,West Indies,CH Gayle,LMP Simmons,GP Swann,0,0,"",""
ball,1,14.4,West Indies,CH Gayle,LMP Simmons,GP Swann,0,0,lbw,CH Gayle
ball,1,14.5,West Indies,DR Smith,LMP Simmons,GP Swann,0,0,"",""
ball,1,14.6,West Indies,DR Smith,LMP Simmons,GP Swann,0,0,"",""
ball,1,15.1,West Indies,LMP Simmons,DR Smith,TT Bresnan,0,0,"",""
ball,1,15.2,West Indies,LMP Simmons,DR Smith,TT Bresnan,0,0,"",""
ball,1,15.3,West Indies,LMP Simmons,DR Smith,TT Bresnan,0,0,"",""
ball,1,15.4,West Indies,LMP Simmons,DR Smith,TT Bresnan,0,0,"",""
ball,1,15.5,West Indies,LMP Simmons,DR Smith,TT Bresnan,0,0,"",""
ball,1,15.6,West Indies,LMP Simmons,DR Smith,TT Bresnan,0,0,"",""
ball,1,16.1,West Indies,DR Smith,LMP Simmons,SCJ Broad,0,0,"",""
ball,1,16.2,West Indies,DR Smith,LMP Simmons,SCJ Broad,0,0,caught,DR Smith
ball,1,16.3,West Indies,MN Samuels,LMP Simmons,SCJ Broad,0,0,"",""
ball,1,16.4,West Indies,MN Samuels,LMP Simmons,SCJ Broad,0,0,"",""
ball,1,16.5,West Indies,MN Samuels,LMP Simmons,SCJ Broad,2,0,"",""
ball,1,16.6,West Indies,MN Samuels,LMP Simmons,SCJ Broad,4,0,"",""
ball,1,17.1,West Indies,LMP Simmons,MN Samuels,TT Bresnan,1,0,"",""
ball,1,17.2,West Indies,MN Samuels,LMP Simmons,TT Bresnan,0,0,"",""
ball,1,17.3,West Indies,MN Samuels,LMP Simmons,TT Bresnan,0,0,"",""
ball,1,17.4,West Indies,MN Samuels,LMP Simmons,TT Bresnan,0,0,"",""
ball,1,17.5,West Indies,MN Samuels,LMP Simmons,TT Bresnan,0,0,"",""
ball,1,17.6,West Indies,MN Samuels,LMP Simmons,TT Bresnan,0,0,"",""
ball,1,18.1,West Indies,LMP Simmons,MN Samuels,SCJ Broad,0,0,"",""
ball,1,18.2,West Indies,LMP Simmons,MN Samuels,SCJ Broad,0,0,"",""
ball,1,18.3,West Indies,LMP Simmons,MN Samuels,SCJ Broad,1,0,"",""
ball,1,18.4,West Indies,MN Samuels,LMP Simmons,SCJ Broad,0,0,"",""
ball,1,18.5,West Indies,MN Samuels,LMP Simmons,SCJ Broad,0,0,"",""
ball,1,18.6,West Indies,MN Samuels,LMP Simmons,SCJ Broad,1,0,"",""
ball,1,19.1,West Indies,MN Samuels,LMP Simmons,ST Finn,0,0,"",""
ball,1,19.2,West Indies,MN Samuels,LMP Simmons,ST Finn,4,0,"",""
ball,1,19.3,West Indies,MN Samuels,LMP Simmons,ST Finn,0,0,"",""
ball,1,19.4,West Indies,MN Samuels,LMP Simmons,ST Finn,1,0,"",""
ball,1,19.5,West Indies,LMP Simmons,MN Samuels,ST Finn,0,1,"",""
ball,1,19.6,West Indies,LMP Simmons,MN Samuels,ST Finn,0,0,"",""
ball,1,19.7,West Indies,LMP Simmons,MN Samuels,ST Finn,0,0,"",""
ball,1,20.1,West Indies,MN Samuels,LMP Simmons,SCJ Broad,1,0,"",""
ball,1,20.2,West Indies,LMP Simmons,MN Samuels,SCJ Broad,0,0,run out,LMP Simmons
ball,1,20.3,West Indies,MN Samuels,DJ Bravo,SCJ Broad,0,0,"",""
ball,1,20.4,West Indies,MN Samuels,DJ Bravo,SCJ Broad,0,0,"",""
ball,1,20.5,West Indies,MN Samuels,DJ Bravo,SCJ Broad,0,0,"",""
ball,1,20.6,West Indies,MN Samuels,DJ Bravo,SCJ Broad,0,0,caught,MN Samuels
ball,1,21.1,West Indies,KA Pollard,DJ Bravo,ST Finn,0,0,"",""
ball,1,21.2,West Indies,KA Pollard,DJ Bravo,ST Finn,0,0,"",""
ball,1,21.3,West Indies,KA Pollard,DJ Bravo,ST Finn,0,0,"",""
ball,1,21.4,West Indies,KA Pollard,DJ Bravo,ST Finn,0,0,"",""
ball,1,21.5,West Indies,KA Pollard,DJ Bravo,ST Finn,0,0,"",""
ball,1,21.6,West Indies,KA Pollard,DJ Bravo,ST Finn,1,0,"",""
ball,1,22.1,West Indies,KA Pollard,DJ Bravo,SCJ Broad,1,0,"",""
ball,1,22.2,West Indies,DJ Bravo,KA Pollard,SCJ Broad,0,0,"",""
ball,1,22.3,West Indies,DJ Bravo,KA Pollard,SCJ Broad,0,0,"",""
ball,1,22.4,West Indies,DJ Bravo,KA Pollard,SCJ Broad,0,0,"",""
ball,1,22.5,West Indies,DJ Bravo,KA Pollard,SCJ Broad,0,0,"",""
ball,1,22.6,West Indies,DJ Bravo,KA Pollard,SCJ Broad,0,0,"",""
ball,1,23.1,West Indies,KA Pollard,DJ Bravo,ST Finn,0,0,"",""
ball,1,23.2,West Indies,KA Pollard,DJ Bravo,ST Finn,0,0,"",""
ball,1,23.3,West Indies,KA Pollard,DJ Bravo,ST Finn,0,0,"",""
ball,1,23.4,West Indies,KA Pollard,DJ Bravo,ST Finn,0,0,"",""
ball,1,23.5,West Indies,KA Pollard,DJ Bravo,ST Finn,0,0,"",""
ball,1,23.6,West Indies,KA Pollard,DJ Bravo,ST Finn,1,0,"",""
ball,1,24.1,West Indies,KA Pollard,DJ Bravo,SCJ Broad,1,0,"",""
ball,1,24.2,West Indies,DJ Bravo,KA Pollard,SCJ Broad,0,0,"",""
ball,1,24.3,West Indies,DJ Bravo,KA Pollard,SCJ Broad,0,0,"",""
ball,1,24.4,West Indies,DJ Bravo,KA Pollard,SCJ Broad,0,0,"",""
ball,1,24.5,West Indies,DJ Bravo,KA Pollard,SCJ Broad,1,0,"",""
ball,1,24.6,West Indies,KA Pollard,DJ Bravo,SCJ Broad,0,0,"",""
ball,1,25.1,West Indies,DJ Bravo,KA Pollard,JM Anderson,2,0,"",""
ball,1,25.2,West Indies,DJ Bravo,KA Pollard,JM Anderson,0,0,"",""
ball,1,25.3,West Indies,DJ Bravo,KA Pollard,JM Anderson,0,0,"",""
ball,1,25.4,West Indies,DJ Bravo,KA Pollard,JM Anderson,0,0,"",""
ball,1,25.5,West Indies,DJ Bravo,KA Pollard,JM Anderson,0,0,"",""
ball,1,25.6,West Indies,DJ Bravo,KA Pollard,JM Anderson,0,0,"",""
ball,1,26.1,West Indies,KA Pollard,DJ Bravo,GP Swann,1,0,"",""
ball,1,26.2,West Indies,DJ Bravo,KA Pollard,GP Swann,0,0,"",""
ball,1,26.3,West Indies,DJ Bravo,KA Pollard,GP Swann,0,0,"",""
ball,1,26.4,West Indies,DJ Bravo,KA Pollard,GP Swann,1,0,"",""
ball,1,26.5,West Indies,KA Pollard,DJ Bravo,GP Swann,0,0,"",""
ball,1,26.6,West Indies,KA Pollard,DJ Bravo,GP Swann,0,0,"",""
ball,1,27.1,West Indies,DJ Bravo,KA Pollard,JM Anderson,0,0,"",""
ball,1,27.2,West Indies,DJ Bravo,KA Pollard,JM Anderson,1,0,"",""
ball,1,27.3,West Indies,KA Pollard,DJ Bravo,JM Anderson,4,0,"",""
ball,1,27.4,West Indies,KA Pollard,DJ Bravo,JM Anderson,0,0,"",""
ball,1,27.5,West Indies,KA Pollard,DJ Bravo,JM Anderson,0,0,"",""
ball,1,27.6,West Indies,KA Pollard,DJ Bravo,JM Anderson,2,0,"",""
ball,1,28.1,West Indies,DJ Bravo,KA Pollard,GP Swann,0,0,"",""
ball,1,28.2,West Indies,DJ Bravo,KA Pollard,GP Swann,0,0,"",""
ball,1,28.3,West Indies,DJ Bravo,KA Pollard,GP Swann,0,0,"",""
ball,1,28.4,West Indies,DJ Bravo,KA Pollard,GP Swann,4,0,"",""
ball,1,28.5,West Indies,DJ Bravo,KA Pollard,GP Swann,0,0,"",""
ball,1,28.6,West Indies,DJ Bravo,KA Pollard,GP Swann,1,0,"",""
ball,1,29.1,West Indies,DJ Bravo,KA Pollard,TT Bresnan,6,0,"",""
ball,1,29.2,West Indies,DJ Bravo,KA Pollard,TT Bresnan,0,0,"",""
ball,1,29.3,West Indies,DJ Bravo,KA Pollard,TT Bresnan,0,0,"",""
ball,1,29.4,West Indies,DJ Bravo,KA Pollard,TT Bresnan,0,1,"",""
ball,1,29.5,West Indies,DJ Bravo,KA Pollard,TT Bresnan,1,0,"",""
ball,1,29.6,West Indies,KA Pollard,DJ Bravo,TT Bresnan,1,0,"",""
ball,1,29.7,West Indies,DJ Bravo,KA Pollard,TT Bresnan,1,0,"",""
ball,1,30.1,West Indies,DJ Bravo,KA Pollard,GP Swann,1,0,"",""
ball,1,30.2,West Indies,KA Pollard,DJ Bravo,GP Swann,0,0,"",""
ball,1,30.3,West Indies,KA Pollard,DJ Bravo,GP Swann,0,0,"",""
ball,1,30.4,West Indies,KA Pollard,DJ Bravo,GP Swann,0,0,"",""
ball,1,30.5,West Indies,KA Pollard,DJ Bravo,GP Swann,0,0,"",""
ball,1,30.6,West Indies,KA Pollard,DJ Bravo,GP Swann,1,0,"",""
ball,1,31.1,West Indies,KA Pollard,DJ Bravo,TT Bresnan,1,0,"",""
ball,1,31.2,West Indies,DJ Bravo,KA Pollard,TT Bresnan,0,0,"",""
ball,1,31.3,West Indies,DJ Bravo,KA Pollard,TT Bresnan,1,0,"",""
ball,1,31.4,West Indies,KA Pollard,DJ Bravo,TT Bresnan,1,0,"",""
ball,1,31.5,West Indies,DJ Bravo,KA Pollard,TT Bresnan,1,0,"",""
ball,1,31.6,West Indies,KA Pollard,DJ Bravo,TT Bresnan,1,0,"",""
ball,1,32.1,West Indies,KA Pollard,DJ Bravo,GP Swann,0,0,"",""
ball,1,32.2,West Indies,KA Pollard,DJ Bravo,GP Swann,4,0,"",""
ball,1,32.3,West Indies,KA Pollard,DJ Bravo,GP Swann,1,0,"",""
ball,1,32.4,West Indies,DJ Bravo,KA Pollard,GP Swann,0,0,"",""
ball,1,32.5,West Indies,DJ Bravo,KA Pollard,GP Swann,0,0,"",""
ball,1,32.6,West Indies,DJ Bravo,KA Pollard,GP Swann,1,0,"",""
ball,1,33.1,West Indies,DJ Bravo,KA Pollard,RS Bopara,1,0,"",""
ball,1,33.2,West Indies,KA Pollard,DJ Bravo,RS Bopara,1,0,"",""
ball,1,33.3,West Indies,DJ Bravo,KA Pollard,RS Bopara,1,0,"",""
ball,1,33.4,West Indies,KA Pollard,DJ Bravo,RS Bopara,0,1,"",""
ball,1,33.5,West Indies,DJ Bravo,KA Pollard,RS Bopara,0,0,"",""
ball,1,33.6,West Indies,DJ Bravo,KA Pollard,RS Bopara,0,0,"",""
ball,1,34.1,West Indies,KA Pollard,DJ Bravo,GP Swann,0,0,"",""
ball,1,34.2,West Indies,KA Pollard,DJ Bravo,GP Swann,0,0,"",""
ball,1,34.3,West Indies,KA Pollard,DJ Bravo,GP Swann,6,0,"",""
ball,1,34.4,West Indies,KA Pollard,DJ Bravo,GP Swann,0,0,"",""
ball,1,34.5,West Indies,KA Pollard,DJ Bravo,GP Swann,0,0,"",""
ball,1,34.6,West Indies,KA Pollard,DJ Bravo,GP Swann,0,0,"",""
ball,1,35.1,West Indies,DJ Bravo,KA Pollard,ST Finn,0,1,"",""
ball,1,35.2,West Indies,DJ Bravo,KA Pollard,ST Finn,2,0,"",""
ball,1,35.3,West Indies,DJ Bravo,KA Pollard,ST Finn,4,0,"",""
ball,1,35.4,West Indies,DJ Bravo,KA Pollard,ST Finn,0,1,"",""
ball,1,35.5,West Indies,DJ Bravo,KA Pollard,ST Finn,1,0,"",""
ball,1,35.6,West Indies,KA Pollard,DJ Bravo,ST Finn,1,0,"",""
ball,1,35.7,West Indies,DJ Bravo,KA Pollard,ST Finn,4,0,"",""
ball,1,35.8,West Indies,DJ Bravo,KA Pollard,ST Finn,1,0,"",""
ball,1,36.1,West Indies,DJ Bravo,KA Pollard,SCJ Broad,1,0,"",""
ball,1,36.2,West Indies,KA Pollard,DJ Bravo,SCJ Broad,2,0,"",""
ball,1,36.3,West Indies,KA Pollard,DJ Bravo,SCJ Broad,4,0,"",""
ball,1,36.4,West Indies,KA Pollard,DJ Bravo,SCJ Broad,1,0,"",""
ball,1,36.5,West Indies,DJ Bravo,KA Pollard,SCJ Broad,0,0,"",""
ball,1,36.6,West Indies,DJ Bravo,KA Pollard,SCJ Broad,4,0,"",""
ball,1,37.1,West Indies,KA Pollard,DJ Bravo,TT Bresnan,0,1,"",""
ball,1,37.2,West Indies,DJ Bravo,KA Pollard,TT Bresnan,4,0,"",""
ball,1,37.3,West Indies,DJ Bravo,KA Pollard,TT Bresnan,1,0,"",""
ball,1,37.4,West Indies,KA Pollard,DJ Bravo,TT Bresnan,1,0,"",""
ball,1,37.5,West Indies,DJ Bravo,KA Pollard,TT Bresnan,0,0,"",""
ball,1,37.6,West Indies,DJ Bravo,KA Pollard,TT Bresnan,0,0,"",""
ball,1,38.1,West Indies,KA Pollard,DJ Bravo,SCJ Broad,2,0,"",""
ball,1,38.2,West Indies,KA Pollard,DJ Bravo,SCJ Broad,1,0,"",""
ball,1,38.3,West Indies,DJ Bravo,KA Pollard,SCJ Broad,0,1,"",""
ball,1,38.4,West Indies,DJ Bravo,KA Pollard,SCJ Broad,0,0,"",""
ball,1,38.5,West Indies,DJ Bravo,KA Pollard,SCJ Broad,0,0,"",""
ball,1,38.6,West Indies,DJ Bravo,KA Pollard,SCJ Broad,0,0,"",""
ball,1,38.7,West Indies,DJ Bravo,KA Pollard,SCJ Broad,1,0,"",""
ball,1,39.1,West Indies,DJ Bravo,KA Pollard,TT Bresnan,1,0,"",""
ball,1,39.2,West Indies,KA Pollard,DJ Bravo,TT Bresnan,1,0,"",""
ball,1,39.3,West Indies,DJ Bravo,KA Pollard,TT Bresnan,4,0,"",""
ball,1,39.4,West Indies,DJ Bravo,KA Pollard,TT Bresnan,1,0,"",""
ball,1,39.5,West Indies,KA Pollard,DJ Bravo,TT Bresnan,0,0,caught,KA Pollard
ball,1,39.6,West Indies,DJ Bravo,DJG Sammy,TT Bresnan,1,0,"",""
ball,1,40.1,West Indies,DJ Bravo,DJG Sammy,GP Swann,1,0,"",""
ball,1,40.2,West Indies,DJG Sammy,DJ Bravo,GP Swann,0,0,"",""
ball,1,40.3,West Indies,DJG Sammy,DJ Bravo,GP Swann,0,0,"",""
ball,1,40.4,West Indies,DJG Sammy,DJ Bravo,GP Swann,0,0,"",""
ball,1,40.5,West Indies,DJG Sammy,DJ Bravo,GP Swann,1,0,"",""
ball,1,40.6,West Indies,DJ Bravo,DJG Sammy,GP Swann,0,0,"",""
ball,1,41.1,West Indies,DJG Sammy,DJ Bravo,SCJ Broad,1,0,"",""
ball,1,41.2,West Indies,DJ Bravo,DJG Sammy,SCJ Broad,0,0,"",""
ball,1,41.3,West Indies,DJ Bravo,DJG Sammy,SCJ Broad,4,0,"",""
ball,1,41.4,West Indies,DJ Bravo,DJG Sammy,SCJ Broad,1,0,"",""
ball,1,41.5,West Indies,DJG Sammy,DJ Bravo,SCJ Broad,2,0,"",""
ball,1,41.6,West Indies,DJG Sammy,DJ Bravo,SCJ Broad,1,0,"",""
ball,1,42.1,West Indies,DJG Sammy,DJ Bravo,GP Swann,2,0,"",""
ball,1,42.2,West Indies,DJG Sammy,DJ Bravo,GP Swann,1,0,"",""
ball,1,42.3,West Indies,DJ Bravo,DJG Sammy,GP Swann,0,0,"",""
ball,1,42.4,West Indies,DJ Bravo,DJG Sammy,GP Swann,6,0,"",""
ball,1,42.5,West Indies,DJ Bravo,DJG Sammy,GP Swann,1,0,"",""
ball,1,42.6,West Indies,DJG Sammy,DJ Bravo,GP Swann,1,0,"",""
ball,1,43.1,West Indies,DJG Sammy,DJ Bravo,SCJ Broad,0,0,"",""
ball,1,43.2,West Indies,DJG Sammy,DJ Bravo,SCJ Broad,0,0,"",""
ball,1,43.3,West Indies,DJG Sammy,DJ Bravo,SCJ Broad,1,0,"",""
ball,1,43.4,West Indies,DJ Bravo,DJG Sammy,SCJ Broad,0,0,"",""
ball,1,43.5,West Indies,DJ Bravo,DJG Sammy,SCJ Broad,0,0,"",""
ball,1,43.6,West Indies,DJ Bravo,DJG Sammy,SCJ Broad,4,0,"",""
ball,1,44.1,West Indies,DJG Sammy,DJ Bravo,GP Swann,0,0,"",""
ball,1,44.2,West Indies,DJG Sammy,DJ Bravo,GP Swann,4,0,"",""
ball,1,44.3,West Indies,DJG Sammy,DJ Bravo,GP Swann,0,0,"",""
ball,1,44.4,West Indies,DJG Sammy,DJ Bravo,GP Swann,1,0,"",""
ball,1,44.5,West Indies,DJ Bravo,DJG Sammy,GP Swann,1,0,"",""
ball,1,44.6,West Indies,DJG Sammy,DJ Bravo,GP Swann,6,0,"",""
ball,1,45.1,West Indies,DJ Bravo,DJG Sammy,ST Finn,0,0,"",""
ball,1,45.2,West Indies,DJ Bravo,DJG Sammy,ST Finn,1,0,"",""
ball,1,45.3,West Indies,DJG Sammy,DJ Bravo,ST Finn,0,0,"",""
ball,1,45.4,West Indies,DJG Sammy,DJ Bravo,ST Finn,0,0,caught,DJG Sammy
ball,1,45.5,West Indies,D Ramdin,DJ Bravo,ST Finn,0,0,"",""
ball,1,45.6,West Indies,D Ramdin,DJ Bravo,ST Finn,1,0,"",""
ball,1,46.1,West Indies,D Ramdin,DJ Bravo,JM Anderson,1,0,"",""
ball,1,46.2,West Indies,DJ Bravo,D Ramdin,JM Anderson,1,0,"",""
ball,1,46.3,West Indies,D Ramdin,DJ Bravo,JM Anderson,0,0,caught,D Ramdin
ball,1,46.4,West Indies,TL Best,DJ Bravo,JM Anderson,4,0,"",""
ball,1,46.5,West Indies,TL Best,DJ Bravo,JM Anderson,0,0,"",""
ball,1,46.6,West Indies,TL Best,DJ Bravo,JM Anderson,1,0,"",""
ball,1,47.1,West Indies,TL Best,DJ Bravo,ST Finn,0,0,"",""
ball,1,47.2,West Indies,TL Best,DJ Bravo,ST Finn,1,0,"",""
ball,1,47.3,West Indies,DJ Bravo,TL Best,ST Finn,2,0,"",""
ball,1,47.4,West Indies,DJ Bravo,TL Best,ST Finn,0,0,"",""
ball,1,47.5,West Indies,DJ Bravo,TL Best,ST Finn,1,0,"",""
ball,1,47.6,West Indies,TL Best,DJ Bravo,ST Finn,0,0,"",""
ball,1,48.1,West Indies,DJ Bravo,TL Best,JM Anderson,0,0,caught,DJ Bravo
ball,1,48.2,West Indies,SP Narine,TL Best,JM Anderson,0,0,"",""
ball,1,48.3,West Indies,SP Narine,TL Best,JM Anderson,1,0,"",""
ball,1,48.4,West Indies,TL Best,SP Narine,JM Anderson,1,0,"",""
ball,1,48.5,West Indies,SP Narine,TL Best,JM Anderson,0,1,"",""
ball,1,48.6,West Indies,TL Best,SP Narine,JM Anderson,0,1,"",""
ball,1,48.7,West Indies,TL Best,SP Narine,JM Anderson,0,0,"",""
ball,1,49.1,West Indies,SP Narine,TL Best,TT Bresnan,1,0,"",""
ball,1,49.2,West Indies,TL Best,SP Narine,TT Bresnan,0,0,"",""
ball,1,49.3,West Indies,TL Best,SP Narine,TT Bresnan,0,0,"",""
ball,1,49.4,West Indies,TL Best,SP Narine,TT Bresnan,0,0,run out,SP Narine
ball,1,49.5,West Indies,R Rampaul,TL Best,TT Bresnan,1,0,"",""
ball,1,49.6,West Indies,TL Best,R Rampaul,TT Bresnan,0,0,"",""
ball,2,0.1,England,AN Cook,IR Bell,R Rampaul,1,0,"",""
ball,2,0.2,England,IR Bell,AN Cook,R Rampaul,0,0,"",""
ball,2,0.3,England,IR Bell,AN Cook,R Rampaul,0,0,"",""
ball,2,0.4,England,IR Bell,AN Cook,R Rampaul,0,2,"",""
ball,2,0.5,England,IR Bell,AN Cook,R Rampaul,0,0,"",""
ball,2,0.6,England,IR Bell,AN Cook,R Rampaul,0,0,"",""
ball,2,1.1,England,AN Cook,IR Bell,TL Best,0,0,"",""
ball,2,1.2,England,AN Cook,IR Bell,TL Best,4,0,"",""
ball,2,1.3,England,AN Cook,IR Bell,TL Best,1,0,"",""
ball,2,1.4,England,IR Bell,AN Cook,TL Best,4,0,"",""
ball,2,1.5,England,IR Bell,AN Cook,TL Best,0,0,"",""
ball,2,1.6,England,IR Bell,AN Cook,TL Best,1,0,"",""
ball,2,2.1,England,IR Bell,AN Cook,R Rampaul,0,0,"",""
ball,2,2.2,England,IR Bell,AN Cook,R Rampaul,0,0,"",""
ball,2,2.3,England,IR Bell,AN Cook,R Rampaul,0,0,"",""
ball,2,2.4,England,IR Bell,AN Cook,R Rampaul,4,0,"",""
ball,2,2.5,England,IR Bell,AN Cook,R Rampaul,0,0,"",""
ball,2,2.6,England,IR Bell,AN Cook,R Rampaul,0,0,"",""
ball,2,3.1,England,AN Cook,IR Bell,TL Best,0,0,"",""
ball,2,3.2,England,AN Cook,IR Bell,TL Best,0,0,"",""
ball,2,3.3,England,AN Cook,IR Bell,TL Best,0,0,"",""
ball,2,3.4,England,AN Cook,IR Bell,TL Best,4,0,"",""
ball,2,3.5,England,AN Cook,IR Bell,TL Best,0,0,"",""
ball,2,3.6,England,AN Cook,IR Bell,TL Best,0,0,"",""
ball,2,4.1,England,IR Bell,AN Cook,R Rampaul,0,0,"",""
ball,2,4.2,England,IR Bell,AN Cook,R Rampaul,0,0,"",""
ball,2,4.3,England,IR Bell,AN Cook,R Rampaul,1,0,"",""
ball,2,4.4,England,AN Cook,IR Bell,R Rampaul,0,0,"",""
ball,2,4.5,England,AN Cook,IR Bell,R Rampaul,0,0,"",""
ball,2,4.6,England,AN Cook,IR Bell,R Rampaul,1,0,"",""
ball,2,5.1,England,AN Cook,IR Bell,TL Best,0,0,"",""
ball,2,5.2,England,AN Cook,IR Bell,TL Best,0,0,"",""
ball,2,5.3,England,AN Cook,IR Bell,TL Best,1,0,"",""
ball,2,5.4,England,IR Bell,AN Cook,TL Best,1,0,"",""
ball,2,5.5,England,AN Cook,IR Bell,TL Best,0,0,"",""
ball,2,5.6,England,AN Cook,IR Bell,TL Best,1,0,"",""
ball,2,6.1,England,AN Cook,IR Bell,R Rampaul,0,0,"",""
ball,2,6.2,England,AN Cook,IR Bell,R Rampaul,0,0,"",""
ball,2,6.3,England,AN Cook,IR Bell,R Rampaul,1,0,"",""
ball,2,6.4,England,IR Bell,AN Cook,R Rampaul,1,0,"",""
ball,2,6.5,England,AN Cook,IR Bell,R Rampaul,1,0,"",""
ball,2,6.6,England,IR Bell,AN Cook,R Rampaul,1,0,"",""
ball,2,7.1,England,IR Bell,AN Cook,TL Best,0,1,"",""
ball,2,7.2,England,IR Bell,AN Cook,TL Best,0,3,"",""
ball,2,7.3,England,IR Bell,AN Cook,TL Best,0,0,"",""
ball,2,7.4,England,IR Bell,AN Cook,TL Best,0,0,"",""
ball,2,7.5,England,IR Bell,AN Cook,TL Best,4,0,"",""
ball,2,7.6,England,IR Bell,AN Cook,TL Best,2,0,"",""
ball,2,7.7,England,IR Bell,AN Cook,TL Best,4,0,"",""
ball,2,7.8,England,IR Bell,AN Cook,TL Best,0,0,"",""
ball,2,8.1,England,AN Cook,IR Bell,R Rampaul,4,0,"",""
ball,2,8.2,England,AN Cook,IR Bell,R Rampaul,0,0,"",""
ball,2,8.3,England,AN Cook,IR Bell,R Rampaul,4,0,"",""
ball,2,8.4,England,AN Cook,IR Bell,R Rampaul,1,0,"",""
ball,2,8.5,England,IR Bell,AN Cook,R Rampaul,0,0,"",""
ball,2,8.6,England,IR Bell,AN Cook,R Rampaul,0,0,"",""
ball,2,9.1,England,AN Cook,IR Bell,DJ Bravo,0,0,"",""
ball,2,9.2,England,AN Cook,IR Bell,DJ Bravo,1,0,"",""
ball,2,9.3,England,IR Bell,AN Cook,DJ Bravo,0,0,"",""
ball,2,9.4,England,IR Bell,AN Cook,DJ Bravo,0,0,"",""
ball,2,9.5,England,IR Bell,AN Cook,DJ Bravo,2,0,"",""
ball,2,9.6,England,IR Bell,AN Cook,DJ Bravo,4,0,"",""
ball,2,10.1,England,AN Cook,IR Bell,SP Narine,1,0,"",""
ball,2,10.2,England,IR Bell,AN Cook,SP Narine,0,0,"",""
ball,2,10.3,England,IR Bell,AN Cook,SP Narine,1,0,"",""
ball,2,10.4,England,AN Cook,IR Bell,SP Narine,1,0,"",""
ball,2,10.5,England,IR Bell,AN Cook,SP Narine,0,0,"",""
ball,2,10.6,England,IR Bell,AN Cook,SP Narine,1,0,"",""
ball,2,11.1,England,IR Bell,AN Cook,DJ Bravo,1,0,"",""
ball,2,11.2,England,AN Cook,IR Bell,DJ Bravo,0,0,"",""
ball,2,11.3,England,AN Cook,IR Bell,DJ Bravo,1,0,"",""
ball,2,11.4,England,IR Bell,AN Cook,DJ Bravo,1,0,"",""
ball,2,11.5,England,AN Cook,IR Bell,DJ Bravo,1,0,"",""
ball,2,11.6,England,IR Bell,AN Cook,DJ Bravo,0,0,"",""
ball,2,12.1,England,AN Cook,IR Bell,SP Narine,0,0,"",""
ball,2,12.2,England,AN Cook,IR Bell,SP Narine,0,1,"",""
ball,2,12.3,England,AN Cook,IR Bell,SP Narine,0,0,"",""
ball,2,12.4,England,AN Cook,IR Bell,SP Narine,1,0,"",""
ball,2,12.5,England,IR Bell,AN Cook,SP Narine,0,0,"",""
ball,2,12.6,England,IR Bell,AN Cook,SP Narine,1,0,"",""
ball,2,12.7,England,AN Cook,IR Bell,SP Narine,0,0,"",""
ball,2,13.1,England,IR Bell,AN Cook,DJ Bravo,0,0,"",""
ball,2,13.2,England,IR Bell,AN Cook,DJ Bravo,1,0,"",""
ball,2,13.3,England,AN Cook,IR Bell,DJ Bravo,0,0,"",""
ball,2,13.4,England,AN Cook,IR Bell,DJ Bravo,1,0,"",""
ball,2,13.5,England,IR Bell,AN Cook,DJ Bravo,1,0,"",""
ball,2,13.6,England,AN Cook,IR Bell,DJ Bravo,1,0,"",""
ball,2,14.1,England,AN Cook,IR Bell,SP Narine,0,0,"",""
ball,2,14.2,England,AN Cook,IR Bell,SP Narine,1,0,"",""
ball,2,14.3,England,IR Bell,AN Cook,SP Narine,1,0,"",""
ball,2,14.4,England,AN Cook,IR Bell,SP Narine,4,0,"",""
ball,2,14.5,England,AN Cook,IR Bell,SP Narine,4,0,"",""
ball,2,14.6,England,AN Cook,IR Bell,SP Narine,1,0,"",""
ball,2,15.1,England,AN Cook,IR Bell,DJ Bravo,2,0,"",""
ball,2,15.2,England,AN Cook,IR Bell,DJ Bravo,0,1,"",""
ball,2,15.3,England,AN Cook,IR Bell,DJ Bravo,4,0,"",""
ball,2,15.4,England,AN Cook,IR Bell,DJ Bravo,1,0,"",""
ball,2,15.5,England,IR Bell,AN Cook,DJ Bravo,1,0,"",""
ball,2,15.6,England,AN Cook,IR Bell,DJ Bravo,0,0,"",""
ball,2,15.7,England,AN Cook,IR Bell,DJ Bravo,0,0,"",""
ball,2,16.1,England,IR Bell,AN Cook,SP Narine,0,0,"",""
ball,2,16.2,England,IR Bell,AN Cook,SP Narine,0,0,"",""
ball,2,16.3,England,IR Bell,AN Cook,SP Narine,1,0,"",""
ball,2,16.4,England,AN Cook,IR Bell,SP Narine,1,0,"",""
ball,2,16.5,England,IR Bell,AN Cook,SP Narine,1,0,"",""
ball,2,16.6,England,AN Cook,IR Bell,SP Narine,1,0,"",""
ball,2,17.1,England,AN Cook,IR Bell,MN Samuels,4,0,"",""
ball,2,17.2,England,AN Cook,IR Bell,MN Samuels,1,0,"",""
ball,2,17.3,England,IR Bell,AN Cook,MN Samuels,2,0,"",""
ball,2,17.4,England,IR Bell,AN Cook,MN Samuels,4,0,"",""
ball,2,17.5,England,IR Bell,AN Cook,MN Samuels,0,0,"",""
ball,2,17.6,England,IR Bell,AN Cook,MN Samuels,0,0,"",""
ball,2,18.1,England,AN Cook,IR Bell,SP Narine,2,0,"",""
ball,2,18.2,England,AN Cook,IR Bell,SP Narine,1,0,"",""
ball,2,18.3,England,IR Bell,AN Cook,SP Narine,1,0,"",""
ball,2,18.4,England,AN Cook,IR Bell,SP Narine,1,0,"",""
ball,2,18.5,England,IR Bell,AN Cook,SP Narine,0,0,"",""
ball,2,18.6,England,IR Bell,AN Cook,SP Narine,0,0,"",""
ball,2,19.1,England,AN Cook,IR Bell,DJG Sammy,1,0,"",""
ball,2,19.2,England,IR Bell,AN Cook,DJG Sammy,0,0,"",""
ball,2,19.3,England,IR Bell,AN Cook,DJG Sammy,0,0,"",""
ball,2,19.4,England,IR Bell,AN Cook,DJG Sammy,4,0,"",""
ball,2,19.5,England,IR Bell,AN Cook,DJG Sammy,2,0,"",""
ball,2,19.6,England,IR Bell,AN Cook,DJG Sammy,0,0,"",""
ball,2,20.1,England,AN Cook,IR Bell,SP Narine,0,0,"",""
ball,2,20.2,England,AN Cook,IR Bell,SP Narine,0,0,"",""
ball,2,20.3,England,AN Cook,IR Bell,SP Narine,0,0,"",""
ball,2,20.4,England,AN Cook,IR Bell,SP Narine,0,0,"",""
ball,2,20.5,England,AN Cook,IR Bell,SP Narine,0,0,"",""
ball,2,20.6,England,AN Cook,IR Bell,SP Narine,0,0,"",""
ball,2,21.1,England,IR Bell,AN Cook,DJG Sammy,0,0,"",""
ball,2,21.2,England,IR Bell,AN Cook,DJG Sammy,0,0,caught,IR Bell
ball,2,21.3,England,IJL Trott,AN Cook,DJG Sammy,1,0,"",""
ball,2,21.4,England,AN Cook,IJL Trott,DJG Sammy,1,0,"",""
ball,2,21.5,England,IJL Trott,AN Cook,DJG Sammy,0,0,"",""
ball,2,21.6,England,IJL Trott,AN Cook,DJG Sammy,0,0,"",""
ball,2,22.1,England,AN Cook,IJL Trott,SP Narine,0,0,"",""
ball,2,22.2,England,AN Cook,IJL Trott,SP Narine,0,0,"",""
ball,2,22.3,England,AN Cook,IJL Trott,SP Narine,0,0,"",""
ball,2,22.4,England,AN Cook,IJL Trott,SP Narine,0,0,"",""
ball,2,22.5,England,AN Cook,IJL Trott,SP Narine,4,0,"",""
ball,2,22.6,England,AN Cook,IJL Trott,SP Narine,1,0,"",""
ball,2,23.1,England,AN Cook,IJL Trott,DJG Sammy,1,0,"",""
ball,2,23.2,England,IJL Trott,AN Cook,DJG Sammy,2,0,"",""
ball,2,23.3,England,IJL Trott,AN Cook,DJG Sammy,1,0,"",""
ball,2,23.4,England,AN Cook,IJL Trott,DJG Sammy,1,0,"",""
ball,2,23.5,England,IJL Trott,AN Cook,DJG Sammy,0,0,"",""
ball,2,23.6,England,IJL Trott,AN Cook,DJG Sammy,0,0,"",""
ball,2,24.1,England,AN Cook,IJL Trott,TL Best,0,0,"",""
ball,2,24.2,England,AN Cook,IJL Trott,TL Best,1,0,"",""
ball,2,24.3,England,IJL Trott,AN Cook,TL Best,0,0,"",""
ball,2,24.4,England,IJL Trott,AN Cook,TL Best,1,0,"",""
ball,2,24.5,England,AN Cook,IJL Trott,TL Best,0,0,"",""
ball,2,24.6,England,AN Cook,IJL Trott,TL Best,1,0,"",""
ball,2,25.1,England,AN Cook,IJL Trott,DJG Sammy,0,0,"",""
ball,2,25.2,England,AN Cook,IJL Trott,DJG Sammy,0,0,"",""
ball,2,25.3,England,AN Cook,IJL Trott,DJG Sammy,1,0,"",""
ball,2,25.4,England,IJL Trott,AN Cook,DJG Sammy,0,0,"",""
ball,2,25.5,England,IJL Trott,AN Cook,DJG Sammy,0,0,"",""
ball,2,25.6,England,IJL Trott,AN Cook,DJG Sammy,0,0,"",""
ball,2,26.1,England,AN Cook,IJL Trott,TL Best,0,0,"",""
ball,2,26.2,England,AN Cook,IJL Trott,TL Best,0,0,"",""
ball,2,26.3,England,AN Cook,IJL Trott,TL Best,0,0,"",""
ball,2,26.4,England,AN Cook,IJL Trott,TL Best,0,0,"",""
ball,2,26.5,England,AN Cook,IJL Trott,TL Best,0,0,"",""
ball,2,26.6,England,AN Cook,IJL Trott,TL Best,0,0,"",""
ball,2,27.1,England,IJL Trott,AN Cook,DJG Sammy,0,0,"",""
ball,2,27.2,England,IJL Trott,AN Cook,DJG Sammy,4,0,"",""
ball,2,27.3,England,IJL Trott,AN Cook,DJG Sammy,1,0,"",""
ball,2,27.4,England,AN Cook,IJL Trott,DJG Sammy,0,0,"",""
ball,2,27.5,England,AN Cook,IJL Trott,DJG Sammy,0,0,"",""
ball,2,27.6,England,AN Cook,IJL Trott,DJG Sammy,0,0,"",""
ball,2,28.1,England,IJL Trott,AN Cook,TL Best,0,1,"",""
ball,2,28.2,England,IJL Trott,AN Cook,TL Best,1,0,"",""
ball,2,28.3,England,AN Cook,IJL Trott,TL Best,1,0,"",""
ball,2,28.4,England,IJL Trott,AN Cook,TL Best,1,0,"",""
ball,2,28.5,England,AN Cook,IJL Trott,TL Best,1,0,"",""
ball,2,28.6,England,IJL Trott,AN Cook,TL Best,1,0,"",""
ball,2,28.7,England,AN Cook,IJL Trott,TL Best,0,0,"",""
ball,2,29.1,England,IJL Trott,AN Cook,DJG Sammy,1,0,"",""
ball,2,29.2,England,AN Cook,IJL Trott,DJG Sammy,0,0,"",""
ball,2,29.3,England,AN Cook,IJL Trott,DJG Sammy,1,0,"",""
ball,2,29.4,England,IJL Trott,AN Cook,DJG Sammy,0,0,"",""
ball,2,29.5,England,IJL Trott,AN Cook,DJG Sammy,0,0,"",""
ball,2,29.6,England,IJL Trott,AN Cook,DJG Sammy,0,0,"",""
ball,2,30.1,England,AN Cook,IJL Trott,DR Smith,0,0,"",""
ball,2,30.2,England,AN Cook,IJL Trott,DR Smith,1,0,"",""
ball,2,30.3,England,IJL Trott,AN Cook,DR Smith,0,0,"",""
ball,2,30.4,England,IJL Trott,AN Cook,DR Smith,1,0,"",""
ball,2,30.5,England,AN Cook,IJL Trott,DR Smith,4,0,"",""
ball,2,30.6,England,AN Cook,IJL Trott,DR Smith,1,0,"",""
ball,2,31.1,England,AN Cook,IJL Trott,DJG Sammy,4,0,"",""
ball,2,31.2,England,AN Cook,IJL Trott,DJG Sammy,1,0,"",""
ball,2,31.3,England,IJL Trott,AN Cook,DJG Sammy,0,0,"",""
ball,2,31.4,England,IJL Trott,AN Cook,DJG Sammy,0,0,"",""
ball,2,31.5,England,IJL Trott,AN Cook,DJG Sammy,0,0,"",""
ball,2,31.6,England,IJL Trott,AN Cook,DJG Sammy,4,0,"",""
ball,2,32.1,England,AN Cook,IJL Trott,DR Smith,2,0,"",""
ball,2,32.2,England,AN Cook,IJL Trott,DR Smith,1,0,"",""
ball,2,32.3,England,IJL Trott,AN Cook,DR Smith,1,0,"",""
ball,2,32.4,England,AN Cook,IJL Trott,DR Smith,0,0,"",""
ball,2,32.5,England,AN Cook,IJL Trott,DR Smith,0,0,"",""
ball,2,32.6,England,AN Cook,IJL Trott,DR Smith,1,0,"",""
ball,2,33.1,England,AN Cook,IJL Trott,DJG Sammy,0,0,"",""
ball,2,33.2,England,AN Cook,IJL Trott,DJG Sammy,1,0,"",""
ball,2,33.3,England,IJL Trott,AN Cook,DJG Sammy,0,0,"",""
ball,2,33.4,England,IJL Trott,AN Cook,DJG Sammy,0,0,"",""
ball,2,33.5,England,IJL Trott,AN Cook,DJG Sammy,0,0,"",""
ball,2,33.6,England,IJL Trott,AN Cook,DJG Sammy,0,0,"",""
ball,2,34.1,England,AN Cook,IJL Trott,DR Smith,1,0,"",""
ball,2,34.2,England,IJL Trott,AN Cook,DR Smith,1,0,"",""
ball,2,34.3,England,AN Cook,IJL Trott,DR Smith,4,0,"",""
ball,2,34.4,England,AN Cook,IJL Trott,DR Smith,0,0,"",""
ball,2,34.5,England,AN Cook,IJL Trott,DR Smith,2,0,"",""
ball,2,34.6,England,AN Cook,IJL Trott,DR Smith,0,1,"",""
ball,2,34.7,England,AN Cook,IJL Trott,DR Smith,1,0,"",""
ball,2,35.1,England,AN Cook,IJL Trott,DJG Sammy,0,0,"",""
ball,2,35.2,England,AN Cook,IJL Trott,DJG Sammy,1,0,"",""
ball,2,35.3,England,IJL Trott,AN Cook,DJG Sammy,1,0,"",""
ball,2,35.4,England,AN Cook,IJL Trott,DJG Sammy,0,0,"",""
ball,2,35.5,England,AN Cook,IJL Trott,DJG Sammy,1,0,"",""
ball,2,35.6,England,IJL Trott,AN Cook,DJG Sammy,1,0,"",""
ball,2,36.1,England,IJL Trott,AN Cook,R Rampaul,0,0,"",""
ball,2,36.2,England,IJL Trott,AN Cook,R Rampaul,1,0,"",""
ball,2,36.3,England,AN Cook,IJL Trott,R Rampaul,1,0,"",""
ball,2,36.4,England,IJL Trott,AN Cook,R Rampaul,0,0,"",""
ball,2,36.5,England,IJL Trott,AN Cook,R Rampaul,0,1,"",""
ball,2,36.6,England,AN Cook,IJL Trott,R Rampaul,4,0,"",""
ball,2,37.1,England,IJL Trott,AN Cook,DJG Sammy,0,0,"",""
ball,2,37.2,England,IJL Trott,AN Cook,DJG Sammy,2,0,"",""
ball,2,37.3,England,IJL Trott,AN Cook,DJG Sammy,1,0,"",""
ball,2,37.4,England,AN Cook,IJL Trott,DJG Sammy,6,0,"",""
ball,2,37.5,England,AN Cook,IJL Trott,DJG Sammy,0,0,caught,AN Cook
ball,2,37.6,England,IJL Trott,RS Bopara,DJG Sammy,1,0,"",""
ball,2,38.1,England,IJL Trott,RS Bopara,R Rampaul,0,0,"",""
ball,2,38.2,England,IJL Trott,RS Bopara,R Rampaul,1,0,"",""
ball,2,38.3,England,RS Bopara,IJL Trott,R Rampaul,1,0,"",""
ball,2,38.4,England,IJL Trott,RS Bopara,R Rampaul,0,0,"",""
ball,2,38.5,England,IJL Trott,RS Bopara,R Rampaul,0,0,"",""
ball,2,38.6,England,IJL Trott,RS Bopara,R Rampaul,1,0,"",""
ball,2,39.1,England,IJL Trott,RS Bopara,SP Narine,1,0,"",""
ball,2,39.2,England,RS Bopara,IJL Trott,SP Narine,0,0,"",""
ball,2,39.3,England,RS Bopara,IJL Trott,SP Narine,4,0,"",""
ball,2,39.4,England,RS Bopara,IJL Trott,SP Narine,2,0,"",""
ball,2,39.5,England,RS Bopara,IJL Trott,SP Narine,0,0,"",""
ball,2,39.6,England,RS Bopara,IJL Trott,SP Narine,0,0,"",""
ball,2,40.1,England,IJL Trott,RS Bopara,KA Pollard,1,0,"",""
ball,2,40.2,England,RS Bopara,IJL Trott,KA Pollard,0,0,"",""
ball,2,40.3,England,RS Bopara,IJL Trott,KA Pollard,1,0,"",""
ball,2,40.4,England,IJL Trott,RS Bopara,KA Pollard,1,0,"",""
ball,2,40.5,England,RS Bopara,IJL Trott,KA Pollard,0,0,"",""
ball,2,40.6,England,RS Bopara,IJL Trott,KA Pollard,1,0,"",""
ball,2,41.1,England,RS Bopara,IJL Trott,SP Narine,1,0,"",""
ball,2,41.2,England,IJL Trott,RS Bopara,SP Narine,0,0,"",""
ball,2,41.3,England,IJL Trott,RS Bopara,SP Narine,0,0,"",""
ball,2,41.4,England,IJL Trott,RS Bopara,SP Narine,1,0,"",""
ball,2,41.5,England,RS Bopara,IJL Trott,SP Narine,0,0,"",""
ball,2,41.6,England,RS Bopara,IJL Trott,SP Narine,4,0,"",""
ball,2,42.1,England,IJL Trott,RS Bopara,KA Pollard,1,0,"",""
ball,2,42.2,England,RS Bopara,IJL Trott,KA Pollard,1,0,"",""
ball,2,42.3,England,IJL Trott,RS Bopara,KA Pollard,0,0,"",""
ball,2,42.4,England,IJL Trott,RS Bopara,KA Pollard,1,0,"",""
ball,2,42.5,England,RS Bopara,IJL Trott,KA Pollard,1,0,"",""
ball,2,42.6,England,IJL Trott,RS Bopara,KA Pollard,0,0,"",""
ball,2,43.1,England,RS Bopara,IJL Trott,SP Narine,0,0,"",""
ball,2,43.2,England,RS Bopara,IJL Trott,SP Narine,1,0,"",""
ball,2,43.3,England,IJL Trott,RS Bopara,SP Narine,4,0,"",""
ball,2,43.4,England,IJL Trott,RS Bopara,SP Narine,1,1,"",""
ball,2,43.5,England,RS Bopara,IJL Trott,SP Narine,1,0,"",""
ball,2,43.6,England,IJL Trott,RS Bopara,SP Narine,0,0,"",""
ball,2,43.7,England,IJL Trott,RS Bopara,SP Narine,1,0,"",""
ball,2,44.1,England,IJL Trott,RS Bopara,KA Pollard,0,0,"",""
ball,2,44.2,England,IJL Trott,RS Bopara,KA Pollard,0,0,"",""
ball,2,44.3,England,IJL Trott,RS Bopara,KA Pollard,0,0,"",""
ball,2,44.4,England,IJL Trott,RS Bopara,KA Pollard,0,0,"",""
ball,2,44.5,England,IJL Trott,RS Bopara,KA Pollard,1,0,"",""
ball,2,44.6,England,RS Bopara,IJL Trott,KA Pollard,1,0,"",""
