version,1.3.0
info,team,India
info,team,West Indies
info,gender,male
info,season,2011/12
info,date,2011/11/29
info,series,West Indies in India ODI Series
info,match_number,1
info,venue,Barabati Stadium
info,city,Cuttack
info,toss_winner,India
info,toss_decision,field
info,player_of_match,RG Sharma
info,umpire,AL Hill
info,umpire,SK Tarapore
info,reserve_umpire,C Shamshuddin
info,tv_umpire,S Ravi
info,match_referee,DC Boon
info,winner,India
info,winner_wickets,1
ball,1,0.1,West Indies,LMP Simmons,AB Barath,R Vinay Kumar,0,0,"",""
ball,1,0.2,West Indies,LMP Simmons,AB Barath,R Vinay Kumar,0,0,"",""
ball,1,0.3,West Indies,LMP Simmons,AB Barath,R Vinay Kumar,0,1,"",""
ball,1,0.4,West Indies,LMP Simmons,AB Barath,R Vinay Kumar,0,0,"",""
ball,1,0.5,West Indies,LMP Simmons,AB Barath,R Vinay Kumar,0,0,"",""
ball,1,0.6,West Indies,LMP Simmons,AB Barath,R Vinay Kumar,0,0,"",""
ball,1,0.7,West Indies,LMP Simmons,AB Barath,R Vinay Kumar,0,0,"",""
ball,1,1.1,West Indies,AB Barath,LMP Simmons,UT Yadav,2,0,"",""
ball,1,1.2,West Indies,AB Barath,LMP Simmons,UT Yadav,0,0,"",""
ball,1,1.3,West Indies,AB Barath,LMP Simmons,UT Yadav,4,0,"",""
ball,1,1.4,West Indies,AB Barath,LMP Simmons,UT Yadav,0,0,"",""
ball,1,1.5,West Indies,AB Barath,LMP Simmons,UT Yadav,1,0,"",""
ball,1,1.6,West Indies,LMP Simmons,AB Barath,UT Yadav,0,0,"",""
ball,1,2.1,West Indies,AB Barath,LMP Simmons,R Vinay Kumar,0,0,"",""
ball,1,2.2,West Indies,AB Barath,LMP Simmons,R Vinay Kumar,0,0,"",""
ball,1,2.3,West Indies,AB Barath,LMP Simmons,R Vinay Kumar,4,0,"",""
ball,1,2.4,West Indies,AB Barath,LMP Simmons,R Vinay Kumar,2,0,"",""
ball,1,2.5,West Indies,AB Barath,LMP Simmons,R Vinay Kumar,4,0,"",""
ball,1,2.6,West Indies,AB Barath,LMP Simmons,R Vinay Kumar,0,0,"",""
ball,1,3.1,West Indies,LMP Simmons,AB Barath,UT Yadav,0,0,"",""
ball,1,3.2,West Indies,LMP Simmons,AB Barath,UT Yadav,0,0,"",""
ball,1,3.3,West Indies,LMP Simmons,AB Barath,UT Yadav,0,0,"",""
ball,1,3.4,West Indies,LMP Simmons,AB Barath,UT Yadav,0,0,"",""
ball,1,3.5,West Indies,LMP Simmons,AB Barath,UT Yadav,0,0,"",""
ball,1,3.6,West Indies,LMP Simmons,AB Barath,UT Yadav,0,0,"",""
ball,1,4.1,West Indies,AB Barath,LMP Simmons,R Vinay Kumar,0,0,"",""
ball,1,4.2,West Indies,AB Barath,LMP Simmons,R Vinay Kumar,0,0,caught,AB Barath
ball,1,4.3,West Indies,MN Samuels,LMP Simmons,R Vinay Kumar,0,0,"",""
ball,1,4.4,West Indies,MN Samuels,LMP Simmons,R Vinay Kumar,1,0,"",""
ball,1,4.5,West Indies,LMP Simmons,MN Samuels,R Vinay Kumar,0,0,"",""
ball,1,4.6,West Indies,LMP Simmons,MN Samuels,R Vinay Kumar,0,0,"",""
ball,1,5.1,West Indies,MN Samuels,LMP Simmons,UT Yadav,0,0,"",""
ball,1,5.2,West Indies,MN Samuels,LMP Simmons,UT Yadav,0,0,"",""
ball,1,5.3,West Indies,MN Samuels,LMP Simmons,UT Yadav,4,0,"",""
ball,1,5.4,West Indies,MN Samuels,LMP Simmons,UT Yadav,0,0,"",""
ball,1,5.5,West Indies,MN Samuels,LMP Simmons,UT Yadav,4,0,"",""
ball,1,5.6,West Indies,MN Samuels,LMP Simmons,UT Yadav,0,0,"",""
ball,1,6.1,West Indies,LMP Simmons,MN Samuels,R Vinay Kumar,4,0,"",""
ball,1,6.2,West Indies,LMP Simmons,MN Samuels,R Vinay Kumar,6,0,"",""
ball,1,6.3,West Indies,LMP Simmons,MN Samuels,R Vinay Kumar,1,0,"",""
ball,1,6.4,West Indies,MN Samuels,LMP Simmons,R Vinay Kumar,0,0,"",""
ball,1,6.5,West Indies,MN Samuels,LMP Simmons,R Vinay Kumar,1,0,"",""
ball,1,6.6,West Indies,LMP Simmons,MN Samuels,R Vinay Kumar,1,0,"",""
ball,1,7.1,West Indies,LMP Simmons,MN Samuels,UT Yadav,0,0,"",""
ball,1,7.2,West Indies,LMP Simmons,MN Samuels,UT Yadav,4,0,"",""
ball,1,7.3,West Indies,LMP Simmons,MN Samuels,UT Yadav,0,0,"",""
ball,1,7.4,West Indies,LMP Simmons,MN Samuels,UT Yadav,0,0,"",""
ball,1,7.5,West Indies,LMP Simmons,MN Samuels,UT Yadav,0,0,"",""
ball,1,7.6,West Indies,LMP Simmons,MN Samuels,UT Yadav,2,0,"",""
ball,1,8.1,West Indies,MN Samuels,LMP Simmons,VR Aaron,0,0,bowled,MN Samuels
ball,1,8.2,West Indies,DM Bravo,LMP Simmons,VR Aaron,0,1,"",""
ball,1,8.3,West Indies,DM Bravo,LMP Simmons,VR Aaron,0,1,"",""
ball,1,8.4,West Indies,DM Bravo,LMP Simmons,VR Aaron,1,0,"",""
ball,1,8.5,West Indies,LMP Simmons,DM Bravo,VR Aaron,0,0,"",""
ball,1,8.6,West Indies,LMP Simmons,DM Bravo,VR Aaron,0,0,"",""
ball,1,8.7,West Indies,LMP Simmons,DM Bravo,VR Aaron,1,0,"",""
ball,1,8.8,West Indies,DM Bravo,LMP Simmons,VR Aaron,0,1,"",""
ball,1,9.1,West Indies,DM Bravo,LMP Simmons,UT Yadav,0,0,"",""
ball,1,9.2,West Indies,DM Bravo,LMP Simmons,UT Yadav,0,0,"",""
ball,1,9.3,West Indies,DM Bravo,LMP Simmons,UT Yadav,0,0,"",""
ball,1,9.4,West Indies,DM Bravo,LMP Simmons,UT Yadav,1,0,"",""
ball,1,9.5,West Indies,LMP Simmons,DM Bravo,UT Yadav,0,0,"",""
ball,1,9.6,West Indies,LMP Simmons,DM Bravo,UT Yadav,0,0,bowled,LMP Simmons
ball,1,10.1,West Indies,DM Bravo,DP Hyatt,VR Aaron,0,0,"",""
ball,1,10.2,West Indies,DM Bravo,DP Hyatt,VR Aaron,1,0,"",""
ball,1,10.3,West Indies,DP Hyatt,DM Bravo,VR Aaron,0,0,"",""
ball,1,10.4,West Indies,DP Hyatt,DM Bravo,VR Aaron,0,0,"",""
ball,1,10.5,West Indies,DP Hyatt,DM Bravo,VR Aaron,0,0,"",""
ball,1,10.6,West Indies,DP Hyatt,DM Bravo,VR Aaron,4,0,"",""
ball,1,11.1,West Indies,DM Bravo,DP Hyatt,R Vinay Kumar,0,0,"",""
ball,1,11.2,West Indies,DM Bravo,DP Hyatt,R Vinay Kumar,0,0,"",""
ball,1,11.3,West Indies,DM Bravo,DP Hyatt,R Vinay Kumar,0,0,"",""
ball,1,11.4,West Indies,DM Bravo,DP Hyatt,R Vinay Kumar,1,0,"",""
ball,1,11.5,West Indies,DP Hyatt,DM Bravo,R Vinay Kumar,0,0,"",""
ball,1,11.6,West Indies,DP Hyatt,DM Bravo,R Vinay Kumar,0,0,"",""
ball,1,12.1,West Indies,DM Bravo,DP Hyatt,VR Aaron,0,0,"",""
ball,1,12.2,West Indies,DM Bravo,DP Hyatt,VR Aaron,0,0,"",""
ball,1,12.3,West Indies,DM Bravo,DP Hyatt,VR Aaron,2,0,"",""
ball,1,12.4,West Indies,DM Bravo,DP Hyatt,VR Aaron,0,0,"",""
ball,1,12.5,West Indies,DM Bravo,DP Hyatt,VR Aaron,1,0,"",""
ball,1,12.6,West Indies,DP Hyatt,DM Bravo,VR Aaron,0,0,"",""
ball,1,13.1,West Indies,DM Bravo,DP Hyatt,R Vinay Kumar,1,0,"",""
ball,1,13.2,West Indies,DP Hyatt,DM Bravo,R Vinay Kumar,0,0,"",""
ball,1,13.3,West Indies,DP Hyatt,DM Bravo,R Vinay Kumar,0,0,"",""
ball,1,13.4,West Indies,DP Hyatt,DM Bravo,R Vinay Kumar,0,0,"",""
ball,1,13.5,West Indies,DP Hyatt,DM Bravo,R Vinay Kumar,0,0,"",""
ball,1,13.6,West Indies,DP Hyatt,DM Bravo,R Vinay Kumar,0,0,"",""
ball,1,14.1,West Indies,DM Bravo,DP Hyatt,R Ashwin,0,0,"",""
ball,1,14.2,West Indies,DM Bravo,DP Hyatt,R Ashwin,0,0,"",""
ball,1,14.3,West Indies,DM Bravo,DP Hyatt,R Ashwin,1,0,"",""
ball,1,14.4,West Indies,DP Hyatt,DM Bravo,R Ashwin,0,0,"",""
ball,1,14.5,West Indies,DP Hyatt,DM Bravo,R Ashwin,1,0,"",""
ball,1,14.6,West Indies,DM Bravo,DP Hyatt,R Ashwin,0,0,"",""
ball,1,15.1,West Indies,DP Hyatt,DM Bravo,VR Aaron,0,0,"",""
ball,1,15.2,West Indies,DP Hyatt,DM Bravo,VR Aaron,0,0,"",""
ball,1,15.3,West Indies,DP Hyatt,DM Bravo,VR Aaron,1,0,"",""
ball,1,15.4,West Indies,DM Bravo,DP Hyatt,VR Aaron,4,0,"",""
ball,1,15.5,West Indies,DM Bravo,DP Hyatt,VR Aaron,0,1,"",""
ball,1,15.6,West Indies,DM Bravo,DP Hyatt,VR Aaron,0,1,"",""
ball,1,15.7,West Indies,DM Bravo,DP Hyatt,VR Aaron,1,0,"",""
ball,1,15.8,West Indies,DP Hyatt,DM Bravo,VR Aaron,0,0,"",""
ball,1,16.1,West Indies,DM Bravo,DP Hyatt,R Ashwin,0,0,"",""
ball,1,16.2,West Indies,DM Bravo,DP Hyatt,R Ashwin,1,0,"",""
ball,1,16.3,West Indies,DP Hyatt,DM Bravo,R Ashwin,0,0,"",""
ball,1,16.4,West Indies,DP Hyatt,DM Bravo,R Ashwin,2,0,"",""
ball,1,16.5,West Indies,DP Hyatt,DM Bravo,R Ashwin,0,0,"",""
ball,1,16.6,West Indies,DP Hyatt,DM Bravo,R Ashwin,0,0,"",""
ball,1,17.1,West Indies,DM Bravo,DP Hyatt,VR Aaron,0,0,"",""
ball,1,17.2,West Indies,DM Bravo,DP Hyatt,VR Aaron,4,0,"",""
ball,1,17.3,West Indies,DM Bravo,DP Hyatt,VR Aaron,0,0,"",""
ball,1,17.4,West Indies,DM Bravo,DP Hyatt,VR Aaron,4,0,"",""
ball,1,17.5,West Indies,DM Bravo,DP Hyatt,VR Aaron,0,0,"",""
ball,1,17.6,West Indies,DM Bravo,DP Hyatt,VR Aaron,0,0,"",""
ball,1,18.1,West Indies,DP Hyatt,DM Bravo,R Ashwin,0,0,"",""
ball,1,18.2,West Indies,DP Hyatt,DM Bravo,R Ashwin,0,0,"",""
ball,1,18.3,West Indies,DP Hyatt,DM Bravo,R Ashwin,0,0,"",""
ball,1,18.4,West Indies,DP Hyatt,DM Bravo,R Ashwin,0,0,"",""
ball,1,18.5,West Indies,DP Hyatt,DM Bravo,R Ashwin,0,0,"",""
ball,1,18.6,West Indies,DP Hyatt,DM Bravo,R Ashwin,0,0,"",""
ball,1,19.1,West Indies,DM Bravo,DP Hyatt,VR Aaron,2,0,"",""
ball,1,19.2,West Indies,DM Bravo,DP Hyatt,VR Aaron,0,0,"",""
ball,1,19.3,West Indies,DM Bravo,DP Hyatt,VR Aaron,1,0,"",""
ball,1,19.4,West Indies,DP Hyatt,DM Bravo,VR Aaron,0,0,"",""
ball,1,19.5,West Indies,DP Hyatt,DM Bravo,VR Aaron,0,0,"",""
ball,1,19.6,West Indies,DP Hyatt,DM Bravo,VR Aaron,0,0,"",""
ball,1,20.1,West Indies,DM Bravo,DP Hyatt,R Ashwin,0,0,"",""
ball,1,20.2,West Indies,DM Bravo,DP Hyatt,R Ashwin,1,0,"",""
ball,1,20.3,West Indies,DP Hyatt,DM Bravo,R Ashwin,0,0,"",""
ball,1,20.4,West Indies,DP Hyatt,DM Bravo,R Ashwin,0,0,"",""
ball,1,20.5,West Indies,DP Hyatt,DM Bravo,R Ashwin,0,0,"",""
ball,1,20.6,West Indies,DP Hyatt,DM Bravo,R Ashwin,1,0,"",""
ball,1,21.1,West Indies,DP Hyatt,DM Bravo,RA Jadeja,0,0,"",""
ball,1,21.2,West Indies,DP Hyatt,DM Bravo,RA Jadeja,0,0,"",""
ball,1,21.3,West Indies,DP Hyatt,DM Bravo,RA Jadeja,1,0,"",""
ball,1,21.4,West Indies,DM Bravo,DP Hyatt,RA Jadeja,1,0,"",""
ball,1,21.5,West Indies,DP Hyatt,DM Bravo,RA Jadeja,6,0,"",""
ball,1,21.6,West Indies,DP Hyatt,DM Bravo,RA Jadeja,0,0,"",""
ball,1,22.1,West Indies,DM Bravo,DP Hyatt,R Ashwin,0,0,"",""
ball,1,22.2,West Indies,DM Bravo,DP Hyatt,R Ashwin,1,0,"",""
ball,1,22.3,West Indies,DP Hyatt,DM Bravo,R Ashwin,2,0,"",""
ball,1,22.4,West Indies,DP Hyatt,DM Bravo,R Ashwin,0,0,"",""
ball,1,22.5,West Indies,DP Hyatt,DM Bravo,R Ashwin,4,0,"",""
ball,1,22.6,West Indies,DP Hyatt,DM Bravo,R Ashwin,0,0,"",""
ball,1,23.1,West Indies,DM Bravo,DP Hyatt,RA Jadeja,0,0,"",""
ball,1,23.2,West Indies,DM Bravo,DP Hyatt,RA Jadeja,1,0,"",""
ball,1,23.3,West Indies,DP Hyatt,DM Bravo,RA Jadeja,1,0,"",""
ball,1,23.4,West Indies,DM Bravo,DP Hyatt,RA Jadeja,0,0,"",""
ball,1,23.5,West Indies,DM Bravo,DP Hyatt,RA Jadeja,1,0,"",""
ball,1,23.6,West Indies,DP Hyatt,DM Bravo,RA Jadeja,1,0,"",""
ball,1,24.1,West Indies,DP Hyatt,DM Bravo,R Ashwin,1,0,"",""
ball,1,24.2,West Indies,DM Bravo,DP Hyatt,R Ashwin,1,0,"",""
ball,1,24.3,West Indies,DP Hyatt,DM Bravo,R Ashwin,0,0,"",""
ball,1,24.4,West Indies,DP Hyatt,DM Bravo,R Ashwin,0,0,"",""
ball,1,24.5,West Indies,DP Hyatt,DM Bravo,R Ashwin,1,0,"",""
ball,1,24.6,West Indies,DM Bravo,DP Hyatt,R Ashwin,1,0,"",""
ball,1,25.1,West Indies,DM Bravo,DP Hyatt,RA Jadeja,1,0,"",""
ball,1,25.2,West Indies,DP Hyatt,DM Bravo,RA Jadeja,1,0,"",""
ball,1,25.3,West Indies,DM Bravo,DP Hyatt,RA Jadeja,1,0,"",""
ball,1,25.4,West Indies,DP Hyatt,DM Bravo,RA Jadeja,2,0,"",""
ball,1,25.5,West Indies,DP Hyatt,DM Bravo,RA Jadeja,1,0,"",""
ball,1,25.6,West Indies,DM Bravo,DP Hyatt,RA Jadeja,4,0,"",""
ball,1,26.1,West Indies,DP Hyatt,DM Bravo,SK Raina,1,0,"",""
ball,1,26.2,West Indies,DM Bravo,DP Hyatt,SK Raina,4,0,"",""
ball,1,26.3,West Indies,DM Bravo,DP Hyatt,SK Raina,1,0,run out,DP Hyatt
ball,1,26.4,West Indies,KA Pollard,DM Bravo,SK Raina,0,0,"",""
ball,1,26.5,West Indies,KA Pollard,DM Bravo,SK Raina,0,0,"",""
ball,1,26.6,West Indies,KA Pollard,DM Bravo,SK Raina,0,0,"",""
ball,1,27.1,West Indies,DM Bravo,KA Pollard,RA Jadeja,1,0,"",""
ball,1,27.2,West Indies,KA Pollard,DM Bravo,RA Jadeja,0,0,"",""
ball,1,27.3,West Indies,KA Pollard,DM Bravo,RA Jadeja,0,0,"",""
ball,1,27.4,West Indies,KA Pollard,DM Bravo,RA Jadeja,1,0,"",""
ball,1,27.5,West Indies,DM Bravo,KA Pollard,RA Jadeja,4,0,"",""
ball,1,27.6,West Indies,DM Bravo,KA Pollard,RA Jadeja,0,0,"",""
ball,1,28.1,West Indies,KA Pollard,DM Bravo,SK Raina,0,0,"",""
ball,1,28.2,West Indies,KA Pollard,DM Bravo,SK Raina,1,0,"",""
ball,1,28.3,West Indies,DM Bravo,KA Pollard,SK Raina,0,0,"",""
ball,1,28.4,West Indies,DM Bravo,KA Pollard,SK Raina,1,0,"",""
ball,1,28.5,West Indies,KA Pollard,DM Bravo,SK Raina,0,0,"",""
ball,1,28.6,West Indies,KA Pollard,DM Bravo,SK Raina,0,0,"",""
ball,1,29.1,West Indies,DM Bravo,KA Pollard,RG Sharma,0,0,"",""
ball,1,29.2,West Indies,DM Bravo,KA Pollard,RG Sharma,1,0,"",""
ball,1,29.3,West Indies,KA Pollard,DM Bravo,RG Sharma,0,0,"",""
ball,1,29.4,West Indies,KA Pollard,DM Bravo,RG Sharma,1,0,"",""
ball,1,29.5,West Indies,DM Bravo,KA Pollard,RG Sharma,1,0,"",""
ball,1,29.6,West Indies,KA Pollard,DM Bravo,RG Sharma,0,0,"",""
ball,1,30.1,West Indies,DM Bravo,KA Pollard,SK Raina,0,0,"",""
ball,1,30.2,West Indies,DM Bravo,KA Pollard,SK Raina,0,0,"",""
ball,1,30.3,West Indies,DM Bravo,KA Pollard,SK Raina,0,0,"",""
ball,1,30.4,West Indies,DM Bravo,KA Pollard,SK Raina,1,0,"",""
ball,1,30.5,West Indies,KA Pollard,DM Bravo,SK Raina,0,0,"",""
ball,1,30.6,West Indies,KA Pollard,DM Bravo,SK Raina,1,0,"",""
ball,1,31.1,West Indies,KA Pollard,DM Bravo,RG Sharma,1,0,"",""
ball,1,31.2,West Indies,DM Bravo,KA Pollard,RG Sharma,1,0,"",""
ball,1,31.3,West Indies,KA Pollard,DM Bravo,RG Sharma,1,0,"",""
ball,1,31.4,West Indies,DM Bravo,KA Pollard,RG Sharma,0,0,"",""
ball,1,31.5,West Indies,DM Bravo,KA Pollard,RG Sharma,1,0,"",""
ball,1,31.6,West Indies,KA Pollard,DM Bravo,RG Sharma,1,0,"",""
ball,1,32.1,West Indies,KA Pollard,DM Bravo,SK Raina,1,0,"",""
ball,1,32.2,West Indies,DM Bravo,KA Pollard,SK Raina,1,0,"",""
ball,1,32.3,West Indies,KA Pollard,DM Bravo,SK Raina,1,0,"",""
ball,1,32.4,West Indies,DM Bravo,KA Pollard,SK Raina,1,0,"",""
ball,1,32.5,West Indies,KA Pollard,DM Bravo,SK Raina,1,0,"",""
ball,1,32.6,West Indies,DM Bravo,KA Pollard,SK Raina,1,0,"",""
ball,1,33.1,West Indies,DM Bravo,KA Pollard,RA Jadeja,0,0,"",""
ball,1,33.2,West Indies,DM Bravo,KA Pollard,RA Jadeja,1,0,"",""
ball,1,33.3,West Indies,KA Pollard,DM Bravo,RA Jadeja,0,0,"",""
ball,1,33.4,West Indies,KA Pollard,DM Bravo,RA Jadeja,0,0,"",""
ball,1,33.5,West Indies,KA Pollard,DM Bravo,RA Jadeja,0,0,"",""
ball,1,33.6,West Indies,KA Pollard,DM Bravo,RA Jadeja,0,0,"",""
ball,1,34.1,West Indies,DM Bravo,KA Pollard,SK Raina,0,0,"",""
ball,1,34.2,West Indies,DM Bravo,KA Pollard,SK Raina,1,0,"",""
ball,1,34.3,West Indies,KA Pollard,DM Bravo,SK Raina,1,0,"",""
ball,1,34.4,West Indies,DM Bravo,KA Pollard,SK Raina,0,0,bowled,DM Bravo
ball,1,34.5,West Indies,D Ramdin,KA Pollard,SK Raina,0,0,"",""
ball,1,34.6,West Indies,D Ramdin,KA Pollard,SK Raina,2,0,"",""
ball,1,35.1,West Indies,KA Pollard,D Ramdin,RA Jadeja,0,0,"",""
ball,1,35.2,West Indies,KA Pollard,D Ramdin,RA Jadeja,0,0,"",""
ball,1,35.3,West Indies,KA Pollard,D Ramdin,RA Jadeja,0,0,"",""
ball,1,35.4,West Indies,KA Pollard,D Ramdin,RA Jadeja,1,0,"",""
ball,1,35.5,West Indies,D Ramdin,KA Pollard,RA Jadeja,0,0,"",""
ball,1,35.6,West Indies,D Ramdin,KA Pollard,RA Jadeja,0,0,"",""
ball,1,36.1,West Indies,KA Pollard,D Ramdin,R Ashwin,1,0,"",""
ball,1,36.2,West Indies,D Ramdin,KA Pollard,R Ashwin,0,0,"",""
ball,1,36.3,West Indies,D Ramdin,KA Pollard,R Ashwin,1,0,"",""
ball,1,36.4,West Indies,KA Pollard,D Ramdin,R Ashwin,0,0,"",""
ball,1,36.5,West Indies,KA Pollard,D Ramdin,R Ashwin,0,0,caught,KA Pollard
ball,1,36.6,West Indies,DJG Sammy,D Ramdin,R Ashwin,0,1,"",""
ball,1,36.7,West Indies,DJG Sammy,D Ramdin,R Ashwin,0,0,"",""
ball,1,37.1,West Indies,D Ramdin,DJG Sammy,RA Jadeja,0,0,"",""
ball,1,37.2,West Indies,D Ramdin,DJG Sammy,RA Jadeja,0,0,"",""
ball,1,37.3,West Indies,D Ramdin,DJG Sammy,RA Jadeja,1,0,"",""
ball,1,37.4,West Indies,DJG Sammy,D Ramdin,RA Jadeja,0,1,"",""
ball,1,37.5,West Indies,D Ramdin,DJG Sammy,RA Jadeja,0,0,"",""
ball,1,37.6,West Indies,D Ramdin,DJG Sammy,RA Jadeja,1,0,"",""
ball,1,38.1,West Indies,D Ramdin,DJG Sammy,R Ashwin,0,0,"",""
ball,1,38.2,West Indies,D Ramdin,DJG Sammy,R Ashwin,1,0,"",""
ball,1,38.3,West Indies,DJG Sammy,D Ramdin,R Ashwin,0,0,"",""
ball,1,38.4,West Indies,DJG Sammy,D Ramdin,R Ashwin,0,0,"",""
ball,1,38.5,West Indies,DJG Sammy,D Ramdin,R Ashwin,0,0,"",""
ball,1,38.6,West Indies,DJG Sammy,D Ramdin,R Ashwin,0,0,"",""
ball,1,39.1,West Indies,D Ramdin,DJG Sammy,RA Jadeja,0,0,"",""
ball,1,39.2,West Indies,D Ramdin,DJG Sammy,RA Jadeja,2,0,"",""
ball,1,39.3,West Indies,D Ramdin,DJG Sammy,RA Jadeja,0,0,"",""
ball,1,39.4,West Indies,D Ramdin,DJG Sammy,RA Jadeja,0,0,"",""
ball,1,39.5,West Indies,D Ramdin,DJG Sammy,RA Jadeja,0,0,"",""
ball,1,39.6,West Indies,D Ramdin,DJG Sammy,RA Jadeja,1,0,"",""
ball,1,40.1,West Indies,D Ramdin,DJG Sammy,R Ashwin,0,0,"",""
ball,1,40.2,West Indies,D Ramdin,DJG Sammy,R Ashwin,0,0,"",""
ball,1,40.3,West Indies,D Ramdin,DJG Sammy,R Ashwin,0,0,"",""
ball,1,40.4,West Indies,D Ramdin,DJG Sammy,R Ashwin,0,0,"",""
ball,1,40.5,West Indies,D Ramdin,DJG Sammy,R Ashwin,0,0,"",""
ball,1,40.6,West Indies,D Ramdin,DJG Sammy,R Ashwin,1,0,"",""
ball,1,41.1,West Indies,D Ramdin,DJG Sammy,RA Jadeja,1,0,"",""
ball,1,41.2,West Indies,DJG Sammy,D Ramdin,RA Jadeja,0,0,"",""
ball,1,41.3,West Indies,DJG Sammy,D Ramdin,RA Jadeja,0,0,bowled,DJG Sammy
ball,1,41.4,West Indies,AD Russell,D Ramdin,RA Jadeja,4,0,"",""
ball,1,41.5,West Indies,AD Russell,D Ramdin,RA Jadeja,0,0,"",""
ball,1,41.6,West Indies,AD Russell,D Ramdin,RA Jadeja,0,0,"",""
ball,1,42.1,West Indies,D Ramdin,AD Russell,R Ashwin,0,0,"",""
ball,1,42.2,West Indies,D Ramdin,AD Russell,R Ashwin,0,0,"",""
ball,1,42.3,West Indies,D Ramdin,AD Russell,R Ashwin,1,0,"",""
ball,1,42.4,West Indies,AD Russell,D Ramdin,R Ashwin,1,0,"",""
ball,1,42.5,West Indies,D Ramdin,AD Russell,R Ashwin,1,0,"",""
ball,1,42.6,West Indies,AD Russell,D Ramdin,R Ashwin,4,0,"",""
ball,1,43.1,West Indies,D Ramdin,AD Russell,RA Jadeja,0,0,"",""
ball,1,43.2,West Indies,D Ramdin,AD Russell,RA Jadeja,1,0,"",""
ball,1,43.3,West Indies,AD Russell,D Ramdin,RA Jadeja,0,0,"",""
ball,1,43.4,West Indies,AD Russell,D Ramdin,RA Jadeja,0,0,"",""
ball,1,43.5,West Indies,AD Russell,D Ramdin,RA Jadeja,1,0,"",""
ball,1,43.6,West Indies,D Ramdin,AD Russell,RA Jadeja,0,0,"",""
ball,1,44.1,West Indies,AD Russell,D Ramdin,UT Yadav,1,0,"",""
ball,1,44.2,West Indies,D Ramdin,AD Russell,UT Yadav,0,0,caught and bowled,D Ramdin
ball,1,44.3,West Indies,AD Russell,KAJ Roach,UT Yadav,0,0,"",""
ball,1,44.4,West Indies,AD Russell,KAJ Roach,UT Yadav,1,0,"",""
ball,1,44.5,West Indies,KAJ Roach,AD Russell,UT Yadav,0,0,"",""
ball,1,44.6,West Indies,KAJ Roach,AD Russell,UT Yadav,0,0,"",""
ball,1,45.1,West Indies,AD Russell,KAJ Roach,VR Aaron,0,1,"",""
ball,1,45.2,West Indies,KAJ Roach,AD Russell,VR Aaron,0,0,"",""
ball,1,45.3,West Indies,KAJ Roach,AD Russell,VR Aaron,1,0,"",""
ball,1,45.4,West Indies,AD Russell,KAJ Roach,VR Aaron,1,0,"",""
ball,1,45.5,West Indies,KAJ Roach,AD Russell,VR Aaron,1,0,"",""
ball,1,45.6,West Indies,AD Russell,KAJ Roach,VR Aaron,1,0,"",""
ball,1,46.1,West Indies,AD Russell,KAJ Roach,UT Yadav,1,0,"",""
ball,1,46.2,West Indies,KAJ Roach,AD Russell,UT Yadav,0,0,"",""
ball,1,46.3,West Indies,KAJ Roach,AD Russell,UT Yadav,1,0,"",""
ball,1,46.4,West Indies,AD Russell,KAJ Roach,UT Yadav,0,0,"",""
ball,1,46.5,West Indies,AD Russell,KAJ Roach,UT Yadav,0,0,"",""
ball,1,46.6,West Indies,AD Russell,KAJ Roach,UT Yadav,6,0,"",""
ball,1,47.1,West Indies,KAJ Roach,AD Russell,VR Aaron,1,0,"",""
ball,1,47.2,West Indies,AD Russell,KAJ Roach,VR Aaron,1,0,"",""
ball,1,47.3,West Indies,KAJ Roach,AD Russell,VR Aaron,1,0,"",""
ball,1,47.4,West Indies,AD Russell,KAJ Roach,VR Aaron,0,0,bowled,AD Russell
ball,1,47.5,West Indies,A Martin,KAJ Roach,VR Aaron,0,0,"",""
ball,1,47.6,West Indies,A Martin,KAJ Roach,VR Aaron,1,0,"",""
ball,1,48.1,West Indies,A Martin,KAJ Roach,UT Yadav,1,0,"",""
ball,1,48.2,West Indies,KAJ Roach,A Martin,UT Yadav,0,1,"",""
ball,1,48.3,West Indies,A Martin,KAJ Roach,UT Yadav,0,0,"",""
ball,1,48.4,West Indies,A Martin,KAJ Roach,UT Yadav,0,0,"",""
ball,1,48.5,West Indies,A Martin,KAJ Roach,UT Yadav,0,0,"",""
ball,1,48.6,West Indies,A Martin,KAJ Roach,UT Yadav,0,0,"",""
ball,1,49.1,West Indies,KAJ Roach,A Martin,VR Aaron,0,0,"",""
ball,1,49.2,West Indies,KAJ Roach,A Martin,VR Aaron,1,0,"",""
ball,1,49.3,West Indies,A Martin,KAJ Roach,VR Aaron,1,0,"",""
ball,1,49.4,West Indies,KAJ Roach,A Martin,VR Aaron,4,0,"",""
ball,1,49.5,West Indies,KAJ Roach,A Martin,VR Aaron,0,0,"",""
ball,1,49.6,West Indies,KAJ Roach,A Martin,VR Aaron,2,0,"",""
ball,2,0.1,India,PA Patel,V Sehwag,KAJ Roach,0,0,"",""
ball,2,0.2,India,PA Patel,V Sehwag,KAJ Roach,1,1,"",""
ball,2,0.3,India,V Sehwag,PA Patel,KAJ Roach,4,0,"",""
ball,2,0.4,India,V Sehwag,PA Patel,KAJ Roach,0,0,"",""
ball,2,0.5,India,V Sehwag,PA Patel,KAJ Roach,0,5,"",""
ball,2,0.6,India,V Sehwag,PA Patel,KAJ Roach,2,0,"",""
ball,2,0.7,India,V Sehwag,PA Patel,KAJ Roach,2,0,"",""
ball,2,0.8,India,V Sehwag,PA Patel,KAJ Roach,0,0,"",""
ball,2,1.1,India,PA Patel,V Sehwag,A Martin,0,0,"",""
ball,2,1.2,India,PA Patel,V Sehwag,A Martin,0,1,"",""
ball,2,1.3,India,PA Patel,V Sehwag,A Martin,0,0,"",""
ball,2,1.4,India,PA Patel,V Sehwag,A Martin,4,0,"",""
ball,2,1.5,India,PA Patel,V Sehwag,A Martin,0,0,"",""
ball,2,1.6,India,PA Patel,V Sehwag,A Martin,1,0,"",""
ball,2,1.7,India,V Sehwag,PA Patel,A Martin,1,0,"",""
ball,2,2.1,India,V Sehwag,PA Patel,KAJ Roach,0,0,"",""
ball,2,2.2,India,V Sehwag,PA Patel,KAJ Roach,1,0,"",""
ball,2,2.3,India,PA Patel,V Sehwag,KAJ Roach,0,0,"",""
ball,2,2.4,India,PA Patel,V Sehwag,KAJ Roach,0,0,"",""
ball,2,2.5,India,PA Patel,V Sehwag,KAJ Roach,1,0,"",""
ball,2,2.6,India,V Sehwag,PA Patel,KAJ Roach,0,0,"",""
ball,2,3.1,India,PA Patel,V Sehwag,A Martin,4,0,"",""
ball,2,3.2,India,PA Patel,V Sehwag,A Martin,1,0,"",""
ball,2,3.3,India,V Sehwag,PA Patel,A Martin,0,0,"",""
ball,2,3.4,India,V Sehwag,PA Patel,A Martin,0,0,"",""
ball,2,3.5,India,V Sehwag,PA Patel,A Martin,4,0,"",""
ball,2,3.6,India,V Sehwag,PA Patel,A Martin,4,0,"",""
ball,2,4.1,India,PA Patel,V Sehwag,KAJ Roach,0,0,caught,PA Patel
ball,2,4.2,India,G Gambhir,V Sehwag,KAJ Roach,0,0,"",""
ball,2,4.3,India,G Gambhir,V Sehwag,KAJ Roach,4,0,"",""
ball,2,4.4,India,G Gambhir,V Sehwag,KAJ Roach,0,0,caught,G Gambhir
ball,2,4.5,India,V Kohli,V Sehwag,KAJ Roach,0,1,"",""
ball,2,4.6,India,V Kohli,V Sehwag,KAJ Roach,0,0,"",""
ball,2,4.7,India,V Kohli,V Sehwag,KAJ Roach,0,0,"",""
ball,2,5.1,India,V Sehwag,V Kohli,AD Russell,0,1,"",""
ball,2,5.2,India,V Sehwag,V Kohli,AD Russell,0,0,"",""
ball,2,5.3,India,V Sehwag,V Kohli,AD Russell,0,0,"",""
ball,2,5.4,India,V Sehwag,V Kohli,AD Russell,0,0,"",""
ball,2,5.5,India,V Sehwag,V Kohli,AD Russell,1,0,"",""
ball,2,5.6,India,V Kohli,V Sehwag,AD Russell,1,0,"",""
ball,2,5.7,India,V Sehwag,V Kohli,AD Russell,0,0,"",""
ball,2,6.1,India,V Kohli,V Sehwag,KAJ Roach,2,0,"",""
ball,2,6.2,India,V Kohli,V Sehwag,KAJ Roach,0,0,"",""
ball,2,6.3,India,V Kohli,V Sehwag,KAJ Roach,0,0,bowled,V Kohli
ball,2,6.4,India,RG Sharma,V Sehwag,KAJ Roach,0,0,"",""
ball,2,6.5,India,RG Sharma,V Sehwag,KAJ Roach,1,0,"",""
ball,2,6.6,India,V Sehwag,RG Sharma,KAJ Roach,0,0,"",""
ball,2,7.1,India,RG Sharma,V Sehwag,AD Russell,1,0,"",""
ball,2,7.2,India,V Sehwag,RG Sharma,AD Russell,0,0,"",""
ball,2,7.3,India,V Sehwag,RG Sharma,AD Russell,0,1,"",""
ball,2,7.4,India,RG Sharma,V Sehwag,AD Russell,0,0,"",""
ball,2,7.5,India,RG Sharma,V Sehwag,AD Russell,0,0,"",""
ball,2,7.6,India,RG Sharma,V Sehwag,AD Russell,0,0,"",""
ball,2,8.1,India,V Sehwag,RG Sharma,KAJ Roach,0,0,"",""
ball,2,8.2,India,V Sehwag,RG Sharma,KAJ Roach,0,0,"",""
ball,2,8.3,India,V Sehwag,RG Sharma,KAJ Roach,0,0,"",""
ball,2,8.4,India,V Sehwag,RG Sharma,KAJ Roach,1,0,"",""
ball,2,8.5,India,RG Sharma,V Sehwag,KAJ Roach,0,0,"",""
ball,2,8.6,India,RG Sharma,V Sehwag,KAJ Roach,0,0,"",""
ball,2,9.1,India,V Sehwag,RG Sharma,AD Russell,0,0,"",""
ball,2,9.2,India,V Sehwag,RG Sharma,AD Russell,0,0,"",""
ball,2,9.3,India,V Sehwag,RG Sharma,AD Russell,0,0,bowled,V Sehwag
ball,2,9.4,India,SK Raina,RG Sharma,AD Russell,1,0,"",""
ball,2,9.5,India,RG Sharma,SK Raina,AD Russell,1,0,"",""
ball,2,9.6,India,SK Raina,RG Sharma,AD Russell,2,0,"",""
ball,2,10.1,India,RG Sharma,SK Raina,DJG Sammy,1,0,"",""
ball,2,10.2,India,SK Raina,RG Sharma,DJG Sammy,0,0,"",""
ball,2,10.3,India,SK Raina,RG Sharma,DJG Sammy,1,0,"",""
ball,2,10.4,India,RG Sharma,SK Raina,DJG Sammy,1,0,"",""
ball,2,10.5,India,SK Raina,RG Sharma,DJG Sammy,1,0,"",""
ball,2,10.6,India,RG Sharma,SK Raina,DJG Sammy,0,0,"",""
ball,2,11.1,India,SK Raina,RG Sharma,AD Russell,0,0,"",""
ball,2,11.2,India,SK Raina,RG Sharma,AD Russell,0,0,caught,SK Raina
ball,2,11.3,India,RA Jadeja,RG Sharma,AD Russell,0,0,"",""
ball,2,11.4,India,RA Jadeja,RG Sharma,AD Russell,0,0,"",""
ball,2,11.5,India,RA Jadeja,RG Sharma,AD Russell,0,0,"",""
ball,2,11.6,India,RA Jadeja,RG Sharma,AD Russell,0,0,"",""
ball,2,12.1,India,RG Sharma,RA Jadeja,DJG Sammy,0,0,"",""
ball,2,12.2,India,RG Sharma,RA Jadeja,DJG Sammy,0,0,"",""
ball,2,12.3,India,RG Sharma,RA Jadeja,DJG Sammy,1,0,"",""
ball,2,12.4,India,RA Jadeja,RG Sharma,DJG Sammy,0,0,"",""
ball,2,12.5,India,RA Jadeja,RG Sharma,DJG Sammy,2,0,"",""
ball,2,12.6,India,RA Jadeja,RG Sharma,DJG Sammy,1,0,"",""
ball,2,13.1,India,RA Jadeja,RG Sharma,AD Russell,0,0,"",""
ball,2,13.2,India,RA Jadeja,RG Sharma,AD Russell,0,0,"",""
ball,2,13.3,India,RA Jadeja,RG Sharma,AD Russell,0,0,"",""
ball,2,13.4,India,RA Jadeja,RG Sharma,AD Russell,1,0,"",""
ball,2,13.5,India,RG Sharma,RA Jadeja,AD Russell,0,0,"",""
ball,2,13.6,India,RG Sharma,RA Jadeja,AD Russell,1,0,"",""
ball,2,14.1,India,RG Sharma,RA Jadeja,DJG Sammy,1,0,"",""
ball,2,14.2,India,RA Jadeja,RG Sharma,DJG Sammy,0,0,"",""
ball,2,14.3,India,RA Jadeja,RG Sharma,DJG Sammy,1,0,"",""
ball,2,14.4,India,RG Sharma,RA Jadeja,DJG Sammy,0,0,"",""
ball,2,14.5,India,RG Sharma,RA Jadeja,DJG Sammy,1,0,"",""
ball,2,14.6,India,RA Jadeja,RG Sharma,DJG Sammy,1,0,"",""
ball,2,15.1,India,RA Jadeja,RG Sharma,MN Samuels,0,0,"",""
ball,2,15.2,India,RA Jadeja,RG Sharma,MN Samuels,0,0,"",""
ball,2,15.3,India,RA Jadeja,RG Sharma,MN Samuels,0,0,"",""
ball,2,15.4,India,RA Jadeja,RG Sharma,MN Samuels,0,0,"",""
ball,2,15.5,India,RA Jadeja,RG Sharma,MN Samuels,0,0,"",""
ball,2,15.6,India,RA Jadeja,RG Sharma,MN Samuels,1,0,"",""
ball,2,16.1,India,RA Jadeja,RG Sharma,DJG Sammy,0,0,"",""
ball,2,16.2,India,RA Jadeja,RG Sharma,DJG Sammy,0,0,"",""
ball,2,16.3,India,RA Jadeja,RG Sharma,DJG Sammy,1,0,"",""
ball,2,16.4,India,RG Sharma,RA Jadeja,DJG Sammy,1,0,"",""
ball,2,16.5,India,RA Jadeja,RG Sharma,DJG Sammy,1,0,"",""
ball,2,16.6,India,RG Sharma,RA Jadeja,DJG Sammy,4,0,"",""
ball,2,17.1,India,RA Jadeja,RG Sharma,MN Samuels,1,0,"",""
ball,2,17.2,India,RG Sharma,RA Jadeja,MN Samuels,0,0,"",""
ball,2,17.3,India,RG Sharma,RA Jadeja,MN Samuels,1,0,"",""
ball,2,17.4,India,RA Jadeja,RG Sharma,MN Samuels,0,0,"",""
ball,2,17.5,India,RA Jadeja,RG Sharma,MN Samuels,1,0,"",""
ball,2,17.6,India,RG Sharma,RA Jadeja,MN Samuels,0,0,"",""
ball,2,18.1,India,RA Jadeja,RG Sharma,KAJ Roach,0,0,"",""
ball,2,18.2,India,RA Jadeja,RG Sharma,KAJ Roach,1,0,"",""
ball,2,18.3,India,RG Sharma,RA Jadeja,KAJ Roach,0,0,"",""
ball,2,18.4,India,RG Sharma,RA Jadeja,KAJ Roach,1,1,"",""
ball,2,18.5,India,RA Jadeja,RG Sharma,KAJ Roach,0,1,"",""
ball,2,18.6,India,RA Jadeja,RG Sharma,KAJ Roach,2,0,"",""
ball,2,18.7,India,RA Jadeja,RG Sharma,KAJ Roach,1,0,"",""
ball,2,18.8,India,RG Sharma,RA Jadeja,KAJ Roach,0,0,"",""
ball,2,19.1,India,RA Jadeja,RG Sharma,MN Samuels,0,0,"",""
ball,2,19.2,India,RA Jadeja,RG Sharma,MN Samuels,0,0,"",""
ball,2,19.3,India,RA Jadeja,RG Sharma,MN Samuels,0,0,"",""
ball,2,19.4,India,RA Jadeja,RG Sharma,MN Samuels,0,0,"",""
ball,2,19.5,India,RA Jadeja,RG Sharma,MN Samuels,0,0,"",""
ball,2,19.6,India,RA Jadeja,RG Sharma,MN Samuels,2,0,"",""
ball,2,20.1,India,RG Sharma,RA Jadeja,A Martin,1,0,"",""
ball,2,20.2,India,RA Jadeja,RG Sharma,A Martin,1,0,"",""
ball,2,20.3,India,RG Sharma,RA Jadeja,A Martin,6,0,"",""
ball,2,20.4,India,RG Sharma,RA Jadeja,A Martin,1,0,"",""
ball,2,20.5,India,RA Jadeja,RG Sharma,A Martin,0,0,"",""
ball,2,20.6,India,RA Jadeja,RG Sharma,A Martin,0,0,"",""
ball,2,21.1,India,RG Sharma,RA Jadeja,MN Samuels,0,0,"",""
ball,2,21.2,India,RG Sharma,RA Jadeja,MN Samuels,1,0,"",""
ball,2,21.3,India,RA Jadeja,RG Sharma,MN Samuels,0,0,"",""
ball,2,21.4,India,RA Jadeja,RG Sharma,MN Samuels,1,0,"",""
ball,2,21.5,India,RG Sharma,RA Jadeja,MN Samuels,0,0,"",""
ball,2,21.6,India,RG Sharma,RA Jadeja,MN Samuels,1,0,"",""
ball,2,22.1,India,RG Sharma,RA Jadeja,AD Russell,0,1,"",""
ball,2,22.2,India,RA Jadeja,RG Sharma,AD Russell,1,0,"",""
ball,2,22.3,India,RG Sharma,RA Jadeja,AD Russell,0,0,"",""
ball,2,22.4,India,RG Sharma,RA Jadeja,AD Russell,0,0,"",""
ball,2,22.5,India,RG Sharma,RA Jadeja,AD Russell,3,0,"",""
ball,2,22.6,India,RA Jadeja,RG Sharma,AD Russell,1,0,"",""
ball,2,23.1,India,RA Jadeja,RG Sharma,MN Samuels,1,0,"",""
ball,2,23.2,India,RG Sharma,RA Jadeja,MN Samuels,0,0,"",""
ball,2,23.3,India,RG Sharma,RA Jadeja,MN Samuels,0,1,"",""
ball,2,23.4,India,RG Sharma,RA Jadeja,MN Samuels,1,0,"",""
ball,2,23.5,India,RA Jadeja,RG Sharma,MN Samuels,0,0,"",""
ball,2,23.6,India,RA Jadeja,RG Sharma,MN Samuels,0,0,"",""
ball,2,23.7,India,RA Jadeja,RG Sharma,MN Samuels,0,0,"",""
ball,2,24.1,India,RG Sharma,RA Jadeja,AD Russell,0,0,"",""
ball,2,24.2,India,RG Sharma,RA Jadeja,AD Russell,4,0,"",""
ball,2,24.3,India,RG Sharma,RA Jadeja,AD Russell,2,0,"",""
ball,2,24.4,India,RG Sharma,RA Jadeja,AD Russell,4,0,"",""
ball,2,24.5,India,RG Sharma,RA Jadeja,AD Russell,0,0,"",""
ball,2,24.6,India,RG Sharma,RA Jadeja,AD Russell,0,0,"",""
ball,2,25.1,India,RA Jadeja,RG Sharma,MN Samuels,2,0,"",""
ball,2,25.2,India,RA Jadeja,RG Sharma,MN Samuels,0,0,"",""
ball,2,25.3,India,RA Jadeja,RG Sharma,MN Samuels,0,1,"",""
ball,2,25.4,India,RG Sharma,RA Jadeja,MN Samuels,0,0,"",""
ball,2,25.5,India,RG Sharma,RA Jadeja,MN Samuels,0,0,"",""
ball,2,25.6,India,RG Sharma,RA Jadeja,MN Samuels,1,0,"",""
ball,2,26.1,India,RG Sharma,RA Jadeja,KA Pollard,1,0,"",""
ball,2,26.2,India,RA Jadeja,RG Sharma,KA Pollard,0,0,"",""
ball,2,26.3,India,RA Jadeja,RG Sharma,KA Pollard,0,1,"",""
ball,2,26.4,India,RA Jadeja,RG Sharma,KA Pollard,4,0,"",""
ball,2,26.5,India,RA Jadeja,RG Sharma,KA Pollard,0,0,"",""
ball,2,26.6,India,RA Jadeja,RG Sharma,KA Pollard,0,0,"",""
ball,2,26.7,India,RA Jadeja,RG Sharma,KA Pollard,1,0,"",""
ball,2,27.1,India,RA Jadeja,RG Sharma,MN Samuels,4,0,"",""
ball,2,27.2,India,RA Jadeja,RG Sharma,MN Samuels,0,0,"",""
ball,2,27.3,India,RA Jadeja,RG Sharma,MN Samuels,1,0,"",""
ball,2,27.4,India,RG Sharma,RA Jadeja,MN Samuels,1,0,"",""
ball,2,27.5,India,RA Jadeja,RG Sharma,MN Samuels,0,0,"",""
ball,2,27.6,India,RA Jadeja,RG Sharma,MN Samuels,4,0,"",""
ball,2,28.1,India,RG Sharma,RA Jadeja,KA Pollard,0,0,"",""
ball,2,28.2,India,RG Sharma,RA Jadeja,KA Pollard,1,0,"",""
ball,2,28.3,India,RA Jadeja,RG Sharma,KA Pollard,0,0,caught,RA Jadeja
ball,2,28.4,India,R Ashwin,RG Sharma,KA Pollard,0,0,"",""
ball,2,28.5,India,R Ashwin,RG Sharma,KA Pollard,1,0,"",""
ball,2,28.6,India,RG Sharma,R Ashwin,KA Pollard,0,0,"",""
ball,2,29.1,India,R Ashwin,RG Sharma,MN Samuels,0,1,"",""
ball,2,29.2,India,R Ashwin,RG Sharma,MN Samuels,0,0,"",""
ball,2,29.3,India,R Ashwin,RG Sharma,MN Samuels,1,0,"",""
ball,2,29.4,India,RG Sharma,R Ashwin,MN Samuels,0,0,"",""
ball,2,29.5,India,RG Sharma,R Ashwin,MN Samuels,1,0,"",""
ball,2,29.6,India,R Ashwin,RG Sharma,MN Samuels,1,0,"",""
ball,2,29.7,India,RG Sharma,R Ashwin,MN Samuels,1,0,"",""
ball,2,30.1,India,RG Sharma,R Ashwin,KA Pollard,1,0,"",""
ball,2,30.2,India,R Ashwin,RG Sharma,KA Pollard,0,2,"",""
ball,2,30.3,India,RG Sharma,R Ashwin,KA Pollard,2,0,"",""
ball,2,30.4,India,RG Sharma,R Ashwin,KA Pollard,0,0,"",""
ball,2,30.5,India,RG Sharma,R Ashwin,KA Pollard,1,0,"",""
ball,2,30.6,India,R Ashwin,RG Sharma,KA Pollard,0,0,"",""
ball,2,30.7,India,R Ashwin,RG Sharma,KA Pollard,1,0,"",""
ball,2,31.1,India,R Ashwin,RG Sharma,DJG Sammy,1,0,"",""
ball,2,31.2,India,RG Sharma,R Ashwin,DJG Sammy,1,0,"",""
ball,2,31.3,India,R Ashwin,RG Sharma,DJG Sammy,0,0,"",""
ball,2,31.4,India,R Ashwin,RG Sharma,DJG Sammy,1,0,"",""
ball,2,31.5,India,RG Sharma,R Ashwin,DJG Sammy,1,0,run out,R Ashwin
ball,2,31.6,India,RG Sharma,R Vinay Kumar,DJG Sammy,1,0,"",""
ball,2,32.1,India,RG Sharma,R Vinay Kumar,KA Pollard,0,0,"",""
ball,2,32.2,India,RG Sharma,R Vinay Kumar,KA Pollard,1,0,"",""
ball,2,32.3,India,R Vinay Kumar,RG Sharma,KA Pollard,0,0,"",""
ball,2,32.4,India,R Vinay Kumar,RG Sharma,KA Pollard,0,0,"",""
ball,2,32.5,India,R Vinay Kumar,RG Sharma,KA Pollard,4,0,"",""
ball,2,32.6,India,R Vinay Kumar,RG Sharma,KA Pollard,1,0,"",""
ball,2,33.1,India,R Vinay Kumar,RG Sharma,KAJ Roach,0,0,"",""
ball,2,33.2,India,R Vinay Kumar,RG Sharma,KAJ Roach,0,0,"",""
ball,2,33.3,India,R Vinay Kumar,RG Sharma,KAJ Roach,0,0,"",""
ball,2,33.4,India,R Vinay Kumar,RG Sharma,KAJ Roach,2,0,"",""
ball,2,33.5,India,R Vinay Kumar,RG Sharma,KAJ Roach,0,0,"",""
ball,2,33.6,India,R Vinay Kumar,RG Sharma,KAJ Roach,0,0,"",""
ball,2,34.1,India,RG Sharma,R Vinay Kumar,KA Pollard,1,0,"",""
ball,2,34.2,India,R Vinay Kumar,RG Sharma,KA Pollard,0,0,"",""
ball,2,34.3,India,R Vinay Kumar,RG Sharma,KA Pollard,0,0,"",""
ball,2,34.4,India,R Vinay Kumar,RG Sharma,KA Pollard,0,0,"",""
ball,2,34.5,India,R Vinay Kumar,RG Sharma,KA Pollard,0,0,"",""
ball,2,34.6,India,R Vinay Kumar,RG Sharma,KA Pollard,0,0,"",""
ball,2,35.1,India,RG Sharma,R Vinay Kumar,AD Russell,0,0,"",""
ball,2,35.2,India,RG Sharma,R Vinay Kumar,AD Russell,0,0,"",""
ball,2,35.3,India,RG Sharma,R Vinay Kumar,AD Russell,1,0,"",""
ball,2,35.4,India,R Vinay Kumar,RG Sharma,AD Russell,0,0,"",""
ball,2,35.5,India,R Vinay Kumar,RG Sharma,AD Russell,1,0,"",""
ball,2,35.6,India,RG Sharma,R Vinay Kumar,AD Russell,0,0,"",""
ball,2,36.1,India,R Vinay Kumar,RG Sharma,KAJ Roach,0,0,"",""
ball,2,36.2,India,R Vinay Kumar,RG Sharma,KAJ Roach,0,1,"",""
ball,2,36.3,India,R Vinay Kumar,RG Sharma,KAJ Roach,0,0,"",""
ball,2,36.4,India,R Vinay Kumar,RG Sharma,KAJ Roach,0,0,"",""
ball,2,36.5,India,R Vinay Kumar,RG Sharma,KAJ Roach,0,0,"",""
ball,2,36.6,India,R Vinay Kumar,RG Sharma,KAJ Roach,0,0,"",""
ball,2,36.7,India,R Vinay Kumar,RG Sharma,KAJ Roach,0,1,"",""
ball,2,36.8,India,R Vinay Kumar,RG Sharma,KAJ Roach,0,0,"",""
ball,2,37.1,India,RG Sharma,R Vinay Kumar,AD Russell,0,0,"",""
ball,2,37.2,India,RG Sharma,R Vinay Kumar,AD Russell,0,0,"",""
ball,2,37.3,India,RG Sharma,R Vinay Kumar,AD Russell,0,0,"",""
ball,2,37.4,India,RG Sharma,R Vinay Kumar,AD Russell,1,0,"",""
ball,2,37.5,India,R Vinay Kumar,RG Sharma,AD Russell,0,0,"",""
ball,2,37.6,India,R Vinay Kumar,RG Sharma,AD Russell,0,1,"",""
ball,2,37.7,India,R Vinay Kumar,RG Sharma,AD Russell,0,0,"",""
ball,2,38.1,India,RG Sharma,R Vinay Kumar,KAJ Roach,1,0,"",""
ball,2,38.2,India,R Vinay Kumar,RG Sharma,KAJ Roach,1,0,"",""
ball,2,38.3,India,RG Sharma,R Vinay Kumar,KAJ Roach,0,1,"",""
ball,2,38.4,India,RG Sharma,R Vinay Kumar,KAJ Roach,1,0,"",""
ball,2,38.5,India,R Vinay Kumar,RG Sharma,KAJ Roach,2,0,"",""
ball,2,38.6,India,R Vinay Kumar,RG Sharma,KAJ Roach,1,0,"",""
ball,2,38.7,India,RG Sharma,R Vinay Kumar,KAJ Roach,0,0,"",""
ball,2,39.1,India,R Vinay Kumar,RG Sharma,A Martin,1,0,"",""
ball,2,39.2,India,RG Sharma,R Vinay Kumar,A Martin,1,0,"",""
ball,2,39.3,India,R Vinay Kumar,RG Sharma,A Martin,1,0,"",""
ball,2,39.4,India,RG Sharma,R Vinay Kumar,A Martin,0,0,"",""
ball,2,39.5,India,RG Sharma,R Vinay Kumar,A Martin,1,0,"",""
ball,2,39.6,India,R Vinay Kumar,RG Sharma,A Martin,0,0,"",""
ball,2,40.1,India,RG Sharma,R Vinay Kumar,KAJ Roach,1,0,"",""
ball,2,40.2,India,R Vinay Kumar,RG Sharma,KAJ Roach,0,0,"",""
ball,2,40.3,India,R Vinay Kumar,RG Sharma,KAJ Roach,0,0,"",""
ball,2,40.4,India,R Vinay Kumar,RG Sharma,KAJ Roach,0,0,"",""
ball,2,40.5,India,R Vinay Kumar,RG Sharma,KAJ Roach,0,0,"",""
ball,2,40.6,India,R Vinay Kumar,RG Sharma,KAJ Roach,1,0,"",""
ball,2,41.1,India,R Vinay Kumar,RG Sharma,MN Samuels,0,0,"",""
ball,2,41.2,India,R Vinay Kumar,RG Sharma,MN Samuels,1,0,"",""
ball,2,41.3,India,RG Sharma,R Vinay Kumar,MN Samuels,0,0,"",""
ball,2,41.4,India,RG Sharma,R Vinay Kumar,MN Samuels,0,0,"",""
ball,2,41.5,India,RG Sharma,R Vinay Kumar,MN Samuels,1,0,"",""
ball,2,41.6,India,R Vinay Kumar,RG Sharma,MN Samuels,0,0,"",""
ball,2,42.1,India,RG Sharma,R Vinay Kumar,DJG Sammy,0,0,"",""
ball,2,42.2,India,RG Sharma,R Vinay Kumar,DJG Sammy,1,0,"",""
ball,2,42.3,India,R Vinay Kumar,RG Sharma,DJG Sammy,0,0,"",""
ball,2,42.4,India,R Vinay Kumar,RG Sharma,DJG Sammy,0,0,"",""
ball,2,42.5,India,R Vinay Kumar,RG Sharma,DJG Sammy,0,0,"",""
ball,2,42.6,India,R Vinay Kumar,RG Sharma,DJG Sammy,0,0,"",""
ball,2,43.1,India,RG Sharma,R Vinay Kumar,MN Samuels,1,0,"",""
ball,2,43.2,India,R Vinay Kumar,RG Sharma,MN Samuels,0,0,"",""
ball,2,43.3,India,R Vinay Kumar,RG Sharma,MN Samuels,0,0,"",""
ball,2,43.4,India,R Vinay Kumar,RG Sharma,MN Samuels,1,0,"",""
ball,2,43.5,India,RG Sharma,R Vinay Kumar,MN Samuels,2,0,"",""
ball,2,43.6,India,RG Sharma,R Vinay Kumar,MN Samuels,1,0,"",""
ball,2,44.1,India,RG Sharma,R Vinay Kumar,DJG Sammy,0,0,"",""
ball,2,44.2,India,RG Sharma,R Vinay Kumar,DJG Sammy,0,0,"",""
ball,2,44.3,India,RG Sharma,R Vinay Kumar,DJG Sammy,2,0,"",""
ball,2,44.4,India,RG Sharma,R Vinay Kumar,DJG Sammy,1,0,"",""
ball,2,44.5,India,R Vinay Kumar,RG Sharma,DJG Sammy,1,0,"",""
ball,2,44.6,India,RG Sharma,R Vinay Kumar,DJG Sammy,1,0,"",""
ball,2,45.1,India,RG Sharma,R Vinay Kumar,A Martin,0,0,"",""
ball,2,45.2,India,RG Sharma,R Vinay Kumar,A Martin,0,0,bowled,RG Sharma
ball,2,45.3,India,VR Aaron,R Vinay Kumar,A Martin,0,0,"",""
ball,2,45.4,India,VR Aaron,R Vinay Kumar,A Martin,0,0,"",""
ball,2,45.5,India,VR Aaron,R Vinay Kumar,A Martin,0,0,"",""
ball,2,45.6,India,VR Aaron,R Vinay Kumar,A Martin,0,0,"",""
ball,2,46.1,India,R Vinay Kumar,VR Aaron,DJG Sammy,0,0,caught,R Vinay Kumar
ball,2,46.2,India,UT Yadav,VR Aaron,DJG Sammy,0,0,"",""
ball,2,46.3,India,UT Yadav,VR Aaron,DJG Sammy,0,0,"",""
ball,2,46.4,India,UT Yadav,VR Aaron,DJG Sammy,0,0,"",""
ball,2,46.5,India,UT Yadav,VR Aaron,DJG Sammy,0,0,"",""
ball,2,46.6,India,UT Yadav,VR Aaron,DJG Sammy,0,0,"",""
ball,2,47.1,India,VR Aaron,UT Yadav,A Martin,0,0,"",""
ball,2,47.2,India,VR Aaron,UT Yadav,A Martin,0,0,"",""
ball,2,47.3,India,VR Aaron,UT Yadav,A Martin,0,0,"",""
ball,2,47.4,India,VR Aaron,UT Yadav,A Martin,1,0,"",""
ball,2,47.5,India,UT Yadav,VR Aaron,A Martin,1,0,"",""
ball,2,47.6,India,VR Aaron,UT Yadav,A Martin,0,0,"",""
ball,2,48.1,India,UT Yadav,VR Aaron,DJG Sammy,1,0,"",""
ball,2,48.2,India,VR Aaron,UT Yadav,DJG Sammy,4,0,"",""
ball,2,48.3,India,VR Aaron,UT Yadav,DJG Sammy,1,0,"",""
ball,2,48.4,India,UT Yadav,VR Aaron,DJG Sammy,0,0,"",""
ball,2,48.5,India,UT Yadav,VR Aaron,DJG Sammy,4,0,"",""
