version,1.3.0
info,team,Sri Lanka
info,team,Pakistan
info,gender,male
info,season,2012
info,date,2012/06/09
info,series,Pakistan in Sri Lanka ODI Series
info,match_number,2
info,venue,Pallekele International Cricket Stadium
info,city,
info,toss_winner,Sri Lanka
info,toss_decision,bat
info,player_of_match,NLTC Perera
info,umpire,RSA Palliyaguruge
info,umpire,PR Reiffel
info,reserve_umpire,TH Wijewardene
info,tv_umpire,REJ Martinesz
info,match_referee,BC Broad
info,winner,Sri Lanka
info,winner_runs,76
ball,1,0.1,Sri Lanka,WU Tharanga,TM Dilshan,Umar Gul,1,0,"",""
ball,1,0.2,Sri Lanka,TM Dilshan,WU Tharanga,Umar Gul,0,0,"",""
ball,1,0.3,Sri Lanka,TM Dilshan,WU Tharanga,Umar Gul,4,0,"",""
ball,1,0.4,Sri Lanka,TM Dilshan,WU Tharanga,Umar Gul,1,0,"",""
ball,1,0.5,Sri Lanka,WU Tharanga,TM Dilshan,Umar Gul,0,0,"",""
ball,1,0.6,Sri Lanka,WU Tharanga,TM Dilshan,Umar Gul,0,0,"",""
ball,1,1.1,Sri Lanka,TM Dilshan,WU Tharanga,Sohail Tanvir,4,1,"",""
ball,1,1.2,Sri Lanka,TM Dilshan,WU Tharanga,Sohail Tanvir,1,0,"",""
ball,1,1.3,Sri Lanka,WU Tharanga,TM Dilshan,Sohail Tanvir,2,0,"",""
ball,1,1.4,Sri Lanka,WU Tharanga,TM Dilshan,Sohail Tanvir,0,0,"",""
ball,1,1.5,Sri Lanka,WU Tharanga,TM Dilshan,Sohail Tanvir,2,0,"",""
ball,1,1.6,Sri Lanka,WU Tharanga,TM Dilshan,Sohail Tanvir,0,1,"",""
ball,1,1.7,Sri Lanka,TM Dilshan,WU Tharanga,Sohail Tanvir,0,0,"",""
ball,1,2.1,Sri Lanka,WU Tharanga,TM Dilshan,Umar Gul,0,0,"",""
ball,1,2.2,Sri Lanka,WU Tharanga,TM Dilshan,Umar Gul,0,0,"",""
ball,1,2.3,Sri Lanka,WU Tharanga,TM Dilshan,Umar Gul,4,0,"",""
ball,1,2.4,Sri Lanka,WU Tharanga,TM Dilshan,Umar Gul,0,0,"",""
ball,1,2.5,Sri Lanka,WU Tharanga,TM Dilshan,Umar Gul,0,0,"",""
ball,1,2.6,Sri Lanka,WU Tharanga,TM Dilshan,Umar Gul,0,0,"",""
ball,1,3.1,Sri Lanka,TM Dilshan,WU Tharanga,Sohail Tanvir,0,0,"",""
ball,1,3.2,Sri Lanka,TM Dilshan,WU Tharanga,Sohail Tanvir,0,0,"",""
ball,1,3.3,Sri Lanka,TM Dilshan,WU Tharanga,Sohail Tanvir,0,0,"",""
ball,1,3.4,Sri Lanka,TM Dilshan,WU Tharanga,Sohail Tanvir,0,0,"",""
ball,1,3.5,Sri Lanka,TM Dilshan,WU Tharanga,Sohail Tanvir,0,0,"",""
ball,1,3.6,Sri Lanka,TM Dilshan,WU Tharanga,Sohail Tanvir,0,0,"",""
ball,1,4.1,Sri Lanka,WU Tharanga,TM Dilshan,Umar Gul,4,0,"",""
ball,1,4.2,Sri Lanka,WU Tharanga,TM Dilshan,Umar Gul,0,0,"",""
ball,1,4.3,Sri Lanka,WU Tharanga,TM Dilshan,Umar Gul,0,0,"",""
ball,1,4.4,Sri Lanka,WU Tharanga,TM Dilshan,Umar Gul,0,0,"",""
ball,1,4.5,Sri Lanka,WU Tharanga,TM Dilshan,Umar Gul,0,0,"",""
ball,1,4.6,Sri Lanka,WU Tharanga,TM Dilshan,Umar Gul,0,0,"",""
ball,1,5.1,Sri Lanka,TM Dilshan,WU Tharanga,Sohail Tanvir,0,0,"",""
ball,1,5.2,Sri Lanka,TM Dilshan,WU Tharanga,Sohail Tanvir,0,0,"",""
ball,1,5.3,Sri Lanka,TM Dilshan,WU Tharanga,Sohail Tanvir,2,0,"",""
ball,1,5.4,Sri Lanka,TM Dilshan,WU Tharanga,Sohail Tanvir,0,1,"",""
ball,1,5.5,Sri Lanka,TM Dilshan,WU Tharanga,Sohail Tanvir,0,0,"",""
ball,1,5.6,Sri Lanka,TM Dilshan,WU Tharanga,Sohail Tanvir,0,0,"",""
ball,1,5.7,Sri Lanka,TM Dilshan,WU Tharanga,Sohail Tanvir,4,0,"",""
ball,1,6.1,Sri Lanka,WU Tharanga,TM Dilshan,Umar Gul,0,0,"",""
ball,1,6.2,Sri Lanka,WU Tharanga,TM Dilshan,Umar Gul,4,0,"",""
ball,1,6.3,Sri Lanka,WU Tharanga,TM Dilshan,Umar Gul,0,0,"",""
ball,1,6.4,Sri Lanka,WU Tharanga,TM Dilshan,Umar Gul,0,0,"",""
ball,1,6.5,Sri Lanka,WU Tharanga,TM Dilshan,Umar Gul,1,0,"",""
ball,1,6.6,Sri Lanka,TM Dilshan,WU Tharanga,Umar Gul,0,0,"",""
ball,1,7.1,Sri Lanka,WU Tharanga,TM Dilshan,Sohail Tanvir,0,0,caught,WU Tharanga
ball,1,7.2,Sri Lanka,KC Sangakkara,TM Dilshan,Sohail Tanvir,0,0,"",""
ball,1,7.3,Sri Lanka,KC Sangakkara,TM Dilshan,Sohail Tanvir,4,0,"",""
ball,1,7.4,Sri Lanka,KC Sangakkara,TM Dilshan,Sohail Tanvir,0,1,"",""
ball,1,7.5,Sri Lanka,TM Dilshan,KC Sangakkara,Sohail Tanvir,0,0,"",""
ball,1,7.6,Sri Lanka,TM Dilshan,KC Sangakkara,Sohail Tanvir,0,0,"",""
ball,1,8.1,Sri Lanka,KC Sangakkara,TM Dilshan,Umar Gul,0,0,"",""
ball,1,8.2,Sri Lanka,KC Sangakkara,TM Dilshan,Umar Gul,0,0,"",""
ball,1,8.3,Sri Lanka,KC Sangakkara,TM Dilshan,Umar Gul,1,0,"",""
ball,1,8.4,Sri Lanka,TM Dilshan,KC Sangakkara,Umar Gul,0,0,"",""
ball,1,8.5,Sri Lanka,TM Dilshan,KC Sangakkara,Umar Gul,4,0,"",""
ball,1,8.6,Sri Lanka,TM Dilshan,KC Sangakkara,Umar Gul,0,0,"",""
ball,1,9.1,Sri Lanka,KC Sangakkara,TM Dilshan,Sohail Tanvir,2,0,"",""
ball,1,9.2,Sri Lanka,KC Sangakkara,TM Dilshan,Sohail Tanvir,1,0,"",""
ball,1,9.3,Sri Lanka,TM Dilshan,KC Sangakkara,Sohail Tanvir,2,0,"",""
ball,1,9.4,Sri Lanka,TM Dilshan,KC Sangakkara,Sohail Tanvir,1,0,"",""
ball,1,9.5,Sri Lanka,KC Sangakkara,TM Dilshan,Sohail Tanvir,0,0,"",""
ball,1,9.6,Sri Lanka,KC Sangakkara,TM Dilshan,Sohail Tanvir,0,0,"",""
ball,1,10.1,Sri Lanka,TM Dilshan,KC Sangakkara,Shahid Afridi,2,0,"",""
ball,1,10.2,Sri Lanka,TM Dilshan,KC Sangakkara,Shahid Afridi,0,0,"",""
ball,1,10.3,Sri Lanka,TM Dilshan,KC Sangakkara,Shahid Afridi,0,0,"",""
ball,1,10.4,Sri Lanka,TM Dilshan,KC Sangakkara,Shahid Afridi,0,0,"",""
ball,1,10.5,Sri Lanka,TM Dilshan,KC Sangakkara,Shahid Afridi,1,0,"",""
ball,1,10.6,Sri Lanka,KC Sangakkara,TM Dilshan,Shahid Afridi,1,0,"",""
ball,1,11.1,Sri Lanka,KC Sangakkara,TM Dilshan,Rahat Ali,0,0,"",""
ball,1,11.2,Sri Lanka,KC Sangakkara,TM Dilshan,Rahat Ali,0,0,"",""
ball,1,11.3,Sri Lanka,KC Sangakkara,TM Dilshan,Rahat Ali,1,0,"",""
ball,1,11.4,Sri Lanka,TM Dilshan,KC Sangakkara,Rahat Ali,0,0,"",""
ball,1,11.5,Sri Lanka,TM Dilshan,KC Sangakkara,Rahat Ali,4,0,"",""
ball,1,11.6,Sri Lanka,TM Dilshan,KC Sangakkara,Rahat Ali,1,0,"",""
ball,1,12.1,Sri Lanka,TM Dilshan,KC Sangakkara,Shahid Afridi,1,0,"",""
ball,1,12.2,Sri Lanka,KC Sangakkara,TM Dilshan,Shahid Afridi,1,0,"",""
ball,1,12.3,Sri Lanka,TM Dilshan,KC Sangakkara,Shahid Afridi,0,0,"",""
ball,1,12.4,Sri Lanka,TM Dilshan,KC Sangakkara,Shahid Afridi,0,0,"",""
ball,1,12.5,Sri Lanka,TM Dilshan,KC Sangakkara,Shahid Afridi,1,0,"",""
ball,1,12.6,Sri Lanka,KC Sangakkara,TM Dilshan,Shahid Afridi,0,0,"",""
ball,1,13.1,Sri Lanka,TM Dilshan,KC Sangakkara,Rahat Ali,0,1,"",""
ball,1,13.2,Sri Lanka,KC Sangakkara,TM Dilshan,Rahat Ali,3,0,"",""
ball,1,13.3,Sri Lanka,TM Dilshan,KC Sangakkara,Rahat Ali,1,0,"",""
ball,1,13.4,Sri Lanka,KC Sangakkara,TM Dilshan,Rahat Ali,0,0,"",""
ball,1,13.5,Sri Lanka,KC Sangakkara,TM Dilshan,Rahat Ali,1,0,"",""
ball,1,13.6,Sri Lanka,TM Dilshan,KC Sangakkara,Rahat Ali,4,0,"",""
ball,1,14.1,Sri Lanka,KC Sangakkara,TM Dilshan,Shahid Afridi,1,0,"",""
ball,1,14.2,Sri Lanka,TM Dilshan,KC Sangakkara,Shahid Afridi,0,0,"",""
ball,1,14.3,Sri Lanka,TM Dilshan,KC Sangakkara,Shahid Afridi,4,0,"",""
ball,1,14.4,Sri Lanka,TM Dilshan,KC Sangakkara,Shahid Afridi,0,0,"",""
ball,1,14.5,Sri Lanka,TM Dilshan,KC Sangakkara,Shahid Afridi,1,0,"",""
ball,1,14.6,Sri Lanka,KC Sangakkara,TM Dilshan,Shahid Afridi,1,0,"",""
ball,1,15.1,Sri Lanka,KC Sangakkara,TM Dilshan,Saeed Ajmal,0,0,"",""
ball,1,15.2,Sri Lanka,KC Sangakkara,TM Dilshan,Saeed Ajmal,0,0,"",""
ball,1,15.3,Sri Lanka,KC Sangakkara,TM Dilshan,Saeed Ajmal,0,0,"",""
ball,1,15.4,Sri Lanka,KC Sangakkara,TM Dilshan,Saeed Ajmal,0,0,"",""
ball,1,15.5,Sri Lanka,KC Sangakkara,TM Dilshan,Saeed Ajmal,1,0,"",""
ball,1,15.6,Sri Lanka,TM Dilshan,KC Sangakkara,Saeed Ajmal,0,0,"",""
ball,1,16.1,Sri Lanka,KC Sangakkara,TM Dilshan,Mohammad Hafeez,0,0,caught and bowled,KC Sangakkara
ball,1,16.2,Sri Lanka,LD Chandimal,TM Dilshan,Mohammad Hafeez,0,0,"",""
ball,1,16.3,Sri Lanka,LD Chandimal,TM Dilshan,Mohammad Hafeez,0,0,"",""
ball,1,16.4,Sri Lanka,LD Chandimal,TM Dilshan,Mohammad Hafeez,0,0,"",""
ball,1,16.5,Sri Lanka,LD Chandimal,TM Dilshan,Mohammad Hafeez,0,0,"",""
ball,1,16.6,Sri Lanka,LD Chandimal,TM Dilshan,Mohammad Hafeez,0,0,"",""
ball,1,17.1,Sri Lanka,TM Dilshan,LD Chandimal,Saeed Ajmal,1,0,"",""
ball,1,17.2,Sri Lanka,LD Chandimal,TM Dilshan,Saeed Ajmal,0,0,"",""
ball,1,17.3,Sri Lanka,LD Chandimal,TM Dilshan,Saeed Ajmal,0,0,"",""
ball,1,17.4,Sri Lanka,LD Chandimal,TM Dilshan,Saeed Ajmal,0,0,"",""
ball,1,17.5,Sri Lanka,LD Chandimal,TM Dilshan,Saeed Ajmal,0,0,"",""
ball,1,17.6,Sri Lanka,LD Chandimal,TM Dilshan,Saeed Ajmal,0,0,"",""
ball,1,18.1,Sri Lanka,TM Dilshan,LD Chandimal,Mohammad Hafeez,0,0,"",""
ball,1,18.2,Sri Lanka,TM Dilshan,LD Chandimal,Mohammad Hafeez,0,0,"",""
ball,1,18.3,Sri Lanka,TM Dilshan,LD Chandimal,Mohammad Hafeez,0,0,"",""
ball,1,18.4,Sri Lanka,TM Dilshan,LD Chandimal,Mohammad Hafeez,1,0,"",""
ball,1,18.5,Sri Lanka,LD Chandimal,TM Dilshan,Mohammad Hafeez,0,0,"",""
ball,1,18.6,Sri Lanka,LD Chandimal,TM Dilshan,Mohammad Hafeez,1,0,"",""
ball,1,19.1,Sri Lanka,LD Chandimal,TM Dilshan,Saeed Ajmal,0,0,"",""
ball,1,19.2,Sri Lanka,LD Chandimal,TM Dilshan,Saeed Ajmal,0,0,"",""
ball,1,19.3,Sri Lanka,LD Chandimal,TM Dilshan,Saeed Ajmal,0,0,"",""
ball,1,19.4,Sri Lanka,LD Chandimal,TM Dilshan,Saeed Ajmal,4,0,"",""
ball,1,19.5,Sri Lanka,LD Chandimal,TM Dilshan,Saeed Ajmal,1,0,"",""
ball,1,19.6,Sri Lanka,TM Dilshan,LD Chandimal,Saeed Ajmal,0,0,"",""
ball,1,20.1,Sri Lanka,LD Chandimal,TM Dilshan,Shahid Afridi,0,0,"",""
ball,1,20.2,Sri Lanka,LD Chandimal,TM Dilshan,Shahid Afridi,0,0,"",""
ball,1,20.3,Sri Lanka,LD Chandimal,TM Dilshan,Shahid Afridi,4,0,"",""
ball,1,20.4,Sri Lanka,LD Chandimal,TM Dilshan,Shahid Afridi,0,2,"",""
ball,1,20.5,Sri Lanka,TM Dilshan,LD Chandimal,Shahid Afridi,1,0,"",""
ball,1,20.6,Sri Lanka,LD Chandimal,TM Dilshan,Shahid Afridi,1,0,"",""
ball,1,20.7,Sri Lanka,TM Dilshan,LD Chandimal,Shahid Afridi,0,0,"",""
ball,1,21.1,Sri Lanka,LD Chandimal,TM Dilshan,Sohail Tanvir,1,0,"",""
ball,1,21.2,Sri Lanka,TM Dilshan,LD Chandimal,Sohail Tanvir,0,1,"",""
ball,1,21.3,Sri Lanka,LD Chandimal,TM Dilshan,Sohail Tanvir,1,0,"",""
ball,1,21.4,Sri Lanka,TM Dilshan,LD Chandimal,Sohail Tanvir,1,0,"",""
ball,1,21.5,Sri Lanka,LD Chandimal,TM Dilshan,Sohail Tanvir,0,0,"",""
ball,1,21.6,Sri Lanka,LD Chandimal,TM Dilshan,Sohail Tanvir,0,0,"",""
ball,1,22.1,Sri Lanka,TM Dilshan,LD Chandimal,Shahid Afridi,1,0,"",""
ball,1,22.2,Sri Lanka,LD Chandimal,TM Dilshan,Shahid Afridi,0,0,"",""
ball,1,22.3,Sri Lanka,LD Chandimal,TM Dilshan,Shahid Afridi,1,0,"",""
ball,1,22.4,Sri Lanka,TM Dilshan,LD Chandimal,Shahid Afridi,0,0,"",""
ball,1,22.5,Sri Lanka,TM Dilshan,LD Chandimal,Shahid Afridi,0,0,"",""
ball,1,22.6,Sri Lanka,TM Dilshan,LD Chandimal,Shahid Afridi,4,0,"",""
ball,1,23.1,Sri Lanka,LD Chandimal,TM Dilshan,Sohail Tanvir,2,0,"",""
ball,1,23.2,Sri Lanka,LD Chandimal,TM Dilshan,Sohail Tanvir,0,1,"",""
ball,1,23.3,Sri Lanka,TM Dilshan,LD Chandimal,Sohail Tanvir,0,0,"",""
ball,1,23.4,Sri Lanka,TM Dilshan,LD Chandimal,Sohail Tanvir,1,0,"",""
ball,1,23.5,Sri Lanka,LD Chandimal,TM Dilshan,Sohail Tanvir,2,0,"",""
ball,1,23.6,Sri Lanka,LD Chandimal,TM Dilshan,Sohail Tanvir,1,0,"",""
ball,1,24.1,Sri Lanka,LD Chandimal,TM Dilshan,Rahat Ali,0,3,"",""
ball,1,24.2,Sri Lanka,LD Chandimal,TM Dilshan,Rahat Ali,0,0,"",""
ball,1,24.3,Sri Lanka,LD Chandimal,TM Dilshan,Rahat Ali,0,0,"",""
ball,1,24.4,Sri Lanka,LD Chandimal,TM Dilshan,Rahat Ali,1,0,"",""
ball,1,24.5,Sri Lanka,TM Dilshan,LD Chandimal,Rahat Ali,0,0,"",""
ball,1,24.6,Sri Lanka,TM Dilshan,LD Chandimal,Rahat Ali,0,0,"",""
ball,1,24.7,Sri Lanka,TM Dilshan,LD Chandimal,Rahat Ali,4,0,"",""
ball,1,25.1,Sri Lanka,LD Chandimal,TM Dilshan,Mohammad Hafeez,1,0,"",""
ball,1,25.2,Sri Lanka,TM Dilshan,LD Chandimal,Mohammad Hafeez,1,0,"",""
ball,1,25.3,Sri Lanka,LD Chandimal,TM Dilshan,Mohammad Hafeez,0,0,"",""
ball,1,25.4,Sri Lanka,LD Chandimal,TM Dilshan,Mohammad Hafeez,3,0,"",""
ball,1,25.5,Sri Lanka,TM Dilshan,LD Chandimal,Mohammad Hafeez,0,0,"",""
ball,1,25.6,Sri Lanka,TM Dilshan,LD Chandimal,Mohammad Hafeez,1,0,"",""
ball,1,26.1,Sri Lanka,TM Dilshan,LD Chandimal,Rahat Ali,1,0,"",""
ball,1,26.2,Sri Lanka,LD Chandimal,TM Dilshan,Rahat Ali,0,0,"",""
ball,1,26.3,Sri Lanka,LD Chandimal,TM Dilshan,Rahat Ali,4,0,"",""
ball,1,26.4,Sri Lanka,LD Chandimal,TM Dilshan,Rahat Ali,1,0,"",""
ball,1,26.5,Sri Lanka,TM Dilshan,LD Chandimal,Rahat Ali,4,0,"",""
ball,1,26.6,Sri Lanka,TM Dilshan,LD Chandimal,Rahat Ali,1,0,"",""
ball,1,27.1,Sri Lanka,TM Dilshan,LD Chandimal,Mohammad Hafeez,2,0,"",""
ball,1,27.2,Sri Lanka,TM Dilshan,LD Chandimal,Mohammad Hafeez,1,0,"",""
ball,1,27.3,Sri Lanka,LD Chandimal,TM Dilshan,Mohammad Hafeez,1,0,"",""
ball,1,27.4,Sri Lanka,TM Dilshan,LD Chandimal,Mohammad Hafeez,1,0,"",""
ball,1,27.5,Sri Lanka,LD Chandimal,TM Dilshan,Mohammad Hafeez,0,0,"",""
ball,1,27.6,Sri Lanka,LD Chandimal,TM Dilshan,Mohammad Hafeez,0,0,"",""
ball,1,28.1,Sri Lanka,TM Dilshan,LD Chandimal,Shahid Afridi,2,0,"",""
ball,1,28.2,Sri Lanka,TM Dilshan,LD Chandimal,Shahid Afridi,0,0,"",""
ball,1,28.3,Sri Lanka,TM Dilshan,LD Chandimal,Shahid Afridi,0,0,"",""
ball,1,28.4,Sri Lanka,TM Dilshan,LD Chandimal,Shahid Afridi,1,0,"",""
ball,1,28.5,Sri Lanka,LD Chandimal,TM Dilshan,Shahid Afridi,0,0,"",""
ball,1,28.6,Sri Lanka,LD Chandimal,TM Dilshan,Shahid Afridi,1,0,"",""
ball,1,29.1,Sri Lanka,LD Chandimal,TM Dilshan,Mohammad Hafeez,0,0,"",""
ball,1,29.2,Sri Lanka,LD Chandimal,TM Dilshan,Mohammad Hafeez,0,0,"",""
ball,1,29.3,Sri Lanka,LD Chandimal,TM Dilshan,Mohammad Hafeez,0,0,"",""
ball,1,29.4,Sri Lanka,LD Chandimal,TM Dilshan,Mohammad Hafeez,1,0,"",""
ball,1,29.5,Sri Lanka,TM Dilshan,LD Chandimal,Mohammad Hafeez,1,0,"",""
ball,1,29.6,Sri Lanka,LD Chandimal,TM Dilshan,Mohammad Hafeez,0,0,"",""
ball,1,30.1,Sri Lanka,TM Dilshan,LD Chandimal,Shahid Afridi,0,0,"",""
ball,1,30.2,Sri Lanka,TM Dilshan,LD Chandimal,Shahid Afridi,0,0,"",""
ball,1,30.3,Sri Lanka,TM Dilshan,LD Chandimal,Shahid Afridi,0,0,"",""
ball,1,30.4,Sri Lanka,TM Dilshan,LD Chandimal,Shahid Afridi,0,0,"",""
ball,1,30.5,Sri Lanka,TM Dilshan,LD Chandimal,Shahid Afridi,1,0,"",""
ball,1,30.6,Sri Lanka,LD Chandimal,TM Dilshan,Shahid Afridi,0,0,lbw,LD Chandimal
ball,1,31.1,Sri Lanka,TM Dilshan,DPMD Jayawardene,Mohammad Hafeez,1,0,"",""
ball,1,31.2,Sri Lanka,DPMD Jayawardene,TM Dilshan,Mohammad Hafeez,0,0,"",""
ball,1,31.3,Sri Lanka,DPMD Jayawardene,TM Dilshan,Mohammad Hafeez,0,0,"",""
ball,1,31.4,Sri Lanka,DPMD Jayawardene,TM Dilshan,Mohammad Hafeez,0,0,"",""
ball,1,31.5,Sri Lanka,DPMD Jayawardene,TM Dilshan,Mohammad Hafeez,0,1,"",""
ball,1,31.6,Sri Lanka,TM Dilshan,DPMD Jayawardene,Mohammad Hafeez,0,0,"",""
ball,1,32.1,Sri Lanka,DPMD Jayawardene,TM Dilshan,Shahid Afridi,0,0,"",""
ball,1,32.2,Sri Lanka,DPMD Jayawardene,TM Dilshan,Shahid Afridi,0,0,"",""
ball,1,32.3,Sri Lanka,DPMD Jayawardene,TM Dilshan,Shahid Afridi,2,0,"",""
ball,1,32.4,Sri Lanka,DPMD Jayawardene,TM Dilshan,Shahid Afridi,0,0,"",""
ball,1,32.5,Sri Lanka,DPMD Jayawardene,TM Dilshan,Shahid Afridi,4,0,"",""
ball,1,32.6,Sri Lanka,DPMD Jayawardene,TM Dilshan,Shahid Afridi,0,1,"",""
ball,1,32.7,Sri Lanka,DPMD Jayawardene,TM Dilshan,Shahid Afridi,1,0,"",""
ball,1,33.1,Sri Lanka,DPMD Jayawardene,TM Dilshan,Mohammad Hafeez,0,0,"",""
ball,1,33.2,Sri Lanka,DPMD Jayawardene,TM Dilshan,Mohammad Hafeez,1,0,"",""
ball,1,33.3,Sri Lanka,TM Dilshan,DPMD Jayawardene,Mohammad Hafeez,0,0,"",""
ball,1,33.4,Sri Lanka,TM Dilshan,DPMD Jayawardene,Mohammad Hafeez,1,0,"",""
ball,1,33.5,Sri Lanka,DPMD Jayawardene,TM Dilshan,Mohammad Hafeez,1,0,"",""
ball,1,33.6,Sri Lanka,TM Dilshan,DPMD Jayawardene,Mohammad Hafeez,1,0,"",""
ball,1,34.1,Sri Lanka,TM Dilshan,DPMD Jayawardene,Saeed Ajmal,1,0,"",""
ball,1,34.2,Sri Lanka,DPMD Jayawardene,TM Dilshan,Saeed Ajmal,1,0,"",""
ball,1,34.3,Sri Lanka,TM Dilshan,DPMD Jayawardene,Saeed Ajmal,2,0,"",""
ball,1,34.4,Sri Lanka,TM Dilshan,DPMD Jayawardene,Saeed Ajmal,0,0,"",""
ball,1,34.5,Sri Lanka,TM Dilshan,DPMD Jayawardene,Saeed Ajmal,0,0,"",""
ball,1,34.6,Sri Lanka,TM Dilshan,DPMD Jayawardene,Saeed Ajmal,1,0,"",""
ball,1,35.1,Sri Lanka,TM Dilshan,DPMD Jayawardene,Mohammad Hafeez,1,0,"",""
ball,1,35.2,Sri Lanka,DPMD Jayawardene,TM Dilshan,Mohammad Hafeez,4,0,"",""
ball,1,35.3,Sri Lanka,DPMD Jayawardene,TM Dilshan,Mohammad Hafeez,4,0,"",""
ball,1,35.4,Sri Lanka,DPMD Jayawardene,TM Dilshan,Mohammad Hafeez,1,0,"",""
ball,1,35.5,Sri Lanka,TM Dilshan,DPMD Jayawardene,Mohammad Hafeez,0,0,"",""
ball,1,35.6,Sri Lanka,TM Dilshan,DPMD Jayawardene,Mohammad Hafeez,0,0,"",""
ball,1,36.1,Sri Lanka,DPMD Jayawardene,TM Dilshan,Saeed Ajmal,1,0,"",""
ball,1,36.2,Sri Lanka,TM Dilshan,DPMD Jayawardene,Saeed Ajmal,4,0,"",""
ball,1,36.3,Sri Lanka,TM Dilshan,DPMD Jayawardene,Saeed Ajmal,1,0,"",""
ball,1,36.4,Sri Lanka,DPMD Jayawardene,TM Dilshan,Saeed Ajmal,0,0,"",""
ball,1,36.5,Sri Lanka,DPMD Jayawardene,TM Dilshan,Saeed Ajmal,0,0,"",""
ball,1,36.6,Sri Lanka,DPMD Jayawardene,TM Dilshan,Saeed Ajmal,0,0,"",""
ball,1,37.1,Sri Lanka,TM Dilshan,DPMD Jayawardene,Umar Gul,1,0,"",""
ball,1,37.2,Sri Lanka,DPMD Jayawardene,TM Dilshan,Umar Gul,1,0,"",""
ball,1,37.3,Sri Lanka,TM Dilshan,DPMD Jayawardene,Umar Gul,0,0,"",""
ball,1,37.4,Sri Lanka,TM Dilshan,DPMD Jayawardene,Umar Gul,1,0,"",""
ball,1,37.5,Sri Lanka,DPMD Jayawardene,TM Dilshan,Umar Gul,0,0,"",""
ball,1,37.6,Sri Lanka,DPMD Jayawardene,TM Dilshan,Umar Gul,4,0,"",""
ball,1,38.1,Sri Lanka,TM Dilshan,DPMD Jayawardene,Saeed Ajmal,0,0,"",""
ball,1,38.2,Sri Lanka,TM Dilshan,DPMD Jayawardene,Saeed Ajmal,0,0,"",""
ball,1,38.3,Sri Lanka,TM Dilshan,DPMD Jayawardene,Saeed Ajmal,0,0,"",""
ball,1,38.4,Sri Lanka,TM Dilshan,DPMD Jayawardene,Saeed Ajmal,1,0,"",""
ball,1,38.5,Sri Lanka,DPMD Jayawardene,TM Dilshan,Saeed Ajmal,0,0,"",""
ball,1,38.6,Sri Lanka,DPMD Jayawardene,TM Dilshan,Saeed Ajmal,1,0,"",""
ball,1,39.1,Sri Lanka,DPMD Jayawardene,TM Dilshan,Shahid Afridi,1,0,"",""
ball,1,39.2,Sri Lanka,TM Dilshan,DPMD Jayawardene,Shahid Afridi,0,0,"",""
ball,1,39.3,Sri Lanka,TM Dilshan,DPMD Jayawardene,Shahid Afridi,0,0,"",""
ball,1,39.4,Sri Lanka,TM Dilshan,DPMD Jayawardene,Shahid Afridi,0,0,"",""
ball,1,39.5,Sri Lanka,TM Dilshan,DPMD Jayawardene,Shahid Afridi,0,0,"",""
ball,1,39.6,Sri Lanka,TM Dilshan,DPMD Jayawardene,Shahid Afridi,1,0,"",""
ball,1,40.1,Sri Lanka,TM Dilshan,DPMD Jayawardene,Saeed Ajmal,1,0,"",""
ball,1,40.2,Sri Lanka,DPMD Jayawardene,TM Dilshan,Saeed Ajmal,4,0,"",""
ball,1,40.3,Sri Lanka,DPMD Jayawardene,TM Dilshan,Saeed Ajmal,0,0,"",""
ball,1,40.4,Sri Lanka,DPMD Jayawardene,TM Dilshan,Saeed Ajmal,0,0,"",""
ball,1,40.5,Sri Lanka,DPMD Jayawardene,TM Dilshan,Saeed Ajmal,0,0,"",""
ball,1,40.6,Sri Lanka,DPMD Jayawardene,TM Dilshan,Saeed Ajmal,0,0,"",""
ball,1,41.1,Sri Lanka,TM Dilshan,DPMD Jayawardene,Shahid Afridi,0,0,"",""
ball,1,41.2,Sri Lanka,TM Dilshan,DPMD Jayawardene,Shahid Afridi,1,0,"",""
ball,1,41.3,Sri Lanka,DPMD Jayawardene,TM Dilshan,Shahid Afridi,2,0,"",""
ball,1,41.4,Sri Lanka,DPMD Jayawardene,TM Dilshan,Shahid Afridi,1,0,"",""
ball,1,41.5,Sri Lanka,TM Dilshan,DPMD Jayawardene,Shahid Afridi,2,0,"",""
ball,1,41.6,Sri Lanka,TM Dilshan,DPMD Jayawardene,Shahid Afridi,1,0,"",""
ball,1,42.1,Sri Lanka,TM Dilshan,DPMD Jayawardene,Umar Gul,2,0,"",""
ball,1,42.2,Sri Lanka,TM Dilshan,DPMD Jayawardene,Umar Gul,1,0,"",""
ball,1,42.3,Sri Lanka,DPMD Jayawardene,TM Dilshan,Umar Gul,2,0,"",""
ball,1,42.4,Sri Lanka,DPMD Jayawardene,TM Dilshan,Umar Gul,1,0,"",""
ball,1,42.5,Sri Lanka,TM Dilshan,DPMD Jayawardene,Umar Gul,0,0,"",""
ball,1,42.6,Sri Lanka,TM Dilshan,DPMD Jayawardene,Umar Gul,1,0,"",""
ball,1,43.1,Sri Lanka,TM Dilshan,DPMD Jayawardene,Saeed Ajmal,1,0,"",""
ball,1,43.2,Sri Lanka,DPMD Jayawardene,TM Dilshan,Saeed Ajmal,1,0,"",""
ball,1,43.3,Sri Lanka,TM Dilshan,DPMD Jayawardene,Saeed Ajmal,0,0,"",""
ball,1,43.4,Sri Lanka,TM Dilshan,DPMD Jayawardene,Saeed Ajmal,1,0,"",""
ball,1,43.5,Sri Lanka,DPMD Jayawardene,TM Dilshan,Saeed Ajmal,2,0,"",""
ball,1,43.6,Sri Lanka,DPMD Jayawardene,TM Dilshan,Saeed Ajmal,0,0,"",""
ball,1,44.1,Sri Lanka,TM Dilshan,DPMD Jayawardene,Umar Gul,1,0,"",""
ball,1,44.2,Sri Lanka,DPMD Jayawardene,TM Dilshan,Umar Gul,0,0,"",""
ball,1,44.3,Sri Lanka,DPMD Jayawardene,TM Dilshan,Umar Gul,4,0,"",""
ball,1,44.4,Sri Lanka,DPMD Jayawardene,TM Dilshan,Umar Gul,4,0,"",""
ball,1,44.5,Sri Lanka,DPMD Jayawardene,TM Dilshan,Umar Gul,1,0,"",""
ball,1,44.6,Sri Lanka,TM Dilshan,DPMD Jayawardene,Umar Gul,1,0,"",""
ball,1,45.1,Sri Lanka,TM Dilshan,DPMD Jayawardene,Saeed Ajmal,0,0,"",""
ball,1,45.2,Sri Lanka,TM Dilshan,DPMD Jayawardene,Saeed Ajmal,1,0,"",""
ball,1,45.3,Sri Lanka,DPMD Jayawardene,TM Dilshan,Saeed Ajmal,4,0,"",""
ball,1,45.4,Sri Lanka,DPMD Jayawardene,TM Dilshan,Saeed Ajmal,0,0,bowled,DPMD Jayawardene
ball,1,45.5,Sri Lanka,NLTC Perera,TM Dilshan,Saeed Ajmal,0,0,"",""
ball,1,45.6,Sri Lanka,NLTC Perera,TM Dilshan,Saeed Ajmal,0,0,"",""
ball,1,46.1,Sri Lanka,TM Dilshan,NLTC Perera,Sohail Tanvir,6,0,"",""
ball,1,46.2,Sri Lanka,TM Dilshan,NLTC Perera,Sohail Tanvir,0,0,"",""
ball,1,46.3,Sri Lanka,TM Dilshan,NLTC Perera,Sohail Tanvir,1,0,"",""
ball,1,46.4,Sri Lanka,NLTC Perera,TM Dilshan,Sohail Tanvir,4,0,"",""
ball,1,46.5,Sri Lanka,NLTC Perera,TM Dilshan,Sohail Tanvir,0,1,"",""
ball,1,46.6,Sri Lanka,TM Dilshan,NLTC Perera,Sohail Tanvir,0,0,"",""
ball,1,47.1,Sri Lanka,NLTC Perera,TM Dilshan,Saeed Ajmal,0,0,"",""
ball,1,47.2,Sri Lanka,NLTC Perera,TM Dilshan,Saeed Ajmal,4,0,"",""
ball,1,47.3,Sri Lanka,NLTC Perera,TM Dilshan,Saeed Ajmal,1,0,"",""
ball,1,47.4,Sri Lanka,TM Dilshan,NLTC Perera,Saeed Ajmal,2,0,"",""
ball,1,47.5,Sri Lanka,TM Dilshan,NLTC Perera,Saeed Ajmal,1,0,"",""
ball,1,47.6,Sri Lanka,NLTC Perera,TM Dilshan,Saeed Ajmal,6,0,"",""
ball,1,48.1,Sri Lanka,TM Dilshan,NLTC Perera,Umar Gul,0,0,"",""
ball,1,48.2,Sri Lanka,TM Dilshan,NLTC Perera,Umar Gul,1,0,"",""
ball,1,48.3,Sri Lanka,NLTC Perera,TM Dilshan,Umar Gul,1,0,"",""
ball,1,48.4,Sri Lanka,TM Dilshan,NLTC Perera,Umar Gul,1,0,"",""
ball,1,48.5,Sri Lanka,NLTC Perera,TM Dilshan,Umar Gul,6,0,"",""
ball,1,48.6,Sri Lanka,NLTC Perera,TM Dilshan,Umar Gul,0,0,"",""
ball,1,49.1,Sri Lanka,TM Dilshan,NLTC Perera,Sohail Tanvir,1,0,"",""
ball,1,49.2,Sri Lanka,NLTC Perera,TM Dilshan,Sohail Tanvir,1,0,"",""
ball,1,49.3,Sri Lanka,TM Dilshan,NLTC Perera,Sohail Tanvir,0,1,"",""
ball,1,49.4,Sri Lanka,NLTC Perera,TM Dilshan,Sohail Tanvir,0,0,"",""
ball,1,49.5,Sri Lanka,NLTC Perera,TM Dilshan,Sohail Tanvir,1,0,"",""
ball,1,49.6,Sri Lanka,TM Dilshan,NLTC Perera,Sohail Tanvir,1,0,"",""
ball,2,0.1,Pakistan,Mohammad Hafeez,Azhar Ali,KMDN Kulasekara,0,0,"",""
ball,2,0.2,Pakistan,Mohammad Hafeez,Azhar Ali,KMDN Kulasekara,0,0,"",""
ball,2,0.3,Pakistan,Mohammad Hafeez,Azhar Ali,KMDN Kulasekara,0,0,"",""
ball,2,0.4,Pakistan,Mohammad Hafeez,Azhar Ali,KMDN Kulasekara,0,0,"",""
ball,2,0.5,Pakistan,Mohammad Hafeez,Azhar Ali,KMDN Kulasekara,0,0,"",""
ball,2,0.6,Pakistan,Mohammad Hafeez,Azhar Ali,KMDN Kulasekara,0,0,"",""
ball,2,1.1,Pakistan,Azhar Ali,Mohammad Hafeez,SL Malinga,0,0,"",""
ball,2,1.2,Pakistan,Azhar Ali,Mohammad Hafeez,SL Malinga,0,0,"",""
ball,2,1.3,Pakistan,Azhar Ali,Mohammad Hafeez,SL Malinga,0,0,"",""
ball,2,1.4,Pakistan,Azhar Ali,Mohammad Hafeez,SL Malinga,0,0,"",""
ball,2,1.5,Pakistan,Azhar Ali,Mohammad Hafeez,SL Malinga,0,0,"",""
ball,2,1.6,Pakistan,Azhar Ali,Mohammad Hafeez,SL Malinga,0,0,"",""
ball,2,2.1,Pakistan,Mohammad Hafeez,Azhar Ali,KMDN Kulasekara,0,0,"",""
ball,2,2.2,Pakistan,Mohammad Hafeez,Azhar Ali,KMDN Kulasekara,0,0,"",""
ball,2,2.3,Pakistan,Mohammad Hafeez,Azhar Ali,KMDN Kulasekara,0,0,"",""
ball,2,2.4,Pakistan,Mohammad Hafeez,Azhar Ali,KMDN Kulasekara,4,0,"",""
ball,2,2.5,Pakistan,Mohammad Hafeez,Azhar Ali,KMDN Kulasekara,0,0,"",""
ball,2,2.6,Pakistan,Mohammad Hafeez,Azhar Ali,KMDN Kulasekara,0,0,"",""
ball,2,3.1,Pakistan,Azhar Ali,Mohammad Hafeez,SL Malinga,4,0,"",""
ball,2,3.2,Pakistan,Azhar Ali,Mohammad Hafeez,SL Malinga,4,0,"",""
ball,2,3.3,Pakistan,Azhar Ali,Mohammad Hafeez,SL Malinga,0,0,"",""
ball,2,3.4,Pakistan,Azhar Ali,Mohammad Hafeez,SL Malinga,0,0,"",""
ball,2,3.5,Pakistan,Azhar Ali,Mohammad Hafeez,SL Malinga,2,0,"",""
ball,2,3.6,Pakistan,Azhar Ali,Mohammad Hafeez,SL Malinga,0,0,"",""
ball,2,4.1,Pakistan,Mohammad Hafeez,Azhar Ali,KMDN Kulasekara,0,0,"",""
ball,2,4.2,Pakistan,Mohammad Hafeez,Azhar Ali,KMDN Kulasekara,0,0,"",""
ball,2,4.3,Pakistan,Mohammad Hafeez,Azhar Ali,KMDN Kulasekara,3,0,"",""
ball,2,4.4,Pakistan,Azhar Ali,Mohammad Hafeez,KMDN Kulasekara,4,0,"",""
ball,2,4.5,Pakistan,Azhar Ali,Mohammad Hafeez,KMDN Kulasekara,4,0,"",""
ball,2,4.6,Pakistan,Azhar Ali,Mohammad Hafeez,KMDN Kulasekara,1,0,"",""
ball,2,5.1,Pakistan,Azhar Ali,Mohammad Hafeez,AD Mathews,4,0,"",""
ball,2,5.2,Pakistan,Azhar Ali,Mohammad Hafeez,AD Mathews,0,0,"",""
ball,2,5.3,Pakistan,Azhar Ali,Mohammad Hafeez,AD Mathews,0,0,"",""
ball,2,5.4,Pakistan,Azhar Ali,Mohammad Hafeez,AD Mathews,0,0,"",""
ball,2,5.5,Pakistan,Azhar Ali,Mohammad Hafeez,AD Mathews,0,0,"",""
ball,2,5.6,Pakistan,Azhar Ali,Mohammad Hafeez,AD Mathews,0,0,"",""
ball,2,6.1,Pakistan,Mohammad Hafeez,Azhar Ali,KMDN Kulasekara,2,0,"",""
ball,2,6.2,Pakistan,Mohammad Hafeez,Azhar Ali,KMDN Kulasekara,0,0,"",""
ball,2,6.3,Pakistan,Mohammad Hafeez,Azhar Ali,KMDN Kulasekara,2,0,"",""
ball,2,6.4,Pakistan,Mohammad Hafeez,Azhar Ali,KMDN Kulasekara,0,0,"",""
ball,2,6.5,Pakistan,Mohammad Hafeez,Azhar Ali,KMDN Kulasekara,0,0,"",""
ball,2,6.6,Pakistan,Mohammad Hafeez,Azhar Ali,KMDN Kulasekara,0,0,"",""
ball,2,7.1,Pakistan,Azhar Ali,Mohammad Hafeez,AD Mathews,0,0,"",""
ball,2,7.2,Pakistan,Azhar Ali,Mohammad Hafeez,AD Mathews,0,0,"",""
ball,2,7.3,Pakistan,Azhar Ali,Mohammad Hafeez,AD Mathews,1,0,"",""
ball,2,7.4,Pakistan,Mohammad Hafeez,Azhar Ali,AD Mathews,0,0,"",""
ball,2,7.5,Pakistan,Mohammad Hafeez,Azhar Ali,AD Mathews,0,0,"",""
ball,2,7.6,Pakistan,Mohammad Hafeez,Azhar Ali,AD Mathews,2,0,"",""
ball,2,8.1,Pakistan,Azhar Ali,Mohammad Hafeez,KMDN Kulasekara,0,0,"",""
ball,2,8.2,Pakistan,Azhar Ali,Mohammad Hafeez,KMDN Kulasekara,0,0,"",""
ball,2,8.3,Pakistan,Azhar Ali,Mohammad Hafeez,KMDN Kulasekara,1,0,"",""
ball,2,8.4,Pakistan,Mohammad Hafeez,Azhar Ali,KMDN Kulasekara,0,0,"",""
ball,2,8.5,Pakistan,Mohammad Hafeez,Azhar Ali,KMDN Kulasekara,0,0,"",""
ball,2,8.6,Pakistan,Mohammad Hafeez,Azhar Ali,KMDN Kulasekara,0,0,"",""
ball,2,9.1,Pakistan,Azhar Ali,Mohammad Hafeez,AD Mathews,4,0,"",""
ball,2,9.2,Pakistan,Azhar Ali,Mohammad Hafeez,AD Mathews,0,0,"",""
ball,2,9.3,Pakistan,Azhar Ali,Mohammad Hafeez,AD Mathews,1,0,"",""
ball,2,9.4,Pakistan,Mohammad Hafeez,Azhar Ali,AD Mathews,1,0,"",""
ball,2,9.5,Pakistan,Azhar Ali,Mohammad Hafeez,AD Mathews,0,0,"",""
ball,2,9.6,Pakistan,Azhar Ali,Mohammad Hafeez,AD Mathews,4,0,"",""
ball,2,10.1,Pakistan,Mohammad Hafeez,Azhar Ali,NLTC Perera,0,0,caught and bowled,Mohammad Hafeez
ball,2,10.2,Pakistan,Younis Khan,Azhar Ali,NLTC Perera,0,0,"",""
ball,2,10.3,Pakistan,Younis Khan,Azhar Ali,NLTC Perera,0,0,"",""
ball,2,10.4,Pakistan,Younis Khan,Azhar Ali,NLTC Perera,1,0,"",""
ball,2,10.5,Pakistan,Azhar Ali,Younis Khan,NLTC Perera,1,0,"",""
ball,2,10.6,Pakistan,Younis Khan,Azhar Ali,NLTC Perera,0,0,"",""
ball,2,11.1,Pakistan,Azhar Ali,Younis Khan,AD Mathews,4,0,"",""
ball,2,11.2,Pakistan,Azhar Ali,Younis Khan,AD Mathews,0,0,"",""
ball,2,11.3,Pakistan,Azhar Ali,Younis Khan,AD Mathews,1,0,"",""
ball,2,11.4,Pakistan,Younis Khan,Azhar Ali,AD Mathews,0,0,"",""
ball,2,11.5,Pakistan,Younis Khan,Azhar Ali,AD Mathews,0,0,"",""
ball,2,11.6,Pakistan,Younis Khan,Azhar Ali,AD Mathews,0,0,"",""
ball,2,12.1,Pakistan,Azhar Ali,Younis Khan,NLTC Perera,0,0,"",""
ball,2,12.2,Pakistan,Azhar Ali,Younis Khan,NLTC Perera,0,0,"",""
ball,2,12.3,Pakistan,Azhar Ali,Younis Khan,NLTC Perera,0,0,"",""
ball,2,12.4,Pakistan,Azhar Ali,Younis Khan,NLTC Perera,2,0,"",""
ball,2,12.5,Pakistan,Azhar Ali,Younis Khan,NLTC Perera,0,0,"",""
ball,2,12.6,Pakistan,Azhar Ali,Younis Khan,NLTC Perera,1,0,"",""
ball,2,13.1,Pakistan,Azhar Ali,Younis Khan,HMRKB Herath,1,0,"",""
ball,2,13.2,Pakistan,Younis Khan,Azhar Ali,HMRKB Herath,0,0,"",""
ball,2,13.3,Pakistan,Younis Khan,Azhar Ali,HMRKB Herath,1,0,"",""
ball,2,13.4,Pakistan,Azhar Ali,Younis Khan,HMRKB Herath,2,0,"",""
ball,2,13.5,Pakistan,Azhar Ali,Younis Khan,HMRKB Herath,0,0,"",""
ball,2,13.6,Pakistan,Azhar Ali,Younis Khan,HMRKB Herath,1,0,"",""
ball,2,14.1,Pakistan,Azhar Ali,Younis Khan,NLTC Perera,0,0,"",""
ball,2,14.2,Pakistan,Azhar Ali,Younis Khan,NLTC Perera,2,0,"",""
ball,2,14.3,Pakistan,Azhar Ali,Younis Khan,NLTC Perera,0,0,"",""
ball,2,14.4,Pakistan,Azhar Ali,Younis Khan,NLTC Perera,4,0,"",""
ball,2,14.5,Pakistan,Azhar Ali,Younis Khan,NLTC Perera,0,0,"",""
ball,2,14.6,Pakistan,Azhar Ali,Younis Khan,NLTC Perera,1,0,"",""
ball,2,15.1,Pakistan,Azhar Ali,Younis Khan,HMRKB Herath,1,0,"",""
ball,2,15.2,Pakistan,Younis Khan,Azhar Ali,HMRKB Herath,1,0,"",""
ball,2,15.3,Pakistan,Azhar Ali,Younis Khan,HMRKB Herath,0,0,"",""
ball,2,15.4,Pakistan,Azhar Ali,Younis Khan,HMRKB Herath,0,0,"",""
ball,2,15.5,Pakistan,Azhar Ali,Younis Khan,HMRKB Herath,0,0,"",""
ball,2,15.6,Pakistan,Azhar Ali,Younis Khan,HMRKB Herath,0,0,"",""
ball,2,16.1,Pakistan,Younis Khan,Azhar Ali,NLTC Perera,0,0,"",""
ball,2,16.2,Pakistan,Younis Khan,Azhar Ali,NLTC Perera,1,0,"",""
ball,2,16.3,Pakistan,Azhar Ali,Younis Khan,NLTC Perera,4,0,"",""
ball,2,16.4,Pakistan,Azhar Ali,Younis Khan,NLTC Perera,1,0,"",""
ball,2,16.5,Pakistan,Younis Khan,Azhar Ali,NLTC Perera,0,0,caught,Younis Khan
ball,2,16.6,Pakistan,Misbah-ul-Haq,Azhar Ali,NLTC Perera,0,0,"",""
ball,2,17.1,Pakistan,Azhar Ali,Misbah-ul-Haq,SL Malinga,1,0,"",""
ball,2,17.2,Pakistan,Misbah-ul-Haq,Azhar Ali,SL Malinga,1,0,"",""
ball,2,17.3,Pakistan,Azhar Ali,Misbah-ul-Haq,SL Malinga,1,0,"",""
ball,2,17.4,Pakistan,Misbah-ul-Haq,Azhar Ali,SL Malinga,1,0,"",""
ball,2,17.5,Pakistan,Azhar Ali,Misbah-ul-Haq,SL Malinga,0,0,"",""
ball,2,17.6,Pakistan,Azhar Ali,Misbah-ul-Haq,SL Malinga,0,0,"",""
ball,2,18.1,Pakistan,Misbah-ul-Haq,Azhar Ali,NLTC Perera,4,0,"",""
ball,2,18.2,Pakistan,Misbah-ul-Haq,Azhar Ali,NLTC Perera,1,0,"",""
ball,2,18.3,Pakistan,Azhar Ali,Misbah-ul-Haq,NLTC Perera,0,0,"",""
ball,2,18.4,Pakistan,Azhar Ali,Misbah-ul-Haq,NLTC Perera,1,0,"",""
ball,2,18.5,Pakistan,Misbah-ul-Haq,Azhar Ali,NLTC Perera,0,0,"",""
ball,2,18.6,Pakistan,Misbah-ul-Haq,Azhar Ali,NLTC Perera,0,0,"",""
ball,2,19.1,Pakistan,Azhar Ali,Misbah-ul-Haq,SL Malinga,0,0,"",""
ball,2,19.2,Pakistan,Azhar Ali,Misbah-ul-Haq,SL Malinga,4,0,"",""
ball,2,19.3,Pakistan,Azhar Ali,Misbah-ul-Haq,SL Malinga,0,1,"",""
ball,2,19.4,Pakistan,Misbah-ul-Haq,Azhar Ali,SL Malinga,2,0,"",""
ball,2,19.5,Pakistan,Misbah-ul-Haq,Azhar Ali,SL Malinga,1,0,"",""
ball,2,19.6,Pakistan,Azhar Ali,Misbah-ul-Haq,SL Malinga,0,0,"",""
ball,2,20.1,Pakistan,Misbah-ul-Haq,Azhar Ali,KMDN Kulasekara,0,0,"",""
ball,2,20.2,Pakistan,Misbah-ul-Haq,Azhar Ali,KMDN Kulasekara,1,0,"",""
ball,2,20.3,Pakistan,Azhar Ali,Misbah-ul-Haq,KMDN Kulasekara,1,0,"",""
ball,2,20.4,Pakistan,Misbah-ul-Haq,Azhar Ali,KMDN Kulasekara,1,0,"",""
ball,2,20.5,Pakistan,Azhar Ali,Misbah-ul-Haq,KMDN Kulasekara,0,0,"",""
ball,2,20.6,Pakistan,Azhar Ali,Misbah-ul-Haq,KMDN Kulasekara,0,0,"",""
ball,2,21.1,Pakistan,Misbah-ul-Haq,Azhar Ali,AD Mathews,0,0,"",""
ball,2,21.2,Pakistan,Misbah-ul-Haq,Azhar Ali,AD Mathews,2,0,"",""
ball,2,21.3,Pakistan,Misbah-ul-Haq,Azhar Ali,AD Mathews,0,0,"",""
ball,2,21.4,Pakistan,Misbah-ul-Haq,Azhar Ali,AD Mathews,0,0,"",""
ball,2,21.5,Pakistan,Misbah-ul-Haq,Azhar Ali,AD Mathews,1,0,"",""
ball,2,21.6,Pakistan,Azhar Ali,Misbah-ul-Haq,AD Mathews,0,0,"",""
ball,2,22.1,Pakistan,Misbah-ul-Haq,Azhar Ali,HMRKB Herath,1,0,"",""
ball,2,22.2,Pakistan,Azhar Ali,Misbah-ul-Haq,HMRKB Herath,0,0,"",""
ball,2,22.3,Pakistan,Azhar Ali,Misbah-ul-Haq,HMRKB Herath,0,0,"",""
ball,2,22.4,Pakistan,Azhar Ali,Misbah-ul-Haq,HMRKB Herath,2,0,"",""
ball,2,22.5,Pakistan,Azhar Ali,Misbah-ul-Haq,HMRKB Herath,1,0,"",""
ball,2,22.6,Pakistan,Misbah-ul-Haq,Azhar Ali,HMRKB Herath,1,0,"",""
ball,2,23.1,Pakistan,Misbah-ul-Haq,Azhar Ali,AD Mathews,2,0,"",""
ball,2,23.2,Pakistan,Misbah-ul-Haq,Azhar Ali,AD Mathews,0,0,"",""
ball,2,23.3,Pakistan,Misbah-ul-Haq,Azhar Ali,AD Mathews,1,0,"",""
ball,2,23.4,Pakistan,Azhar Ali,Misbah-ul-Haq,AD Mathews,0,0,"",""
ball,2,23.5,Pakistan,Azhar Ali,Misbah-ul-Haq,AD Mathews,0,0,"",""
ball,2,23.6,Pakistan,Azhar Ali,Misbah-ul-Haq,AD Mathews,1,0,"",""
ball,2,24.1,Pakistan,Azhar Ali,Misbah-ul-Haq,HMRKB Herath,0,0,"",""
ball,2,24.2,Pakistan,Azhar Ali,Misbah-ul-Haq,HMRKB Herath,1,0,"",""
ball,2,24.3,Pakistan,Misbah-ul-Haq,Azhar Ali,HMRKB Herath,1,0,"",""
ball,2,24.4,Pakistan,Azhar Ali,Misbah-ul-Haq,HMRKB Herath,1,0,"",""
ball,2,24.5,Pakistan,Misbah-ul-Haq,Azhar Ali,HMRKB Herath,0,0,"",""
ball,2,24.6,Pakistan,Misbah-ul-Haq,Azhar Ali,HMRKB Herath,1,0,"",""
ball,2,25.1,Pakistan,Misbah-ul-Haq,Azhar Ali,AD Mathews,0,0,"",""
ball,2,25.2,Pakistan,Misbah-ul-Haq,Azhar Ali,AD Mathews,0,0,"",""
ball,2,25.3,Pakistan,Misbah-ul-Haq,Azhar Ali,AD Mathews,0,0,"",""
ball,2,25.4,Pakistan,Misbah-ul-Haq,Azhar Ali,AD Mathews,1,0,"",""
ball,2,25.5,Pakistan,Azhar Ali,Misbah-ul-Haq,AD Mathews,0,0,"",""
ball,2,25.6,Pakistan,Azhar Ali,Misbah-ul-Haq,AD Mathews,1,0,"",""
ball,2,26.1,Pakistan,Azhar Ali,Misbah-ul-Haq,HMRKB Herath,1,0,"",""
ball,2,26.2,Pakistan,Misbah-ul-Haq,Azhar Ali,HMRKB Herath,1,0,"",""
ball,2,26.3,Pakistan,Azhar Ali,Misbah-ul-Haq,HMRKB Herath,1,0,"",""
ball,2,26.4,Pakistan,Misbah-ul-Haq,Azhar Ali,HMRKB Herath,0,0,"",""
ball,2,26.5,Pakistan,Misbah-ul-Haq,Azhar Ali,HMRKB Herath,1,0,"",""
ball,2,26.6,Pakistan,Azhar Ali,Misbah-ul-Haq,HMRKB Herath,1,0,"",""
ball,2,27.1,Pakistan,Azhar Ali,Misbah-ul-Haq,AD Mathews,1,0,"",""
ball,2,27.2,Pakistan,Misbah-ul-Haq,Azhar Ali,AD Mathews,1,0,"",""
ball,2,27.3,Pakistan,Azhar Ali,Misbah-ul-Haq,AD Mathews,1,0,"",""
ball,2,27.4,Pakistan,Misbah-ul-Haq,Azhar Ali,AD Mathews,1,0,"",""
ball,2,27.5,Pakistan,Azhar Ali,Misbah-ul-Haq,AD Mathews,0,0,"",""
ball,2,27.6,Pakistan,Azhar Ali,Misbah-ul-Haq,AD Mathews,1,0,"",""
ball,2,28.1,Pakistan,Azhar Ali,Misbah-ul-Haq,HMRKB Herath,0,0,"",""
ball,2,28.2,Pakistan,Azhar Ali,Misbah-ul-Haq,HMRKB Herath,0,0,"",""
ball,2,28.3,Pakistan,Azhar Ali,Misbah-ul-Haq,HMRKB Herath,0,0,"",""
ball,2,28.4,Pakistan,Azhar Ali,Misbah-ul-Haq,HMRKB Herath,0,0,"",""
ball,2,28.5,Pakistan,Azhar Ali,Misbah-ul-Haq,HMRKB Herath,0,0,"",""
ball,2,28.6,Pakistan,Azhar Ali,Misbah-ul-Haq,HMRKB Herath,0,0,"",""
ball,2,29.1,Pakistan,Misbah-ul-Haq,Azhar Ali,NLTC Perera,0,0,lbw,Misbah-ul-Haq
ball,2,29.2,Pakistan,Umar Akmal,Azhar Ali,NLTC Perera,0,0,"",""
ball,2,29.3,Pakistan,Umar Akmal,Azhar Ali,NLTC Perera,1,0,"",""
ball,2,29.4,Pakistan,Azhar Ali,Umar Akmal,NLTC Perera,0,0,"",""
ball,2,29.5,Pakistan,Azhar Ali,Umar Akmal,NLTC Perera,1,0,"",""
ball,2,29.6,Pakistan,Umar Akmal,Azhar Ali,NLTC Perera,0,0,"",""
ball,2,30.1,Pakistan,Azhar Ali,Umar Akmal,HMRKB Herath,0,0,"",""
ball,2,30.2,Pakistan,Azhar Ali,Umar Akmal,HMRKB Herath,0,0,"",""
ball,2,30.3,Pakistan,Azhar Ali,Umar Akmal,HMRKB Herath,1,0,"",""
ball,2,30.4,Pakistan,Umar Akmal,Azhar Ali,HMRKB Herath,0,0,"",""
ball,2,30.5,Pakistan,Umar Akmal,Azhar Ali,HMRKB Herath,1,0,"",""
ball,2,30.6,Pakistan,Azhar Ali,Umar Akmal,HMRKB Herath,0,1,"",""
ball,2,31.1,Pakistan,Azhar Ali,Umar Akmal,NLTC Perera,1,0,"",""
ball,2,31.2,Pakistan,Umar Akmal,Azhar Ali,NLTC Perera,1,0,"",""
ball,2,31.3,Pakistan,Azhar Ali,Umar Akmal,NLTC Perera,2,0,"",""
ball,2,31.4,Pakistan,Azhar Ali,Umar Akmal,NLTC Perera,0,0,"",""
ball,2,31.5,Pakistan,Azhar Ali,Umar Akmal,NLTC Perera,0,0,"",""
ball,2,31.6,Pakistan,Azhar Ali,Umar Akmal,NLTC Perera,1,0,"",""
ball,2,32.1,Pakistan,Azhar Ali,Umar Akmal,HMRKB Herath,0,0,"",""
ball,2,32.2,Pakistan,Azhar Ali,Umar Akmal,HMRKB Herath,1,0,"",""
ball,2,32.3,Pakistan,Umar Akmal,Azhar Ali,HMRKB Herath,0,0,"",""
ball,2,32.4,Pakistan,Umar Akmal,Azhar Ali,HMRKB Herath,0,0,"",""
ball,2,32.5,Pakistan,Umar Akmal,Azhar Ali,HMRKB Herath,0,0,"",""
ball,2,32.6,Pakistan,Umar Akmal,Azhar Ali,HMRKB Herath,0,0,"",""
ball,2,33.1,Pakistan,Azhar Ali,Umar Akmal,NLTC Perera,1,0,"",""
ball,2,33.2,Pakistan,Umar Akmal,Azhar Ali,NLTC Perera,0,0,caught,Umar Akmal
ball,2,33.3,Pakistan,Shahid Afridi,Azhar Ali,NLTC Perera,4,0,"",""
ball,2,33.4,Pakistan,Shahid Afridi,Azhar Ali,NLTC Perera,0,0,"",""
ball,2,33.5,Pakistan,Shahid Afridi,Azhar Ali,NLTC Perera,1,0,"",""
ball,2,33.6,Pakistan,Azhar Ali,Shahid Afridi,NLTC Perera,0,0,"",""
ball,2,34.1,Pakistan,Shahid Afridi,Azhar Ali,HMRKB Herath,1,0,"",""
ball,2,34.2,Pakistan,Azhar Ali,Shahid Afridi,HMRKB Herath,1,0,"",""
ball,2,34.3,Pakistan,Shahid Afridi,Azhar Ali,HMRKB Herath,1,0,"",""
ball,2,34.4,Pakistan,Azhar Ali,Shahid Afridi,HMRKB Herath,1,0,"",""
ball,2,34.5,Pakistan,Shahid Afridi,Azhar Ali,HMRKB Herath,0,0,"",""
ball,2,34.6,Pakistan,Shahid Afridi,Azhar Ali,HMRKB Herath,1,0,"",""
ball,2,35.1,Pakistan,Shahid Afridi,Azhar Ali,SL Malinga,0,0,"",""
ball,2,35.2,Pakistan,Shahid Afridi,Azhar Ali,SL Malinga,0,0,"",""
ball,2,35.3,Pakistan,Shahid Afridi,Azhar Ali,SL Malinga,1,0,"",""
ball,2,35.4,Pakistan,Azhar Ali,Shahid Afridi,SL Malinga,1,0,"",""
ball,2,35.5,Pakistan,Shahid Afridi,Azhar Ali,SL Malinga,1,0,"",""
ball,2,35.6,Pakistan,Azhar Ali,Shahid Afridi,SL Malinga,0,0,"",""
ball,2,36.1,Pakistan,Shahid Afridi,Azhar Ali,KMDN Kulasekara,1,0,"",""
ball,2,36.2,Pakistan,Azhar Ali,Shahid Afridi,KMDN Kulasekara,4,0,"",""
ball,2,36.3,Pakistan,Azhar Ali,Shahid Afridi,KMDN Kulasekara,0,0,bowled,Azhar Ali
ball,2,36.4,Pakistan,Sarfraz Ahmed,Shahid Afridi,KMDN Kulasekara,1,0,"",""
ball,2,36.5,Pakistan,Shahid Afridi,Sarfraz Ahmed,KMDN Kulasekara,1,0,"",""
ball,2,36.6,Pakistan,Sarfraz Ahmed,Shahid Afridi,KMDN Kulasekara,0,0,"",""
ball,2,37.1,Pakistan,Shahid Afridi,Sarfraz Ahmed,SL Malinga,1,0,"",""
ball,2,37.2,Pakistan,Sarfraz Ahmed,Shahid Afridi,SL Malinga,1,0,"",""
ball,2,37.3,Pakistan,Shahid Afridi,Sarfraz Ahmed,SL Malinga,4,0,"",""
ball,2,37.4,Pakistan,Shahid Afridi,Sarfraz Ahmed,SL Malinga,0,0,caught,Shahid Afridi
ball,2,37.5,Pakistan,Sohail Tanvir,Sarfraz Ahmed,SL Malinga,1,0,"",""
ball,2,37.6,Pakistan,Sarfraz Ahmed,Sohail Tanvir,SL Malinga,0,0,"",""
ball,2,38.1,Pakistan,Sohail Tanvir,Sarfraz Ahmed,KMDN Kulasekara,0,0,"",""
ball,2,38.2,Pakistan,Sohail Tanvir,Sarfraz Ahmed,KMDN Kulasekara,1,0,"",""
ball,2,38.3,Pakistan,Sarfraz Ahmed,Sohail Tanvir,KMDN Kulasekara,1,0,"",""
ball,2,38.4,Pakistan,Sohail Tanvir,Sarfraz Ahmed,KMDN Kulasekara,0,0,"",""
ball,2,38.5,Pakistan,Sohail Tanvir,Sarfraz Ahmed,KMDN Kulasekara,0,0,"",""
ball,2,38.6,Pakistan,Sohail Tanvir,Sarfraz Ahmed,KMDN Kulasekara,0,0,"",""
ball,2,39.1,Pakistan,Sarfraz Ahmed,Sohail Tanvir,SL Malinga,0,0,"",""
ball,2,39.2,Pakistan,Sarfraz Ahmed,Sohail Tanvir,SL Malinga,0,0,"",""
ball,2,39.3,Pakistan,Sarfraz Ahmed,Sohail Tanvir,SL Malinga,1,0,"",""
ball,2,39.4,Pakistan,Sohail Tanvir,Sarfraz Ahmed,SL Malinga,0,0,"",""
ball,2,39.5,Pakistan,Sohail Tanvir,Sarfraz Ahmed,SL Malinga,0,0,"",""
ball,2,39.6,Pakistan,Sohail Tanvir,Sarfraz Ahmed,SL Malinga,1,0,"",""
ball,2,40.1,Pakistan,Sohail Tanvir,Sarfraz Ahmed,NLTC Perera,0,0,caught,Sohail Tanvir
ball,2,40.2,Pakistan,Sarfraz Ahmed,Umar Gul,NLTC Perera,0,0,"",""
ball,2,40.3,Pakistan,Sarfraz Ahmed,Umar Gul,NLTC Perera,0,0,"",""
ball,2,40.4,Pakistan,Sarfraz Ahmed,Umar Gul,NLTC Perera,0,0,"",""
ball,2,40.5,Pakistan,Sarfraz Ahmed,Umar Gul,NLTC Perera,0,0,"",""
ball,2,40.6,Pakistan,Sarfraz Ahmed,Umar Gul,NLTC Perera,1,0,"",""
ball,2,41.1,Pakistan,Sarfraz Ahmed,Umar Gul,AD Mathews,1,0,"",""
ball,2,41.2,Pakistan,Umar Gul,Sarfraz Ahmed,AD Mathews,0,0,"",""
ball,2,41.3,Pakistan,Umar Gul,Sarfraz Ahmed,AD Mathews,0,0,"",""
ball,2,41.4,Pakistan,Umar Gul,Sarfraz Ahmed,AD Mathews,0,0,"",""
ball,2,41.5,Pakistan,Umar Gul,Sarfraz Ahmed,AD Mathews,0,0,"",""
ball,2,41.6,Pakistan,Umar Gul,Sarfraz Ahmed,AD Mathews,2,0,"",""
ball,2,42.1,Pakistan,Sarfraz Ahmed,Umar Gul,HMRKB Herath,0,0,"",""
ball,2,42.2,Pakistan,Sarfraz Ahmed,Umar Gul,HMRKB Herath,0,0,"",""
ball,2,42.3,Pakistan,Sarfraz Ahmed,Umar Gul,HMRKB Herath,4,0,"",""
ball,2,42.4,Pakistan,Sarfraz Ahmed,Umar Gul,HMRKB Herath,1,0,"",""
ball,2,42.5,Pakistan,Umar Gul,Sarfraz Ahmed,HMRKB Herath,2,0,"",""
ball,2,42.6,Pakistan,Umar Gul,Sarfraz Ahmed,HMRKB Herath,1,0,"",""
ball,2,43.1,Pakistan,Umar Gul,Sarfraz Ahmed,AD Mathews,6,0,"",""
ball,2,43.2,Pakistan,Umar Gul,Sarfraz Ahmed,AD Mathews,0,0,"",""
ball,2,43.3,Pakistan,Umar Gul,Sarfraz Ahmed,AD Mathews,1,0,"",""
ball,2,43.4,Pakistan,Sarfraz Ahmed,Umar Gul,AD Mathews,1,0,"",""
ball,2,43.5,Pakistan,Umar Gul,Sarfraz Ahmed,AD Mathews,1,0,"",""
ball,2,43.6,Pakistan,Sarfraz Ahmed,Umar Gul,AD Mathews,0,0,"",""
ball,2,44.1,Pakistan,Umar Gul,Sarfraz Ahmed,NLTC Perera,1,0,"",""
ball,2,44.2,Pakistan,Sarfraz Ahmed,Umar Gul,NLTC Perera,4,0,"",""
ball,2,44.3,Pakistan,Sarfraz Ahmed,Umar Gul,NLTC Perera,1,0,"",""
ball,2,44.4,Pakistan,Umar Gul,Sarfraz Ahmed,NLTC Perera,0,0,lbw,Umar Gul
ball,2,44.5,Pakistan,Saeed Ajmal,Sarfraz Ahmed,NLTC Perera,0,0,"",""
ball,2,44.6,Pakistan,Saeed Ajmal,Sarfraz Ahmed,NLTC Perera,0,0,"",""
ball,2,45.1,Pakistan,Sarfraz Ahmed,Saeed Ajmal,SL Malinga,0,0,"",""
ball,2,45.2,Pakistan,Sarfraz Ahmed,Saeed Ajmal,SL Malinga,2,0,"",""
ball,2,45.3,Pakistan,Sarfraz Ahmed,Saeed Ajmal,SL Malinga,1,0,"",""
ball,2,45.4,Pakistan,Saeed Ajmal,Sarfraz Ahmed,SL Malinga,0,0,"",""
ball,2,45.5,Pakistan,Saeed Ajmal,Sarfraz Ahmed,SL Malinga,4,0,"",""
ball,2,45.6,Pakistan,Saeed Ajmal,Sarfraz Ahmed,SL Malinga,0,0,caught,Saeed Ajmal
ball,2,46.1,Pakistan,Sarfraz Ahmed,Rahat Ali,KMDN Kulasekara,0,0,"",""
ball,2,46.2,Pakistan,Sarfraz Ahmed,Rahat Ali,KMDN Kulasekara,0,0,lbw,Sarfraz Ahmed
