version,1.3.0
info,team,Sri Lanka
info,team,India
info,gender,male
info,season,2012
info,date,2012/07/31
info,series,India in Sri Lanka ODI Series
info,match_number,4
info,venue,R Premadasa Stadium
info,city,Colombo
info,toss_winner,Sri Lanka
info,toss_decision,bat
info,player_of_match,V Kohli
info,umpire,HDPK Dharmasena
info,umpire,BNJ Oxenford
info,reserve_umpire,RR Wimalasiri
info,tv_umpire,TH Wijewardene
info,match_referee,BC Broad
info,winner,India
info,winner_wickets,6
ball,1,0.1,Sri Lanka,WU Tharanga,TM Dilshan,Z Khan,1,0,"",""
ball,1,0.2,Sri Lanka,TM Dilshan,WU Tharanga,Z Khan,0,1,"",""
ball,1,0.3,Sri Lanka,TM Dilshan,WU Tharanga,Z Khan,4,0,"",""
ball,1,0.4,Sri Lanka,TM Dilshan,WU Tharanga,Z Khan,0,0,"",""
ball,1,0.5,Sri Lanka,TM Dilshan,WU Tharanga,Z Khan,0,0,"",""
ball,1,0.6,Sri Lanka,TM Dilshan,WU Tharanga,Z Khan,0,0,"",""
ball,1,0.7,Sri Lanka,TM Dilshan,WU Tharanga,Z Khan,0,0,"",""
ball,1,1.1,Sri Lanka,WU Tharanga,TM Dilshan,IK Pathan,0,0,"",""
ball,1,1.2,Sri Lanka,WU Tharanga,TM Dilshan,IK Pathan,1,0,"",""
ball,1,1.3,Sri Lanka,TM Dilshan,WU Tharanga,IK Pathan,4,0,"",""
ball,1,1.4,Sri Lanka,TM Dilshan,WU Tharanga,IK Pathan,0,0,"",""
ball,1,1.5,Sri Lanka,TM Dilshan,WU Tharanga,IK Pathan,0,0,"",""
ball,1,1.6,Sri Lanka,TM Dilshan,WU Tharanga,IK Pathan,0,0,"",""
ball,1,2.1,Sri Lanka,WU Tharanga,TM Dilshan,Z Khan,0,0,"",""
ball,1,2.2,Sri Lanka,WU Tharanga,TM Dilshan,Z Khan,0,0,"",""
ball,1,2.3,Sri Lanka,WU Tharanga,TM Dilshan,Z Khan,0,0,"",""
ball,1,2.4,Sri Lanka,WU Tharanga,TM Dilshan,Z Khan,0,1,"",""
ball,1,2.5,Sri Lanka,TM Dilshan,WU Tharanga,Z Khan,0,0,"",""
ball,1,2.6,Sri Lanka,TM Dilshan,WU Tharanga,Z Khan,4,0,"",""
ball,1,3.1,Sri Lanka,WU Tharanga,TM Dilshan,IK Pathan,1,0,"",""
ball,1,3.2,Sri Lanka,TM Dilshan,WU Tharanga,IK Pathan,0,0,"",""
ball,1,3.3,Sri Lanka,TM Dilshan,WU Tharanga,IK Pathan,1,0,"",""
ball,1,3.4,Sri Lanka,WU Tharanga,TM Dilshan,IK Pathan,1,0,"",""
ball,1,3.5,Sri Lanka,TM Dilshan,WU Tharanga,IK Pathan,0,0,"",""
ball,1,3.6,Sri Lanka,TM Dilshan,WU Tharanga,IK Pathan,0,0,"",""
ball,1,4.1,Sri Lanka,WU Tharanga,TM Dilshan,Z Khan,0,0,"",""
ball,1,4.2,Sri Lanka,WU Tharanga,TM Dilshan,Z Khan,0,1,"",""
ball,1,4.3,Sri Lanka,WU Tharanga,TM Dilshan,Z Khan,0,0,"",""
ball,1,4.4,Sri Lanka,WU Tharanga,TM Dilshan,Z Khan,0,0,"",""
ball,1,4.5,Sri Lanka,WU Tharanga,TM Dilshan,Z Khan,0,0,"",""
ball,1,4.6,Sri Lanka,WU Tharanga,TM Dilshan,Z Khan,0,1,"",""
ball,1,4.7,Sri Lanka,WU Tharanga,TM Dilshan,Z Khan,0,0,"",""
ball,1,4.8,Sri Lanka,WU Tharanga,TM Dilshan,Z Khan,1,0,"",""
ball,1,5.1,Sri Lanka,WU Tharanga,TM Dilshan,IK Pathan,0,0,"",""
ball,1,5.2,Sri Lanka,WU Tharanga,TM Dilshan,IK Pathan,0,0,"",""
ball,1,5.3,Sri Lanka,WU Tharanga,TM Dilshan,IK Pathan,1,0,"",""
ball,1,5.4,Sri Lanka,TM Dilshan,WU Tharanga,IK Pathan,0,0,"",""
ball,1,5.5,Sri Lanka,TM Dilshan,WU Tharanga,IK Pathan,0,0,"",""
ball,1,5.6,Sri Lanka,TM Dilshan,WU Tharanga,IK Pathan,4,0,"",""
ball,1,6.1,Sri Lanka,WU Tharanga,TM Dilshan,Z Khan,0,0,"",""
ball,1,6.2,Sri Lanka,WU Tharanga,TM Dilshan,Z Khan,1,0,"",""
ball,1,6.3,Sri Lanka,TM Dilshan,WU Tharanga,Z Khan,0,0,"",""
ball,1,6.4,Sri Lanka,TM Dilshan,WU Tharanga,Z Khan,0,0,"",""
ball,1,6.5,Sri Lanka,TM Dilshan,WU Tharanga,Z Khan,0,0,"",""
ball,1,6.6,Sri Lanka,TM Dilshan,WU Tharanga,Z Khan,4,0,"",""
ball,1,7.1,Sri Lanka,WU Tharanga,TM Dilshan,IK Pathan,0,0,"",""
ball,1,7.2,Sri Lanka,WU Tharanga,TM Dilshan,IK Pathan,0,0,"",""
ball,1,7.3,Sri Lanka,WU Tharanga,TM Dilshan,IK Pathan,0,0,"",""
ball,1,7.4,Sri Lanka,WU Tharanga,TM Dilshan,IK Pathan,2,0,"",""
ball,1,7.5,Sri Lanka,WU Tharanga,TM Dilshan,IK Pathan,0,0,"",""
ball,1,7.6,Sri Lanka,WU Tharanga,TM Dilshan,IK Pathan,0,0,"",""
ball,1,8.1,Sri Lanka,TM Dilshan,WU Tharanga,AB Dinda,0,0,"",""
ball,1,8.2,Sri Lanka,TM Dilshan,WU Tharanga,AB Dinda,0,0,"",""
ball,1,8.3,Sri Lanka,TM Dilshan,WU Tharanga,AB Dinda,0,0,"",""
ball,1,8.4,Sri Lanka,TM Dilshan,WU Tharanga,AB Dinda,0,0,"",""
ball,1,8.5,Sri Lanka,TM Dilshan,WU Tharanga,AB Dinda,4,0,"",""
ball,1,8.6,Sri Lanka,TM Dilshan,WU Tharanga,AB Dinda,0,0,"",""
ball,1,9.1,Sri Lanka,WU Tharanga,TM Dilshan,IK Pathan,2,0,"",""
ball,1,9.2,Sri Lanka,WU Tharanga,TM Dilshan,IK Pathan,0,0,"",""
ball,1,9.3,Sri Lanka,WU Tharanga,TM Dilshan,IK Pathan,0,0,"",""
ball,1,9.4,Sri Lanka,WU Tharanga,TM Dilshan,IK Pathan,4,0,"",""
ball,1,9.5,Sri Lanka,WU Tharanga,TM Dilshan,IK Pathan,1,0,"",""
ball,1,9.6,Sri Lanka,TM Dilshan,WU Tharanga,IK Pathan,0,0,"",""
ball,1,10.1,Sri Lanka,WU Tharanga,TM Dilshan,AB Dinda,0,0,"",""
ball,1,10.2,Sri Lanka,WU Tharanga,TM Dilshan,AB Dinda,0,0,"",""
ball,1,10.3,Sri Lanka,WU Tharanga,TM Dilshan,AB Dinda,0,0,"",""
ball,1,10.4,Sri Lanka,WU Tharanga,TM Dilshan,AB Dinda,0,0,"",""
ball,1,10.5,Sri Lanka,WU Tharanga,TM Dilshan,AB Dinda,2,0,"",""
ball,1,10.6,Sri Lanka,WU Tharanga,TM Dilshan,AB Dinda,0,0,"",""
ball,1,11.1,Sri Lanka,TM Dilshan,WU Tharanga,V Kohli,1,0,"",""
ball,1,11.2,Sri Lanka,WU Tharanga,TM Dilshan,V Kohli,1,0,"",""
ball,1,11.3,Sri Lanka,TM Dilshan,WU Tharanga,V Kohli,1,0,"",""
ball,1,11.4,Sri Lanka,WU Tharanga,TM Dilshan,V Kohli,1,0,"",""
ball,1,11.5,Sri Lanka,TM Dilshan,WU Tharanga,V Kohli,1,0,"",""
ball,1,11.6,Sri Lanka,WU Tharanga,TM Dilshan,V Kohli,0,0,"",""
ball,1,12.1,Sri Lanka,TM Dilshan,WU Tharanga,AB Dinda,1,0,"",""
ball,1,12.2,Sri Lanka,WU Tharanga,TM Dilshan,AB Dinda,2,0,"",""
ball,1,12.3,Sri Lanka,WU Tharanga,TM Dilshan,AB Dinda,6,0,"",""
ball,1,12.4,Sri Lanka,WU Tharanga,TM Dilshan,AB Dinda,0,0,"",""
ball,1,12.5,Sri Lanka,WU Tharanga,TM Dilshan,AB Dinda,0,1,"",""
ball,1,12.6,Sri Lanka,WU Tharanga,TM Dilshan,AB Dinda,0,0,"",""
ball,1,12.7,Sri Lanka,WU Tharanga,TM Dilshan,AB Dinda,0,0,"",""
ball,1,13.1,Sri Lanka,TM Dilshan,WU Tharanga,V Kohli,0,0,"",""
ball,1,13.2,Sri Lanka,TM Dilshan,WU Tharanga,V Kohli,0,0,"",""
ball,1,13.3,Sri Lanka,TM Dilshan,WU Tharanga,V Kohli,1,0,"",""
ball,1,13.4,Sri Lanka,WU Tharanga,TM Dilshan,V Kohli,0,0,"",""
ball,1,13.5,Sri Lanka,WU Tharanga,TM Dilshan,V Kohli,0,0,"",""
ball,1,13.6,Sri Lanka,WU Tharanga,TM Dilshan,V Kohli,1,0,"",""
ball,1,14.1,Sri Lanka,WU Tharanga,TM Dilshan,V Sehwag,0,0,"",""
ball,1,14.2,Sri Lanka,WU Tharanga,TM Dilshan,V Sehwag,0,0,"",""
ball,1,14.3,Sri Lanka,WU Tharanga,TM Dilshan,V Sehwag,0,0,"",""
ball,1,14.4,Sri Lanka,WU Tharanga,TM Dilshan,V Sehwag,0,0,"",""
ball,1,14.5,Sri Lanka,WU Tharanga,TM Dilshan,V Sehwag,0,0,"",""
ball,1,14.6,Sri Lanka,WU Tharanga,TM Dilshan,V Sehwag,0,0,"",""
ball,1,15.1,Sri Lanka,TM Dilshan,WU Tharanga,Z Khan,0,0,"",""
ball,1,15.2,Sri Lanka,TM Dilshan,WU Tharanga,Z Khan,0,0,"",""
ball,1,15.3,Sri Lanka,TM Dilshan,WU Tharanga,Z Khan,0,0,"",""
ball,1,15.4,Sri Lanka,TM Dilshan,WU Tharanga,Z Khan,2,0,"",""
ball,1,15.5,Sri Lanka,TM Dilshan,WU Tharanga,Z Khan,1,0,"",""
ball,1,15.6,Sri Lanka,WU Tharanga,TM Dilshan,Z Khan,2,0,"",""
ball,1,16.1,Sri Lanka,TM Dilshan,WU Tharanga,R Ashwin,1,0,"",""
ball,1,16.2,Sri Lanka,WU Tharanga,TM Dilshan,R Ashwin,0,0,"",""
ball,1,16.3,Sri Lanka,WU Tharanga,TM Dilshan,R Ashwin,1,0,"",""
ball,1,16.4,Sri Lanka,TM Dilshan,WU Tharanga,R Ashwin,2,0,"",""
ball,1,16.5,Sri Lanka,TM Dilshan,WU Tharanga,R Ashwin,1,0,"",""
ball,1,16.6,Sri Lanka,WU Tharanga,TM Dilshan,R Ashwin,4,0,"",""
ball,1,17.1,Sri Lanka,TM Dilshan,WU Tharanga,Z Khan,4,0,"",""
ball,1,17.2,Sri Lanka,TM Dilshan,WU Tharanga,Z Khan,1,0,"",""
ball,1,17.3,Sri Lanka,WU Tharanga,TM Dilshan,Z Khan,0,0,"",""
ball,1,17.4,Sri Lanka,WU Tharanga,TM Dilshan,Z Khan,4,0,"",""
ball,1,17.5,Sri Lanka,WU Tharanga,TM Dilshan,Z Khan,4,0,"",""
ball,1,17.6,Sri Lanka,WU Tharanga,TM Dilshan,Z Khan,0,0,"",""
ball,1,18.1,Sri Lanka,TM Dilshan,WU Tharanga,AB Dinda,0,0,"",""
ball,1,18.2,Sri Lanka,TM Dilshan,WU Tharanga,AB Dinda,0,0,caught,TM Dilshan
ball,1,18.3,Sri Lanka,WU Tharanga,HDRL Thirimanne,AB Dinda,0,0,"",""
ball,1,18.4,Sri Lanka,WU Tharanga,HDRL Thirimanne,AB Dinda,0,0,"",""
ball,1,18.5,Sri Lanka,WU Tharanga,HDRL Thirimanne,AB Dinda,1,0,"",""
ball,1,18.6,Sri Lanka,HDRL Thirimanne,WU Tharanga,AB Dinda,0,0,"",""
ball,1,19.1,Sri Lanka,WU Tharanga,HDRL Thirimanne,R Ashwin,1,0,"",""
ball,1,19.2,Sri Lanka,HDRL Thirimanne,WU Tharanga,R Ashwin,1,0,"",""
ball,1,19.3,Sri Lanka,WU Tharanga,HDRL Thirimanne,R Ashwin,2,0,"",""
ball,1,19.4,Sri Lanka,WU Tharanga,HDRL Thirimanne,R Ashwin,0,0,"",""
ball,1,19.5,Sri Lanka,WU Tharanga,HDRL Thirimanne,R Ashwin,1,0,"",""
ball,1,19.6,Sri Lanka,HDRL Thirimanne,WU Tharanga,R Ashwin,2,0,"",""
ball,1,20.1,Sri Lanka,WU Tharanga,HDRL Thirimanne,AB Dinda,0,0,"",""
ball,1,20.2,Sri Lanka,WU Tharanga,HDRL Thirimanne,AB Dinda,1,0,"",""
ball,1,20.3,Sri Lanka,HDRL Thirimanne,WU Tharanga,AB Dinda,1,0,"",""
ball,1,20.4,Sri Lanka,WU Tharanga,HDRL Thirimanne,AB Dinda,1,0,"",""
ball,1,20.5,Sri Lanka,HDRL Thirimanne,WU Tharanga,AB Dinda,0,0,"",""
ball,1,20.6,Sri Lanka,HDRL Thirimanne,WU Tharanga,AB Dinda,0,0,"",""
ball,1,21.1,Sri Lanka,WU Tharanga,HDRL Thirimanne,R Ashwin,0,0,stumped,WU Tharanga
ball,1,21.2,Sri Lanka,LD Chandimal,HDRL Thirimanne,R Ashwin,1,0,"",""
ball,1,21.3,Sri Lanka,HDRL Thirimanne,LD Chandimal,R Ashwin,0,0,"",""
ball,1,21.4,Sri Lanka,HDRL Thirimanne,LD Chandimal,R Ashwin,0,0,"",""
ball,1,21.5,Sri Lanka,HDRL Thirimanne,LD Chandimal,R Ashwin,0,0,"",""
ball,1,21.6,Sri Lanka,HDRL Thirimanne,LD Chandimal,R Ashwin,0,0,"",""
ball,1,22.1,Sri Lanka,LD Chandimal,HDRL Thirimanne,AB Dinda,0,0,"",""
ball,1,22.2,Sri Lanka,LD Chandimal,HDRL Thirimanne,AB Dinda,2,0,"",""
ball,1,22.3,Sri Lanka,LD Chandimal,HDRL Thirimanne,AB Dinda,0,0,"",""
ball,1,22.4,Sri Lanka,LD Chandimal,HDRL Thirimanne,AB Dinda,4,0,"",""
ball,1,22.5,Sri Lanka,LD Chandimal,HDRL Thirimanne,AB Dinda,0,1,"",""
ball,1,22.6,Sri Lanka,LD Chandimal,HDRL Thirimanne,AB Dinda,1,0,"",""
ball,1,22.7,Sri Lanka,HDRL Thirimanne,LD Chandimal,AB Dinda,0,0,"",""
ball,1,23.1,Sri Lanka,LD Chandimal,HDRL Thirimanne,R Ashwin,1,0,"",""
ball,1,23.2,Sri Lanka,HDRL Thirimanne,LD Chandimal,R Ashwin,2,0,"",""
ball,1,23.3,Sri Lanka,HDRL Thirimanne,LD Chandimal,R Ashwin,2,0,"",""
ball,1,23.4,Sri Lanka,HDRL Thirimanne,LD Chandimal,R Ashwin,0,0,"",""
ball,1,23.5,Sri Lanka,HDRL Thirimanne,LD Chandimal,R Ashwin,0,0,"",""
ball,1,23.6,Sri Lanka,HDRL Thirimanne,LD Chandimal,R Ashwin,0,0,"",""
ball,1,24.1,Sri Lanka,LD Chandimal,HDRL Thirimanne,IK Pathan,0,1,"",""
ball,1,24.2,Sri Lanka,LD Chandimal,HDRL Thirimanne,IK Pathan,0,0,"",""
ball,1,24.3,Sri Lanka,LD Chandimal,HDRL Thirimanne,IK Pathan,0,0,"",""
ball,1,24.4,Sri Lanka,LD Chandimal,HDRL Thirimanne,IK Pathan,0,0,"",""
ball,1,24.5,Sri Lanka,LD Chandimal,HDRL Thirimanne,IK Pathan,0,0,"",""
ball,1,24.6,Sri Lanka,LD Chandimal,HDRL Thirimanne,IK Pathan,4,0,"",""
ball,1,24.7,Sri Lanka,LD Chandimal,HDRL Thirimanne,IK Pathan,0,0,"",""
ball,1,25.1,Sri Lanka,HDRL Thirimanne,LD Chandimal,R Ashwin,1,0,"",""
ball,1,25.2,Sri Lanka,LD Chandimal,HDRL Thirimanne,R Ashwin,0,0,"",""
ball,1,25.3,Sri Lanka,LD Chandimal,HDRL Thirimanne,R Ashwin,0,0,"",""
ball,1,25.4,Sri Lanka,LD Chandimal,HDRL Thirimanne,R Ashwin,1,0,"",""
ball,1,25.5,Sri Lanka,HDRL Thirimanne,LD Chandimal,R Ashwin,0,0,"",""
ball,1,25.6,Sri Lanka,HDRL Thirimanne,LD Chandimal,R Ashwin,0,0,"",""
ball,1,26.1,Sri Lanka,LD Chandimal,HDRL Thirimanne,V Sehwag,0,0,"",""
ball,1,26.2,Sri Lanka,LD Chandimal,HDRL Thirimanne,V Sehwag,1,0,"",""
ball,1,26.3,Sri Lanka,HDRL Thirimanne,LD Chandimal,V Sehwag,1,0,"",""
ball,1,26.4,Sri Lanka,LD Chandimal,HDRL Thirimanne,V Sehwag,2,0,"",""
ball,1,26.5,Sri Lanka,LD Chandimal,HDRL Thirimanne,V Sehwag,1,0,"",""
ball,1,26.6,Sri Lanka,HDRL Thirimanne,LD Chandimal,V Sehwag,2,0,"",""
ball,1,27.1,Sri Lanka,LD Chandimal,HDRL Thirimanne,R Ashwin,1,0,"",""
ball,1,27.2,Sri Lanka,HDRL Thirimanne,LD Chandimal,R Ashwin,0,0,"",""
ball,1,27.3,Sri Lanka,HDRL Thirimanne,LD Chandimal,R Ashwin,1,0,"",""
ball,1,27.4,Sri Lanka,LD Chandimal,HDRL Thirimanne,R Ashwin,1,0,"",""
ball,1,27.5,Sri Lanka,HDRL Thirimanne,LD Chandimal,R Ashwin,1,0,"",""
ball,1,27.6,Sri Lanka,LD Chandimal,HDRL Thirimanne,R Ashwin,0,0,"",""
ball,1,28.1,Sri Lanka,HDRL Thirimanne,LD Chandimal,V Sehwag,0,0,"",""
ball,1,28.2,Sri Lanka,HDRL Thirimanne,LD Chandimal,V Sehwag,2,0,"",""
ball,1,28.3,Sri Lanka,HDRL Thirimanne,LD Chandimal,V Sehwag,0,0,"",""
ball,1,28.4,Sri Lanka,HDRL Thirimanne,LD Chandimal,V Sehwag,0,0,"",""
ball,1,28.5,Sri Lanka,HDRL Thirimanne,LD Chandimal,V Sehwag,1,0,"",""
ball,1,28.6,Sri Lanka,LD Chandimal,HDRL Thirimanne,V Sehwag,2,0,"",""
ball,1,29.1,Sri Lanka,HDRL Thirimanne,LD Chandimal,R Ashwin,0,0,"",""
ball,1,29.2,Sri Lanka,HDRL Thirimanne,LD Chandimal,R Ashwin,0,0,"",""
ball,1,29.3,Sri Lanka,HDRL Thirimanne,LD Chandimal,R Ashwin,1,0,"",""
ball,1,29.4,Sri Lanka,LD Chandimal,HDRL Thirimanne,R Ashwin,1,0,"",""
ball,1,29.5,Sri Lanka,HDRL Thirimanne,LD Chandimal,R Ashwin,1,0,"",""
ball,1,29.6,Sri Lanka,LD Chandimal,HDRL Thirimanne,R Ashwin,0,0,"",""
ball,1,30.1,Sri Lanka,HDRL Thirimanne,LD Chandimal,V Sehwag,1,0,"",""
ball,1,30.2,Sri Lanka,LD Chandimal,HDRL Thirimanne,V Sehwag,2,0,"",""
ball,1,30.3,Sri Lanka,LD Chandimal,HDRL Thirimanne,V Sehwag,1,0,"",""
ball,1,30.4,Sri Lanka,HDRL Thirimanne,LD Chandimal,V Sehwag,1,0,"",""
ball,1,30.5,Sri Lanka,LD Chandimal,HDRL Thirimanne,V Sehwag,0,0,"",""
ball,1,30.6,Sri Lanka,LD Chandimal,HDRL Thirimanne,V Sehwag,1,0,"",""
ball,1,31.1,Sri Lanka,LD Chandimal,HDRL Thirimanne,MK Tiwary,1,0,"",""
ball,1,31.2,Sri Lanka,HDRL Thirimanne,LD Chandimal,MK Tiwary,2,0,"",""
ball,1,31.3,Sri Lanka,HDRL Thirimanne,LD Chandimal,MK Tiwary,1,0,"",""
ball,1,31.4,Sri Lanka,LD Chandimal,HDRL Thirimanne,MK Tiwary,0,0,caught,LD Chandimal
ball,1,31.5,Sri Lanka,DPMD Jayawardene,HDRL Thirimanne,MK Tiwary,2,0,"",""
ball,1,31.6,Sri Lanka,DPMD Jayawardene,HDRL Thirimanne,MK Tiwary,1,0,"",""
ball,1,32.1,Sri Lanka,DPMD Jayawardene,HDRL Thirimanne,V Sehwag,0,0,caught,DPMD Jayawardene
ball,1,32.2,Sri Lanka,AD Mathews,HDRL Thirimanne,V Sehwag,0,0,"",""
ball,1,32.3,Sri Lanka,AD Mathews,HDRL Thirimanne,V Sehwag,0,1,"",""
ball,1,32.4,Sri Lanka,AD Mathews,HDRL Thirimanne,V Sehwag,0,0,"",""
ball,1,32.5,Sri Lanka,AD Mathews,HDRL Thirimanne,V Sehwag,0,0,"",""
ball,1,32.6,Sri Lanka,AD Mathews,HDRL Thirimanne,V Sehwag,0,0,"",""
ball,1,32.7,Sri Lanka,AD Mathews,HDRL Thirimanne,V Sehwag,0,0,"",""
ball,1,33.1,Sri Lanka,HDRL Thirimanne,AD Mathews,MK Tiwary,1,0,"",""
ball,1,33.2,Sri Lanka,AD Mathews,HDRL Thirimanne,MK Tiwary,0,0,"",""
ball,1,33.3,Sri Lanka,AD Mathews,HDRL Thirimanne,MK Tiwary,0,0,"",""
ball,1,33.4,Sri Lanka,AD Mathews,HDRL Thirimanne,MK Tiwary,0,0,"",""
ball,1,33.5,Sri Lanka,AD Mathews,HDRL Thirimanne,MK Tiwary,0,5,"",""
ball,1,33.6,Sri Lanka,AD Mathews,HDRL Thirimanne,MK Tiwary,1,0,"",""
ball,1,33.7,Sri Lanka,HDRL Thirimanne,AD Mathews,MK Tiwary,1,0,"",""
ball,1,34.1,Sri Lanka,HDRL Thirimanne,AD Mathews,V Sehwag,0,0,"",""
ball,1,34.2,Sri Lanka,HDRL Thirimanne,AD Mathews,V Sehwag,1,0,"",""
ball,1,34.3,Sri Lanka,AD Mathews,HDRL Thirimanne,V Sehwag,0,0,"",""
ball,1,34.4,Sri Lanka,AD Mathews,HDRL Thirimanne,V Sehwag,2,0,"",""
ball,1,34.5,Sri Lanka,AD Mathews,HDRL Thirimanne,V Sehwag,0,0,"",""
ball,1,34.6,Sri Lanka,AD Mathews,HDRL Thirimanne,V Sehwag,0,0,"",""
ball,1,35.1,Sri Lanka,HDRL Thirimanne,AD Mathews,MK Tiwary,0,0,"",""
ball,1,35.2,Sri Lanka,HDRL Thirimanne,AD Mathews,MK Tiwary,0,0,"",""
ball,1,35.3,Sri Lanka,HDRL Thirimanne,AD Mathews,MK Tiwary,1,0,"",""
ball,1,35.4,Sri Lanka,AD Mathews,HDRL Thirimanne,MK Tiwary,1,0,"",""
ball,1,35.5,Sri Lanka,HDRL Thirimanne,AD Mathews,MK Tiwary,0,0,"",""
ball,1,35.6,Sri Lanka,HDRL Thirimanne,AD Mathews,MK Tiwary,0,0,"",""
ball,1,36.1,Sri Lanka,AD Mathews,HDRL Thirimanne,V Sehwag,4,0,"",""
ball,1,36.2,Sri Lanka,AD Mathews,HDRL Thirimanne,V Sehwag,1,0,"",""
ball,1,36.3,Sri Lanka,HDRL Thirimanne,AD Mathews,V Sehwag,2,0,"",""
ball,1,36.4,Sri Lanka,HDRL Thirimanne,AD Mathews,V Sehwag,1,0,"",""
ball,1,36.5,Sri Lanka,AD Mathews,HDRL Thirimanne,V Sehwag,1,0,"",""
ball,1,36.6,Sri Lanka,HDRL Thirimanne,AD Mathews,V Sehwag,0,0,"",""
ball,1,37.1,Sri Lanka,AD Mathews,HDRL Thirimanne,MK Tiwary,0,0,"",""
ball,1,37.2,Sri Lanka,AD Mathews,HDRL Thirimanne,MK Tiwary,0,0,"",""
ball,1,37.3,Sri Lanka,AD Mathews,HDRL Thirimanne,MK Tiwary,0,0,"",""
ball,1,37.4,Sri Lanka,AD Mathews,HDRL Thirimanne,MK Tiwary,0,0,"",""
ball,1,37.5,Sri Lanka,AD Mathews,HDRL Thirimanne,MK Tiwary,0,0,"",""
ball,1,37.6,Sri Lanka,AD Mathews,HDRL Thirimanne,MK Tiwary,0,0,"",""
ball,1,38.1,Sri Lanka,HDRL Thirimanne,AD Mathews,RG Sharma,1,0,"",""
ball,1,38.2,Sri Lanka,AD Mathews,HDRL Thirimanne,RG Sharma,0,0,"",""
ball,1,38.3,Sri Lanka,AD Mathews,HDRL Thirimanne,RG Sharma,0,0,"",""
ball,1,38.4,Sri Lanka,AD Mathews,HDRL Thirimanne,RG Sharma,0,0,"",""
ball,1,38.5,Sri Lanka,AD Mathews,HDRL Thirimanne,RG Sharma,0,0,"",""
ball,1,38.6,Sri Lanka,AD Mathews,HDRL Thirimanne,RG Sharma,0,0,"",""
ball,1,39.1,Sri Lanka,HDRL Thirimanne,AD Mathews,MK Tiwary,1,0,"",""
ball,1,39.2,Sri Lanka,AD Mathews,HDRL Thirimanne,MK Tiwary,1,0,"",""
ball,1,39.3,Sri Lanka,HDRL Thirimanne,AD Mathews,MK Tiwary,2,0,"",""
ball,1,39.4,Sri Lanka,HDRL Thirimanne,AD Mathews,MK Tiwary,0,0,"",""
ball,1,39.5,Sri Lanka,HDRL Thirimanne,AD Mathews,MK Tiwary,1,0,"",""
ball,1,39.6,Sri Lanka,AD Mathews,HDRL Thirimanne,MK Tiwary,1,0,"",""
ball,1,40.1,Sri Lanka,AD Mathews,HDRL Thirimanne,RG Sharma,0,0,"",""
ball,1,40.2,Sri Lanka,AD Mathews,HDRL Thirimanne,RG Sharma,1,0,"",""
ball,1,40.3,Sri Lanka,HDRL Thirimanne,AD Mathews,RG Sharma,0,0,"",""
ball,1,40.4,Sri Lanka,HDRL Thirimanne,AD Mathews,RG Sharma,2,0,"",""
ball,1,40.5,Sri Lanka,HDRL Thirimanne,AD Mathews,RG Sharma,1,0,"",""
ball,1,40.6,Sri Lanka,AD Mathews,HDRL Thirimanne,RG Sharma,1,0,"",""
ball,1,41.1,Sri Lanka,AD Mathews,HDRL Thirimanne,MK Tiwary,0,0,caught,AD Mathews
ball,1,41.2,Sri Lanka,HDRL Thirimanne,BMAJ Mendis,MK Tiwary,1,0,"",""
ball,1,41.3,Sri Lanka,BMAJ Mendis,HDRL Thirimanne,MK Tiwary,0,0,"",""
ball,1,41.4,Sri Lanka,BMAJ Mendis,HDRL Thirimanne,MK Tiwary,1,0,"",""
ball,1,41.5,Sri Lanka,HDRL Thirimanne,BMAJ Mendis,MK Tiwary,0,0,"",""
ball,1,41.6,Sri Lanka,HDRL Thirimanne,BMAJ Mendis,MK Tiwary,0,0,"",""
ball,1,42.1,Sri Lanka,BMAJ Mendis,HDRL Thirimanne,R Ashwin,4,0,"",""
ball,1,42.2,Sri Lanka,BMAJ Mendis,HDRL Thirimanne,R Ashwin,0,0,"",""
ball,1,42.3,Sri Lanka,BMAJ Mendis,HDRL Thirimanne,R Ashwin,0,0,"",""
ball,1,42.4,Sri Lanka,BMAJ Mendis,HDRL Thirimanne,R Ashwin,2,0,"",""
ball,1,42.5,Sri Lanka,BMAJ Mendis,HDRL Thirimanne,R Ashwin,0,0,"",""
ball,1,42.6,Sri Lanka,BMAJ Mendis,HDRL Thirimanne,R Ashwin,1,0,"",""
ball,1,43.1,Sri Lanka,BMAJ Mendis,HDRL Thirimanne,MK Tiwary,1,0,"",""
ball,1,43.2,Sri Lanka,HDRL Thirimanne,BMAJ Mendis,MK Tiwary,2,0,"",""
ball,1,43.3,Sri Lanka,HDRL Thirimanne,BMAJ Mendis,MK Tiwary,1,0,"",""
ball,1,43.4,Sri Lanka,BMAJ Mendis,HDRL Thirimanne,MK Tiwary,1,0,"",""
ball,1,43.5,Sri Lanka,HDRL Thirimanne,BMAJ Mendis,MK Tiwary,0,0,"",""
ball,1,43.6,Sri Lanka,HDRL Thirimanne,BMAJ Mendis,MK Tiwary,1,0,"",""
ball,1,44.1,Sri Lanka,HDRL Thirimanne,BMAJ Mendis,R Ashwin,1,0,"",""
ball,1,44.2,Sri Lanka,BMAJ Mendis,HDRL Thirimanne,R Ashwin,2,0,"",""
ball,1,44.3,Sri Lanka,BMAJ Mendis,HDRL Thirimanne,R Ashwin,0,0,"",""
ball,1,44.4,Sri Lanka,BMAJ Mendis,HDRL Thirimanne,R Ashwin,4,0,"",""
ball,1,44.5,Sri Lanka,BMAJ Mendis,HDRL Thirimanne,R Ashwin,0,0,"",""
ball,1,44.6,Sri Lanka,BMAJ Mendis,HDRL Thirimanne,R Ashwin,1,0,"",""
ball,1,45.1,Sri Lanka,BMAJ Mendis,HDRL Thirimanne,MK Tiwary,0,0,bowled,BMAJ Mendis
ball,1,45.2,Sri Lanka,NLTC Perera,HDRL Thirimanne,MK Tiwary,0,1,"",""
ball,1,45.3,Sri Lanka,NLTC Perera,HDRL Thirimanne,MK Tiwary,1,0,"",""
ball,1,45.4,Sri Lanka,HDRL Thirimanne,NLTC Perera,MK Tiwary,1,0,"",""
ball,1,45.5,Sri Lanka,NLTC Perera,HDRL Thirimanne,MK Tiwary,1,0,"",""
ball,1,45.6,Sri Lanka,HDRL Thirimanne,NLTC Perera,MK Tiwary,1,0,"",""
ball,1,45.7,Sri Lanka,NLTC Perera,HDRL Thirimanne,MK Tiwary,0,0,caught,NLTC Perera
ball,1,46.1,Sri Lanka,HMRKB Herath,HDRL Thirimanne,R Ashwin,0,0,"",""
ball,1,46.2,Sri Lanka,HMRKB Herath,HDRL Thirimanne,R Ashwin,0,0,"",""
ball,1,46.3,Sri Lanka,HMRKB Herath,HDRL Thirimanne,R Ashwin,0,0,"",""
ball,1,46.4,Sri Lanka,HMRKB Herath,HDRL Thirimanne,R Ashwin,0,1,"",""
ball,1,46.5,Sri Lanka,HDRL Thirimanne,HMRKB Herath,R Ashwin,0,0,"",""
ball,1,46.6,Sri Lanka,HDRL Thirimanne,HMRKB Herath,R Ashwin,0,0,bowled,HDRL Thirimanne
ball,1,47.1,Sri Lanka,HMRKB Herath,SL Malinga,MK Tiwary,0,0,"",""
ball,1,47.2,Sri Lanka,HMRKB Herath,SL Malinga,MK Tiwary,0,0,"",""
ball,1,47.3,Sri Lanka,HMRKB Herath,SL Malinga,MK Tiwary,1,0,"",""
ball,1,47.4,Sri Lanka,SL Malinga,HMRKB Herath,MK Tiwary,6,0,"",""
ball,1,47.5,Sri Lanka,SL Malinga,HMRKB Herath,MK Tiwary,0,0,"",""
ball,1,47.6,Sri Lanka,SL Malinga,HMRKB Herath,MK Tiwary,0,0,"",""
ball,1,48.1,Sri Lanka,HMRKB Herath,SL Malinga,V Sehwag,2,0,"",""
ball,1,48.2,Sri Lanka,HMRKB Herath,SL Malinga,V Sehwag,1,0,"",""
ball,1,48.3,Sri Lanka,SL Malinga,HMRKB Herath,V Sehwag,1,0,"",""
ball,1,48.4,Sri Lanka,HMRKB Herath,SL Malinga,V Sehwag,1,0,"",""
ball,1,48.5,Sri Lanka,SL Malinga,HMRKB Herath,V Sehwag,1,0,"",""
ball,1,48.6,Sri Lanka,HMRKB Herath,SL Malinga,V Sehwag,1,0,"",""
ball,1,49.1,Sri Lanka,HMRKB Herath,SL Malinga,MK Tiwary,0,0,"",""
ball,1,49.2,Sri Lanka,HMRKB Herath,SL Malinga,MK Tiwary,4,0,"",""
ball,1,49.3,Sri Lanka,HMRKB Herath,SL Malinga,MK Tiwary,1,0,"",""
ball,1,49.4,Sri Lanka,SL Malinga,HMRKB Herath,MK Tiwary,6,0,"",""
ball,1,49.5,Sri Lanka,SL Malinga,HMRKB Herath,MK Tiwary,1,0,"",""
ball,1,49.6,Sri Lanka,HMRKB Herath,SL Malinga,MK Tiwary,6,0,"",""
ball,2,0.1,India,G Gambhir,V Sehwag,SL Malinga,0,0,"",""
ball,2,0.2,India,G Gambhir,V Sehwag,SL Malinga,0,0,"",""
ball,2,0.3,India,G Gambhir,V Sehwag,SL Malinga,0,0,"",""
ball,2,0.4,India,G Gambhir,V Sehwag,SL Malinga,0,0,"",""
ball,2,0.5,India,G Gambhir,V Sehwag,SL Malinga,0,0,bowled,G Gambhir
ball,2,0.6,India,V Kohli,V Sehwag,SL Malinga,0,0,"",""
ball,2,1.1,India,V Sehwag,V Kohli,NLTC Perera,0,0,"",""
ball,2,1.2,India,V Sehwag,V Kohli,NLTC Perera,0,0,"",""
ball,2,1.3,India,V Sehwag,V Kohli,NLTC Perera,0,3,"",""
ball,2,1.4,India,V Sehwag,V Kohli,NLTC Perera,0,0,"",""
ball,2,1.5,India,V Sehwag,V Kohli,NLTC Perera,0,0,"",""
ball,2,1.6,India,V Sehwag,V Kohli,NLTC Perera,4,0,"",""
ball,2,1.7,India,V Sehwag,V Kohli,NLTC Perera,4,0,"",""
ball,2,2.1,India,V Kohli,V Sehwag,SL Malinga,0,0,"",""
ball,2,2.2,India,V Kohli,V Sehwag,SL Malinga,0,0,"",""
ball,2,2.3,India,V Kohli,V Sehwag,SL Malinga,1,0,"",""
ball,2,2.4,India,V Sehwag,V Kohli,SL Malinga,1,0,"",""
ball,2,2.5,India,V Kohli,V Sehwag,SL Malinga,0,1,"",""
ball,2,2.6,India,V Kohli,V Sehwag,SL Malinga,0,0,"",""
ball,2,2.7,India,V Kohli,V Sehwag,SL Malinga,0,0,"",""
ball,2,3.1,India,V Sehwag,V Kohli,NLTC Perera,4,0,"",""
ball,2,3.2,India,V Sehwag,V Kohli,NLTC Perera,1,0,"",""
ball,2,3.3,India,V Kohli,V Sehwag,NLTC Perera,1,0,"",""
ball,2,3.4,India,V Sehwag,V Kohli,NLTC Perera,0,0,"",""
ball,2,3.5,India,V Sehwag,V Kohli,NLTC Perera,0,0,"",""
ball,2,3.6,India,V Sehwag,V Kohli,NLTC Perera,0,0,"",""
ball,2,4.1,India,V Kohli,V Sehwag,SL Malinga,1,0,"",""
ball,2,4.2,India,V Sehwag,V Kohli,SL Malinga,1,0,"",""
ball,2,4.3,India,V Kohli,V Sehwag,SL Malinga,4,0,"",""
ball,2,4.4,India,V Kohli,V Sehwag,SL Malinga,0,0,"",""
ball,2,4.5,India,V Kohli,V Sehwag,SL Malinga,1,0,"",""
ball,2,4.6,India,V Sehwag,V Kohli,SL Malinga,0,0,"",""
ball,2,5.1,India,V Kohli,V Sehwag,NLTC Perera,2,0,"",""
ball,2,5.2,India,V Kohli,V Sehwag,NLTC Perera,0,0,"",""
ball,2,5.3,India,V Kohli,V Sehwag,NLTC Perera,1,0,"",""
ball,2,5.4,India,V Sehwag,V Kohli,NLTC Perera,4,0,"",""
ball,2,5.5,India,V Sehwag,V Kohli,NLTC Perera,0,0,"",""
ball,2,5.6,India,V Sehwag,V Kohli,NLTC Perera,4,0,"",""
ball,2,6.1,India,V Kohli,V Sehwag,SL Malinga,0,0,"",""
ball,2,6.2,India,V Kohli,V Sehwag,SL Malinga,0,0,"",""
ball,2,6.3,India,V Kohli,V Sehwag,SL Malinga,1,0,"",""
ball,2,6.4,India,V Sehwag,V Kohli,SL Malinga,1,0,"",""
ball,2,6.5,India,V Kohli,V Sehwag,SL Malinga,0,0,"",""
ball,2,6.6,India,V Kohli,V Sehwag,SL Malinga,0,0,"",""
ball,2,7.1,India,V Sehwag,V Kohli,AD Mathews,2,0,"",""
ball,2,7.2,India,V Sehwag,V Kohli,AD Mathews,2,0,"",""
ball,2,7.3,India,V Sehwag,V Kohli,AD Mathews,0,0,"",""
ball,2,7.4,India,V Sehwag,V Kohli,AD Mathews,4,0,"",""
ball,2,7.5,India,V Sehwag,V Kohli,AD Mathews,1,0,"",""
ball,2,7.6,India,V Kohli,V Sehwag,AD Mathews,0,0,"",""
ball,2,8.1,India,V Sehwag,V Kohli,SL Malinga,0,0,"",""
ball,2,8.2,India,V Sehwag,V Kohli,SL Malinga,0,0,"",""
ball,2,8.3,India,V Sehwag,V Kohli,SL Malinga,0,0,"",""
ball,2,8.4,India,V Sehwag,V Kohli,SL Malinga,1,0,"",""
ball,2,8.5,India,V Kohli,V Sehwag,SL Malinga,0,0,"",""
ball,2,8.6,India,V Kohli,V Sehwag,SL Malinga,2,0,"",""
ball,2,9.1,India,V Sehwag,V Kohli,AD Mathews,0,0,"",""
ball,2,9.2,India,V Sehwag,V Kohli,AD Mathews,0,0,caught,V Sehwag
ball,2,9.3,India,RG Sharma,V Kohli,AD Mathews,0,0,"",""
ball,2,9.4,India,RG Sharma,V Kohli,AD Mathews,0,0,"",""
ball,2,9.5,India,RG Sharma,V Kohli,AD Mathews,0,0,"",""
ball,2,9.6,India,RG Sharma,V Kohli,AD Mathews,0,0,"",""
ball,2,10.1,India,V Kohli,RG Sharma,N Pradeep,1,0,"",""
ball,2,10.2,India,RG Sharma,V Kohli,N Pradeep,0,0,"",""
ball,2,10.3,India,RG Sharma,V Kohli,N Pradeep,0,0,"",""
ball,2,10.4,India,RG Sharma,V Kohli,N Pradeep,0,0,"",""
ball,2,10.5,India,RG Sharma,V Kohli,N Pradeep,0,0,"",""
ball,2,10.6,India,RG Sharma,V Kohli,N Pradeep,0,1,"",""
ball,2,10.7,India,RG Sharma,V Kohli,N Pradeep,0,0,"",""
ball,2,11.1,India,V Kohli,RG Sharma,AD Mathews,0,0,"",""
ball,2,11.2,India,V Kohli,RG Sharma,AD Mathews,0,0,"",""
ball,2,11.3,India,V Kohli,RG Sharma,AD Mathews,0,0,"",""
ball,2,11.4,India,V Kohli,RG Sharma,AD Mathews,1,0,"",""
ball,2,11.5,India,RG Sharma,V Kohli,AD Mathews,2,0,"",""
ball,2,11.6,India,RG Sharma,V Kohli,AD Mathews,0,0,"",""
ball,2,12.1,India,V Kohli,RG Sharma,N Pradeep,1,0,"",""
ball,2,12.2,India,RG Sharma,V Kohli,N Pradeep,0,0,"",""
ball,2,12.3,India,RG Sharma,V Kohli,N Pradeep,2,0,"",""
ball,2,12.4,India,RG Sharma,V Kohli,N Pradeep,0,0,lbw,RG Sharma
ball,2,12.5,India,MK Tiwary,V Kohli,N Pradeep,0,0,"",""
ball,2,12.6,India,MK Tiwary,V Kohli,N Pradeep,0,0,"",""
ball,2,13.1,India,V Kohli,MK Tiwary,AD Mathews,0,0,"",""
ball,2,13.2,India,V Kohli,MK Tiwary,AD Mathews,0,0,"",""
ball,2,13.3,India,V Kohli,MK Tiwary,AD Mathews,1,0,"",""
ball,2,13.4,India,MK Tiwary,V Kohli,AD Mathews,0,0,"",""
ball,2,13.5,India,MK Tiwary,V Kohli,AD Mathews,0,0,"",""
ball,2,13.6,India,MK Tiwary,V Kohli,AD Mathews,0,0,"",""
ball,2,14.1,India,V Kohli,MK Tiwary,N Pradeep,0,0,"",""
ball,2,14.2,India,V Kohli,MK Tiwary,N Pradeep,0,0,"",""
ball,2,14.3,India,V Kohli,MK Tiwary,N Pradeep,1,0,"",""
ball,2,14.4,India,MK Tiwary,V Kohli,N Pradeep,0,0,"",""
ball,2,14.5,India,MK Tiwary,V Kohli,N Pradeep,0,0,"",""
ball,2,14.6,India,MK Tiwary,V Kohli,N Pradeep,4,0,"",""
ball,2,15.1,India,V Kohli,MK Tiwary,NLTC Perera,1,0,"",""
ball,2,15.2,India,MK Tiwary,V Kohli,NLTC Perera,0,0,"",""
ball,2,15.3,India,MK Tiwary,V Kohli,NLTC Perera,0,0,"",""
ball,2,15.4,India,MK Tiwary,V Kohli,NLTC Perera,0,0,"",""
ball,2,15.5,India,MK Tiwary,V Kohli,NLTC Perera,4,0,"",""
ball,2,15.6,India,MK Tiwary,V Kohli,NLTC Perera,0,0,"",""
ball,2,16.1,India,V Kohli,MK Tiwary,N Pradeep,0,1,"",""
ball,2,16.2,India,V Kohli,MK Tiwary,N Pradeep,0,1,"",""
ball,2,16.3,India,MK Tiwary,V Kohli,N Pradeep,1,0,"",""
ball,2,16.4,India,V Kohli,MK Tiwary,N Pradeep,2,1,"",""
ball,2,16.5,India,V Kohli,MK Tiwary,N Pradeep,1,0,"",""
ball,2,16.6,India,MK Tiwary,V Kohli,N Pradeep,0,0,"",""
ball,2,16.7,India,MK Tiwary,V Kohli,N Pradeep,2,0,"",""
ball,2,16.8,India,MK Tiwary,V Kohli,N Pradeep,0,0,"",""
ball,2,17.1,India,V Kohli,MK Tiwary,NLTC Perera,0,0,"",""
ball,2,17.2,India,V Kohli,MK Tiwary,NLTC Perera,1,0,"",""
ball,2,17.3,India,MK Tiwary,V Kohli,NLTC Perera,0,0,"",""
ball,2,17.4,India,MK Tiwary,V Kohli,NLTC Perera,0,0,"",""
ball,2,17.5,India,MK Tiwary,V Kohli,NLTC Perera,1,0,"",""
ball,2,17.6,India,V Kohli,MK Tiwary,NLTC Perera,1,0,"",""
ball,2,18.1,India,V Kohli,MK Tiwary,N Pradeep,4,0,"",""
ball,2,18.2,India,V Kohli,MK Tiwary,N Pradeep,6,0,"",""
ball,2,18.3,India,V Kohli,MK Tiwary,N Pradeep,0,0,"",""
ball,2,18.4,India,V Kohli,MK Tiwary,N Pradeep,1,0,"",""
ball,2,18.5,India,MK Tiwary,V Kohli,N Pradeep,0,0,"",""
ball,2,18.6,India,MK Tiwary,V Kohli,N Pradeep,0,0,"",""
ball,2,19.1,India,V Kohli,MK Tiwary,AD Mathews,0,0,"",""
ball,2,19.2,India,V Kohli,MK Tiwary,AD Mathews,1,0,"",""
ball,2,19.3,India,MK Tiwary,V Kohli,AD Mathews,1,0,"",""
ball,2,19.4,India,V Kohli,MK Tiwary,AD Mathews,1,0,"",""
ball,2,19.5,India,MK Tiwary,V Kohli,AD Mathews,0,0,"",""
ball,2,19.6,India,MK Tiwary,V Kohli,AD Mathews,0,0,"",""
ball,2,20.1,India,V Kohli,MK Tiwary,HMRKB Herath,0,0,"",""
ball,2,20.2,India,V Kohli,MK Tiwary,HMRKB Herath,0,0,"",""
ball,2,20.3,India,V Kohli,MK Tiwary,HMRKB Herath,0,0,"",""
ball,2,20.4,India,V Kohli,MK Tiwary,HMRKB Herath,1,0,"",""
ball,2,20.5,India,MK Tiwary,V Kohli,HMRKB Herath,3,0,"",""
ball,2,20.6,India,V Kohli,MK Tiwary,HMRKB Herath,0,0,"",""
ball,2,21.1,India,MK Tiwary,V Kohli,AD Mathews,0,0,"",""
ball,2,21.2,India,MK Tiwary,V Kohli,AD Mathews,2,0,"",""
ball,2,21.3,India,MK Tiwary,V Kohli,AD Mathews,0,0,"",""
ball,2,21.4,India,MK Tiwary,V Kohli,AD Mathews,0,0,"",""
ball,2,21.5,India,MK Tiwary,V Kohli,AD Mathews,0,0,"",""
ball,2,21.6,India,MK Tiwary,V Kohli,AD Mathews,0,0,"",""
ball,2,22.1,India,V Kohli,MK Tiwary,HMRKB Herath,1,0,"",""
ball,2,22.2,India,MK Tiwary,V Kohli,HMRKB Herath,0,0,"",""
ball,2,22.3,India,MK Tiwary,V Kohli,HMRKB Herath,1,0,"",""
ball,2,22.4,India,V Kohli,MK Tiwary,HMRKB Herath,1,0,"",""
ball,2,22.5,India,MK Tiwary,V Kohli,HMRKB Herath,0,0,"",""
ball,2,22.6,India,MK Tiwary,V Kohli,HMRKB Herath,0,0,"",""
ball,2,23.1,India,V Kohli,MK Tiwary,BMAJ Mendis,0,0,"",""
ball,2,23.2,India,V Kohli,MK Tiwary,BMAJ Mendis,1,0,"",""
ball,2,23.3,India,MK Tiwary,V Kohli,BMAJ Mendis,2,0,"",""
ball,2,23.4,India,MK Tiwary,V Kohli,BMAJ Mendis,0,0,lbw,MK Tiwary
ball,2,23.5,India,SK Raina,V Kohli,BMAJ Mendis,2,0,"",""
ball,2,23.6,India,SK Raina,V Kohli,BMAJ Mendis,0,0,"",""
ball,2,24.1,India,V Kohli,SK Raina,HMRKB Herath,1,0,"",""
ball,2,24.2,India,SK Raina,V Kohli,HMRKB Herath,0,0,"",""
ball,2,24.3,India,SK Raina,V Kohli,HMRKB Herath,0,0,"",""
ball,2,24.4,India,SK Raina,V Kohli,HMRKB Herath,0,0,"",""
ball,2,24.5,India,SK Raina,V Kohli,HMRKB Herath,1,0,"",""
ball,2,24.6,India,V Kohli,SK Raina,HMRKB Herath,1,0,"",""
ball,2,25.1,India,V Kohli,SK Raina,BMAJ Mendis,1,0,"",""
ball,2,25.2,India,SK Raina,V Kohli,BMAJ Mendis,0,0,"",""
ball,2,25.3,India,SK Raina,V Kohli,BMAJ Mendis,0,0,"",""
ball,2,25.4,India,SK Raina,V Kohli,BMAJ Mendis,1,0,"",""
ball,2,25.5,India,V Kohli,SK Raina,BMAJ Mendis,2,0,"",""
ball,2,25.6,India,V Kohli,SK Raina,BMAJ Mendis,1,0,"",""
ball,2,26.1,India,V Kohli,SK Raina,HMRKB Herath,1,0,"",""
ball,2,26.2,India,SK Raina,V Kohli,HMRKB Herath,2,0,"",""
ball,2,26.3,India,SK Raina,V Kohli,HMRKB Herath,0,0,"",""
ball,2,26.4,India,SK Raina,V Kohli,HMRKB Herath,0,0,"",""
ball,2,26.5,India,SK Raina,V Kohli,HMRKB Herath,0,0,"",""
ball,2,26.6,India,SK Raina,V Kohli,HMRKB Herath,1,0,"",""
ball,2,27.1,India,SK Raina,V Kohli,BMAJ Mendis,0,0,"",""
ball,2,27.2,India,SK Raina,V Kohli,BMAJ Mendis,1,0,"",""
ball,2,27.3,India,V Kohli,SK Raina,BMAJ Mendis,1,0,"",""
ball,2,27.4,India,SK Raina,V Kohli,BMAJ Mendis,1,0,"",""
ball,2,27.5,India,V Kohli,SK Raina,BMAJ Mendis,1,0,"",""
ball,2,27.6,India,SK Raina,V Kohli,BMAJ Mendis,0,0,"",""
ball,2,28.1,India,V Kohli,SK Raina,HMRKB Herath,1,0,"",""
ball,2,28.2,India,SK Raina,V Kohli,HMRKB Herath,0,0,"",""
ball,2,28.3,India,SK Raina,V Kohli,HMRKB Herath,0,0,"",""
ball,2,28.4,India,SK Raina,V Kohli,HMRKB Herath,1,0,"",""
ball,2,28.5,India,V Kohli,SK Raina,HMRKB Herath,1,0,"",""
ball,2,28.6,India,SK Raina,V Kohli,HMRKB Herath,1,0,"",""
ball,2,29.1,India,SK Raina,V Kohli,BMAJ Mendis,4,0,"",""
ball,2,29.2,India,SK Raina,V Kohli,BMAJ Mendis,0,0,"",""
ball,2,29.3,India,SK Raina,V Kohli,BMAJ Mendis,1,0,"",""
ball,2,29.4,India,V Kohli,SK Raina,BMAJ Mendis,0,0,"",""
ball,2,29.5,India,V Kohli,SK Raina,BMAJ Mendis,2,0,"",""
ball,2,29.6,India,V Kohli,SK Raina,BMAJ Mendis,0,0,"",""
ball,2,30.1,India,SK Raina,V Kohli,HMRKB Herath,1,0,"",""
ball,2,30.2,India,V Kohli,SK Raina,HMRKB Herath,1,0,"",""
ball,2,30.3,India,SK Raina,V Kohli,HMRKB Herath,1,0,"",""
ball,2,30.4,India,V Kohli,SK Raina,HMRKB Herath,4,0,"",""
ball,2,30.5,India,V Kohli,SK Raina,HMRKB Herath,0,0,"",""
ball,2,30.6,India,V Kohli,SK Raina,HMRKB Herath,1,0,"",""
ball,2,31.1,India,V Kohli,SK Raina,BMAJ Mendis,4,0,"",""
ball,2,31.2,India,V Kohli,SK Raina,BMAJ Mendis,1,0,"",""
ball,2,31.3,India,SK Raina,V Kohli,BMAJ Mendis,1,0,"",""
ball,2,31.4,India,V Kohli,SK Raina,BMAJ Mendis,1,0,"",""
ball,2,31.5,India,SK Raina,V Kohli,BMAJ Mendis,0,0,"",""
ball,2,31.6,India,SK Raina,V Kohli,BMAJ Mendis,0,0,"",""
ball,2,32.1,India,V Kohli,SK Raina,N Pradeep,4,0,"",""
ball,2,32.2,India,V Kohli,SK Raina,N Pradeep,0,0,"",""
ball,2,32.3,India,V Kohli,SK Raina,N Pradeep,1,0,"",""
ball,2,32.4,India,SK Raina,V Kohli,N Pradeep,0,0,"",""
ball,2,32.5,India,SK Raina,V Kohli,N Pradeep,1,0,"",""
ball,2,32.6,India,V Kohli,SK Raina,N Pradeep,1,0,"",""
ball,2,33.1,India,V Kohli,SK Raina,BMAJ Mendis,2,0,"",""
ball,2,33.2,India,V Kohli,SK Raina,BMAJ Mendis,0,0,"",""
ball,2,33.3,India,V Kohli,SK Raina,BMAJ Mendis,1,0,"",""
ball,2,33.4,India,SK Raina,V Kohli,BMAJ Mendis,5,0,"",""
ball,2,33.5,India,V Kohli,SK Raina,BMAJ Mendis,0,0,"",""
ball,2,33.6,India,V Kohli,SK Raina,BMAJ Mendis,1,0,"",""
ball,2,34.1,India,V Kohli,SK Raina,N Pradeep,0,0,"",""
ball,2,34.2,India,V Kohli,SK Raina,N Pradeep,0,1,"",""
ball,2,34.3,India,SK Raina,V Kohli,N Pradeep,1,0,"",""
ball,2,34.4,India,V Kohli,SK Raina,N Pradeep,0,0,"",""
ball,2,34.5,India,V Kohli,SK Raina,N Pradeep,0,0,"",""
ball,2,34.6,India,V Kohli,SK Raina,N Pradeep,1,0,"",""
ball,2,35.1,India,V Kohli,SK Raina,SL Malinga,0,0,"",""
ball,2,35.2,India,V Kohli,SK Raina,SL Malinga,0,0,"",""
ball,2,35.3,India,V Kohli,SK Raina,SL Malinga,0,0,"",""
ball,2,35.4,India,V Kohli,SK Raina,SL Malinga,0,0,"",""
ball,2,35.5,India,V Kohli,SK Raina,SL Malinga,1,0,"",""
ball,2,35.6,India,SK Raina,V Kohli,SL Malinga,1,0,"",""
ball,2,36.1,India,SK Raina,V Kohli,N Pradeep,1,0,"",""
ball,2,36.2,India,V Kohli,SK Raina,N Pradeep,1,0,"",""
ball,2,36.3,India,SK Raina,V Kohli,N Pradeep,0,0,"",""
ball,2,36.4,India,SK Raina,V Kohli,N Pradeep,4,0,"",""
ball,2,36.5,India,SK Raina,V Kohli,N Pradeep,2,0,"",""
ball,2,36.6,India,SK Raina,V Kohli,N Pradeep,6,0,"",""
ball,2,37.1,India,V Kohli,SK Raina,SL Malinga,1,0,"",""
ball,2,37.2,India,SK Raina,V Kohli,SL Malinga,1,0,"",""
ball,2,37.3,India,V Kohli,SK Raina,SL Malinga,2,0,"",""
ball,2,37.4,India,V Kohli,SK Raina,SL Malinga,1,0,"",""
ball,2,37.5,India,SK Raina,V Kohli,SL Malinga,1,0,"",""
ball,2,37.6,India,V Kohli,SK Raina,SL Malinga,2,0,"",""
ball,2,38.1,India,SK Raina,V Kohli,NLTC Perera,4,0,"",""
ball,2,38.2,India,SK Raina,V Kohli,NLTC Perera,0,0,"",""
ball,2,38.3,India,SK Raina,V Kohli,NLTC Perera,1,0,"",""
ball,2,38.4,India,V Kohli,SK Raina,NLTC Perera,0,0,"",""
ball,2,38.5,India,V Kohli,SK Raina,NLTC Perera,4,0,"",""
ball,2,38.6,India,V Kohli,SK Raina,NLTC Perera,6,0,"",""
ball,2,39.1,India,SK Raina,V Kohli,SL Malinga,3,0,"",""
ball,2,39.2,India,V Kohli,SK Raina,SL Malinga,4,0,"",""
ball,2,39.3,India,V Kohli,SK Raina,SL Malinga,0,0,"",""
ball,2,39.4,India,V Kohli,SK Raina,SL Malinga,0,1,"",""
ball,2,39.5,India,V Kohli,SK Raina,SL Malinga,2,0,"",""
ball,2,39.6,India,V Kohli,SK Raina,SL Malinga,4,0,"",""
ball,2,39.7,India,V Kohli,SK Raina,SL Malinga,2,0,"",""
ball,2,40.1,India,SK Raina,V Kohli,TM Dilshan,1,0,"",""
ball,2,40.2,India,V Kohli,SK Raina,TM Dilshan,0,0,"",""
ball,2,40.3,India,V Kohli,SK Raina,TM Dilshan,1,0,"",""
ball,2,40.4,India,SK Raina,V Kohli,TM Dilshan,1,0,"",""
ball,2,40.5,India,V Kohli,SK Raina,TM Dilshan,1,0,"",""
ball,2,40.6,India,SK Raina,V Kohli,TM Dilshan,2,0,"",""
ball,2,41.1,India,V Kohli,SK Raina,HMRKB Herath,4,0,"",""
ball,2,41.2,India,V Kohli,SK Raina,HMRKB Herath,4,0,"",""
ball,2,41.3,India,V Kohli,SK Raina,HMRKB Herath,0,0,"",""
ball,2,41.4,India,V Kohli,SK Raina,HMRKB Herath,2,0,"",""
ball,2,41.5,India,V Kohli,SK Raina,HMRKB Herath,4,0,"",""
ball,2,41.6,India,V Kohli,SK Raina,HMRKB Herath,4,0,"",""
ball,2,42.1,India,SK Raina,V Kohli,TM Dilshan,0,0,"",""
ball,2,42.2,India,SK Raina,V Kohli,TM Dilshan,4,0,"",""
