version,1.3.0
info,team,Australia
info,team,Sri Lanka
info,gender,male
info,season,2012/13
info,date,2013/01/11
info,series,Sri Lanka in Australia ODI Series
info,match_number,1
info,venue,Melbourne Cricket Ground
info,city,
info,toss_winner,Australia
info,toss_decision,bat
info,player_of_match,PJ Hughes
info,umpire,RA Kettleborough
info,umpire,PR Reiffel
info,reserve_umpire,SD Fry
info,tv_umpire,M Erasmus
info,match_referee,J Srinath
info,winner,Australia
info,winner_runs,107
ball,1,0.1,Australia,AJ Finch,PJ Hughes,KMDN Kulasekara,1,0,"",""
ball,1,0.2,Australia,PJ Hughes,AJ Finch,KMDN Kulasekara,0,0,"",""
ball,1,0.3,Australia,PJ Hughes,AJ Finch,KMDN Kulasekara,0,0,"",""
ball,1,0.4,Australia,PJ Hughes,AJ Finch,KMDN Kulasekara,0,0,"",""
ball,1,0.5,Australia,PJ Hughes,AJ Finch,KMDN Kulasekara,0,0,"",""
ball,1,0.6,Australia,PJ Hughes,AJ Finch,KMDN Kulasekara,0,0,"",""
ball,1,1.1,Australia,AJ Finch,PJ Hughes,SL Malinga,0,0,"",""
ball,1,1.2,Australia,AJ Finch,PJ Hughes,SL Malinga,1,0,"",""
ball,1,1.3,Australia,PJ Hughes,AJ Finch,SL Malinga,0,0,"",""
ball,1,1.4,Australia,PJ Hughes,AJ Finch,SL Malinga,1,0,"",""
ball,1,1.5,Australia,AJ Finch,PJ Hughes,SL Malinga,0,0,"",""
ball,1,1.6,Australia,AJ Finch,PJ Hughes,SL Malinga,0,0,"",""
ball,1,2.1,Australia,PJ Hughes,AJ Finch,KMDN Kulasekara,1,0,"",""
ball,1,2.2,Australia,AJ Finch,PJ Hughes,KMDN Kulasekara,0,0,"",""
ball,1,2.3,Australia,AJ Finch,PJ Hughes,KMDN Kulasekara,1,0,"",""
ball,1,2.4,Australia,PJ Hughes,AJ Finch,KMDN Kulasekara,0,0,"",""
ball,1,2.5,Australia,PJ Hughes,AJ Finch,KMDN Kulasekara,1,0,"",""
ball,1,2.6,Australia,AJ Finch,PJ Hughes,KMDN Kulasekara,0,0,"",""
ball,1,3.1,Australia,PJ Hughes,AJ Finch,SL Malinga,0,0,"",""
ball,1,3.2,Australia,PJ Hughes,AJ Finch,SL Malinga,4,0,"",""
ball,1,3.3,Australia,PJ Hughes,AJ Finch,SL Malinga,0,1,"",""
ball,1,3.4,Australia,PJ Hughes,AJ Finch,SL Malinga,4,0,"",""
ball,1,3.5,Australia,PJ Hughes,AJ Finch,SL Malinga,0,0,"",""
ball,1,3.6,Australia,PJ Hughes,AJ Finch,SL Malinga,0,0,"",""
ball,1,3.7,Australia,PJ Hughes,AJ Finch,SL Malinga,0,0,"",""
ball,1,4.1,Australia,AJ Finch,PJ Hughes,KMDN Kulasekara,0,0,"",""
ball,1,4.2,Australia,AJ Finch,PJ Hughes,KMDN Kulasekara,0,0,"",""
ball,1,4.3,Australia,AJ Finch,PJ Hughes,KMDN Kulasekara,0,0,"",""
ball,1,4.4,Australia,AJ Finch,PJ Hughes,KMDN Kulasekara,0,0,"",""
ball,1,4.5,Australia,AJ Finch,PJ Hughes,KMDN Kulasekara,2,0,"",""
ball,1,4.6,Australia,AJ Finch,PJ Hughes,KMDN Kulasekara,0,0,"",""
ball,1,5.1,Australia,PJ Hughes,AJ Finch,SL Malinga,0,0,"",""
ball,1,5.2,Australia,PJ Hughes,AJ Finch,SL Malinga,1,0,"",""
ball,1,5.3,Australia,AJ Finch,PJ Hughes,SL Malinga,1,0,"",""
ball,1,5.4,Australia,PJ Hughes,AJ Finch,SL Malinga,4,0,"",""
ball,1,5.5,Australia,PJ Hughes,AJ Finch,SL Malinga,1,0,"",""
ball,1,5.6,Australia,AJ Finch,PJ Hughes,SL Malinga,0,1,"",""
ball,1,6.1,Australia,AJ Finch,PJ Hughes,KMDN Kulasekara,3,0,"",""
ball,1,6.2,Australia,PJ Hughes,AJ Finch,KMDN Kulasekara,0,0,"",""
ball,1,6.3,Australia,PJ Hughes,AJ Finch,KMDN Kulasekara,2,0,"",""
ball,1,6.4,Australia,PJ Hughes,AJ Finch,KMDN Kulasekara,0,0,"",""
ball,1,6.5,Australia,PJ Hughes,AJ Finch,KMDN Kulasekara,0,0,"",""
ball,1,6.6,Australia,PJ Hughes,AJ Finch,KMDN Kulasekara,4,0,"",""
ball,1,7.1,Australia,AJ Finch,PJ Hughes,AD Mathews,0,0,"",""
ball,1,7.2,Australia,AJ Finch,PJ Hughes,AD Mathews,0,0,"",""
ball,1,7.3,Australia,AJ Finch,PJ Hughes,AD Mathews,1,0,"",""
ball,1,7.4,Australia,PJ Hughes,AJ Finch,AD Mathews,1,0,"",""
ball,1,7.5,Australia,AJ Finch,PJ Hughes,AD Mathews,3,0,"",""
ball,1,7.6,Australia,PJ Hughes,AJ Finch,AD Mathews,0,0,"",""
ball,1,8.1,Australia,AJ Finch,PJ Hughes,KMDN Kulasekara,1,0,"",""
ball,1,8.2,Australia,PJ Hughes,AJ Finch,KMDN Kulasekara,1,0,"",""
ball,1,8.3,Australia,AJ Finch,PJ Hughes,KMDN Kulasekara,0,0,"",""
ball,1,8.4,Australia,AJ Finch,PJ Hughes,KMDN Kulasekara,0,0,"",""
ball,1,8.5,Australia,AJ Finch,PJ Hughes,KMDN Kulasekara,1,0,"",""
ball,1,8.6,Australia,PJ Hughes,AJ Finch,KMDN Kulasekara,0,0,"",""
ball,1,9.1,Australia,AJ Finch,PJ Hughes,AD Mathews,1,0,"",""
ball,1,9.2,Australia,PJ Hughes,AJ Finch,AD Mathews,0,0,"",""
ball,1,9.3,Australia,PJ Hughes,AJ Finch,AD Mathews,4,0,"",""
ball,1,9.4,Australia,PJ Hughes,AJ Finch,AD Mathews,4,0,"",""
ball,1,9.5,Australia,PJ Hughes,AJ Finch,AD Mathews,0,0,"",""
ball,1,9.6,Australia,PJ Hughes,AJ Finch,AD Mathews,1,0,"",""
ball,1,10.1,Australia,PJ Hughes,AJ Finch,BAW Mendis,0,0,"",""
ball,1,10.2,Australia,PJ Hughes,AJ Finch,BAW Mendis,0,0,"",""
ball,1,10.3,Australia,PJ Hughes,AJ Finch,BAW Mendis,1,0,"",""
ball,1,10.4,Australia,AJ Finch,PJ Hughes,BAW Mendis,0,0,"",""
ball,1,10.5,Australia,AJ Finch,PJ Hughes,BAW Mendis,0,0,caught,AJ Finch
ball,1,10.6,Australia,UT Khawaja,PJ Hughes,BAW Mendis,0,0,"",""
ball,1,11.1,Australia,PJ Hughes,UT Khawaja,AD Mathews,4,0,"",""
ball,1,11.2,Australia,PJ Hughes,UT Khawaja,AD Mathews,0,0,"",""
ball,1,11.3,Australia,PJ Hughes,UT Khawaja,AD Mathews,1,0,"",""
ball,1,11.4,Australia,UT Khawaja,PJ Hughes,AD Mathews,0,0,"",""
ball,1,11.5,Australia,UT Khawaja,PJ Hughes,AD Mathews,0,0,"",""
ball,1,11.6,Australia,UT Khawaja,PJ Hughes,AD Mathews,0,0,"",""
ball,1,12.1,Australia,PJ Hughes,UT Khawaja,BAW Mendis,1,0,"",""
ball,1,12.2,Australia,UT Khawaja,PJ Hughes,BAW Mendis,0,1,"",""
ball,1,12.3,Australia,UT Khawaja,PJ Hughes,BAW Mendis,1,0,"",""
ball,1,12.4,Australia,PJ Hughes,UT Khawaja,BAW Mendis,0,0,"",""
ball,1,12.5,Australia,PJ Hughes,UT Khawaja,BAW Mendis,1,0,"",""
ball,1,12.6,Australia,UT Khawaja,PJ Hughes,BAW Mendis,0,0,"",""
ball,1,12.7,Australia,UT Khawaja,PJ Hughes,BAW Mendis,0,0,"",""
ball,1,13.1,Australia,PJ Hughes,UT Khawaja,TM Dilshan,0,0,"",""
ball,1,13.2,Australia,PJ Hughes,UT Khawaja,TM Dilshan,0,0,"",""
ball,1,13.3,Australia,PJ Hughes,UT Khawaja,TM Dilshan,1,0,"",""
ball,1,13.4,Australia,UT Khawaja,PJ Hughes,TM Dilshan,0,0,"",""
ball,1,13.5,Australia,UT Khawaja,PJ Hughes,TM Dilshan,1,0,"",""
ball,1,13.6,Australia,PJ Hughes,UT Khawaja,TM Dilshan,1,0,"",""
ball,1,14.1,Australia,PJ Hughes,UT Khawaja,BAW Mendis,2,0,"",""
ball,1,14.2,Australia,PJ Hughes,UT Khawaja,BAW Mendis,0,0,"",""
ball,1,14.3,Australia,PJ Hughes,UT Khawaja,BAW Mendis,0,0,"",""
ball,1,14.4,Australia,PJ Hughes,UT Khawaja,BAW Mendis,0,0,"",""
ball,1,14.5,Australia,PJ Hughes,UT Khawaja,BAW Mendis,0,1,"",""
ball,1,14.6,Australia,PJ Hughes,UT Khawaja,BAW Mendis,0,0,"",""
ball,1,14.7,Australia,PJ Hughes,UT Khawaja,BAW Mendis,1,0,"",""
ball,1,15.1,Australia,PJ Hughes,UT Khawaja,TM Dilshan,1,0,"",""
ball,1,15.2,Australia,UT Khawaja,PJ Hughes,TM Dilshan,1,0,"",""
ball,1,15.3,Australia,PJ Hughes,UT Khawaja,TM Dilshan,1,0,"",""
ball,1,15.4,Australia,UT Khawaja,PJ Hughes,TM Dilshan,0,0,run out,UT Khawaja
ball,1,15.5,Australia,GJ Bailey,PJ Hughes,TM Dilshan,1,0,"",""
ball,1,15.6,Australia,PJ Hughes,GJ Bailey,TM Dilshan,0,0,"",""
ball,1,16.1,Australia,GJ Bailey,PJ Hughes,BAW Mendis,0,0,"",""
ball,1,16.2,Australia,GJ Bailey,PJ Hughes,BAW Mendis,0,0,"",""
ball,1,16.3,Australia,GJ Bailey,PJ Hughes,BAW Mendis,4,0,"",""
ball,1,16.4,Australia,GJ Bailey,PJ Hughes,BAW Mendis,0,0,"",""
ball,1,16.5,Australia,GJ Bailey,PJ Hughes,BAW Mendis,0,0,"",""
ball,1,16.6,Australia,GJ Bailey,PJ Hughes,BAW Mendis,0,0,"",""
ball,1,17.1,Australia,PJ Hughes,GJ Bailey,TM Dilshan,1,0,"",""
ball,1,17.2,Australia,GJ Bailey,PJ Hughes,TM Dilshan,1,0,"",""
ball,1,17.3,Australia,PJ Hughes,GJ Bailey,TM Dilshan,0,0,"",""
ball,1,17.4,Australia,PJ Hughes,GJ Bailey,TM Dilshan,1,0,"",""
ball,1,17.5,Australia,GJ Bailey,PJ Hughes,TM Dilshan,1,0,"",""
ball,1,17.6,Australia,PJ Hughes,GJ Bailey,TM Dilshan,1,0,"",""
ball,1,18.1,Australia,PJ Hughes,GJ Bailey,BAW Mendis,0,1,"",""
ball,1,18.2,Australia,GJ Bailey,PJ Hughes,BAW Mendis,3,0,"",""
ball,1,18.3,Australia,PJ Hughes,GJ Bailey,BAW Mendis,1,0,"",""
ball,1,18.4,Australia,GJ Bailey,PJ Hughes,BAW Mendis,0,0,"",""
ball,1,18.5,Australia,GJ Bailey,PJ Hughes,BAW Mendis,1,0,"",""
ball,1,18.6,Australia,PJ Hughes,GJ Bailey,BAW Mendis,0,0,"",""
ball,1,19.1,Australia,GJ Bailey,PJ Hughes,AD Mathews,0,0,"",""
ball,1,19.2,Australia,GJ Bailey,PJ Hughes,AD Mathews,0,0,"",""
ball,1,19.3,Australia,GJ Bailey,PJ Hughes,AD Mathews,1,0,"",""
ball,1,19.4,Australia,PJ Hughes,GJ Bailey,AD Mathews,1,0,"",""
ball,1,19.5,Australia,GJ Bailey,PJ Hughes,AD Mathews,0,0,"",""
ball,1,19.6,Australia,GJ Bailey,PJ Hughes,AD Mathews,0,0,"",""
ball,1,20.1,Australia,PJ Hughes,GJ Bailey,NLTC Perera,1,0,"",""
ball,1,20.2,Australia,GJ Bailey,PJ Hughes,NLTC Perera,0,0,"",""
ball,1,20.3,Australia,GJ Bailey,PJ Hughes,NLTC Perera,0,0,"",""
ball,1,20.4,Australia,GJ Bailey,PJ Hughes,NLTC Perera,1,0,"",""
ball,1,20.5,Australia,PJ Hughes,GJ Bailey,NLTC Perera,1,0,"",""
ball,1,20.6,Australia,GJ Bailey,PJ Hughes,NLTC Perera,4,0,"",""
ball,1,21.1,Australia,PJ Hughes,GJ Bailey,AD Mathews,0,0,"",""
ball,1,21.2,Australia,PJ Hughes,GJ Bailey,AD Mathews,0,0,"",""
ball,1,21.3,Australia,PJ Hughes,GJ Bailey,AD Mathews,0,0,"",""
ball,1,21.4,Australia,PJ Hughes,GJ Bailey,AD Mathews,1,0,"",""
ball,1,21.5,Australia,GJ Bailey,PJ Hughes,AD Mathews,1,0,"",""
ball,1,21.6,Australia,PJ Hughes,GJ Bailey,AD Mathews,1,0,"",""
ball,1,22.1,Australia,PJ Hughes,GJ Bailey,BMAJ Mendis,1,0,"",""
ball,1,22.2,Australia,GJ Bailey,PJ Hughes,BMAJ Mendis,1,0,"",""
ball,1,22.3,Australia,PJ Hughes,GJ Bailey,BMAJ Mendis,0,0,"",""
ball,1,22.4,Australia,PJ Hughes,GJ Bailey,BMAJ Mendis,0,0,"",""
ball,1,22.5,Australia,PJ Hughes,GJ Bailey,BMAJ Mendis,1,0,"",""
ball,1,22.6,Australia,GJ Bailey,PJ Hughes,BMAJ Mendis,0,0,"",""
ball,1,23.1,Australia,PJ Hughes,GJ Bailey,AD Mathews,0,0,"",""
ball,1,23.2,Australia,PJ Hughes,GJ Bailey,AD Mathews,1,0,"",""
ball,1,23.3,Australia,GJ Bailey,PJ Hughes,AD Mathews,1,0,"",""
ball,1,23.4,Australia,PJ Hughes,GJ Bailey,AD Mathews,4,0,"",""
ball,1,23.5,Australia,PJ Hughes,GJ Bailey,AD Mathews,1,0,"",""
ball,1,23.6,Australia,GJ Bailey,PJ Hughes,AD Mathews,1,0,"",""
ball,1,24.1,Australia,GJ Bailey,PJ Hughes,BMAJ Mendis,4,0,"",""
ball,1,24.2,Australia,GJ Bailey,PJ Hughes,BMAJ Mendis,0,0,"",""
ball,1,24.3,Australia,GJ Bailey,PJ Hughes,BMAJ Mendis,1,0,"",""
ball,1,24.4,Australia,PJ Hughes,GJ Bailey,BMAJ Mendis,1,0,"",""
ball,1,24.5,Australia,GJ Bailey,PJ Hughes,BMAJ Mendis,2,0,"",""
ball,1,24.6,Australia,GJ Bailey,PJ Hughes,BMAJ Mendis,0,0,"",""
ball,1,25.1,Australia,PJ Hughes,GJ Bailey,NLTC Perera,0,0,"",""
ball,1,25.2,Australia,PJ Hughes,GJ Bailey,NLTC Perera,0,0,"",""
ball,1,25.3,Australia,PJ Hughes,GJ Bailey,NLTC Perera,1,0,"",""
ball,1,25.4,Australia,GJ Bailey,PJ Hughes,NLTC Perera,1,0,"",""
ball,1,25.5,Australia,PJ Hughes,GJ Bailey,NLTC Perera,1,0,"",""
ball,1,25.6,Australia,GJ Bailey,PJ Hughes,NLTC Perera,0,0,"",""
ball,1,26.1,Australia,PJ Hughes,GJ Bailey,BMAJ Mendis,4,0,"",""
ball,1,26.2,Australia,PJ Hughes,GJ Bailey,BMAJ Mendis,0,0,"",""
ball,1,26.3,Australia,PJ Hughes,GJ Bailey,BMAJ Mendis,1,0,"",""
ball,1,26.4,Australia,GJ Bailey,PJ Hughes,BMAJ Mendis,2,0,"",""
ball,1,26.5,Australia,GJ Bailey,PJ Hughes,BMAJ Mendis,0,0,"",""
ball,1,26.6,Australia,GJ Bailey,PJ Hughes,BMAJ Mendis,6,0,"",""
ball,1,27.1,Australia,PJ Hughes,GJ Bailey,NLTC Perera,0,0,"",""
ball,1,27.2,Australia,PJ Hughes,GJ Bailey,NLTC Perera,0,0,"",""
ball,1,27.3,Australia,PJ Hughes,GJ Bailey,NLTC Perera,4,0,"",""
ball,1,27.4,Australia,PJ Hughes,GJ Bailey,NLTC Perera,0,0,"",""
ball,1,27.5,Australia,PJ Hughes,GJ Bailey,NLTC Perera,0,0,"",""
ball,1,27.6,Australia,PJ Hughes,GJ Bailey,NLTC Perera,4,0,"",""
ball,1,28.1,Australia,GJ Bailey,PJ Hughes,SL Malinga,1,0,"",""
ball,1,28.2,Australia,PJ Hughes,GJ Bailey,SL Malinga,0,0,"",""
ball,1,28.3,Australia,PJ Hughes,GJ Bailey,SL Malinga,0,0,"",""
ball,1,28.4,Australia,PJ Hughes,GJ Bailey,SL Malinga,1,0,"",""
ball,1,28.5,Australia,GJ Bailey,PJ Hughes,SL Malinga,1,0,"",""
ball,1,28.6,Australia,PJ Hughes,GJ Bailey,SL Malinga,0,0,"",""
ball,1,29.1,Australia,GJ Bailey,PJ Hughes,NLTC Perera,1,0,"",""
ball,1,29.2,Australia,PJ Hughes,GJ Bailey,NLTC Perera,1,0,"",""
ball,1,29.3,Australia,GJ Bailey,PJ Hughes,NLTC Perera,0,0,"",""
ball,1,29.4,Australia,GJ Bailey,PJ Hughes,NLTC Perera,4,0,"",""
ball,1,29.5,Australia,GJ Bailey,PJ Hughes,NLTC Perera,4,0,"",""
ball,1,29.6,Australia,GJ Bailey,PJ Hughes,NLTC Perera,0,0,"",""
ball,1,30.1,Australia,PJ Hughes,GJ Bailey,SL Malinga,0,0,"",""
ball,1,30.2,Australia,PJ Hughes,GJ Bailey,SL Malinga,0,0,"",""
ball,1,30.3,Australia,PJ Hughes,GJ Bailey,SL Malinga,0,0,"",""
ball,1,30.4,Australia,PJ Hughes,GJ Bailey,SL Malinga,0,0,"",""
ball,1,30.5,Australia,PJ Hughes,GJ Bailey,SL Malinga,0,0,"",""
ball,1,30.6,Australia,PJ Hughes,GJ Bailey,SL Malinga,0,0,"",""
ball,1,31.1,Australia,GJ Bailey,PJ Hughes,KMDN Kulasekara,2,0,"",""
ball,1,31.2,Australia,GJ Bailey,PJ Hughes,KMDN Kulasekara,0,0,"",""
ball,1,31.3,Australia,GJ Bailey,PJ Hughes,KMDN Kulasekara,1,0,"",""
ball,1,31.4,Australia,PJ Hughes,GJ Bailey,KMDN Kulasekara,1,0,"",""
ball,1,31.5,Australia,GJ Bailey,PJ Hughes,KMDN Kulasekara,1,0,"",""
ball,1,31.6,Australia,PJ Hughes,GJ Bailey,KMDN Kulasekara,0,0,"",""
ball,1,32.1,Australia,GJ Bailey,PJ Hughes,BMAJ Mendis,1,0,"",""
ball,1,32.2,Australia,PJ Hughes,GJ Bailey,BMAJ Mendis,1,0,"",""
ball,1,32.3,Australia,GJ Bailey,PJ Hughes,BMAJ Mendis,2,0,"",""
ball,1,32.4,Australia,GJ Bailey,PJ Hughes,BMAJ Mendis,4,0,"",""
ball,1,32.5,Australia,GJ Bailey,PJ Hughes,BMAJ Mendis,0,0,"",""
ball,1,32.6,Australia,GJ Bailey,PJ Hughes,BMAJ Mendis,1,0,"",""
ball,1,33.1,Australia,GJ Bailey,PJ Hughes,BAW Mendis,1,0,"",""
ball,1,33.2,Australia,PJ Hughes,GJ Bailey,BAW Mendis,1,0,"",""
ball,1,33.3,Australia,GJ Bailey,PJ Hughes,BAW Mendis,0,0,"",""
ball,1,33.4,Australia,GJ Bailey,PJ Hughes,BAW Mendis,0,0,"",""
ball,1,33.5,Australia,GJ Bailey,PJ Hughes,BAW Mendis,1,0,"",""
ball,1,33.6,Australia,PJ Hughes,GJ Bailey,BAW Mendis,0,0,"",""
ball,1,34.1,Australia,GJ Bailey,PJ Hughes,TM Dilshan,1,0,"",""
ball,1,34.2,Australia,PJ Hughes,GJ Bailey,TM Dilshan,0,0,"",""
ball,1,34.3,Australia,PJ Hughes,GJ Bailey,TM Dilshan,1,0,"",""
ball,1,34.4,Australia,GJ Bailey,PJ Hughes,TM Dilshan,1,0,"",""
ball,1,34.5,Australia,PJ Hughes,GJ Bailey,TM Dilshan,0,0,"",""
ball,1,34.6,Australia,PJ Hughes,GJ Bailey,TM Dilshan,2,0,"",""
ball,1,35.1,Australia,GJ Bailey,PJ Hughes,BAW Mendis,1,0,"",""
ball,1,35.2,Australia,PJ Hughes,GJ Bailey,BAW Mendis,1,0,"",""
ball,1,35.3,Australia,GJ Bailey,PJ Hughes,BAW Mendis,1,0,"",""
ball,1,35.4,Australia,PJ Hughes,GJ Bailey,BAW Mendis,1,0,"",""
ball,1,35.5,Australia,GJ Bailey,PJ Hughes,BAW Mendis,1,0,"",""
ball,1,35.6,Australia,PJ Hughes,GJ Bailey,BAW Mendis,0,0,"",""
ball,1,36.1,Australia,GJ Bailey,PJ Hughes,SL Malinga,3,0,"",""
ball,1,36.2,Australia,PJ Hughes,GJ Bailey,SL Malinga,1,0,"",""
ball,1,36.3,Australia,GJ Bailey,PJ Hughes,SL Malinga,1,0,"",""
ball,1,36.4,Australia,PJ Hughes,GJ Bailey,SL Malinga,4,0,"",""
ball,1,36.5,Australia,PJ Hughes,GJ Bailey,SL Malinga,1,0,"",""
ball,1,36.6,Australia,GJ Bailey,PJ Hughes,SL Malinga,4,0,"",""
ball,1,37.1,Australia,PJ Hughes,GJ Bailey,BAW Mendis,0,0,"",""
ball,1,37.2,Australia,PJ Hughes,GJ Bailey,BAW Mendis,1,0,"",""
ball,1,37.3,Australia,GJ Bailey,PJ Hughes,BAW Mendis,1,0,"",""
ball,1,37.4,Australia,PJ Hughes,GJ Bailey,BAW Mendis,0,0,"",""
ball,1,37.5,Australia,PJ Hughes,GJ Bailey,BAW Mendis,1,0,"",""
ball,1,37.6,Australia,GJ Bailey,PJ Hughes,BAW Mendis,0,0,"",""
ball,1,38.1,Australia,PJ Hughes,GJ Bailey,SL Malinga,2,0,"",""
ball,1,38.2,Australia,PJ Hughes,GJ Bailey,SL Malinga,2,0,"",""
ball,1,38.3,Australia,PJ Hughes,GJ Bailey,SL Malinga,4,0,"",""
ball,1,38.4,Australia,PJ Hughes,GJ Bailey,SL Malinga,4,0,"",""
ball,1,38.5,Australia,PJ Hughes,GJ Bailey,SL Malinga,0,0,"",""
ball,1,38.6,Australia,PJ Hughes,GJ Bailey,SL Malinga,0,0,caught,PJ Hughes
ball,1,39.1,Australia,GJ Bailey,DJ Hussey,KMDN Kulasekara,2,0,"",""
ball,1,39.2,Australia,GJ Bailey,DJ Hussey,KMDN Kulasekara,0,0,"",""
ball,1,39.3,Australia,GJ Bailey,DJ Hussey,KMDN Kulasekara,1,0,"",""
ball,1,39.4,Australia,DJ Hussey,GJ Bailey,KMDN Kulasekara,0,0,"",""
ball,1,39.5,Australia,DJ Hussey,GJ Bailey,KMDN Kulasekara,1,0,"",""
ball,1,39.6,Australia,GJ Bailey,DJ Hussey,KMDN Kulasekara,0,0,"",""
ball,1,40.1,Australia,DJ Hussey,GJ Bailey,AD Mathews,1,0,"",""
ball,1,40.2,Australia,GJ Bailey,DJ Hussey,AD Mathews,4,0,"",""
ball,1,40.3,Australia,GJ Bailey,DJ Hussey,AD Mathews,0,0,"",""
ball,1,40.4,Australia,GJ Bailey,DJ Hussey,AD Mathews,1,0,"",""
ball,1,40.5,Australia,DJ Hussey,GJ Bailey,AD Mathews,1,0,"",""
ball,1,40.6,Australia,GJ Bailey,DJ Hussey,AD Mathews,0,0,"",""
ball,1,41.1,Australia,DJ Hussey,GJ Bailey,BAW Mendis,1,0,"",""
ball,1,41.2,Australia,GJ Bailey,DJ Hussey,BAW Mendis,3,0,"",""
ball,1,41.3,Australia,DJ Hussey,GJ Bailey,BAW Mendis,4,0,"",""
ball,1,41.4,Australia,DJ Hussey,GJ Bailey,BAW Mendis,3,0,"",""
ball,1,41.5,Australia,GJ Bailey,DJ Hussey,BAW Mendis,0,0,"",""
ball,1,41.6,Australia,GJ Bailey,DJ Hussey,BAW Mendis,1,0,"",""
ball,1,42.1,Australia,GJ Bailey,DJ Hussey,AD Mathews,1,0,"",""
ball,1,42.2,Australia,DJ Hussey,GJ Bailey,AD Mathews,4,0,"",""
ball,1,42.3,Australia,DJ Hussey,GJ Bailey,AD Mathews,1,0,"",""
ball,1,42.4,Australia,GJ Bailey,DJ Hussey,AD Mathews,0,0,caught,GJ Bailey
ball,1,42.5,Australia,GJ Maxwell,DJ Hussey,AD Mathews,0,0,"",""
ball,1,42.6,Australia,GJ Maxwell,DJ Hussey,AD Mathews,0,0,"",""
ball,1,43.1,Australia,DJ Hussey,GJ Maxwell,KMDN Kulasekara,1,0,"",""
ball,1,43.2,Australia,GJ Maxwell,DJ Hussey,KMDN Kulasekara,4,0,"",""
ball,1,43.3,Australia,GJ Maxwell,DJ Hussey,KMDN Kulasekara,0,0,"",""
ball,1,43.4,Australia,GJ Maxwell,DJ Hussey,KMDN Kulasekara,1,0,"",""
ball,1,43.5,Australia,DJ Hussey,GJ Maxwell,KMDN Kulasekara,1,0,"",""
ball,1,43.6,Australia,GJ Maxwell,DJ Hussey,KMDN Kulasekara,0,0,caught,GJ Maxwell
ball,1,44.1,Australia,DJ Hussey,BJ Haddin,SL Malinga,0,0,"",""
ball,1,44.2,Australia,DJ Hussey,BJ Haddin,SL Malinga,2,0,"",""
ball,1,44.3,Australia,DJ Hussey,BJ Haddin,SL Malinga,0,1,"",""
ball,1,44.4,Australia,BJ Haddin,DJ Hussey,SL Malinga,1,0,"",""
ball,1,44.5,Australia,DJ Hussey,BJ Haddin,SL Malinga,1,0,"",""
ball,1,44.6,Australia,BJ Haddin,DJ Hussey,SL Malinga,0,1,"",""
ball,1,44.7,Australia,BJ Haddin,DJ Hussey,SL Malinga,0,0,"",""
ball,1,45.1,Australia,DJ Hussey,BJ Haddin,KMDN Kulasekara,1,0,"",""
ball,1,45.2,Australia,BJ Haddin,DJ Hussey,KMDN Kulasekara,0,0,"",""
ball,1,45.3,Australia,BJ Haddin,DJ Hussey,KMDN Kulasekara,1,0,"",""
ball,1,45.4,Australia,DJ Hussey,BJ Haddin,KMDN Kulasekara,1,0,"",""
ball,1,45.5,Australia,BJ Haddin,DJ Hussey,KMDN Kulasekara,2,0,"",""
ball,1,45.6,Australia,BJ Haddin,DJ Hussey,KMDN Kulasekara,2,0,"",""
ball,1,46.1,Australia,DJ Hussey,BJ Haddin,SL Malinga,1,0,"",""
ball,1,46.2,Australia,BJ Haddin,DJ Hussey,SL Malinga,1,0,"",""
ball,1,46.3,Australia,DJ Hussey,BJ Haddin,SL Malinga,1,0,"",""
ball,1,46.4,Australia,BJ Haddin,DJ Hussey,SL Malinga,1,0,"",""
ball,1,46.5,Australia,DJ Hussey,BJ Haddin,SL Malinga,1,0,"",""
ball,1,46.6,Australia,BJ Haddin,DJ Hussey,SL Malinga,0,0,"",""
ball,1,47.1,Australia,DJ Hussey,BJ Haddin,KMDN Kulasekara,2,0,"",""
ball,1,47.2,Australia,DJ Hussey,BJ Haddin,KMDN Kulasekara,0,1,"",""
ball,1,47.3,Australia,BJ Haddin,DJ Hussey,KMDN Kulasekara,1,0,"",""
ball,1,47.4,Australia,DJ Hussey,BJ Haddin,KMDN Kulasekara,4,0,"",""
ball,1,47.5,Australia,DJ Hussey,BJ Haddin,KMDN Kulasekara,4,0,"",""
ball,1,47.6,Australia,DJ Hussey,BJ Haddin,KMDN Kulasekara,1,0,"",""
ball,1,48.1,Australia,DJ Hussey,BJ Haddin,SL Malinga,1,0,"",""
ball,1,48.2,Australia,BJ Haddin,DJ Hussey,SL Malinga,0,0,"",""
ball,1,48.3,Australia,BJ Haddin,DJ Hussey,SL Malinga,1,0,"",""
ball,1,48.4,Australia,DJ Hussey,BJ Haddin,SL Malinga,1,0,"",""
ball,1,48.5,Australia,BJ Haddin,DJ Hussey,SL Malinga,0,1,"",""
ball,1,48.6,Australia,DJ Hussey,BJ Haddin,SL Malinga,1,0,"",""
ball,1,49.1,Australia,DJ Hussey,BJ Haddin,BAW Mendis,2,0,"",""
ball,1,49.2,Australia,DJ Hussey,BJ Haddin,BAW Mendis,2,0,"",""
ball,1,49.3,Australia,DJ Hussey,BJ Haddin,BAW Mendis,0,1,"",""
ball,1,49.4,Australia,DJ Hussey,BJ Haddin,BAW Mendis,4,0,"",""
ball,1,49.5,Australia,DJ Hussey,BJ Haddin,BAW Mendis,6,0,"",""
ball,1,49.6,Australia,DJ Hussey,BJ Haddin,BAW Mendis,2,0,"",""
ball,1,49.7,Australia,DJ Hussey,BJ Haddin,BAW Mendis,4,0,"",""
ball,2,0.1,Sri Lanka,WU Tharanga,TM Dilshan,MA Starc,0,0,"",""
ball,2,0.2,Sri Lanka,WU Tharanga,TM Dilshan,MA Starc,0,0,"",""
ball,2,0.3,Sri Lanka,WU Tharanga,TM Dilshan,MA Starc,0,1,"",""
ball,2,0.4,Sri Lanka,WU Tharanga,TM Dilshan,MA Starc,0,0,"",""
ball,2,0.5,Sri Lanka,WU Tharanga,TM Dilshan,MA Starc,0,0,"",""
ball,2,0.6,Sri Lanka,WU Tharanga,TM Dilshan,MA Starc,0,0,"",""
ball,2,0.7,Sri Lanka,WU Tharanga,TM Dilshan,MA Starc,0,0,"",""
ball,2,1.1,Sri Lanka,TM Dilshan,WU Tharanga,CJ McKay,0,1,"",""
ball,2,1.2,Sri Lanka,TM Dilshan,WU Tharanga,CJ McKay,0,0,"",""
ball,2,1.3,Sri Lanka,TM Dilshan,WU Tharanga,CJ McKay,0,0,"",""
ball,2,1.4,Sri Lanka,TM Dilshan,WU Tharanga,CJ McKay,0,0,"",""
ball,2,1.5,Sri Lanka,TM Dilshan,WU Tharanga,CJ McKay,0,0,"",""
ball,2,1.6,Sri Lanka,TM Dilshan,WU Tharanga,CJ McKay,0,0,"",""
ball,2,1.7,Sri Lanka,TM Dilshan,WU Tharanga,CJ McKay,0,0,"",""
ball,2,2.1,Sri Lanka,WU Tharanga,TM Dilshan,MA Starc,1,0,"",""
ball,2,2.2,Sri Lanka,TM Dilshan,WU Tharanga,MA Starc,4,0,"",""
ball,2,2.3,Sri Lanka,TM Dilshan,WU Tharanga,MA Starc,0,0,"",""
ball,2,2.4,Sri Lanka,TM Dilshan,WU Tharanga,MA Starc,0,0,"",""
ball,2,2.5,Sri Lanka,TM Dilshan,WU Tharanga,MA Starc,1,0,"",""
ball,2,2.6,Sri Lanka,WU Tharanga,TM Dilshan,MA Starc,0,0,caught,WU Tharanga
ball,2,3.1,Sri Lanka,TM Dilshan,DPMD Jayawardene,CJ McKay,1,0,"",""
ball,2,3.2,Sri Lanka,DPMD Jayawardene,TM Dilshan,CJ McKay,1,0,"",""
ball,2,3.3,Sri Lanka,TM Dilshan,DPMD Jayawardene,CJ McKay,0,1,"",""
ball,2,3.4,Sri Lanka,DPMD Jayawardene,TM Dilshan,CJ McKay,0,0,"",""
ball,2,3.5,Sri Lanka,DPMD Jayawardene,TM Dilshan,CJ McKay,4,0,"",""
ball,2,3.6,Sri Lanka,DPMD Jayawardene,TM Dilshan,CJ McKay,0,0,"",""
ball,2,4.1,Sri Lanka,TM Dilshan,DPMD Jayawardene,MA Starc,0,0,"",""
ball,2,4.2,Sri Lanka,TM Dilshan,DPMD Jayawardene,MA Starc,1,0,"",""
ball,2,4.3,Sri Lanka,DPMD Jayawardene,TM Dilshan,MA Starc,0,0,"",""
ball,2,4.4,Sri Lanka,DPMD Jayawardene,TM Dilshan,MA Starc,0,0,"",""
ball,2,4.5,Sri Lanka,DPMD Jayawardene,TM Dilshan,MA Starc,0,0,"",""
ball,2,4.6,Sri Lanka,DPMD Jayawardene,TM Dilshan,MA Starc,0,0,"",""
ball,2,5.1,Sri Lanka,TM Dilshan,DPMD Jayawardene,CJ McKay,1,0,"",""
ball,2,5.2,Sri Lanka,DPMD Jayawardene,TM Dilshan,CJ McKay,0,0,caught,DPMD Jayawardene
ball,2,5.3,Sri Lanka,LD Chandimal,TM Dilshan,CJ McKay,0,0,"",""
ball,2,5.4,Sri Lanka,LD Chandimal,TM Dilshan,CJ McKay,0,0,"",""
ball,2,5.5,Sri Lanka,LD Chandimal,TM Dilshan,CJ McKay,0,0,"",""
ball,2,5.6,Sri Lanka,LD Chandimal,TM Dilshan,CJ McKay,0,0,"",""
ball,2,6.1,Sri Lanka,TM Dilshan,LD Chandimal,MA Starc,0,0,"",""
ball,2,6.2,Sri Lanka,TM Dilshan,LD Chandimal,MA Starc,1,0,"",""
ball,2,6.3,Sri Lanka,LD Chandimal,TM Dilshan,MA Starc,0,0,"",""
ball,2,6.4,Sri Lanka,LD Chandimal,TM Dilshan,MA Starc,4,0,"",""
ball,2,6.5,Sri Lanka,LD Chandimal,TM Dilshan,MA Starc,0,0,"",""
ball,2,6.6,Sri Lanka,LD Chandimal,TM Dilshan,MA Starc,0,0,"",""
ball,2,7.1,Sri Lanka,TM Dilshan,LD Chandimal,CJ McKay,4,0,"",""
ball,2,7.2,Sri Lanka,TM Dilshan,LD Chandimal,CJ McKay,1,0,"",""
ball,2,7.3,Sri Lanka,LD Chandimal,TM Dilshan,CJ McKay,1,0,"",""
ball,2,7.4,Sri Lanka,TM Dilshan,LD Chandimal,CJ McKay,1,0,"",""
ball,2,7.5,Sri Lanka,LD Chandimal,TM Dilshan,CJ McKay,1,0,"",""
ball,2,7.6,Sri Lanka,TM Dilshan,LD Chandimal,CJ McKay,0,0,"",""
ball,2,8.1,Sri Lanka,LD Chandimal,TM Dilshan,MG Johnson,0,0,"",""
ball,2,8.2,Sri Lanka,LD Chandimal,TM Dilshan,MG Johnson,0,0,"",""
ball,2,8.3,Sri Lanka,LD Chandimal,TM Dilshan,MG Johnson,0,0,"",""
ball,2,8.4,Sri Lanka,LD Chandimal,TM Dilshan,MG Johnson,1,0,"",""
ball,2,8.5,Sri Lanka,TM Dilshan,LD Chandimal,MG Johnson,0,1,"",""
ball,2,8.6,Sri Lanka,TM Dilshan,LD Chandimal,MG Johnson,0,0,"",""
ball,2,8.7,Sri Lanka,TM Dilshan,LD Chandimal,MG Johnson,0,0,"",""
ball,2,9.1,Sri Lanka,LD Chandimal,TM Dilshan,CJ McKay,0,0,"",""
ball,2,9.2,Sri Lanka,LD Chandimal,TM Dilshan,CJ McKay,0,0,"",""
ball,2,9.3,Sri Lanka,LD Chandimal,TM Dilshan,CJ McKay,0,0,"",""
ball,2,9.4,Sri Lanka,LD Chandimal,TM Dilshan,CJ McKay,0,0,"",""
ball,2,9.5,Sri Lanka,LD Chandimal,TM Dilshan,CJ McKay,0,0,"",""
ball,2,9.6,Sri Lanka,LD Chandimal,TM Dilshan,CJ McKay,1,0,"",""
ball,2,10.1,Sri Lanka,LD Chandimal,TM Dilshan,MG Johnson,0,0,"",""
ball,2,10.2,Sri Lanka,LD Chandimal,TM Dilshan,MG Johnson,0,0,"",""
ball,2,10.3,Sri Lanka,LD Chandimal,TM Dilshan,MG Johnson,0,0,"",""
ball,2,10.4,Sri Lanka,LD Chandimal,TM Dilshan,MG Johnson,0,0,"",""
ball,2,10.5,Sri Lanka,LD Chandimal,TM Dilshan,MG Johnson,0,0,"",""
ball,2,10.6,Sri Lanka,LD Chandimal,TM Dilshan,MG Johnson,2,0,"",""
ball,2,11.1,Sri Lanka,TM Dilshan,LD Chandimal,XJ Doherty,0,0,"",""
ball,2,11.2,Sri Lanka,TM Dilshan,LD Chandimal,XJ Doherty,0,0,"",""
ball,2,11.3,Sri Lanka,TM Dilshan,LD Chandimal,XJ Doherty,2,0,"",""
ball,2,11.4,Sri Lanka,TM Dilshan,LD Chandimal,XJ Doherty,1,0,"",""
ball,2,11.5,Sri Lanka,LD Chandimal,TM Dilshan,XJ Doherty,0,0,"",""
ball,2,11.6,Sri Lanka,LD Chandimal,TM Dilshan,XJ Doherty,1,0,"",""
ball,2,12.1,Sri Lanka,LD Chandimal,TM Dilshan,MG Johnson,0,0,"",""
ball,2,12.2,Sri Lanka,LD Chandimal,TM Dilshan,MG Johnson,4,0,"",""
ball,2,12.3,Sri Lanka,LD Chandimal,TM Dilshan,MG Johnson,4,0,"",""
ball,2,12.4,Sri Lanka,LD Chandimal,TM Dilshan,MG Johnson,1,0,"",""
ball,2,12.5,Sri Lanka,TM Dilshan,LD Chandimal,MG Johnson,1,0,"",""
ball,2,12.6,Sri Lanka,LD Chandimal,TM Dilshan,MG Johnson,0,0,"",""
ball,2,13.1,Sri Lanka,TM Dilshan,LD Chandimal,XJ Doherty,0,0,"",""
ball,2,13.2,Sri Lanka,TM Dilshan,LD Chandimal,XJ Doherty,1,0,"",""
ball,2,13.3,Sri Lanka,LD Chandimal,TM Dilshan,XJ Doherty,1,0,"",""
ball,2,13.4,Sri Lanka,TM Dilshan,LD Chandimal,XJ Doherty,0,0,"",""
ball,2,13.5,Sri Lanka,TM Dilshan,LD Chandimal,XJ Doherty,0,0,"",""
ball,2,13.6,Sri Lanka,TM Dilshan,LD Chandimal,XJ Doherty,4,0,"",""
ball,2,14.1,Sri Lanka,LD Chandimal,TM Dilshan,MG Johnson,0,0,"",""
ball,2,14.2,Sri Lanka,LD Chandimal,TM Dilshan,MG Johnson,0,0,"",""
ball,2,14.3,Sri Lanka,LD Chandimal,TM Dilshan,MG Johnson,0,0,"",""
ball,2,14.4,Sri Lanka,LD Chandimal,TM Dilshan,MG Johnson,0,0,"",""
ball,2,14.5,Sri Lanka,LD Chandimal,TM Dilshan,MG Johnson,0,0,"",""
ball,2,14.6,Sri Lanka,LD Chandimal,TM Dilshan,MG Johnson,0,0,"",""
ball,2,15.1,Sri Lanka,TM Dilshan,LD Chandimal,XJ Doherty,1,0,"",""
ball,2,15.2,Sri Lanka,LD Chandimal,TM Dilshan,XJ Doherty,0,0,"",""
ball,2,15.3,Sri Lanka,LD Chandimal,TM Dilshan,XJ Doherty,0,0,"",""
ball,2,15.4,Sri Lanka,LD Chandimal,TM Dilshan,XJ Doherty,0,0,"",""
ball,2,15.5,Sri Lanka,LD Chandimal,TM Dilshan,XJ Doherty,1,0,"",""
ball,2,15.6,Sri Lanka,TM Dilshan,LD Chandimal,XJ Doherty,0,0,"",""
ball,2,16.1,Sri Lanka,LD Chandimal,TM Dilshan,GJ Maxwell,1,0,"",""
ball,2,16.2,Sri Lanka,TM Dilshan,LD Chandimal,GJ Maxwell,1,0,"",""
ball,2,16.3,Sri Lanka,LD Chandimal,TM Dilshan,GJ Maxwell,1,0,"",""
ball,2,16.4,Sri Lanka,TM Dilshan,LD Chandimal,GJ Maxwell,0,0,"",""
ball,2,16.5,Sri Lanka,TM Dilshan,LD Chandimal,GJ Maxwell,0,0,"",""
ball,2,16.6,Sri Lanka,TM Dilshan,LD Chandimal,GJ Maxwell,1,0,"",""
ball,2,17.1,Sri Lanka,TM Dilshan,LD Chandimal,XJ Doherty,0,0,"",""
ball,2,17.2,Sri Lanka,TM Dilshan,LD Chandimal,XJ Doherty,0,0,"",""
ball,2,17.3,Sri Lanka,TM Dilshan,LD Chandimal,XJ Doherty,4,0,"",""
ball,2,17.4,Sri Lanka,TM Dilshan,LD Chandimal,XJ Doherty,0,0,"",""
ball,2,17.5,Sri Lanka,TM Dilshan,LD Chandimal,XJ Doherty,1,0,"",""
ball,2,17.6,Sri Lanka,LD Chandimal,TM Dilshan,XJ Doherty,0,0,"",""
ball,2,18.1,Sri Lanka,TM Dilshan,LD Chandimal,GJ Maxwell,2,0,"",""
ball,2,18.2,Sri Lanka,TM Dilshan,LD Chandimal,GJ Maxwell,0,0,"",""
ball,2,18.3,Sri Lanka,TM Dilshan,LD Chandimal,GJ Maxwell,1,0,"",""
ball,2,18.4,Sri Lanka,LD Chandimal,TM Dilshan,GJ Maxwell,6,0,"",""
ball,2,18.5,Sri Lanka,LD Chandimal,TM Dilshan,GJ Maxwell,1,0,"",""
ball,2,18.6,Sri Lanka,TM Dilshan,LD Chandimal,GJ Maxwell,1,0,"",""
ball,2,19.1,Sri Lanka,TM Dilshan,LD Chandimal,DJ Hussey,1,0,"",""
ball,2,19.2,Sri Lanka,LD Chandimal,TM Dilshan,DJ Hussey,1,0,"",""
ball,2,19.3,Sri Lanka,TM Dilshan,LD Chandimal,DJ Hussey,1,0,"",""
ball,2,19.4,Sri Lanka,LD Chandimal,TM Dilshan,DJ Hussey,0,0,"",""
ball,2,19.5,Sri Lanka,LD Chandimal,TM Dilshan,DJ Hussey,1,0,"",""
ball,2,19.6,Sri Lanka,TM Dilshan,LD Chandimal,DJ Hussey,0,1,"",""
ball,2,20.1,Sri Lanka,TM Dilshan,LD Chandimal,GJ Maxwell,2,0,"",""
ball,2,20.2,Sri Lanka,TM Dilshan,LD Chandimal,GJ Maxwell,1,0,"",""
ball,2,20.3,Sri Lanka,LD Chandimal,TM Dilshan,GJ Maxwell,1,0,"",""
ball,2,20.4,Sri Lanka,TM Dilshan,LD Chandimal,GJ Maxwell,0,0,"",""
ball,2,20.5,Sri Lanka,TM Dilshan,LD Chandimal,GJ Maxwell,2,0,"",""
ball,2,20.6,Sri Lanka,TM Dilshan,LD Chandimal,GJ Maxwell,0,0,"",""
ball,2,21.1,Sri Lanka,LD Chandimal,TM Dilshan,DJ Hussey,1,0,"",""
ball,2,21.2,Sri Lanka,TM Dilshan,LD Chandimal,DJ Hussey,0,0,"",""
ball,2,21.3,Sri Lanka,TM Dilshan,LD Chandimal,DJ Hussey,0,0,"",""
ball,2,21.4,Sri Lanka,TM Dilshan,LD Chandimal,DJ Hussey,1,0,"",""
ball,2,21.5,Sri Lanka,LD Chandimal,TM Dilshan,DJ Hussey,0,0,"",""
ball,2,21.6,Sri Lanka,LD Chandimal,TM Dilshan,DJ Hussey,4,0,"",""
ball,2,22.1,Sri Lanka,TM Dilshan,LD Chandimal,GJ Maxwell,1,0,"",""
ball,2,22.2,Sri Lanka,LD Chandimal,TM Dilshan,GJ Maxwell,1,0,"",""
ball,2,22.3,Sri Lanka,TM Dilshan,LD Chandimal,GJ Maxwell,1,0,"",""
ball,2,22.4,Sri Lanka,LD Chandimal,TM Dilshan,GJ Maxwell,0,0,"",""
ball,2,22.5,Sri Lanka,LD Chandimal,TM Dilshan,GJ Maxwell,3,0,"",""
ball,2,22.6,Sri Lanka,TM Dilshan,LD Chandimal,GJ Maxwell,1,0,"",""
ball,2,23.1,Sri Lanka,TM Dilshan,LD Chandimal,MG Johnson,1,0,"",""
ball,2,23.2,Sri Lanka,LD Chandimal,TM Dilshan,MG Johnson,0,0,"",""
ball,2,23.3,Sri Lanka,LD Chandimal,TM Dilshan,MG Johnson,4,0,"",""
ball,2,23.4,Sri Lanka,LD Chandimal,TM Dilshan,MG Johnson,0,0,"",""
ball,2,23.5,Sri Lanka,LD Chandimal,TM Dilshan,MG Johnson,1,0,"",""
ball,2,23.6,Sri Lanka,TM Dilshan,LD Chandimal,MG Johnson,1,0,"",""
ball,2,24.1,Sri Lanka,TM Dilshan,LD Chandimal,DJ Hussey,1,0,"",""
ball,2,24.2,Sri Lanka,LD Chandimal,TM Dilshan,DJ Hussey,1,0,"",""
ball,2,24.3,Sri Lanka,TM Dilshan,LD Chandimal,DJ Hussey,0,0,"",""
ball,2,24.4,Sri Lanka,TM Dilshan,LD Chandimal,DJ Hussey,0,0,"",""
ball,2,24.5,Sri Lanka,TM Dilshan,LD Chandimal,DJ Hussey,0,0,"",""
ball,2,24.6,Sri Lanka,TM Dilshan,LD Chandimal,DJ Hussey,1,0,"",""
ball,2,25.1,Sri Lanka,TM Dilshan,LD Chandimal,MG Johnson,0,0,run out,TM Dilshan
ball,2,25.2,Sri Lanka,LD Chandimal,AD Mathews,MG Johnson,0,0,"",""
ball,2,25.3,Sri Lanka,LD Chandimal,AD Mathews,MG Johnson,1,0,"",""
ball,2,25.4,Sri Lanka,AD Mathews,LD Chandimal,MG Johnson,2,0,"",""
ball,2,25.5,Sri Lanka,AD Mathews,LD Chandimal,MG Johnson,0,0,"",""
ball,2,25.6,Sri Lanka,AD Mathews,LD Chandimal,MG Johnson,0,0,"",""
ball,2,26.1,Sri Lanka,LD Chandimal,AD Mathews,MA Starc,1,0,"",""
ball,2,26.2,Sri Lanka,AD Mathews,LD Chandimal,MA Starc,1,0,"",""
ball,2,26.3,Sri Lanka,LD Chandimal,AD Mathews,MA Starc,0,1,"",""
ball,2,26.4,Sri Lanka,LD Chandimal,AD Mathews,MA Starc,0,0,"",""
ball,2,26.5,Sri Lanka,LD Chandimal,AD Mathews,MA Starc,0,0,"",""
ball,2,26.6,Sri Lanka,LD Chandimal,AD Mathews,MA Starc,0,0,"",""
ball,2,26.7,Sri Lanka,LD Chandimal,AD Mathews,MA Starc,0,0,"",""
ball,2,27.1,Sri Lanka,AD Mathews,LD Chandimal,XJ Doherty,0,0,"",""
ball,2,27.2,Sri Lanka,AD Mathews,LD Chandimal,XJ Doherty,0,0,"",""
ball,2,27.3,Sri Lanka,AD Mathews,LD Chandimal,XJ Doherty,0,0,"",""
ball,2,27.4,Sri Lanka,AD Mathews,LD Chandimal,XJ Doherty,0,0,"",""
ball,2,27.5,Sri Lanka,AD Mathews,LD Chandimal,XJ Doherty,1,0,"",""
ball,2,27.6,Sri Lanka,LD Chandimal,AD Mathews,XJ Doherty,1,0,"",""
ball,2,28.1,Sri Lanka,LD Chandimal,AD Mathews,MA Starc,1,0,"",""
ball,2,28.2,Sri Lanka,AD Mathews,LD Chandimal,MA Starc,2,0,"",""
ball,2,28.3,Sri Lanka,AD Mathews,LD Chandimal,MA Starc,0,0,"",""
ball,2,28.4,Sri Lanka,AD Mathews,LD Chandimal,MA Starc,2,0,"",""
ball,2,28.5,Sri Lanka,AD Mathews,LD Chandimal,MA Starc,2,0,"",""
ball,2,28.6,Sri Lanka,AD Mathews,LD Chandimal,MA Starc,2,0,"",""
ball,2,29.1,Sri Lanka,LD Chandimal,AD Mathews,XJ Doherty,0,0,"",""
ball,2,29.2,Sri Lanka,LD Chandimal,AD Mathews,XJ Doherty,0,0,run out,AD Mathews
ball,2,29.3,Sri Lanka,LD Chandimal,HDRL Thirimanne,XJ Doherty,0,0,run out,HDRL Thirimanne
ball,2,29.4,Sri Lanka,BMAJ Mendis,LD Chandimal,XJ Doherty,0,0,"",""
ball,2,29.5,Sri Lanka,BMAJ Mendis,LD Chandimal,XJ Doherty,3,0,"",""
ball,2,29.6,Sri Lanka,LD Chandimal,BMAJ Mendis,XJ Doherty,1,0,"",""
ball,2,30.1,Sri Lanka,LD Chandimal,BMAJ Mendis,DJ Hussey,0,0,"",""
ball,2,30.2,Sri Lanka,LD Chandimal,BMAJ Mendis,DJ Hussey,1,0,"",""
ball,2,30.3,Sri Lanka,BMAJ Mendis,LD Chandimal,DJ Hussey,1,0,"",""
ball,2,30.4,Sri Lanka,LD Chandimal,BMAJ Mendis,DJ Hussey,1,0,"",""
ball,2,30.5,Sri Lanka,BMAJ Mendis,LD Chandimal,DJ Hussey,0,0,"",""
ball,2,30.6,Sri Lanka,BMAJ Mendis,LD Chandimal,DJ Hussey,0,0,"",""
ball,2,31.1,Sri Lanka,LD Chandimal,BMAJ Mendis,XJ Doherty,0,0,"",""
ball,2,31.2,Sri Lanka,LD Chandimal,BMAJ Mendis,XJ Doherty,1,0,"",""
ball,2,31.3,Sri Lanka,BMAJ Mendis,LD Chandimal,XJ Doherty,0,0,"",""
ball,2,31.4,Sri Lanka,BMAJ Mendis,LD Chandimal,XJ Doherty,1,0,"",""
ball,2,31.5,Sri Lanka,LD Chandimal,BMAJ Mendis,XJ Doherty,1,0,"",""
ball,2,31.6,Sri Lanka,BMAJ Mendis,LD Chandimal,XJ Doherty,6,0,"",""
ball,2,32.1,Sri Lanka,LD Chandimal,BMAJ Mendis,DJ Hussey,0,0,"",""
ball,2,32.2,Sri Lanka,LD Chandimal,BMAJ Mendis,DJ Hussey,1,0,"",""
ball,2,32.3,Sri Lanka,BMAJ Mendis,LD Chandimal,DJ Hussey,4,0,"",""
ball,2,32.4,Sri Lanka,BMAJ Mendis,LD Chandimal,DJ Hussey,2,0,"",""
ball,2,32.5,Sri Lanka,BMAJ Mendis,LD Chandimal,DJ Hussey,0,0,"",""
ball,2,32.6,Sri Lanka,BMAJ Mendis,LD Chandimal,DJ Hussey,1,0,"",""
ball,2,33.1,Sri Lanka,BMAJ Mendis,LD Chandimal,XJ Doherty,2,0,"",""
ball,2,33.2,Sri Lanka,BMAJ Mendis,LD Chandimal,XJ Doherty,0,1,"",""
ball,2,33.3,Sri Lanka,LD Chandimal,BMAJ Mendis,XJ Doherty,0,0,"",""
ball,2,33.4,Sri Lanka,LD Chandimal,BMAJ Mendis,XJ Doherty,2,0,"",""
ball,2,33.5,Sri Lanka,LD Chandimal,BMAJ Mendis,XJ Doherty,4,0,"",""
ball,2,33.6,Sri Lanka,LD Chandimal,BMAJ Mendis,XJ Doherty,1,0,"",""
ball,2,34.1,Sri Lanka,LD Chandimal,BMAJ Mendis,MG Johnson,4,0,"",""
ball,2,34.2,Sri Lanka,LD Chandimal,BMAJ Mendis,MG Johnson,1,0,"",""
ball,2,34.3,Sri Lanka,BMAJ Mendis,LD Chandimal,MG Johnson,0,0,"",""
ball,2,34.4,Sri Lanka,BMAJ Mendis,LD Chandimal,MG Johnson,0,0,"",""
ball,2,34.5,Sri Lanka,BMAJ Mendis,LD Chandimal,MG Johnson,0,0,"",""
ball,2,34.6,Sri Lanka,BMAJ Mendis,LD Chandimal,MG Johnson,0,0,caught,BMAJ Mendis
ball,2,35.1,Sri Lanka,LD Chandimal,NLTC Perera,CJ McKay,2,0,"",""
ball,2,35.2,Sri Lanka,LD Chandimal,NLTC Perera,CJ McKay,0,0,"",""
ball,2,35.3,Sri Lanka,LD Chandimal,NLTC Perera,CJ McKay,0,0,"",""
ball,2,35.4,Sri Lanka,LD Chandimal,NLTC Perera,CJ McKay,0,0,caught,LD Chandimal
ball,2,35.5,Sri Lanka,KMDN Kulasekara,NLTC Perera,CJ McKay,1,0,"",""
ball,2,35.6,Sri Lanka,NLTC Perera,KMDN Kulasekara,CJ McKay,0,0,"",""
ball,2,36.1,Sri Lanka,KMDN Kulasekara,NLTC Perera,MG Johnson,0,0,"",""
ball,2,36.2,Sri Lanka,KMDN Kulasekara,NLTC Perera,MG Johnson,1,0,"",""
ball,2,36.3,Sri Lanka,NLTC Perera,KMDN Kulasekara,MG Johnson,0,0,"",""
ball,2,36.4,Sri Lanka,NLTC Perera,KMDN Kulasekara,MG Johnson,1,0,"",""
ball,2,36.5,Sri Lanka,KMDN Kulasekara,NLTC Perera,MG Johnson,4,0,"",""
ball,2,36.6,Sri Lanka,KMDN Kulasekara,NLTC Perera,MG Johnson,0,1,"",""
ball,2,37.1,Sri Lanka,KMDN Kulasekara,NLTC Perera,CJ McKay,0,0,"",""
ball,2,37.2,Sri Lanka,KMDN Kulasekara,NLTC Perera,CJ McKay,0,1,"",""
ball,2,37.3,Sri Lanka,KMDN Kulasekara,NLTC Perera,CJ McKay,0,1,"",""
ball,2,37.4,Sri Lanka,KMDN Kulasekara,NLTC Perera,CJ McKay,4,0,"",""
ball,2,37.5,Sri Lanka,KMDN Kulasekara,NLTC Perera,CJ McKay,1,0,"",""
ball,2,37.6,Sri Lanka,NLTC Perera,KMDN Kulasekara,CJ McKay,2,0,"",""
ball,2,37.7,Sri Lanka,NLTC Perera,KMDN Kulasekara,CJ McKay,0,0,"",""
ball,2,37.8,Sri Lanka,NLTC Perera,KMDN Kulasekara,CJ McKay,0,0,"",""
ball,2,38.1,Sri Lanka,KMDN Kulasekara,NLTC Perera,MG Johnson,0,1,"",""
ball,2,38.2,Sri Lanka,KMDN Kulasekara,NLTC Perera,MG Johnson,4,0,"",""
ball,2,38.3,Sri Lanka,KMDN Kulasekara,NLTC Perera,MG Johnson,1,0,"",""
ball,2,38.4,Sri Lanka,NLTC Perera,KMDN Kulasekara,MG Johnson,1,0,"",""
ball,2,38.5,Sri Lanka,KMDN Kulasekara,NLTC Perera,MG Johnson,1,0,"",""
ball,2,38.6,Sri Lanka,NLTC Perera,KMDN Kulasekara,MG Johnson,0,0,caught,NLTC Perera
ball,2,38.7,Sri Lanka,SL Malinga,KMDN Kulasekara,MG Johnson,0,0,"",""
ball,2,39.1,Sri Lanka,KMDN Kulasekara,SL Malinga,CJ McKay,0,0,"",""
ball,2,39.2,Sri Lanka,KMDN Kulasekara,SL Malinga,CJ McKay,0,0,"",""
ball,2,39.3,Sri Lanka,KMDN Kulasekara,SL Malinga,CJ McKay,1,0,"",""
ball,2,39.4,Sri Lanka,SL Malinga,KMDN Kulasekara,CJ McKay,1,0,"",""
ball,2,39.5,Sri Lanka,KMDN Kulasekara,SL Malinga,CJ McKay,0,1,"",""
ball,2,39.6,Sri Lanka,KMDN Kulasekara,SL Malinga,CJ McKay,0,1,"",""
ball,2,39.7,Sri Lanka,KMDN Kulasekara,SL Malinga,CJ McKay,0,0,caught,KMDN Kulasekara
ball,2,39.8,Sri Lanka,BAW Mendis,SL Malinga,CJ McKay,0,0,caught,BAW Mendis
