version,1.3.0
info,team,India
info,team,West Indies
info,gender,male
info,season,2013
info,date,2013/06/11
info,competition,ICC Champions Trophy
info,match_number,6
info,venue,Kennington Oval
info,city,London
info,neutralvenue,true
info,toss_winner,India
info,toss_decision,field
info,player_of_match,RA Jadeja
info,umpire,Aleem Dar
info,umpire,AL Hill
info,reserve_umpire,M Erasmus
info,tv_umpire,SJ Davis
info,match_referee,BC Broad
info,winner,India
info,winner_wickets,8
ball,1,0.1,West Indies,CH Gayle,J Charles,B Kumar,0,0,"",""
ball,1,0.2,West Indies,CH Gayle,J Charles,B Kumar,0,0,"",""
ball,1,0.3,West Indies,CH Gayle,J Charles,B Kumar,0,0,"",""
ball,1,0.4,West Indies,CH Gayle,J Charles,B Kumar,1,0,"",""
ball,1,0.5,West Indies,J Charles,CH Gayle,B Kumar,0,0,"",""
ball,1,0.6,West Indies,J Charles,CH Gayle,B Kumar,0,0,"",""
ball,1,1.1,West Indies,CH Gayle,J Charles,UT Yadav,0,0,"",""
ball,1,1.2,West Indies,CH Gayle,J Charles,UT Yadav,2,0,"",""
ball,1,1.3,West Indies,CH Gayle,J Charles,UT Yadav,0,0,"",""
ball,1,1.4,West Indies,CH Gayle,J Charles,UT Yadav,0,1,"",""
ball,1,1.5,West Indies,CH Gayle,J Charles,UT Yadav,4,0,"",""
ball,1,1.6,West Indies,CH Gayle,J Charles,UT Yadav,0,0,"",""
ball,1,1.7,West Indies,CH Gayle,J Charles,UT Yadav,4,0,"",""
ball,1,2.1,West Indies,J Charles,CH Gayle,B Kumar,0,0,"",""
ball,1,2.2,West Indies,J Charles,CH Gayle,B Kumar,0,0,"",""
ball,1,2.3,West Indies,J Charles,CH Gayle,B Kumar,0,0,"",""
ball,1,2.4,West Indies,J Charles,CH Gayle,B Kumar,1,0,"",""
ball,1,2.5,West Indies,CH Gayle,J Charles,B Kumar,0,0,"",""
ball,1,2.6,West Indies,CH Gayle,J Charles,B Kumar,0,0,"",""
ball,1,3.1,West Indies,J Charles,CH Gayle,I Sharma,0,0,"",""
ball,1,3.2,West Indies,J Charles,CH Gayle,I Sharma,0,0,"",""
ball,1,3.3,West Indies,J Charles,CH Gayle,I Sharma,0,0,"",""
ball,1,3.4,West Indies,J Charles,CH Gayle,I Sharma,0,0,"",""
ball,1,3.5,West Indies,J Charles,CH Gayle,I Sharma,1,0,"",""
ball,1,3.6,West Indies,CH Gayle,J Charles,I Sharma,4,0,"",""
ball,1,4.1,West Indies,J Charles,CH Gayle,B Kumar,1,0,"",""
ball,1,4.2,West Indies,CH Gayle,J Charles,B Kumar,0,0,"",""
ball,1,4.3,West Indies,CH Gayle,J Charles,B Kumar,2,0,"",""
ball,1,4.4,West Indies,CH Gayle,J Charles,B Kumar,4,0,"",""
ball,1,4.5,West Indies,CH Gayle,J Charles,B Kumar,0,0,"",""
ball,1,4.6,West Indies,CH Gayle,J Charles,B Kumar,0,0,caught,CH Gayle
ball,1,5.1,West Indies,J Charles,DM Bravo,I Sharma,1,0,"",""
ball,1,5.2,West Indies,DM Bravo,J Charles,I Sharma,0,0,"",""
ball,1,5.3,West Indies,DM Bravo,J Charles,I Sharma,0,0,"",""
ball,1,5.4,West Indies,DM Bravo,J Charles,I Sharma,0,0,"",""
ball,1,5.5,West Indies,DM Bravo,J Charles,I Sharma,0,0,"",""
ball,1,5.6,West Indies,DM Bravo,J Charles,I Sharma,0,0,"",""
ball,1,6.1,West Indies,J Charles,DM Bravo,B Kumar,1,0,"",""
ball,1,6.2,West Indies,DM Bravo,J Charles,B Kumar,0,0,"",""
ball,1,6.3,West Indies,DM Bravo,J Charles,B Kumar,4,0,"",""
ball,1,6.4,West Indies,DM Bravo,J Charles,B Kumar,0,0,"",""
ball,1,6.5,West Indies,DM Bravo,J Charles,B Kumar,0,0,"",""
ball,1,6.6,West Indies,DM Bravo,J Charles,B Kumar,0,0,"",""
ball,1,7.1,West Indies,J Charles,DM Bravo,UT Yadav,0,0,"",""
ball,1,7.2,West Indies,J Charles,DM Bravo,UT Yadav,1,0,"",""
ball,1,7.3,West Indies,DM Bravo,J Charles,UT Yadav,0,0,"",""
ball,1,7.4,West Indies,DM Bravo,J Charles,UT Yadav,0,0,"",""
ball,1,7.5,West Indies,DM Bravo,J Charles,UT Yadav,1,0,"",""
ball,1,7.6,West Indies,J Charles,DM Bravo,UT Yadav,0,0,"",""
ball,1,8.1,West Indies,DM Bravo,J Charles,B Kumar,0,0,"",""
ball,1,8.2,West Indies,DM Bravo,J Charles,B Kumar,0,0,"",""
ball,1,8.3,West Indies,DM Bravo,J Charles,B Kumar,1,0,"",""
ball,1,8.4,West Indies,J Charles,DM Bravo,B Kumar,4,0,"",""
ball,1,8.5,West Indies,J Charles,DM Bravo,B Kumar,4,0,"",""
ball,1,8.6,West Indies,J Charles,DM Bravo,B Kumar,0,0,"",""
ball,1,9.1,West Indies,DM Bravo,J Charles,UT Yadav,1,0,"",""
ball,1,9.2,West Indies,J Charles,DM Bravo,UT Yadav,0,0,"",""
ball,1,9.3,West Indies,J Charles,DM Bravo,UT Yadav,4,0,"",""
ball,1,9.4,West Indies,J Charles,DM Bravo,UT Yadav,4,0,"",""
ball,1,9.5,West Indies,J Charles,DM Bravo,UT Yadav,4,0,"",""
ball,1,9.6,West Indies,J Charles,DM Bravo,UT Yadav,0,0,"",""
ball,1,10.1,West Indies,DM Bravo,J Charles,B Kumar,0,0,"",""
ball,1,10.2,West Indies,DM Bravo,J Charles,B Kumar,1,0,"",""
ball,1,10.3,West Indies,J Charles,DM Bravo,B Kumar,4,0,"",""
ball,1,10.4,West Indies,J Charles,DM Bravo,B Kumar,0,2,"",""
ball,1,10.5,West Indies,J Charles,DM Bravo,B Kumar,0,0,"",""
ball,1,10.6,West Indies,J Charles,DM Bravo,B Kumar,1,0,"",""
ball,1,11.1,West Indies,J Charles,DM Bravo,R Ashwin,1,0,"",""
ball,1,11.2,West Indies,DM Bravo,J Charles,R Ashwin,0,0,"",""
ball,1,11.3,West Indies,DM Bravo,J Charles,R Ashwin,1,0,"",""
ball,1,11.4,West Indies,J Charles,DM Bravo,R Ashwin,1,0,"",""
ball,1,11.5,West Indies,DM Bravo,J Charles,R Ashwin,0,0,"",""
ball,1,11.6,West Indies,DM Bravo,J Charles,R Ashwin,1,0,"",""
ball,1,12.1,West Indies,DM Bravo,J Charles,V Kohli,1,0,"",""
ball,1,12.2,West Indies,J Charles,DM Bravo,V Kohli,1,0,"",""
ball,1,12.3,West Indies,DM Bravo,J Charles,V Kohli,1,0,"",""
ball,1,12.4,West Indies,J Charles,DM Bravo,V Kohli,0,0,"",""
ball,1,12.5,West Indies,J Charles,DM Bravo,V Kohli,0,0,"",""
ball,1,12.6,West Indies,J Charles,DM Bravo,V Kohli,2,0,"",""
ball,1,13.1,West Indies,DM Bravo,J Charles,R Ashwin,0,0,"",""
ball,1,13.2,West Indies,DM Bravo,J Charles,R Ashwin,1,0,"",""
ball,1,13.3,West Indies,J Charles,DM Bravo,R Ashwin,2,0,"",""
ball,1,13.4,West Indies,J Charles,DM Bravo,R Ashwin,0,0,"",""
ball,1,13.5,West Indies,J Charles,DM Bravo,R Ashwin,0,0,"",""
ball,1,13.6,West Indies,J Charles,DM Bravo,R Ashwin,0,0,"",""
ball,1,14.1,West Indies,DM Bravo,J Charles,V Kohli,0,0,"",""
ball,1,14.2,West Indies,DM Bravo,J Charles,V Kohli,0,0,"",""
ball,1,14.3,West Indies,DM Bravo,J Charles,V Kohli,0,0,"",""
ball,1,14.4,West Indies,DM Bravo,J Charles,V Kohli,1,0,"",""
ball,1,14.5,West Indies,J Charles,DM Bravo,V Kohli,4,0,"",""
ball,1,14.6,West Indies,J Charles,DM Bravo,V Kohli,0,0,"",""
ball,1,15.1,West Indies,DM Bravo,J Charles,R Ashwin,0,0,"",""
ball,1,15.2,West Indies,DM Bravo,J Charles,R Ashwin,0,0,"",""
ball,1,15.3,West Indies,DM Bravo,J Charles,R Ashwin,1,0,"",""
ball,1,15.4,West Indies,J Charles,DM Bravo,R Ashwin,0,0,"",""
ball,1,15.5,West Indies,J Charles,DM Bravo,R Ashwin,1,0,"",""
ball,1,15.6,West Indies,DM Bravo,J Charles,R Ashwin,1,0,"",""
ball,1,16.1,West Indies,DM Bravo,J Charles,V Kohli,1,0,"",""
ball,1,16.2,West Indies,J Charles,DM Bravo,V Kohli,0,0,"",""
ball,1,16.3,West Indies,J Charles,DM Bravo,V Kohli,6,0,"",""
ball,1,16.4,West Indies,J Charles,DM Bravo,V Kohli,1,0,"",""
ball,1,16.5,West Indies,DM Bravo,J Charles,V Kohli,0,0,"",""
ball,1,16.6,West Indies,DM Bravo,J Charles,V Kohli,1,0,"",""
ball,1,17.1,West Indies,DM Bravo,J Charles,RA Jadeja,0,0,"",""
ball,1,17.2,West Indies,DM Bravo,J Charles,RA Jadeja,0,0,"",""
ball,1,17.3,West Indies,DM Bravo,J Charles,RA Jadeja,0,0,"",""
ball,1,17.4,West Indies,DM Bravo,J Charles,RA Jadeja,0,0,"",""
ball,1,17.5,West Indies,DM Bravo,J Charles,RA Jadeja,0,0,"",""
ball,1,17.6,West Indies,DM Bravo,J Charles,RA Jadeja,0,0,"",""
ball,1,18.1,West Indies,J Charles,DM Bravo,R Ashwin,0,0,"",""
ball,1,18.2,West Indies,J Charles,DM Bravo,R Ashwin,4,0,"",""
ball,1,18.3,West Indies,J Charles,DM Bravo,R Ashwin,0,0,"",""
ball,1,18.4,West Indies,J Charles,DM Bravo,R Ashwin,0,0,"",""
ball,1,18.5,West Indies,J Charles,DM Bravo,R Ashwin,6,0,"",""
ball,1,18.6,West Indies,J Charles,DM Bravo,R Ashwin,0,0,"",""
ball,1,19.1,West Indies,DM Bravo,J Charles,RA Jadeja,0,0,"",""
ball,1,19.2,West Indies,DM Bravo,J Charles,RA Jadeja,1,0,"",""
ball,1,19.3,West Indies,J Charles,DM Bravo,RA Jadeja,0,0,"",""
ball,1,19.4,West Indies,J Charles,DM Bravo,RA Jadeja,0,0,"",""
ball,1,19.5,West Indies,J Charles,DM Bravo,RA Jadeja,0,0,lbw,J Charles
ball,1,19.6,West Indies,MN Samuels,DM Bravo,RA Jadeja,1,0,"",""
ball,1,20.1,West Indies,MN Samuels,DM Bravo,I Sharma,0,0,"",""
ball,1,20.2,West Indies,MN Samuels,DM Bravo,I Sharma,0,0,"",""
ball,1,20.3,West Indies,MN Samuels,DM Bravo,I Sharma,0,0,"",""
ball,1,20.4,West Indies,MN Samuels,DM Bravo,I Sharma,0,0,"",""
ball,1,20.5,West Indies,MN Samuels,DM Bravo,I Sharma,0,0,"",""
ball,1,20.6,West Indies,MN Samuels,DM Bravo,I Sharma,0,0,"",""
ball,1,21.1,West Indies,DM Bravo,MN Samuels,RA Jadeja,0,0,"",""
ball,1,21.2,West Indies,DM Bravo,MN Samuels,RA Jadeja,0,0,"",""
ball,1,21.3,West Indies,DM Bravo,MN Samuels,RA Jadeja,0,0,"",""
ball,1,21.4,West Indies,DM Bravo,MN Samuels,RA Jadeja,0,0,"",""
ball,1,21.5,West Indies,DM Bravo,MN Samuels,RA Jadeja,1,0,"",""
ball,1,21.6,West Indies,MN Samuels,DM Bravo,RA Jadeja,0,0,lbw,MN Samuels
ball,1,22.1,West Indies,DM Bravo,RR Sarwan,I Sharma,0,0,"",""
ball,1,22.2,West Indies,DM Bravo,RR Sarwan,I Sharma,0,0,"",""
ball,1,22.3,West Indies,DM Bravo,RR Sarwan,I Sharma,0,0,"",""
ball,1,22.4,West Indies,DM Bravo,RR Sarwan,I Sharma,1,0,"",""
ball,1,22.5,West Indies,RR Sarwan,DM Bravo,I Sharma,0,0,"",""
ball,1,22.6,West Indies,RR Sarwan,DM Bravo,I Sharma,0,0,"",""
ball,1,23.1,West Indies,DM Bravo,RR Sarwan,RA Jadeja,1,0,"",""
ball,1,23.2,West Indies,RR Sarwan,DM Bravo,RA Jadeja,1,0,"",""
ball,1,23.3,West Indies,DM Bravo,RR Sarwan,RA Jadeja,1,0,"",""
ball,1,23.4,West Indies,RR Sarwan,DM Bravo,RA Jadeja,0,0,"",""
ball,1,23.5,West Indies,RR Sarwan,DM Bravo,RA Jadeja,0,0,"",""
ball,1,23.6,West Indies,RR Sarwan,DM Bravo,RA Jadeja,0,0,caught,RR Sarwan
ball,1,24.1,West Indies,DM Bravo,DJ Bravo,I Sharma,0,0,"",""
ball,1,24.2,West Indies,DM Bravo,DJ Bravo,I Sharma,0,0,"",""
ball,1,24.3,West Indies,DM Bravo,DJ Bravo,I Sharma,4,0,"",""
ball,1,24.4,West Indies,DM Bravo,DJ Bravo,I Sharma,0,0,"",""
ball,1,24.5,West Indies,DM Bravo,DJ Bravo,I Sharma,1,0,"",""
ball,1,24.6,West Indies,DJ Bravo,DM Bravo,I Sharma,0,0,"",""
ball,1,25.1,West Indies,DM Bravo,DJ Bravo,RA Jadeja,1,0,"",""
ball,1,25.2,West Indies,DJ Bravo,DM Bravo,RA Jadeja,0,0,"",""
ball,1,25.3,West Indies,DJ Bravo,DM Bravo,RA Jadeja,1,0,"",""
ball,1,25.4,West Indies,DM Bravo,DJ Bravo,RA Jadeja,0,0,"",""
ball,1,25.5,West Indies,DM Bravo,DJ Bravo,RA Jadeja,1,0,"",""
ball,1,25.6,West Indies,DJ Bravo,DM Bravo,RA Jadeja,1,0,"",""
ball,1,26.1,West Indies,DJ Bravo,DM Bravo,UT Yadav,0,0,"",""
ball,1,26.2,West Indies,DJ Bravo,DM Bravo,UT Yadav,0,0,"",""
ball,1,26.3,West Indies,DJ Bravo,DM Bravo,UT Yadav,0,0,"",""
ball,1,26.4,West Indies,DJ Bravo,DM Bravo,UT Yadav,1,0,"",""
ball,1,26.5,West Indies,DM Bravo,DJ Bravo,UT Yadav,1,0,"",""
ball,1,26.6,West Indies,DJ Bravo,DM Bravo,UT Yadav,0,0,"",""
ball,1,27.1,West Indies,DM Bravo,DJ Bravo,R Ashwin,0,0,"",""
ball,1,27.2,West Indies,DM Bravo,DJ Bravo,R Ashwin,0,0,"",""
ball,1,27.3,West Indies,DM Bravo,DJ Bravo,R Ashwin,0,0,"",""
ball,1,27.4,West Indies,DM Bravo,DJ Bravo,R Ashwin,0,0,"",""
ball,1,27.5,West Indies,DM Bravo,DJ Bravo,R Ashwin,0,0,"",""
ball,1,27.6,West Indies,DM Bravo,DJ Bravo,R Ashwin,0,0,"",""
ball,1,28.1,West Indies,DJ Bravo,DM Bravo,UT Yadav,4,0,"",""
ball,1,28.2,West Indies,DJ Bravo,DM Bravo,UT Yadav,0,0,"",""
ball,1,28.3,West Indies,DJ Bravo,DM Bravo,UT Yadav,0,0,"",""
ball,1,28.4,West Indies,DJ Bravo,DM Bravo,UT Yadav,4,0,"",""
ball,1,28.5,West Indies,DJ Bravo,DM Bravo,UT Yadav,0,0,"",""
ball,1,28.6,West Indies,DJ Bravo,DM Bravo,UT Yadav,0,0,"",""
ball,1,29.1,West Indies,DM Bravo,DJ Bravo,R Ashwin,0,0,"",""
ball,1,29.2,West Indies,DM Bravo,DJ Bravo,R Ashwin,1,0,"",""
ball,1,29.3,West Indies,DJ Bravo,DM Bravo,R Ashwin,0,0,"",""
ball,1,29.4,West Indies,DJ Bravo,DM Bravo,R Ashwin,0,0,"",""
ball,1,29.5,West Indies,DJ Bravo,DM Bravo,R Ashwin,0,0,"",""
ball,1,29.6,West Indies,DJ Bravo,DM Bravo,R Ashwin,0,0,"",""
ball,1,30.1,West Indies,DM Bravo,DJ Bravo,V Kohli,0,0,"",""
ball,1,30.2,West Indies,DM Bravo,DJ Bravo,V Kohli,0,0,"",""
ball,1,30.3,West Indies,DM Bravo,DJ Bravo,V Kohli,1,0,"",""
ball,1,30.4,West Indies,DJ Bravo,DM Bravo,V Kohli,2,0,"",""
ball,1,30.5,West Indies,DJ Bravo,DM Bravo,V Kohli,0,0,"",""
ball,1,30.6,West Indies,DJ Bravo,DM Bravo,V Kohli,4,0,"",""
ball,1,31.1,West Indies,DM Bravo,DJ Bravo,R Ashwin,1,0,"",""
ball,1,31.2,West Indies,DJ Bravo,DM Bravo,R Ashwin,0,0,"",""
ball,1,31.3,West Indies,DJ Bravo,DM Bravo,R Ashwin,0,0,"",""
ball,1,31.4,West Indies,DJ Bravo,DM Bravo,R Ashwin,1,0,"",""
ball,1,31.5,West Indies,DM Bravo,DJ Bravo,R Ashwin,0,0,"",""
ball,1,31.6,West Indies,DM Bravo,DJ Bravo,R Ashwin,0,0,"",""
ball,1,32.1,West Indies,DJ Bravo,DM Bravo,B Kumar,0,0,"",""
ball,1,32.2,West Indies,DJ Bravo,DM Bravo,B Kumar,0,0,"",""
ball,1,32.3,West Indies,DJ Bravo,DM Bravo,B Kumar,0,0,"",""
ball,1,32.4,West Indies,DJ Bravo,DM Bravo,B Kumar,1,0,"",""
ball,1,32.5,West Indies,DM Bravo,DJ Bravo,B Kumar,0,0,"",""
ball,1,32.6,West Indies,DM Bravo,DJ Bravo,B Kumar,1,0,"",""
ball,1,33.1,West Indies,DM Bravo,DJ Bravo,R Ashwin,0,0,stumped,DM Bravo
ball,1,33.2,West Indies,KA Pollard,DJ Bravo,R Ashwin,0,0,"",""
ball,1,33.3,West Indies,KA Pollard,DJ Bravo,R Ashwin,0,0,"",""
ball,1,33.4,West Indies,KA Pollard,DJ Bravo,R Ashwin,0,0,"",""
ball,1,33.5,West Indies,KA Pollard,DJ Bravo,R Ashwin,0,0,"",""
ball,1,33.6,West Indies,KA Pollard,DJ Bravo,R Ashwin,0,0,"",""
ball,1,34.1,West Indies,DJ Bravo,KA Pollard,B Kumar,0,0,"",""
ball,1,34.2,West Indies,DJ Bravo,KA Pollard,B Kumar,1,0,"",""
ball,1,34.3,West Indies,KA Pollard,DJ Bravo,B Kumar,0,0,"",""
ball,1,34.4,West Indies,KA Pollard,DJ Bravo,B Kumar,0,0,"",""
ball,1,34.5,West Indies,KA Pollard,DJ Bravo,B Kumar,0,0,"",""
ball,1,34.6,West Indies,KA Pollard,DJ Bravo,B Kumar,0,0,"",""
ball,1,35.1,West Indies,DJ Bravo,KA Pollard,R Ashwin,0,0,"",""
ball,1,35.2,West Indies,DJ Bravo,KA Pollard,R Ashwin,0,0,"",""
ball,1,35.3,West Indies,DJ Bravo,KA Pollard,R Ashwin,1,0,"",""
ball,1,35.4,West Indies,KA Pollard,DJ Bravo,R Ashwin,0,0,"",""
ball,1,35.5,West Indies,KA Pollard,DJ Bravo,R Ashwin,6,0,"",""
ball,1,35.6,West Indies,KA Pollard,DJ Bravo,R Ashwin,6,0,"",""
ball,1,36.1,West Indies,DJ Bravo,KA Pollard,I Sharma,0,0,"",""
ball,1,36.2,West Indies,DJ Bravo,KA Pollard,I Sharma,0,0,"",""
ball,1,36.3,West Indies,DJ Bravo,KA Pollard,I Sharma,1,0,"",""
ball,1,36.4,West Indies,KA Pollard,DJ Bravo,I Sharma,0,0,"",""
ball,1,36.5,West Indies,KA Pollard,DJ Bravo,I Sharma,1,0,"",""
ball,1,36.6,West Indies,DJ Bravo,KA Pollard,I Sharma,2,0,"",""
ball,1,37.1,West Indies,KA Pollard,DJ Bravo,UT Yadav,1,0,"",""
ball,1,37.2,West Indies,DJ Bravo,KA Pollard,UT Yadav,1,0,"",""
ball,1,37.3,West Indies,KA Pollard,DJ Bravo,UT Yadav,0,0,"",""
ball,1,37.4,West Indies,KA Pollard,DJ Bravo,UT Yadav,3,0,"",""
ball,1,37.5,West Indies,DJ Bravo,KA Pollard,UT Yadav,0,0,caught,DJ Bravo
ball,1,37.6,West Indies,DJG Sammy,KA Pollard,UT Yadav,0,0,"",""
ball,1,38.1,West Indies,KA Pollard,DJG Sammy,I Sharma,0,0,"",""
ball,1,38.2,West Indies,KA Pollard,DJG Sammy,I Sharma,0,0,"",""
ball,1,38.3,West Indies,KA Pollard,DJG Sammy,I Sharma,0,0,"",""
ball,1,38.4,West Indies,KA Pollard,DJG Sammy,I Sharma,1,0,"",""
ball,1,38.5,West Indies,DJG Sammy,KA Pollard,I Sharma,0,0,"",""
ball,1,38.6,West Indies,DJG Sammy,KA Pollard,I Sharma,0,0,"",""
ball,1,39.1,West Indies,KA Pollard,DJG Sammy,UT Yadav,0,0,"",""
ball,1,39.2,West Indies,KA Pollard,DJG Sammy,UT Yadav,0,0,"",""
ball,1,39.3,West Indies,KA Pollard,DJG Sammy,UT Yadav,0,0,"",""
ball,1,39.4,West Indies,KA Pollard,DJG Sammy,UT Yadav,0,0,"",""
ball,1,39.5,West Indies,KA Pollard,DJG Sammy,UT Yadav,0,0,"",""
ball,1,39.6,West Indies,KA Pollard,DJG Sammy,UT Yadav,1,0,"",""
ball,1,40.1,West Indies,KA Pollard,DJG Sammy,I Sharma,0,0,"",""
ball,1,40.2,West Indies,KA Pollard,DJG Sammy,I Sharma,1,0,"",""
ball,1,40.3,West Indies,DJG Sammy,KA Pollard,I Sharma,0,0,"",""
ball,1,40.4,West Indies,DJG Sammy,KA Pollard,I Sharma,0,0,"",""
ball,1,40.5,West Indies,DJG Sammy,KA Pollard,I Sharma,1,0,"",""
ball,1,40.6,West Indies,KA Pollard,DJG Sammy,I Sharma,1,0,"",""
ball,1,41.1,West Indies,KA Pollard,DJG Sammy,RA Jadeja,1,0,"",""
ball,1,41.2,West Indies,DJG Sammy,KA Pollard,RA Jadeja,0,0,"",""
ball,1,41.3,West Indies,DJG Sammy,KA Pollard,RA Jadeja,0,0,"",""
ball,1,41.4,West Indies,DJG Sammy,KA Pollard,RA Jadeja,2,0,"",""
ball,1,41.5,West Indies,DJG Sammy,KA Pollard,RA Jadeja,0,0,"",""
ball,1,41.6,West Indies,DJG Sammy,KA Pollard,RA Jadeja,0,0,"",""
ball,1,42.1,West Indies,KA Pollard,DJG Sammy,I Sharma,0,0,caught,KA Pollard
ball,1,42.2,West Indies,SP Narine,DJG Sammy,I Sharma,0,0,"",""
ball,1,42.3,West Indies,SP Narine,DJG Sammy,I Sharma,0,0,"",""
ball,1,42.4,West Indies,SP Narine,DJG Sammy,I Sharma,0,0,"",""
ball,1,42.5,West Indies,SP Narine,DJG Sammy,I Sharma,0,0,"",""
ball,1,42.6,West Indies,SP Narine,DJG Sammy,I Sharma,0,1,"",""
ball,1,42.7,West Indies,SP Narine,DJG Sammy,I Sharma,1,0,"",""
ball,1,43.1,West Indies,SP Narine,DJG Sammy,RA Jadeja,0,4,"",""
ball,1,43.2,West Indies,SP Narine,DJG Sammy,RA Jadeja,1,0,"",""
ball,1,43.3,West Indies,DJG Sammy,SP Narine,RA Jadeja,1,0,"",""
ball,1,43.4,West Indies,SP Narine,DJG Sammy,RA Jadeja,0,0,caught,SP Narine
ball,1,43.5,West Indies,DJG Sammy,R Rampaul,RA Jadeja,0,0,"",""
ball,1,43.6,West Indies,DJG Sammy,R Rampaul,RA Jadeja,0,0,"",""
ball,1,44.1,West Indies,R Rampaul,DJG Sammy,UT Yadav,0,0,"",""
ball,1,44.2,West Indies,R Rampaul,DJG Sammy,UT Yadav,1,0,"",""
ball,1,44.3,West Indies,DJG Sammy,R Rampaul,UT Yadav,1,0,"",""
ball,1,44.4,West Indies,R Rampaul,DJG Sammy,UT Yadav,0,0,"",""
ball,1,44.5,West Indies,R Rampaul,DJG Sammy,UT Yadav,1,0,"",""
ball,1,44.6,West Indies,DJG Sammy,R Rampaul,UT Yadav,0,0,"",""
ball,1,45.1,West Indies,R Rampaul,DJG Sammy,RA Jadeja,0,0,"",""
ball,1,45.2,West Indies,R Rampaul,DJG Sammy,RA Jadeja,0,0,"",""
ball,1,45.3,West Indies,R Rampaul,DJG Sammy,RA Jadeja,0,0,bowled,R Rampaul
ball,1,45.4,West Indies,KAJ Roach,DJG Sammy,RA Jadeja,0,0,"",""
ball,1,45.5,West Indies,KAJ Roach,DJG Sammy,RA Jadeja,0,0,"",""
ball,1,45.6,West Indies,KAJ Roach,DJG Sammy,RA Jadeja,0,0,"",""
ball,1,46.1,West Indies,DJG Sammy,KAJ Roach,UT Yadav,2,0,"",""
ball,1,46.2,West Indies,DJG Sammy,KAJ Roach,UT Yadav,6,0,"",""
ball,1,46.3,West Indies,DJG Sammy,KAJ Roach,UT Yadav,1,0,"",""
ball,1,46.4,West Indies,KAJ Roach,DJG Sammy,UT Yadav,0,0,"",""
ball,1,46.5,West Indies,KAJ Roach,DJG Sammy,UT Yadav,0,0,"",""
ball,1,46.6,West Indies,KAJ Roach,DJG Sammy,UT Yadav,0,0,"",""
ball,1,47.1,West Indies,DJG Sammy,KAJ Roach,RA Jadeja,0,0,"",""
ball,1,47.2,West Indies,DJG Sammy,KAJ Roach,RA Jadeja,0,0,"",""
ball,1,47.3,West Indies,DJG Sammy,KAJ Roach,RA Jadeja,2,0,"",""
ball,1,47.4,West Indies,DJG Sammy,KAJ Roach,RA Jadeja,4,0,"",""
ball,1,47.5,West Indies,DJG Sammy,KAJ Roach,RA Jadeja,1,0,"",""
ball,1,47.6,West Indies,KAJ Roach,DJG Sammy,RA Jadeja,0,0,"",""
ball,1,48.1,West Indies,DJG Sammy,KAJ Roach,I Sharma,4,0,"",""
ball,1,48.2,West Indies,DJG Sammy,KAJ Roach,I Sharma,6,0,"",""
ball,1,48.3,West Indies,DJG Sammy,KAJ Roach,I Sharma,4,0,"",""
ball,1,48.4,West Indies,DJG Sammy,KAJ Roach,I Sharma,6,0,"",""
ball,1,48.5,West Indies,DJG Sammy,KAJ Roach,I Sharma,1,0,"",""
ball,1,48.6,West Indies,KAJ Roach,DJG Sammy,I Sharma,0,0,"",""
ball,1,49.1,West Indies,DJG Sammy,KAJ Roach,RA Jadeja,0,0,"",""
ball,1,49.2,West Indies,DJG Sammy,KAJ Roach,RA Jadeja,4,0,"",""
ball,1,49.3,West Indies,DJG Sammy,KAJ Roach,RA Jadeja,0,0,"",""
ball,1,49.4,West Indies,DJG Sammy,KAJ Roach,RA Jadeja,6,0,"",""
ball,1,49.5,West Indies,DJG Sammy,KAJ Roach,RA Jadeja,0,0,"",""
ball,1,49.6,West Indies,DJG Sammy,KAJ Roach,RA Jadeja,4,0,"",""
ball,2,0.1,India,RG Sharma,S Dhawan,KAJ Roach,0,0,"",""
ball,2,0.2,India,RG Sharma,S Dhawan,KAJ Roach,0,1,"",""
ball,2,0.3,India,RG Sharma,S Dhawan,KAJ Roach,0,0,"",""
ball,2,0.4,India,RG Sharma,S Dhawan,KAJ Roach,0,0,"",""
ball,2,0.5,India,RG Sharma,S Dhawan,KAJ Roach,4,0,"",""
ball,2,0.6,India,RG Sharma,S Dhawan,KAJ Roach,0,0,"",""
ball,2,0.7,India,RG Sharma,S Dhawan,KAJ Roach,0,0,"",""
ball,2,1.1,India,S Dhawan,RG Sharma,R Rampaul,0,0,"",""
ball,2,1.2,India,S Dhawan,RG Sharma,R Rampaul,0,0,"",""
ball,2,1.3,India,S Dhawan,RG Sharma,R Rampaul,1,0,"",""
ball,2,1.4,India,RG Sharma,S Dhawan,R Rampaul,1,0,"",""
ball,2,1.5,India,S Dhawan,RG Sharma,R Rampaul,0,0,"",""
ball,2,1.6,India,S Dhawan,RG Sharma,R Rampaul,1,0,"",""
ball,2,2.1,India,S Dhawan,RG Sharma,KAJ Roach,3,0,"",""
ball,2,2.2,India,RG Sharma,S Dhawan,KAJ Roach,0,0,"",""
ball,2,2.3,India,RG Sharma,S Dhawan,KAJ Roach,0,0,"",""
ball,2,2.4,India,RG Sharma,S Dhawan,KAJ Roach,2,0,"",""
ball,2,2.5,India,RG Sharma,S Dhawan,KAJ Roach,0,0,"",""
ball,2,2.6,India,RG Sharma,S Dhawan,KAJ Roach,1,0,"",""
ball,2,3.1,India,RG Sharma,S Dhawan,R Rampaul,1,0,"",""
ball,2,3.2,India,S Dhawan,RG Sharma,R Rampaul,4,0,"",""
ball,2,3.3,India,S Dhawan,RG Sharma,R Rampaul,1,0,"",""
ball,2,3.4,India,RG Sharma,S Dhawan,R Rampaul,0,0,"",""
ball,2,3.5,India,RG Sharma,S Dhawan,R Rampaul,0,0,"",""
ball,2,3.6,India,RG Sharma,S Dhawan,R Rampaul,2,0,"",""
ball,2,4.1,India,S Dhawan,RG Sharma,KAJ Roach,1,0,"",""
ball,2,4.2,India,RG Sharma,S Dhawan,KAJ Roach,0,0,"",""
ball,2,4.3,India,RG Sharma,S Dhawan,KAJ Roach,4,0,"",""
ball,2,4.4,India,RG Sharma,S Dhawan,KAJ Roach,1,0,"",""
ball,2,4.5,India,S Dhawan,RG Sharma,KAJ Roach,0,0,"",""
ball,2,4.6,India,S Dhawan,RG Sharma,KAJ Roach,4,0,"",""
ball,2,5.1,India,RG Sharma,S Dhawan,R Rampaul,1,0,"",""
ball,2,5.2,India,S Dhawan,RG Sharma,R Rampaul,0,0,"",""
ball,2,5.3,India,S Dhawan,RG Sharma,R Rampaul,4,0,"",""
ball,2,5.4,India,S Dhawan,RG Sharma,R Rampaul,0,0,"",""
ball,2,5.5,India,S Dhawan,RG Sharma,R Rampaul,0,0,"",""
ball,2,5.6,India,S Dhawan,RG Sharma,R Rampaul,0,0,"",""
ball,2,6.1,India,RG Sharma,S Dhawan,KAJ Roach,0,0,"",""
ball,2,6.2,India,RG Sharma,S Dhawan,KAJ Roach,4,0,"",""
ball,2,6.3,India,RG Sharma,S Dhawan,KAJ Roach,1,0,"",""
ball,2,6.4,India,S Dhawan,RG Sharma,KAJ Roach,1,0,"",""
ball,2,6.5,India,RG Sharma,S Dhawan,KAJ Roach,4,0,"",""
ball,2,6.6,India,RG Sharma,S Dhawan,KAJ Roach,1,0,"",""
ball,2,7.1,India,RG Sharma,S Dhawan,SP Narine,0,0,"",""
ball,2,7.2,India,RG Sharma,S Dhawan,SP Narine,1,0,"",""
ball,2,7.3,India,S Dhawan,RG Sharma,SP Narine,0,0,"",""
ball,2,7.4,India,S Dhawan,RG Sharma,SP Narine,3,0,"",""
ball,2,7.5,India,RG Sharma,S Dhawan,SP Narine,0,0,"",""
ball,2,7.6,India,RG Sharma,S Dhawan,SP Narine,0,0,"",""
ball,2,8.1,India,S Dhawan,RG Sharma,DJG Sammy,1,0,"",""
ball,2,8.2,India,RG Sharma,S Dhawan,DJG Sammy,1,0,"",""
ball,2,8.3,India,S Dhawan,RG Sharma,DJG Sammy,4,0,"",""
ball,2,8.4,India,S Dhawan,RG Sharma,DJG Sammy,1,0,"",""
ball,2,8.5,India,RG Sharma,S Dhawan,DJG Sammy,0,0,"",""
ball,2,8.6,India,RG Sharma,S Dhawan,DJG Sammy,0,0,"",""
ball,2,9.1,India,S Dhawan,RG Sharma,SP Narine,0,0,"",""
ball,2,9.2,India,S Dhawan,RG Sharma,SP Narine,2,0,"",""
ball,2,9.3,India,S Dhawan,RG Sharma,SP Narine,4,0,"",""
ball,2,9.4,India,S Dhawan,RG Sharma,SP Narine,1,0,"",""
ball,2,9.5,India,RG Sharma,S Dhawan,SP Narine,0,0,"",""
ball,2,9.6,India,RG Sharma,S Dhawan,SP Narine,0,0,"",""
ball,2,10.1,India,S Dhawan,RG Sharma,DJG Sammy,1,0,"",""
ball,2,10.2,India,RG Sharma,S Dhawan,DJG Sammy,0,0,"",""
ball,2,10.3,India,RG Sharma,S Dhawan,DJG Sammy,1,0,"",""
ball,2,10.4,India,S Dhawan,RG Sharma,DJG Sammy,0,0,"",""
ball,2,10.5,India,S Dhawan,RG Sharma,DJG Sammy,0,0,"",""
ball,2,10.6,India,S Dhawan,RG Sharma,DJG Sammy,4,0,"",""
ball,2,11.1,India,RG Sharma,S Dhawan,DJ Bravo,1,0,"",""
ball,2,11.2,India,S Dhawan,RG Sharma,DJ Bravo,1,0,"",""
ball,2,11.3,India,RG Sharma,S Dhawan,DJ Bravo,0,1,"",""
ball,2,11.4,India,RG Sharma,S Dhawan,DJ Bravo,0,0,"",""
ball,2,11.5,India,RG Sharma,S Dhawan,DJ Bravo,1,0,"",""
ball,2,11.6,India,S Dhawan,RG Sharma,DJ Bravo,0,0,"",""
ball,2,11.7,India,S Dhawan,RG Sharma,DJ Bravo,1,0,"",""
ball,2,12.1,India,S Dhawan,RG Sharma,DJG Sammy,1,0,"",""
ball,2,12.2,India,RG Sharma,S Dhawan,DJG Sammy,0,0,"",""
ball,2,12.3,India,RG Sharma,S Dhawan,DJG Sammy,0,0,"",""
ball,2,12.4,India,RG Sharma,S Dhawan,DJG Sammy,1,0,"",""
ball,2,12.5,India,S Dhawan,RG Sharma,DJG Sammy,1,0,"",""
ball,2,12.6,India,RG Sharma,S Dhawan,DJG Sammy,1,0,"",""
ball,2,13.1,India,RG Sharma,S Dhawan,DJ Bravo,4,0,"",""
ball,2,13.2,India,RG Sharma,S Dhawan,DJ Bravo,0,0,"",""
ball,2,13.3,India,RG Sharma,S Dhawan,DJ Bravo,2,0,"",""
ball,2,13.4,India,RG Sharma,S Dhawan,DJ Bravo,0,0,"",""
ball,2,13.5,India,RG Sharma,S Dhawan,DJ Bravo,4,0,"",""
ball,2,13.6,India,RG Sharma,S Dhawan,DJ Bravo,1,0,"",""
ball,2,14.1,India,RG Sharma,S Dhawan,DJG Sammy,0,0,"",""
ball,2,14.2,India,RG Sharma,S Dhawan,DJG Sammy,4,0,"",""
ball,2,14.3,India,RG Sharma,S Dhawan,DJG Sammy,1,0,"",""
ball,2,14.4,India,S Dhawan,RG Sharma,DJG Sammy,1,0,"",""
ball,2,14.5,India,RG Sharma,S Dhawan,DJG Sammy,0,0,"",""
ball,2,14.6,India,RG Sharma,S Dhawan,DJG Sammy,0,0,"",""
ball,2,15.1,India,S Dhawan,RG Sharma,SP Narine,1,0,"",""
ball,2,15.2,India,RG Sharma,S Dhawan,SP Narine,2,0,"",""
ball,2,15.3,India,RG Sharma,S Dhawan,SP Narine,0,0,caught,RG Sharma
ball,2,15.4,India,V Kohli,S Dhawan,SP Narine,4,0,"",""
ball,2,15.5,India,V Kohli,S Dhawan,SP Narine,1,0,"",""
ball,2,15.6,India,S Dhawan,V Kohli,SP Narine,0,0,"",""
ball,2,16.1,India,V Kohli,S Dhawan,R Rampaul,0,0,"",""
ball,2,16.2,India,V Kohli,S Dhawan,R Rampaul,1,0,"",""
ball,2,16.3,India,S Dhawan,V Kohli,R Rampaul,0,0,"",""
ball,2,16.4,India,S Dhawan,V Kohli,R Rampaul,1,0,"",""
ball,2,16.5,India,V Kohli,S Dhawan,R Rampaul,0,0,"",""
ball,2,16.6,India,V Kohli,S Dhawan,R Rampaul,0,0,"",""
ball,2,17.1,India,S Dhawan,V Kohli,SP Narine,0,0,"",""
ball,2,17.2,India,S Dhawan,V Kohli,SP Narine,0,0,"",""
ball,2,17.3,India,S Dhawan,V Kohli,SP Narine,0,0,"",""
ball,2,17.4,India,S Dhawan,V Kohli,SP Narine,1,0,"",""
ball,2,17.5,India,V Kohli,S Dhawan,SP Narine,4,0,"",""
ball,2,17.6,India,V Kohli,S Dhawan,SP Narine,0,0,"",""
ball,2,18.1,India,S Dhawan,V Kohli,R Rampaul,1,0,"",""
ball,2,18.2,India,V Kohli,S Dhawan,R Rampaul,4,0,"",""
ball,2,18.3,India,V Kohli,S Dhawan,R Rampaul,0,0,"",""
ball,2,18.4,India,V Kohli,S Dhawan,R Rampaul,0,0,"",""
ball,2,18.5,India,V Kohli,S Dhawan,R Rampaul,0,0,"",""
ball,2,18.6,India,V Kohli,S Dhawan,R Rampaul,4,0,"",""
ball,2,19.1,India,S Dhawan,V Kohli,SP Narine,1,0,"",""
ball,2,19.2,India,V Kohli,S Dhawan,SP Narine,2,0,"",""
ball,2,19.3,India,V Kohli,S Dhawan,SP Narine,2,0,"",""
ball,2,19.4,India,V Kohli,S Dhawan,SP Narine,0,0,"",""
ball,2,19.5,India,V Kohli,S Dhawan,SP Narine,0,0,"",""
ball,2,19.6,India,V Kohli,S Dhawan,SP Narine,0,0,bowled,V Kohli
ball,2,20.1,India,S Dhawan,KD Karthik,R Rampaul,0,4,"",""
ball,2,20.2,India,S Dhawan,KD Karthik,R Rampaul,1,0,"",""
ball,2,20.3,India,KD Karthik,S Dhawan,R Rampaul,0,0,"",""
ball,2,20.4,India,KD Karthik,S Dhawan,R Rampaul,0,0,"",""
ball,2,20.5,India,KD Karthik,S Dhawan,R Rampaul,0,0,"",""
ball,2,20.6,India,KD Karthik,S Dhawan,R Rampaul,0,0,"",""
ball,2,21.1,India,S Dhawan,KD Karthik,SP Narine,0,0,"",""
ball,2,21.2,India,S Dhawan,KD Karthik,SP Narine,0,0,"",""
ball,2,21.3,India,S Dhawan,KD Karthik,SP Narine,4,0,"",""
ball,2,21.4,India,S Dhawan,KD Karthik,SP Narine,0,0,"",""
ball,2,21.5,India,S Dhawan,KD Karthik,SP Narine,0,0,"",""
ball,2,21.6,India,S Dhawan,KD Karthik,SP Narine,3,0,"",""
ball,2,22.1,India,S Dhawan,KD Karthik,KAJ Roach,4,0,"",""
ball,2,22.2,India,S Dhawan,KD Karthik,KAJ Roach,4,0,"",""
ball,2,22.3,India,S Dhawan,KD Karthik,KAJ Roach,2,0,"",""
ball,2,22.4,India,S Dhawan,KD Karthik,KAJ Roach,1,0,"",""
ball,2,22.5,India,KD Karthik,S Dhawan,KAJ Roach,0,0,"",""
ball,2,22.6,India,KD Karthik,S Dhawan,KAJ Roach,0,0,"",""
ball,2,23.1,India,S Dhawan,KD Karthik,MN Samuels,1,0,"",""
ball,2,23.2,India,KD Karthik,S Dhawan,MN Samuels,1,0,"",""
ball,2,23.3,India,S Dhawan,KD Karthik,MN Samuels,4,0,"",""
ball,2,23.4,India,S Dhawan,KD Karthik,MN Samuels,0,0,"",""
ball,2,23.5,India,S Dhawan,KD Karthik,MN Samuels,0,0,"",""
ball,2,23.6,India,S Dhawan,KD Karthik,MN Samuels,0,0,"",""
ball,2,24.1,India,KD Karthik,S Dhawan,KAJ Roach,0,0,"",""
ball,2,24.2,India,KD Karthik,S Dhawan,KAJ Roach,0,0,"",""
ball,2,24.3,India,KD Karthik,S Dhawan,KAJ Roach,0,0,"",""
ball,2,24.4,India,KD Karthik,S Dhawan,KAJ Roach,0,0,"",""
ball,2,24.5,India,KD Karthik,S Dhawan,KAJ Roach,0,0,"",""
ball,2,24.6,India,KD Karthik,S Dhawan,KAJ Roach,4,0,"",""
ball,2,25.1,India,S Dhawan,KD Karthik,MN Samuels,1,0,"",""
ball,2,25.2,India,KD Karthik,S Dhawan,MN Samuels,0,0,"",""
ball,2,25.3,India,KD Karthik,S Dhawan,MN Samuels,0,0,"",""
ball,2,25.4,India,KD Karthik,S Dhawan,MN Samuels,1,0,"",""
ball,2,25.5,India,S Dhawan,KD Karthik,MN Samuels,0,0,"",""
ball,2,25.6,India,S Dhawan,KD Karthik,MN Samuels,1,0,"",""
ball,2,26.1,India,S Dhawan,KD Karthik,SP Narine,0,0,"",""
ball,2,26.2,India,S Dhawan,KD Karthik,SP Narine,1,0,"",""
ball,2,26.3,India,KD Karthik,S Dhawan,SP Narine,0,0,"",""
ball,2,26.4,India,KD Karthik,S Dhawan,SP Narine,0,0,"",""
ball,2,26.5,India,KD Karthik,S Dhawan,SP Narine,0,0,"",""
ball,2,26.6,India,KD Karthik,S Dhawan,SP Narine,0,0,"",""
ball,2,27.1,India,S Dhawan,KD Karthik,MN Samuels,0,1,"",""
ball,2,27.2,India,S Dhawan,KD Karthik,MN Samuels,1,0,"",""
ball,2,27.3,India,KD Karthik,S Dhawan,MN Samuels,0,0,"",""
ball,2,27.4,India,KD Karthik,S Dhawan,MN Samuels,1,0,"",""
ball,2,27.5,India,S Dhawan,KD Karthik,MN Samuels,0,0,"",""
ball,2,27.6,India,S Dhawan,KD Karthik,MN Samuels,1,0,"",""
ball,2,27.7,India,KD Karthik,S Dhawan,MN Samuels,0,0,"",""
ball,2,28.1,India,S Dhawan,KD Karthik,SP Narine,0,0,"",""
ball,2,28.2,India,S Dhawan,KD Karthik,SP Narine,0,0,"",""
ball,2,28.3,India,S Dhawan,KD Karthik,SP Narine,1,0,"",""
ball,2,28.4,India,KD Karthik,S Dhawan,SP Narine,4,0,"",""
ball,2,28.5,India,KD Karthik,S Dhawan,SP Narine,1,0,"",""
ball,2,28.6,India,S Dhawan,KD Karthik,SP Narine,1,0,"",""
ball,2,29.1,India,S Dhawan,KD Karthik,MN Samuels,1,0,"",""
ball,2,29.2,India,KD Karthik,S Dhawan,MN Samuels,1,0,"",""
ball,2,29.3,India,S Dhawan,KD Karthik,MN Samuels,1,0,"",""
ball,2,29.4,India,KD Karthik,S Dhawan,MN Samuels,1,0,"",""
ball,2,29.5,India,S Dhawan,KD Karthik,MN Samuels,0,0,"",""
ball,2,29.6,India,S Dhawan,KD Karthik,MN Samuels,0,0,"",""
ball,2,30.1,India,KD Karthik,S Dhawan,SP Narine,1,0,"",""
ball,2,30.2,India,S Dhawan,KD Karthik,SP Narine,0,0,"",""
ball,2,30.3,India,S Dhawan,KD Karthik,SP Narine,0,0,"",""
ball,2,30.4,India,S Dhawan,KD Karthik,SP Narine,1,0,"",""
ball,2,30.5,India,KD Karthik,S Dhawan,SP Narine,0,0,"",""
ball,2,30.6,India,KD Karthik,S Dhawan,SP Narine,1,0,"",""
ball,2,31.1,India,KD Karthik,S Dhawan,CH Gayle,4,0,"",""
ball,2,31.2,India,KD Karthik,S Dhawan,CH Gayle,1,0,"",""
ball,2,31.3,India,S Dhawan,KD Karthik,CH Gayle,0,1,"",""
ball,2,31.4,India,S Dhawan,KD Karthik,CH Gayle,2,0,"",""
ball,2,31.5,India,S Dhawan,KD Karthik,CH Gayle,1,0,"",""
ball,2,31.6,India,KD Karthik,S Dhawan,CH Gayle,0,1,"",""
ball,2,31.7,India,KD Karthik,S Dhawan,CH Gayle,1,0,"",""
ball,2,31.8,India,S Dhawan,KD Karthik,CH Gayle,0,0,"",""
ball,2,32.1,India,KD Karthik,S Dhawan,SP Narine,0,0,"",""
ball,2,32.2,India,KD Karthik,S Dhawan,SP Narine,0,0,"",""
ball,2,32.3,India,KD Karthik,S Dhawan,SP Narine,0,0,"",""
ball,2,32.4,India,KD Karthik,S Dhawan,SP Narine,0,0,"",""
ball,2,32.5,India,KD Karthik,S Dhawan,SP Narine,2,0,"",""
ball,2,32.6,India,KD Karthik,S Dhawan,SP Narine,0,0,"",""
ball,2,33.1,India,S Dhawan,KD Karthik,KA Pollard,0,0,"",""
ball,2,33.2,India,S Dhawan,KD Karthik,KA Pollard,2,0,"",""
ball,2,33.3,India,S Dhawan,KD Karthik,KA Pollard,0,0,"",""
ball,2,33.4,India,S Dhawan,KD Karthik,KA Pollard,0,0,"",""
ball,2,33.5,India,S Dhawan,KD Karthik,KA Pollard,0,0,"",""
ball,2,33.6,India,S Dhawan,KD Karthik,KA Pollard,0,0,"",""
ball,2,34.1,India,KD Karthik,S Dhawan,DJ Bravo,1,0,"",""
ball,2,34.2,India,S Dhawan,KD Karthik,DJ Bravo,0,0,"",""
ball,2,34.3,India,S Dhawan,KD Karthik,DJ Bravo,0,0,"",""
ball,2,34.4,India,S Dhawan,KD Karthik,DJ Bravo,0,0,"",""
ball,2,34.5,India,S Dhawan,KD Karthik,DJ Bravo,1,0,"",""
ball,2,34.6,India,KD Karthik,S Dhawan,DJ Bravo,4,0,"",""
ball,2,35.1,India,S Dhawan,KD Karthik,KA Pollard,1,0,"",""
ball,2,35.2,India,KD Karthik,S Dhawan,KA Pollard,4,0,"",""
ball,2,35.3,India,KD Karthik,S Dhawan,KA Pollard,0,0,"",""
ball,2,35.4,India,KD Karthik,S Dhawan,KA Pollard,0,0,"",""
ball,2,35.5,India,KD Karthik,S Dhawan,KA Pollard,2,0,"",""
ball,2,35.6,India,KD Karthik,S Dhawan,KA Pollard,1,0,"",""
ball,2,36.1,India,KD Karthik,S Dhawan,DJ Bravo,1,0,"",""
ball,2,36.2,India,S Dhawan,KD Karthik,DJ Bravo,1,0,"",""
ball,2,36.3,India,KD Karthik,S Dhawan,DJ Bravo,0,0,"",""
ball,2,36.4,India,KD Karthik,S Dhawan,DJ Bravo,1,0,"",""
ball,2,36.5,India,S Dhawan,KD Karthik,DJ Bravo,1,0,"",""
ball,2,36.6,India,KD Karthik,S Dhawan,DJ Bravo,4,0,"",""
ball,2,37.1,India,S Dhawan,KD Karthik,KA Pollard,0,0,"",""
ball,2,37.2,India,S Dhawan,KD Karthik,KA Pollard,1,0,"",""
ball,2,37.3,India,KD Karthik,S Dhawan,KA Pollard,4,0,"",""
ball,2,37.4,India,KD Karthik,S Dhawan,KA Pollard,1,0,"",""
ball,2,37.5,India,S Dhawan,KD Karthik,KA Pollard,1,0,"",""
ball,2,37.6,India,KD Karthik,S Dhawan,KA Pollard,0,0,"",""
ball,2,38.1,India,S Dhawan,KD Karthik,DJ Bravo,6,0,"",""
ball,2,38.2,India,S Dhawan,KD Karthik,DJ Bravo,0,0,"",""
ball,2,38.3,India,S Dhawan,KD Karthik,DJ Bravo,0,0,"",""
ball,2,38.4,India,S Dhawan,KD Karthik,DJ Bravo,0,0,"",""
ball,2,38.5,India,S Dhawan,KD Karthik,DJ Bravo,0,0,"",""
ball,2,38.6,India,S Dhawan,KD Karthik,DJ Bravo,0,0,"",""
ball,2,39.1,India,KD Karthik,S Dhawan,KA Pollard,4,0,"",""
