version,1.3.0
info,team,England
info,team,Sri Lanka
info,gender,male
info,season,2013
info,date,2013/06/13
info,competition,ICC Champions Trophy
info,match_number,8
info,venue,Kennington Oval
info,city,London
info,toss_winner,Sri Lanka
info,toss_decision,field
info,player_of_match,KC Sangakkara
info,umpire,Aleem Dar
info,umpire,BF Bowden
info,reserve_umpire,AL Hill
info,tv_umpire,M Erasmus
info,match_referee,J Srinath
info,winner,Sri Lanka
info,winner_wickets,7
ball,1,0.1,England,AN Cook,IR Bell,KMDN Kulasekara,0,0,"",""
ball,1,0.2,England,AN Cook,IR Bell,KMDN Kulasekara,0,0,"",""
ball,1,0.3,England,AN Cook,IR Bell,KMDN Kulasekara,0,0,"",""
ball,1,0.4,England,AN Cook,IR Bell,KMDN Kulasekara,0,0,"",""
ball,1,0.5,England,AN Cook,IR Bell,KMDN Kulasekara,4,0,"",""
ball,1,0.6,England,AN Cook,IR Bell,KMDN Kulasekara,0,0,"",""
ball,1,1.1,England,IR Bell,AN Cook,SL Malinga,0,0,"",""
ball,1,1.2,England,IR Bell,AN Cook,SL Malinga,0,0,"",""
ball,1,1.3,England,IR Bell,AN Cook,SL Malinga,0,0,"",""
ball,1,1.4,England,IR Bell,AN Cook,SL Malinga,0,0,"",""
ball,1,1.5,England,IR Bell,AN Cook,SL Malinga,0,0,"",""
ball,1,1.6,England,IR Bell,AN Cook,SL Malinga,0,0,"",""
ball,1,2.1,England,AN Cook,IR Bell,KMDN Kulasekara,1,0,"",""
ball,1,2.2,England,IR Bell,AN Cook,KMDN Kulasekara,0,0,"",""
ball,1,2.3,England,IR Bell,AN Cook,KMDN Kulasekara,0,0,"",""
ball,1,2.4,England,IR Bell,AN Cook,KMDN Kulasekara,0,0,"",""
ball,1,2.5,England,IR Bell,AN Cook,KMDN Kulasekara,0,4,"",""
ball,1,2.6,England,IR Bell,AN Cook,KMDN Kulasekara,1,0,"",""
ball,1,3.1,England,IR Bell,AN Cook,SL Malinga,4,0,"",""
ball,1,3.2,England,IR Bell,AN Cook,SL Malinga,0,0,"",""
ball,1,3.3,England,IR Bell,AN Cook,SL Malinga,4,0,"",""
ball,1,3.4,England,IR Bell,AN Cook,SL Malinga,0,0,"",""
ball,1,3.5,England,IR Bell,AN Cook,SL Malinga,1,0,"",""
ball,1,3.6,England,AN Cook,IR Bell,SL Malinga,0,0,"",""
ball,1,4.1,England,IR Bell,AN Cook,KMDN Kulasekara,1,0,"",""
ball,1,4.2,England,AN Cook,IR Bell,KMDN Kulasekara,0,0,"",""
ball,1,4.3,England,AN Cook,IR Bell,KMDN Kulasekara,0,1,"",""
ball,1,4.4,England,IR Bell,AN Cook,KMDN Kulasekara,0,0,"",""
ball,1,4.5,England,IR Bell,AN Cook,KMDN Kulasekara,0,0,"",""
ball,1,4.6,England,IR Bell,AN Cook,KMDN Kulasekara,0,0,"",""
ball,1,5.1,England,AN Cook,IR Bell,SL Malinga,0,0,"",""
ball,1,5.2,England,AN Cook,IR Bell,SL Malinga,0,4,"",""
ball,1,5.3,England,AN Cook,IR Bell,SL Malinga,0,0,"",""
ball,1,5.4,England,AN Cook,IR Bell,SL Malinga,0,0,"",""
ball,1,5.5,England,AN Cook,IR Bell,SL Malinga,0,0,"",""
ball,1,5.6,England,AN Cook,IR Bell,SL Malinga,0,0,"",""
ball,1,6.1,England,IR Bell,AN Cook,KMDN Kulasekara,0,0,"",""
ball,1,6.2,England,IR Bell,AN Cook,KMDN Kulasekara,0,0,"",""
ball,1,6.3,England,IR Bell,AN Cook,KMDN Kulasekara,1,0,"",""
ball,1,6.4,England,AN Cook,IR Bell,KMDN Kulasekara,0,0,"",""
ball,1,6.5,England,AN Cook,IR Bell,KMDN Kulasekara,0,0,"",""
ball,1,6.6,England,AN Cook,IR Bell,KMDN Kulasekara,3,0,"",""
ball,1,7.1,England,AN Cook,IR Bell,SL Malinga,0,0,"",""
ball,1,7.2,England,AN Cook,IR Bell,SL Malinga,1,0,"",""
ball,1,7.3,England,IR Bell,AN Cook,SL Malinga,0,0,"",""
ball,1,7.4,England,IR Bell,AN Cook,SL Malinga,0,0,"",""
ball,1,7.5,England,IR Bell,AN Cook,SL Malinga,0,0,"",""
ball,1,7.6,England,IR Bell,AN Cook,SL Malinga,0,0,"",""
ball,1,8.1,England,AN Cook,IR Bell,KMDN Kulasekara,0,0,"",""
ball,1,8.2,England,AN Cook,IR Bell,KMDN Kulasekara,0,0,"",""
ball,1,8.3,England,AN Cook,IR Bell,KMDN Kulasekara,1,0,"",""
ball,1,8.4,England,IR Bell,AN Cook,KMDN Kulasekara,0,0,"",""
ball,1,8.5,England,IR Bell,AN Cook,KMDN Kulasekara,0,0,"",""
ball,1,8.6,England,IR Bell,AN Cook,KMDN Kulasekara,2,0,"",""
ball,1,9.1,England,AN Cook,IR Bell,RMS Eranga,0,0,"",""
ball,1,9.2,England,AN Cook,IR Bell,RMS Eranga,0,0,"",""
ball,1,9.3,England,AN Cook,IR Bell,RMS Eranga,1,0,"",""
ball,1,9.4,England,IR Bell,AN Cook,RMS Eranga,0,0,"",""
ball,1,9.5,England,IR Bell,AN Cook,RMS Eranga,4,0,"",""
ball,1,9.6,England,IR Bell,AN Cook,RMS Eranga,0,0,"",""
ball,1,10.1,England,AN Cook,IR Bell,AD Mathews,4,0,"",""
ball,1,10.2,England,AN Cook,IR Bell,AD Mathews,0,0,"",""
ball,1,10.3,England,AN Cook,IR Bell,AD Mathews,2,0,"",""
ball,1,10.4,England,AN Cook,IR Bell,AD Mathews,1,0,"",""
ball,1,10.5,England,IR Bell,AN Cook,AD Mathews,0,0,"",""
ball,1,10.6,England,IR Bell,AN Cook,AD Mathews,2,0,"",""
ball,1,11.1,England,AN Cook,IR Bell,RMS Eranga,1,0,"",""
ball,1,11.2,England,IR Bell,AN Cook,RMS Eranga,0,0,"",""
ball,1,11.3,England,IR Bell,AN Cook,RMS Eranga,0,0,caught,IR Bell
ball,1,11.4,England,IJL Trott,AN Cook,RMS Eranga,0,1,"",""
ball,1,11.5,England,IJL Trott,AN Cook,RMS Eranga,1,0,"",""
ball,1,11.6,England,AN Cook,IJL Trott,RMS Eranga,1,0,"",""
ball,1,11.7,England,IJL Trott,AN Cook,RMS Eranga,0,0,"",""
ball,1,12.1,England,AN Cook,IJL Trott,AD Mathews,0,0,"",""
ball,1,12.2,England,AN Cook,IJL Trott,AD Mathews,0,0,"",""
ball,1,12.3,England,AN Cook,IJL Trott,AD Mathews,0,0,"",""
ball,1,12.4,England,AN Cook,IJL Trott,AD Mathews,0,0,"",""
ball,1,12.5,England,AN Cook,IJL Trott,AD Mathews,1,0,"",""
ball,1,12.6,England,IJL Trott,AN Cook,AD Mathews,1,0,"",""
ball,1,13.1,England,IJL Trott,AN Cook,RMS Eranga,0,0,"",""
ball,1,13.2,England,IJL Trott,AN Cook,RMS Eranga,0,0,"",""
ball,1,13.3,England,IJL Trott,AN Cook,RMS Eranga,2,0,"",""
ball,1,13.4,England,IJL Trott,AN Cook,RMS Eranga,1,0,"",""
ball,1,13.5,England,AN Cook,IJL Trott,RMS Eranga,0,0,"",""
ball,1,13.6,England,AN Cook,IJL Trott,RMS Eranga,1,0,"",""
ball,1,14.1,England,AN Cook,IJL Trott,AD Mathews,1,0,"",""
ball,1,14.2,England,IJL Trott,AN Cook,AD Mathews,4,0,"",""
ball,1,14.3,England,IJL Trott,AN Cook,AD Mathews,1,0,"",""
ball,1,14.4,England,AN Cook,IJL Trott,AD Mathews,0,0,"",""
ball,1,14.5,England,AN Cook,IJL Trott,AD Mathews,0,0,"",""
ball,1,14.6,England,AN Cook,IJL Trott,AD Mathews,0,0,"",""
ball,1,15.1,England,IJL Trott,AN Cook,RMS Eranga,0,0,"",""
ball,1,15.2,England,IJL Trott,AN Cook,RMS Eranga,1,0,"",""
ball,1,15.3,England,AN Cook,IJL Trott,RMS Eranga,1,0,"",""
ball,1,15.4,England,IJL Trott,AN Cook,RMS Eranga,2,0,"",""
ball,1,15.5,England,IJL Trott,AN Cook,RMS Eranga,2,0,"",""
ball,1,15.6,England,IJL Trott,AN Cook,RMS Eranga,0,0,"",""
ball,1,16.1,England,AN Cook,IJL Trott,AD Mathews,0,0,"",""
ball,1,16.2,England,AN Cook,IJL Trott,AD Mathews,2,0,"",""
ball,1,16.3,England,AN Cook,IJL Trott,AD Mathews,0,0,"",""
ball,1,16.4,England,AN Cook,IJL Trott,AD Mathews,1,0,"",""
ball,1,16.5,England,IJL Trott,AN Cook,AD Mathews,0,0,"",""
ball,1,16.6,England,IJL Trott,AN Cook,AD Mathews,1,0,"",""
ball,1,17.1,England,IJL Trott,AN Cook,RMS Eranga,1,0,"",""
ball,1,17.2,England,AN Cook,IJL Trott,RMS Eranga,1,0,"",""
ball,1,17.3,England,IJL Trott,AN Cook,RMS Eranga,1,0,"",""
ball,1,17.4,England,AN Cook,IJL Trott,RMS Eranga,3,0,"",""
ball,1,17.5,England,IJL Trott,AN Cook,RMS Eranga,1,0,"",""
ball,1,17.6,England,AN Cook,IJL Trott,RMS Eranga,0,0,"",""
ball,1,18.1,England,IJL Trott,AN Cook,HMRKB Herath,0,0,"",""
ball,1,18.2,England,IJL Trott,AN Cook,HMRKB Herath,1,0,"",""
ball,1,18.3,England,AN Cook,IJL Trott,HMRKB Herath,0,0,"",""
ball,1,18.4,England,AN Cook,IJL Trott,HMRKB Herath,2,0,"",""
ball,1,18.5,England,AN Cook,IJL Trott,HMRKB Herath,1,0,"",""
ball,1,18.6,England,IJL Trott,AN Cook,HMRKB Herath,0,0,"",""
ball,1,19.1,England,AN Cook,IJL Trott,KMDN Kulasekara,0,0,"",""
ball,1,19.2,England,AN Cook,IJL Trott,KMDN Kulasekara,0,0,"",""
ball,1,19.3,England,AN Cook,IJL Trott,KMDN Kulasekara,0,0,"",""
ball,1,19.4,England,AN Cook,IJL Trott,KMDN Kulasekara,1,0,"",""
ball,1,19.5,England,IJL Trott,AN Cook,KMDN Kulasekara,0,0,"",""
ball,1,19.6,England,IJL Trott,AN Cook,KMDN Kulasekara,0,0,"",""
ball,1,20.1,England,AN Cook,IJL Trott,HMRKB Herath,1,0,"",""
ball,1,20.2,England,IJL Trott,AN Cook,HMRKB Herath,1,0,"",""
ball,1,20.3,England,AN Cook,IJL Trott,HMRKB Herath,0,1,"",""
ball,1,20.4,England,IJL Trott,AN Cook,HMRKB Herath,1,0,"",""
ball,1,20.5,England,AN Cook,IJL Trott,HMRKB Herath,1,0,"",""
ball,1,20.6,England,IJL Trott,AN Cook,HMRKB Herath,1,0,"",""
ball,1,21.1,England,IJL Trott,AN Cook,KMDN Kulasekara,1,0,"",""
ball,1,21.2,England,AN Cook,IJL Trott,KMDN Kulasekara,1,0,"",""
ball,1,21.3,England,IJL Trott,AN Cook,KMDN Kulasekara,0,0,"",""
ball,1,21.4,England,IJL Trott,AN Cook,KMDN Kulasekara,1,0,"",""
ball,1,21.5,England,AN Cook,IJL Trott,KMDN Kulasekara,1,0,"",""
ball,1,21.6,England,IJL Trott,AN Cook,KMDN Kulasekara,1,0,"",""
ball,1,22.1,England,IJL Trott,AN Cook,HMRKB Herath,0,0,"",""
ball,1,22.2,England,IJL Trott,AN Cook,HMRKB Herath,1,0,"",""
ball,1,22.3,England,AN Cook,IJL Trott,HMRKB Herath,1,0,"",""
ball,1,22.4,England,IJL Trott,AN Cook,HMRKB Herath,1,0,"",""
ball,1,22.5,England,AN Cook,IJL Trott,HMRKB Herath,1,0,"",""
ball,1,22.6,England,IJL Trott,AN Cook,HMRKB Herath,0,0,"",""
ball,1,23.1,England,AN Cook,IJL Trott,TM Dilshan,4,0,"",""
ball,1,23.2,England,AN Cook,IJL Trott,TM Dilshan,2,0,"",""
ball,1,23.3,England,AN Cook,IJL Trott,TM Dilshan,0,0,"",""
ball,1,23.4,England,AN Cook,IJL Trott,TM Dilshan,0,0,"",""
ball,1,23.5,England,AN Cook,IJL Trott,TM Dilshan,2,0,"",""
ball,1,23.6,England,AN Cook,IJL Trott,TM Dilshan,1,0,"",""
ball,1,24.1,England,AN Cook,IJL Trott,HMRKB Herath,1,0,"",""
ball,1,24.2,England,IJL Trott,AN Cook,HMRKB Herath,1,0,"",""
ball,1,24.3,England,AN Cook,IJL Trott,HMRKB Herath,1,0,"",""
ball,1,24.4,England,IJL Trott,AN Cook,HMRKB Herath,1,0,"",""
ball,1,24.5,England,AN Cook,IJL Trott,HMRKB Herath,1,0,"",""
ball,1,24.6,England,IJL Trott,AN Cook,HMRKB Herath,1,0,"",""
ball,1,25.1,England,IJL Trott,AN Cook,TM Dilshan,4,0,"",""
ball,1,25.2,England,IJL Trott,AN Cook,TM Dilshan,1,0,"",""
ball,1,25.3,England,AN Cook,IJL Trott,TM Dilshan,1,0,"",""
ball,1,25.4,England,IJL Trott,AN Cook,TM Dilshan,1,0,"",""
ball,1,25.5,England,AN Cook,IJL Trott,TM Dilshan,1,0,"",""
ball,1,25.6,England,IJL Trott,AN Cook,TM Dilshan,1,0,"",""
ball,1,26.1,England,IJL Trott,AN Cook,HMRKB Herath,0,0,"",""
ball,1,26.2,England,IJL Trott,AN Cook,HMRKB Herath,0,0,"",""
ball,1,26.3,England,IJL Trott,AN Cook,HMRKB Herath,1,0,"",""
ball,1,26.4,England,AN Cook,IJL Trott,HMRKB Herath,1,0,"",""
ball,1,26.5,England,IJL Trott,AN Cook,HMRKB Herath,0,0,"",""
ball,1,26.6,England,IJL Trott,AN Cook,HMRKB Herath,0,0,"",""
ball,1,27.1,England,AN Cook,IJL Trott,TM Dilshan,0,0,"",""
ball,1,27.2,England,AN Cook,IJL Trott,TM Dilshan,0,0,"",""
ball,1,27.3,England,AN Cook,IJL Trott,TM Dilshan,1,0,"",""
ball,1,27.4,England,IJL Trott,AN Cook,TM Dilshan,1,0,"",""
ball,1,27.5,England,AN Cook,IJL Trott,TM Dilshan,0,0,"",""
ball,1,27.6,England,AN Cook,IJL Trott,TM Dilshan,1,0,"",""
ball,1,28.1,England,AN Cook,IJL Trott,HMRKB Herath,1,0,"",""
ball,1,28.2,England,IJL Trott,AN Cook,HMRKB Herath,1,0,"",""
ball,1,28.3,England,AN Cook,IJL Trott,HMRKB Herath,0,0,lbw,AN Cook
ball,1,28.4,England,JE Root,IJL Trott,HMRKB Herath,1,0,"",""
ball,1,28.5,England,IJL Trott,JE Root,HMRKB Herath,1,0,"",""
ball,1,28.6,England,JE Root,IJL Trott,HMRKB Herath,1,0,"",""
ball,1,29.1,England,JE Root,IJL Trott,TM Dilshan,1,0,"",""
ball,1,29.2,England,IJL Trott,JE Root,TM Dilshan,1,0,"",""
ball,1,29.3,England,JE Root,IJL Trott,TM Dilshan,2,0,"",""
ball,1,29.4,England,JE Root,IJL Trott,TM Dilshan,1,0,"",""
ball,1,29.5,England,IJL Trott,JE Root,TM Dilshan,1,0,"",""
ball,1,29.6,England,JE Root,IJL Trott,TM Dilshan,2,0,"",""
ball,1,30.1,England,IJL Trott,JE Root,HMRKB Herath,0,0,"",""
ball,1,30.2,England,IJL Trott,JE Root,HMRKB Herath,1,0,"",""
ball,1,30.3,England,JE Root,IJL Trott,HMRKB Herath,1,0,"",""
ball,1,30.4,England,IJL Trott,JE Root,HMRKB Herath,1,0,"",""
ball,1,30.5,England,JE Root,IJL Trott,HMRKB Herath,1,0,"",""
ball,1,30.6,England,IJL Trott,JE Root,HMRKB Herath,0,0,"",""
ball,1,31.1,England,JE Root,IJL Trott,AD Mathews,0,0,"",""
ball,1,31.2,England,JE Root,IJL Trott,AD Mathews,0,0,"",""
ball,1,31.3,England,JE Root,IJL Trott,AD Mathews,1,0,"",""
ball,1,31.4,England,IJL Trott,JE Root,AD Mathews,0,0,"",""
ball,1,31.5,England,IJL Trott,JE Root,AD Mathews,1,0,"",""
ball,1,31.6,England,IJL Trott,JE Root,AD Mathews,0,0,"",""
ball,1,32.1,England,JE Root,IJL Trott,HMRKB Herath,2,0,"",""
ball,1,32.2,England,JE Root,IJL Trott,HMRKB Herath,1,0,"",""
ball,1,32.3,England,IJL Trott,JE Root,HMRKB Herath,1,0,"",""
ball,1,32.4,England,JE Root,IJL Trott,HMRKB Herath,1,0,"",""
ball,1,32.5,England,IJL Trott,JE Root,HMRKB Herath,1,0,"",""
ball,1,32.6,England,JE Root,IJL Trott,HMRKB Herath,1,0,"",""
ball,1,33.1,England,JE Root,IJL Trott,AD Mathews,2,0,"",""
ball,1,33.2,England,JE Root,IJL Trott,AD Mathews,1,0,"",""
ball,1,33.3,England,IJL Trott,JE Root,AD Mathews,0,0,"",""
ball,1,33.4,England,IJL Trott,JE Root,AD Mathews,1,0,"",""
ball,1,33.5,England,JE Root,IJL Trott,AD Mathews,1,0,"",""
ball,1,33.6,England,IJL Trott,JE Root,AD Mathews,0,0,"",""
ball,1,34.1,England,JE Root,IJL Trott,HMRKB Herath,2,0,"",""
ball,1,34.2,England,JE Root,IJL Trott,HMRKB Herath,1,0,"",""
ball,1,34.3,England,IJL Trott,JE Root,HMRKB Herath,0,0,"",""
ball,1,34.4,England,IJL Trott,JE Root,HMRKB Herath,1,0,"",""
ball,1,34.5,England,JE Root,IJL Trott,HMRKB Herath,0,0,"",""
ball,1,34.6,England,JE Root,IJL Trott,HMRKB Herath,0,0,"",""
ball,1,35.1,England,IJL Trott,JE Root,SL Malinga,0,0,"",""
ball,1,35.2,England,IJL Trott,JE Root,SL Malinga,0,0,"",""
ball,1,35.3,England,IJL Trott,JE Root,SL Malinga,2,0,"",""
ball,1,35.4,England,IJL Trott,JE Root,SL Malinga,4,0,"",""
ball,1,35.5,England,IJL Trott,JE Root,SL Malinga,0,0,"",""
ball,1,35.6,England,IJL Trott,JE Root,SL Malinga,1,0,"",""
ball,1,36.1,England,IJL Trott,JE Root,RMS Eranga,1,0,"",""
ball,1,36.2,England,JE Root,IJL Trott,RMS Eranga,0,0,"",""
ball,1,36.3,England,JE Root,IJL Trott,RMS Eranga,4,0,"",""
ball,1,36.4,England,JE Root,IJL Trott,RMS Eranga,1,0,"",""
ball,1,36.5,England,IJL Trott,JE Root,RMS Eranga,1,0,"",""
ball,1,36.6,England,JE Root,IJL Trott,RMS Eranga,0,0,"",""
ball,1,37.1,England,IJL Trott,JE Root,SL Malinga,1,0,"",""
ball,1,37.2,England,JE Root,IJL Trott,SL Malinga,2,0,"",""
ball,1,37.3,England,JE Root,IJL Trott,SL Malinga,1,0,"",""
ball,1,37.4,England,IJL Trott,JE Root,SL Malinga,0,1,"",""
ball,1,37.5,England,IJL Trott,JE Root,SL Malinga,1,0,"",""
ball,1,37.6,England,JE Root,IJL Trott,SL Malinga,0,0,"",""
ball,1,37.7,England,JE Root,IJL Trott,SL Malinga,2,0,"",""
ball,1,38.1,England,IJL Trott,JE Root,RMS Eranga,1,0,"",""
ball,1,38.2,England,JE Root,IJL Trott,RMS Eranga,1,0,"",""
ball,1,38.3,England,IJL Trott,JE Root,RMS Eranga,4,0,"",""
ball,1,38.4,England,IJL Trott,JE Root,RMS Eranga,0,0,"",""
ball,1,38.5,England,IJL Trott,JE Root,RMS Eranga,0,1,"",""
ball,1,38.6,England,IJL Trott,JE Root,RMS Eranga,1,0,"",""
ball,1,38.7,England,JE Root,IJL Trott,RMS Eranga,1,0,"",""
ball,1,39.1,England,JE Root,IJL Trott,SL Malinga,2,0,"",""
ball,1,39.2,England,JE Root,IJL Trott,SL Malinga,1,0,"",""
ball,1,39.3,England,IJL Trott,JE Root,SL Malinga,1,0,"",""
ball,1,39.4,England,JE Root,IJL Trott,SL Malinga,1,0,"",""
ball,1,39.5,England,IJL Trott,JE Root,SL Malinga,0,0,"",""
ball,1,39.6,England,IJL Trott,JE Root,SL Malinga,1,0,"",""
ball,1,40.1,England,IJL Trott,JE Root,KMDN Kulasekara,4,0,"",""
ball,1,40.2,England,IJL Trott,JE Root,KMDN Kulasekara,1,0,"",""
ball,1,40.3,England,JE Root,IJL Trott,KMDN Kulasekara,0,0,"",""
ball,1,40.4,England,JE Root,IJL Trott,KMDN Kulasekara,4,0,"",""
ball,1,40.5,England,JE Root,IJL Trott,KMDN Kulasekara,2,0,"",""
ball,1,40.6,England,JE Root,IJL Trott,KMDN Kulasekara,1,0,"",""
ball,1,41.1,England,JE Root,IJL Trott,HMRKB Herath,0,0,"",""
ball,1,41.2,England,JE Root,IJL Trott,HMRKB Herath,1,0,"",""
ball,1,41.3,England,IJL Trott,JE Root,HMRKB Herath,1,0,"",""
ball,1,41.4,England,JE Root,IJL Trott,HMRKB Herath,2,0,"",""
ball,1,41.5,England,JE Root,IJL Trott,HMRKB Herath,1,0,"",""
ball,1,41.6,England,IJL Trott,JE Root,HMRKB Herath,0,0,lbw,IJL Trott
ball,1,42.1,England,JE Root,EJG Morgan,KMDN Kulasekara,0,0,"",""
ball,1,42.2,England,JE Root,EJG Morgan,KMDN Kulasekara,1,0,"",""
ball,1,42.3,England,EJG Morgan,JE Root,KMDN Kulasekara,1,0,"",""
ball,1,42.4,England,JE Root,EJG Morgan,KMDN Kulasekara,0,0,"",""
ball,1,42.5,England,JE Root,EJG Morgan,KMDN Kulasekara,4,0,"",""
ball,1,42.6,England,JE Root,EJG Morgan,KMDN Kulasekara,1,0,"",""
ball,1,43.1,England,JE Root,EJG Morgan,SL Malinga,1,0,"",""
ball,1,43.2,England,EJG Morgan,JE Root,SL Malinga,2,0,"",""
ball,1,43.3,England,EJG Morgan,JE Root,SL Malinga,1,0,"",""
ball,1,43.4,England,JE Root,EJG Morgan,SL Malinga,4,0,"",""
ball,1,43.5,England,JE Root,EJG Morgan,SL Malinga,0,0,"",""
ball,1,43.6,England,JE Root,EJG Morgan,SL Malinga,4,0,"",""
ball,1,44.1,England,EJG Morgan,JE Root,RMS Eranga,1,0,"",""
ball,1,44.2,England,JE Root,EJG Morgan,RMS Eranga,1,0,"",""
ball,1,44.3,England,EJG Morgan,JE Root,RMS Eranga,2,0,"",""
ball,1,44.4,England,EJG Morgan,JE Root,RMS Eranga,0,0,"",""
ball,1,44.5,England,EJG Morgan,JE Root,RMS Eranga,1,0,"",""
ball,1,44.6,England,JE Root,EJG Morgan,RMS Eranga,2,0,"",""
ball,1,45.1,England,EJG Morgan,JE Root,SL Malinga,4,0,"",""
ball,1,45.2,England,EJG Morgan,JE Root,SL Malinga,1,0,"",""
ball,1,45.3,England,JE Root,EJG Morgan,SL Malinga,0,0,caught,JE Root
ball,1,45.4,England,EJG Morgan,JC Buttler,SL Malinga,0,0,lbw,EJG Morgan
ball,1,45.5,England,RS Bopara,JC Buttler,SL Malinga,0,0,"",""
ball,1,45.6,England,RS Bopara,JC Buttler,SL Malinga,0,0,"",""
ball,1,46.1,England,JC Buttler,RS Bopara,KMDN Kulasekara,0,0,"",""
ball,1,46.2,England,JC Buttler,RS Bopara,KMDN Kulasekara,0,0,caught,JC Buttler
ball,1,46.3,England,TT Bresnan,RS Bopara,KMDN Kulasekara,2,0,"",""
ball,1,46.4,England,TT Bresnan,RS Bopara,KMDN Kulasekara,0,0,"",""
ball,1,46.5,England,TT Bresnan,RS Bopara,KMDN Kulasekara,1,0,"",""
ball,1,46.6,England,RS Bopara,TT Bresnan,KMDN Kulasekara,0,0,"",""
ball,1,47.1,England,TT Bresnan,RS Bopara,RMS Eranga,0,0,"",""
ball,1,47.2,England,TT Bresnan,RS Bopara,RMS Eranga,1,0,"",""
ball,1,47.3,England,RS Bopara,TT Bresnan,RMS Eranga,1,0,"",""
ball,1,47.4,England,TT Bresnan,RS Bopara,RMS Eranga,0,0,"",""
ball,1,47.5,England,TT Bresnan,RS Bopara,RMS Eranga,0,0,bowled,TT Bresnan
ball,1,47.6,England,SCJ Broad,RS Bopara,RMS Eranga,1,0,"",""
ball,1,48.1,England,SCJ Broad,RS Bopara,SL Malinga,1,0,"",""
ball,1,48.2,England,RS Bopara,SCJ Broad,SL Malinga,1,0,"",""
ball,1,48.3,England,SCJ Broad,RS Bopara,SL Malinga,1,0,"",""
ball,1,48.4,England,RS Bopara,SCJ Broad,SL Malinga,2,0,"",""
ball,1,48.5,England,RS Bopara,SCJ Broad,SL Malinga,1,0,"",""
ball,1,48.6,England,SCJ Broad,RS Bopara,SL Malinga,4,0,"",""
ball,1,49.1,England,RS Bopara,SCJ Broad,RMS Eranga,6,0,"",""
ball,1,49.2,England,RS Bopara,SCJ Broad,RMS Eranga,4,0,"",""
ball,1,49.3,England,RS Bopara,SCJ Broad,RMS Eranga,6,0,"",""
ball,1,49.4,England,RS Bopara,SCJ Broad,RMS Eranga,4,0,"",""
ball,1,49.5,England,RS Bopara,SCJ Broad,RMS Eranga,2,0,"",""
ball,1,49.6,England,RS Bopara,SCJ Broad,RMS Eranga,6,0,"",""
ball,2,0.1,Sri Lanka,MDKJ Perera,TM Dilshan,JM Anderson,0,0,"",""
ball,2,0.2,Sri Lanka,MDKJ Perera,TM Dilshan,JM Anderson,0,0,"",""
ball,2,0.3,Sri Lanka,MDKJ Perera,TM Dilshan,JM Anderson,0,0,"",""
ball,2,0.4,Sri Lanka,MDKJ Perera,TM Dilshan,JM Anderson,1,0,"",""
ball,2,0.5,Sri Lanka,TM Dilshan,MDKJ Perera,JM Anderson,4,0,"",""
ball,2,0.6,Sri Lanka,TM Dilshan,MDKJ Perera,JM Anderson,0,0,"",""
ball,2,1.1,Sri Lanka,MDKJ Perera,TM Dilshan,SCJ Broad,0,0,"",""
ball,2,1.2,Sri Lanka,MDKJ Perera,TM Dilshan,SCJ Broad,0,0,"",""
ball,2,1.3,Sri Lanka,MDKJ Perera,TM Dilshan,SCJ Broad,0,0,"",""
ball,2,1.4,Sri Lanka,MDKJ Perera,TM Dilshan,SCJ Broad,4,0,"",""
ball,2,1.5,Sri Lanka,MDKJ Perera,TM Dilshan,SCJ Broad,1,0,"",""
ball,2,1.6,Sri Lanka,TM Dilshan,MDKJ Perera,SCJ Broad,0,0,"",""
ball,2,2.1,Sri Lanka,MDKJ Perera,TM Dilshan,JM Anderson,0,0,"",""
ball,2,2.2,Sri Lanka,MDKJ Perera,TM Dilshan,JM Anderson,0,0,caught,MDKJ Perera
ball,2,2.3,Sri Lanka,KC Sangakkara,TM Dilshan,JM Anderson,2,0,"",""
ball,2,2.4,Sri Lanka,KC Sangakkara,TM Dilshan,JM Anderson,0,0,"",""
ball,2,2.5,Sri Lanka,KC Sangakkara,TM Dilshan,JM Anderson,0,0,"",""
ball,2,2.6,Sri Lanka,KC Sangakkara,TM Dilshan,JM Anderson,1,0,"",""
ball,2,3.1,Sri Lanka,KC Sangakkara,TM Dilshan,SCJ Broad,0,0,"",""
ball,2,3.2,Sri Lanka,KC Sangakkara,TM Dilshan,SCJ Broad,0,0,"",""
ball,2,3.3,Sri Lanka,KC Sangakkara,TM Dilshan,SCJ Broad,1,0,"",""
ball,2,3.4,Sri Lanka,TM Dilshan,KC Sangakkara,SCJ Broad,4,0,"",""
ball,2,3.5,Sri Lanka,TM Dilshan,KC Sangakkara,SCJ Broad,0,0,"",""
ball,2,3.6,Sri Lanka,TM Dilshan,KC Sangakkara,SCJ Broad,1,0,"",""
ball,2,4.1,Sri Lanka,TM Dilshan,KC Sangakkara,JM Anderson,0,0,"",""
ball,2,4.2,Sri Lanka,TM Dilshan,KC Sangakkara,JM Anderson,0,0,"",""
ball,2,4.3,Sri Lanka,TM Dilshan,KC Sangakkara,JM Anderson,0,1,"",""
ball,2,4.4,Sri Lanka,KC Sangakkara,TM Dilshan,JM Anderson,0,0,"",""
ball,2,4.5,Sri Lanka,KC Sangakkara,TM Dilshan,JM Anderson,4,0,"",""
ball,2,4.6,Sri Lanka,KC Sangakkara,TM Dilshan,JM Anderson,0,1,"",""
ball,2,5.1,Sri Lanka,KC Sangakkara,TM Dilshan,SCJ Broad,0,0,"",""
ball,2,5.2,Sri Lanka,KC Sangakkara,TM Dilshan,SCJ Broad,2,0,"",""
ball,2,5.3,Sri Lanka,KC Sangakkara,TM Dilshan,SCJ Broad,0,0,"",""
ball,2,5.4,Sri Lanka,KC Sangakkara,TM Dilshan,SCJ Broad,0,0,"",""
ball,2,5.5,Sri Lanka,KC Sangakkara,TM Dilshan,SCJ Broad,1,0,"",""
ball,2,5.6,Sri Lanka,TM Dilshan,KC Sangakkara,SCJ Broad,0,0,"",""
ball,2,6.1,Sri Lanka,KC Sangakkara,TM Dilshan,JM Anderson,0,0,"",""
ball,2,6.2,Sri Lanka,KC Sangakkara,TM Dilshan,JM Anderson,1,0,"",""
ball,2,6.3,Sri Lanka,TM Dilshan,KC Sangakkara,JM Anderson,0,0,"",""
ball,2,6.4,Sri Lanka,TM Dilshan,KC Sangakkara,JM Anderson,1,0,"",""
ball,2,6.5,Sri Lanka,KC Sangakkara,TM Dilshan,JM Anderson,0,0,"",""
ball,2,6.6,Sri Lanka,KC Sangakkara,TM Dilshan,JM Anderson,0,0,"",""
ball,2,7.1,Sri Lanka,TM Dilshan,KC Sangakkara,SCJ Broad,0,0,"",""
ball,2,7.2,Sri Lanka,TM Dilshan,KC Sangakkara,SCJ Broad,0,0,"",""
ball,2,7.3,Sri Lanka,TM Dilshan,KC Sangakkara,SCJ Broad,1,0,"",""
ball,2,7.4,Sri Lanka,KC Sangakkara,TM Dilshan,SCJ Broad,4,0,"",""
ball,2,7.5,Sri Lanka,KC Sangakkara,TM Dilshan,SCJ Broad,4,0,"",""
ball,2,7.6,Sri Lanka,KC Sangakkara,TM Dilshan,SCJ Broad,0,0,"",""
ball,2,8.1,Sri Lanka,TM Dilshan,KC Sangakkara,JM Anderson,0,0,"",""
ball,2,8.2,Sri Lanka,TM Dilshan,KC Sangakkara,JM Anderson,0,0,"",""
ball,2,8.3,Sri Lanka,TM Dilshan,KC Sangakkara,JM Anderson,0,0,"",""
ball,2,8.4,Sri Lanka,TM Dilshan,KC Sangakkara,JM Anderson,1,0,"",""
ball,2,8.5,Sri Lanka,KC Sangakkara,TM Dilshan,JM Anderson,1,0,"",""
ball,2,8.6,Sri Lanka,TM Dilshan,KC Sangakkara,JM Anderson,0,0,"",""
ball,2,9.1,Sri Lanka,KC Sangakkara,TM Dilshan,TT Bresnan,4,0,"",""
ball,2,9.2,Sri Lanka,KC Sangakkara,TM Dilshan,TT Bresnan,0,0,"",""
ball,2,9.3,Sri Lanka,KC Sangakkara,TM Dilshan,TT Bresnan,3,0,"",""
ball,2,9.4,Sri Lanka,TM Dilshan,KC Sangakkara,TT Bresnan,0,0,"",""
ball,2,9.5,Sri Lanka,TM Dilshan,KC Sangakkara,TT Bresnan,0,0,"",""
ball,2,9.6,Sri Lanka,TM Dilshan,KC Sangakkara,TT Bresnan,0,0,"",""
ball,2,10.1,Sri Lanka,KC Sangakkara,TM Dilshan,JE Root,0,0,"",""
ball,2,10.2,Sri Lanka,KC Sangakkara,TM Dilshan,JE Root,0,0,"",""
ball,2,10.3,Sri Lanka,KC Sangakkara,TM Dilshan,JE Root,3,0,"",""
ball,2,10.4,Sri Lanka,TM Dilshan,KC Sangakkara,JE Root,1,0,"",""
ball,2,10.5,Sri Lanka,KC Sangakkara,TM Dilshan,JE Root,1,0,"",""
ball,2,10.6,Sri Lanka,TM Dilshan,KC Sangakkara,JE Root,1,0,"",""
ball,2,11.1,Sri Lanka,TM Dilshan,KC Sangakkara,TT Bresnan,0,0,"",""
ball,2,11.2,Sri Lanka,TM Dilshan,KC Sangakkara,TT Bresnan,2,0,"",""
ball,2,11.3,Sri Lanka,TM Dilshan,KC Sangakkara,TT Bresnan,1,0,"",""
ball,2,11.4,Sri Lanka,KC Sangakkara,TM Dilshan,TT Bresnan,0,0,"",""
ball,2,11.5,Sri Lanka,KC Sangakkara,TM Dilshan,TT Bresnan,0,0,"",""
ball,2,11.6,Sri Lanka,KC Sangakkara,TM Dilshan,TT Bresnan,0,0,"",""
ball,2,12.1,Sri Lanka,TM Dilshan,KC Sangakkara,JE Root,1,0,"",""
ball,2,12.2,Sri Lanka,KC Sangakkara,TM Dilshan,JE Root,0,0,"",""
ball,2,12.3,Sri Lanka,KC Sangakkara,TM Dilshan,JE Root,1,0,"",""
ball,2,12.4,Sri Lanka,TM Dilshan,KC Sangakkara,JE Root,0,0,"",""
ball,2,12.5,Sri Lanka,TM Dilshan,KC Sangakkara,JE Root,2,0,"",""
ball,2,12.6,Sri Lanka,TM Dilshan,KC Sangakkara,JE Root,0,0,"",""
ball,2,13.1,Sri Lanka,KC Sangakkara,TM Dilshan,TT Bresnan,1,0,"",""
ball,2,13.2,Sri Lanka,TM Dilshan,KC Sangakkara,TT Bresnan,1,0,"",""
ball,2,13.3,Sri Lanka,KC Sangakkara,TM Dilshan,TT Bresnan,2,0,"",""
ball,2,13.4,Sri Lanka,KC Sangakkara,TM Dilshan,TT Bresnan,1,0,"",""
ball,2,13.5,Sri Lanka,TM Dilshan,KC Sangakkara,TT Bresnan,1,0,"",""
ball,2,13.6,Sri Lanka,KC Sangakkara,TM Dilshan,TT Bresnan,0,0,"",""
ball,2,14.1,Sri Lanka,TM Dilshan,KC Sangakkara,JE Root,4,0,"",""
ball,2,14.2,Sri Lanka,TM Dilshan,KC Sangakkara,JE Root,6,0,"",""
ball,2,14.3,Sri Lanka,TM Dilshan,KC Sangakkara,JE Root,1,0,"",""
ball,2,14.4,Sri Lanka,KC Sangakkara,TM Dilshan,JE Root,4,0,"",""
ball,2,14.5,Sri Lanka,KC Sangakkara,TM Dilshan,JE Root,1,0,"",""
ball,2,14.6,Sri Lanka,TM Dilshan,KC Sangakkara,JE Root,1,0,"",""
ball,2,15.1,Sri Lanka,TM Dilshan,KC Sangakkara,TT Bresnan,2,0,"",""
ball,2,15.2,Sri Lanka,TM Dilshan,KC Sangakkara,TT Bresnan,1,0,"",""
ball,2,15.3,Sri Lanka,KC Sangakkara,TM Dilshan,TT Bresnan,0,0,"",""
ball,2,15.4,Sri Lanka,KC Sangakkara,TM Dilshan,TT Bresnan,0,1,"",""
ball,2,15.5,Sri Lanka,KC Sangakkara,TM Dilshan,TT Bresnan,0,0,"",""
ball,2,15.6,Sri Lanka,KC Sangakkara,TM Dilshan,TT Bresnan,1,0,"",""
ball,2,15.7,Sri Lanka,TM Dilshan,KC Sangakkara,TT Bresnan,1,0,"",""
ball,2,16.1,Sri Lanka,TM Dilshan,KC Sangakkara,GP Swann,1,0,"",""
ball,2,16.2,Sri Lanka,KC Sangakkara,TM Dilshan,GP Swann,0,0,"",""
ball,2,16.3,Sri Lanka,KC Sangakkara,TM Dilshan,GP Swann,0,0,"",""
ball,2,16.4,Sri Lanka,KC Sangakkara,TM Dilshan,GP Swann,1,0,"",""
ball,2,16.5,Sri Lanka,TM Dilshan,KC Sangakkara,GP Swann,0,0,"",""
ball,2,16.6,Sri Lanka,TM Dilshan,KC Sangakkara,GP Swann,1,0,"",""
ball,2,17.1,Sri Lanka,TM Dilshan,KC Sangakkara,TT Bresnan,0,0,"",""
ball,2,17.2,Sri Lanka,TM Dilshan,KC Sangakkara,TT Bresnan,1,0,"",""
ball,2,17.3,Sri Lanka,KC Sangakkara,TM Dilshan,TT Bresnan,0,0,"",""
ball,2,17.4,Sri Lanka,KC Sangakkara,TM Dilshan,TT Bresnan,1,0,"",""
ball,2,17.5,Sri Lanka,TM Dilshan,KC Sangakkara,TT Bresnan,0,0,"",""
ball,2,17.6,Sri Lanka,TM Dilshan,KC Sangakkara,TT Bresnan,0,0,"",""
ball,2,18.1,Sri Lanka,KC Sangakkara,TM Dilshan,GP Swann,1,0,"",""
ball,2,18.2,Sri Lanka,TM Dilshan,KC Sangakkara,GP Swann,1,0,"",""
ball,2,18.3,Sri Lanka,KC Sangakkara,TM Dilshan,GP Swann,0,0,"",""
ball,2,18.4,Sri Lanka,KC Sangakkara,TM Dilshan,GP Swann,0,0,"",""
ball,2,18.5,Sri Lanka,KC Sangakkara,TM Dilshan,GP Swann,0,0,"",""
ball,2,18.6,Sri Lanka,KC Sangakkara,TM Dilshan,GP Swann,0,0,"",""
ball,2,19.1,Sri Lanka,TM Dilshan,KC Sangakkara,RS Bopara,0,0,"",""
ball,2,19.2,Sri Lanka,TM Dilshan,KC Sangakkara,RS Bopara,0,0,"",""
ball,2,19.3,Sri Lanka,TM Dilshan,KC Sangakkara,RS Bopara,1,0,"",""
ball,2,19.4,Sri Lanka,KC Sangakkara,TM Dilshan,RS Bopara,0,0,"",""
ball,2,19.5,Sri Lanka,KC Sangakkara,TM Dilshan,RS Bopara,1,0,"",""
ball,2,19.6,Sri Lanka,TM Dilshan,KC Sangakkara,RS Bopara,0,0,"",""
ball,2,20.1,Sri Lanka,KC Sangakkara,TM Dilshan,GP Swann,1,0,"",""
ball,2,20.2,Sri Lanka,TM Dilshan,KC Sangakkara,GP Swann,0,0,"",""
ball,2,20.3,Sri Lanka,TM Dilshan,KC Sangakkara,GP Swann,1,0,"",""
ball,2,20.4,Sri Lanka,KC Sangakkara,TM Dilshan,GP Swann,1,0,"",""
ball,2,20.5,Sri Lanka,TM Dilshan,KC Sangakkara,GP Swann,0,0,caught,TM Dilshan
ball,2,20.6,Sri Lanka,DPMD Jayawardene,KC Sangakkara,GP Swann,0,0,"",""
ball,2,21.1,Sri Lanka,KC Sangakkara,DPMD Jayawardene,RS Bopara,1,0,"",""
ball,2,21.2,Sri Lanka,DPMD Jayawardene,KC Sangakkara,RS Bopara,0,0,"",""
ball,2,21.3,Sri Lanka,DPMD Jayawardene,KC Sangakkara,RS Bopara,0,0,"",""
ball,2,21.4,Sri Lanka,DPMD Jayawardene,KC Sangakkara,RS Bopara,0,0,"",""
ball,2,21.5,Sri Lanka,DPMD Jayawardene,KC Sangakkara,RS Bopara,0,0,"",""
ball,2,21.6,Sri Lanka,DPMD Jayawardene,KC Sangakkara,RS Bopara,0,0,"",""
ball,2,22.1,Sri Lanka,KC Sangakkara,DPMD Jayawardene,GP Swann,0,0,"",""
ball,2,22.2,Sri Lanka,KC Sangakkara,DPMD Jayawardene,GP Swann,1,0,"",""
ball,2,22.3,Sri Lanka,DPMD Jayawardene,KC Sangakkara,GP Swann,0,0,"",""
ball,2,22.4,Sri Lanka,DPMD Jayawardene,KC Sangakkara,GP Swann,1,0,"",""
ball,2,22.5,Sri Lanka,KC Sangakkara,DPMD Jayawardene,GP Swann,4,0,"",""
ball,2,22.6,Sri Lanka,KC Sangakkara,DPMD Jayawardene,GP Swann,1,0,"",""
ball,2,23.1,Sri Lanka,KC Sangakkara,DPMD Jayawardene,RS Bopara,0,1,"",""
ball,2,23.2,Sri Lanka,KC Sangakkara,DPMD Jayawardene,RS Bopara,1,0,"",""
ball,2,23.3,Sri Lanka,DPMD Jayawardene,KC Sangakkara,RS Bopara,0,0,"",""
ball,2,23.4,Sri Lanka,DPMD Jayawardene,KC Sangakkara,RS Bopara,1,0,"",""
ball,2,23.5,Sri Lanka,KC Sangakkara,DPMD Jayawardene,RS Bopara,1,0,"",""
ball,2,23.6,Sri Lanka,DPMD Jayawardene,KC Sangakkara,RS Bopara,1,0,"",""
ball,2,23.7,Sri Lanka,KC Sangakkara,DPMD Jayawardene,RS Bopara,1,0,"",""
ball,2,24.1,Sri Lanka,KC Sangakkara,DPMD Jayawardene,GP Swann,1,0,"",""
ball,2,24.2,Sri Lanka,DPMD Jayawardene,KC Sangakkara,GP Swann,0,0,"",""
ball,2,24.3,Sri Lanka,DPMD Jayawardene,KC Sangakkara,GP Swann,1,0,"",""
ball,2,24.4,Sri Lanka,KC Sangakkara,DPMD Jayawardene,GP Swann,0,0,"",""
ball,2,24.5,Sri Lanka,KC Sangakkara,DPMD Jayawardene,GP Swann,0,0,"",""
ball,2,24.6,Sri Lanka,KC Sangakkara,DPMD Jayawardene,GP Swann,1,0,"",""
ball,2,25.1,Sri Lanka,KC Sangakkara,DPMD Jayawardene,RS Bopara,0,0,"",""
ball,2,25.2,Sri Lanka,KC Sangakkara,DPMD Jayawardene,RS Bopara,4,0,"",""
ball,2,25.3,Sri Lanka,KC Sangakkara,DPMD Jayawardene,RS Bopara,0,0,"",""
ball,2,25.4,Sri Lanka,KC Sangakkara,DPMD Jayawardene,RS Bopara,2,0,"",""
ball,2,25.5,Sri Lanka,KC Sangakkara,DPMD Jayawardene,RS Bopara,0,0,"",""
ball,2,25.6,Sri Lanka,KC Sangakkara,DPMD Jayawardene,RS Bopara,0,0,"",""
ball,2,26.1,Sri Lanka,DPMD Jayawardene,KC Sangakkara,GP Swann,0,0,"",""
ball,2,26.2,Sri Lanka,DPMD Jayawardene,KC Sangakkara,GP Swann,0,0,"",""
ball,2,26.3,Sri Lanka,DPMD Jayawardene,KC Sangakkara,GP Swann,1,0,"",""
ball,2,26.4,Sri Lanka,KC Sangakkara,DPMD Jayawardene,GP Swann,0,0,"",""
ball,2,26.5,Sri Lanka,KC Sangakkara,DPMD Jayawardene,GP Swann,0,0,"",""
ball,2,26.6,Sri Lanka,KC Sangakkara,DPMD Jayawardene,GP Swann,2,0,"",""
ball,2,27.1,Sri Lanka,DPMD Jayawardene,KC Sangakkara,SCJ Broad,0,0,"",""
ball,2,27.2,Sri Lanka,DPMD Jayawardene,KC Sangakkara,SCJ Broad,6,0,"",""
ball,2,27.3,Sri Lanka,DPMD Jayawardene,KC Sangakkara,SCJ Broad,1,0,"",""
ball,2,27.4,Sri Lanka,KC Sangakkara,DPMD Jayawardene,SCJ Broad,0,1,"",""
ball,2,27.5,Sri Lanka,KC Sangakkara,DPMD Jayawardene,SCJ Broad,1,0,"",""
ball,2,27.6,Sri Lanka,DPMD Jayawardene,KC Sangakkara,SCJ Broad,0,0,"",""
ball,2,27.7,Sri Lanka,DPMD Jayawardene,KC Sangakkara,SCJ Broad,0,0,"",""
ball,2,28.1,Sri Lanka,KC Sangakkara,DPMD Jayawardene,GP Swann,0,0,"",""
ball,2,28.2,Sri Lanka,KC Sangakkara,DPMD Jayawardene,GP Swann,0,0,"",""
ball,2,28.3,Sri Lanka,KC Sangakkara,DPMD Jayawardene,GP Swann,1,0,"",""
ball,2,28.4,Sri Lanka,DPMD Jayawardene,KC Sangakkara,GP Swann,1,0,"",""
ball,2,28.5,Sri Lanka,KC Sangakkara,DPMD Jayawardene,GP Swann,0,0,"",""
ball,2,28.6,Sri Lanka,KC Sangakkara,DPMD Jayawardene,GP Swann,0,0,"",""
ball,2,29.1,Sri Lanka,DPMD Jayawardene,KC Sangakkara,SCJ Broad,4,0,"",""
ball,2,29.2,Sri Lanka,DPMD Jayawardene,KC Sangakkara,SCJ Broad,1,0,"",""
ball,2,29.3,Sri Lanka,KC Sangakkara,DPMD Jayawardene,SCJ Broad,0,0,"",""
ball,2,29.4,Sri Lanka,KC Sangakkara,DPMD Jayawardene,SCJ Broad,1,0,"",""
ball,2,29.5,Sri Lanka,DPMD Jayawardene,KC Sangakkara,SCJ Broad,4,0,"",""
ball,2,29.6,Sri Lanka,DPMD Jayawardene,KC Sangakkara,SCJ Broad,1,0,"",""
ball,2,30.1,Sri Lanka,DPMD Jayawardene,KC Sangakkara,GP Swann,0,0,"",""
ball,2,30.2,Sri Lanka,DPMD Jayawardene,KC Sangakkara,GP Swann,3,0,"",""
ball,2,30.3,Sri Lanka,KC Sangakkara,DPMD Jayawardene,GP Swann,0,0,"",""
ball,2,30.4,Sri Lanka,KC Sangakkara,DPMD Jayawardene,GP Swann,1,0,"",""
ball,2,30.5,Sri Lanka,DPMD Jayawardene,KC Sangakkara,GP Swann,0,0,"",""
ball,2,30.6,Sri Lanka,DPMD Jayawardene,KC Sangakkara,GP Swann,1,0,"",""
ball,2,31.1,Sri Lanka,DPMD Jayawardene,KC Sangakkara,RS Bopara,4,0,"",""
ball,2,31.2,Sri Lanka,DPMD Jayawardene,KC Sangakkara,RS Bopara,2,0,"",""
ball,2,31.3,Sri Lanka,DPMD Jayawardene,KC Sangakkara,RS Bopara,1,0,"",""
ball,2,31.4,Sri Lanka,KC Sangakkara,DPMD Jayawardene,RS Bopara,0,0,"",""
ball,2,31.5,Sri Lanka,KC Sangakkara,DPMD Jayawardene,RS Bopara,2,0,"",""
ball,2,31.6,Sri Lanka,KC Sangakkara,DPMD Jayawardene,RS Bopara,2,0,"",""
ball,2,32.1,Sri Lanka,DPMD Jayawardene,KC Sangakkara,GP Swann,1,0,"",""
ball,2,32.2,Sri Lanka,KC Sangakkara,DPMD Jayawardene,GP Swann,1,0,"",""
ball,2,32.3,Sri Lanka,DPMD Jayawardene,KC Sangakkara,GP Swann,1,0,"",""
ball,2,32.4,Sri Lanka,KC Sangakkara,DPMD Jayawardene,GP Swann,1,0,"",""
ball,2,32.5,Sri Lanka,DPMD Jayawardene,KC Sangakkara,GP Swann,1,0,"",""
ball,2,32.6,Sri Lanka,KC Sangakkara,DPMD Jayawardene,GP Swann,1,0,"",""
ball,2,33.1,Sri Lanka,KC Sangakkara,DPMD Jayawardene,JM Anderson,4,0,"",""
ball,2,33.2,Sri Lanka,KC Sangakkara,DPMD Jayawardene,JM Anderson,1,0,"",""
ball,2,33.3,Sri Lanka,DPMD Jayawardene,KC Sangakkara,JM Anderson,1,0,"",""
ball,2,33.4,Sri Lanka,KC Sangakkara,DPMD Jayawardene,JM Anderson,0,0,"",""
ball,2,33.5,Sri Lanka,KC Sangakkara,DPMD Jayawardene,JM Anderson,1,0,"",""
ball,2,33.6,Sri Lanka,DPMD Jayawardene,KC Sangakkara,JM Anderson,1,0,"",""
ball,2,34.1,Sri Lanka,DPMD Jayawardene,KC Sangakkara,RS Bopara,1,0,"",""
ball,2,34.2,Sri Lanka,KC Sangakkara,DPMD Jayawardene,RS Bopara,2,0,"",""
ball,2,34.3,Sri Lanka,KC Sangakkara,DPMD Jayawardene,RS Bopara,1,0,"",""
ball,2,34.4,Sri Lanka,DPMD Jayawardene,KC Sangakkara,RS Bopara,1,0,"",""
ball,2,34.5,Sri Lanka,KC Sangakkara,DPMD Jayawardene,RS Bopara,1,0,"",""
ball,2,34.6,Sri Lanka,DPMD Jayawardene,KC Sangakkara,RS Bopara,1,0,"",""
ball,2,35.1,Sri Lanka,DPMD Jayawardene,KC Sangakkara,JM Anderson,0,0,"",""
ball,2,35.2,Sri Lanka,DPMD Jayawardene,KC Sangakkara,JM Anderson,0,0,caught,DPMD Jayawardene
ball,2,35.3,Sri Lanka,KC Sangakkara,KMDN Kulasekara,JM Anderson,1,0,"",""
ball,2,35.4,Sri Lanka,KMDN Kulasekara,KC Sangakkara,JM Anderson,0,0,"",""
ball,2,35.5,Sri Lanka,KMDN Kulasekara,KC Sangakkara,JM Anderson,0,0,"",""
ball,2,35.6,Sri Lanka,KMDN Kulasekara,KC Sangakkara,JM Anderson,0,1,"",""
ball,2,35.7,Sri Lanka,KMDN Kulasekara,KC Sangakkara,JM Anderson,0,0,"",""
ball,2,36.1,Sri Lanka,KC Sangakkara,KMDN Kulasekara,TT Bresnan,1,0,"",""
ball,2,36.2,Sri Lanka,KMDN Kulasekara,KC Sangakkara,TT Bresnan,4,0,"",""
ball,2,36.3,Sri Lanka,KMDN Kulasekara,KC Sangakkara,TT Bresnan,0,1,"",""
ball,2,36.4,Sri Lanka,KMDN Kulasekara,KC Sangakkara,TT Bresnan,1,0,"",""
ball,2,36.5,Sri Lanka,KC Sangakkara,KMDN Kulasekara,TT Bresnan,1,0,"",""
ball,2,36.6,Sri Lanka,KMDN Kulasekara,KC Sangakkara,TT Bresnan,1,0,"",""
ball,2,36.7,Sri Lanka,KC Sangakkara,KMDN Kulasekara,TT Bresnan,1,0,"",""
ball,2,37.1,Sri Lanka,KC Sangakkara,KMDN Kulasekara,JM Anderson,2,0,"",""
ball,2,37.2,Sri Lanka,KC Sangakkara,KMDN Kulasekara,JM Anderson,1,0,"",""
ball,2,37.3,Sri Lanka,KMDN Kulasekara,KC Sangakkara,JM Anderson,0,0,"",""
ball,2,37.4,Sri Lanka,KMDN Kulasekara,KC Sangakkara,JM Anderson,1,0,"",""
ball,2,37.5,Sri Lanka,KC Sangakkara,KMDN Kulasekara,JM Anderson,1,0,"",""
ball,2,37.6,Sri Lanka,KMDN Kulasekara,KC Sangakkara,JM Anderson,0,0,"",""
ball,2,38.1,Sri Lanka,KC Sangakkara,KMDN Kulasekara,TT Bresnan,1,0,"",""
ball,2,38.2,Sri Lanka,KMDN Kulasekara,KC Sangakkara,TT Bresnan,0,0,"",""
ball,2,38.3,Sri Lanka,KMDN Kulasekara,KC Sangakkara,TT Bresnan,0,0,"",""
ball,2,38.4,Sri Lanka,KMDN Kulasekara,KC Sangakkara,TT Bresnan,2,0,"",""
ball,2,38.5,Sri Lanka,KMDN Kulasekara,KC Sangakkara,TT Bresnan,0,1,"",""
ball,2,38.6,Sri Lanka,KMDN Kulasekara,KC Sangakkara,TT Bresnan,1,0,"",""
ball,2,38.7,Sri Lanka,KC Sangakkara,KMDN Kulasekara,TT Bresnan,1,0,"",""
ball,2,39.1,Sri Lanka,KC Sangakkara,KMDN Kulasekara,JM Anderson,1,0,"",""
ball,2,39.2,Sri Lanka,KMDN Kulasekara,KC Sangakkara,JM Anderson,1,0,"",""
ball,2,39.3,Sri Lanka,KC Sangakkara,KMDN Kulasekara,JM Anderson,1,0,"",""
ball,2,39.4,Sri Lanka,KMDN Kulasekara,KC Sangakkara,JM Anderson,0,0,"",""
ball,2,39.5,Sri Lanka,KMDN Kulasekara,KC Sangakkara,JM Anderson,1,0,"",""
ball,2,39.6,Sri Lanka,KC Sangakkara,KMDN Kulasekara,JM Anderson,4,0,"",""
ball,2,40.1,Sri Lanka,KMDN Kulasekara,KC Sangakkara,TT Bresnan,4,0,"",""
ball,2,40.2,Sri Lanka,KMDN Kulasekara,KC Sangakkara,TT Bresnan,1,0,"",""
ball,2,40.3,Sri Lanka,KC Sangakkara,KMDN Kulasekara,TT Bresnan,1,0,"",""
ball,2,40.4,Sri Lanka,KMDN Kulasekara,KC Sangakkara,TT Bresnan,0,0,"",""
ball,2,40.5,Sri Lanka,KMDN Kulasekara,KC Sangakkara,TT Bresnan,4,0,"",""
ball,2,40.6,Sri Lanka,KMDN Kulasekara,KC Sangakkara,TT Bresnan,1,0,"",""
ball,2,41.1,Sri Lanka,KMDN Kulasekara,KC Sangakkara,SCJ Broad,1,0,"",""
ball,2,41.2,Sri Lanka,KC Sangakkara,KMDN Kulasekara,SCJ Broad,1,0,"",""
ball,2,41.3,Sri Lanka,KMDN Kulasekara,KC Sangakkara,SCJ Broad,1,0,"",""
ball,2,41.4,Sri Lanka,KC Sangakkara,KMDN Kulasekara,SCJ Broad,0,0,"",""
ball,2,41.5,Sri Lanka,KC Sangakkara,KMDN Kulasekara,SCJ Broad,1,0,"",""
ball,2,41.6,Sri Lanka,KMDN Kulasekara,KC Sangakkara,SCJ Broad,0,4,"",""
ball,2,42.1,Sri Lanka,KC Sangakkara,KMDN Kulasekara,GP Swann,2,0,"",""
ball,2,42.2,Sri Lanka,KC Sangakkara,KMDN Kulasekara,GP Swann,1,0,"",""
ball,2,42.3,Sri Lanka,KMDN Kulasekara,KC Sangakkara,GP Swann,6,0,"",""
ball,2,42.4,Sri Lanka,KMDN Kulasekara,KC Sangakkara,GP Swann,6,0,"",""
ball,2,42.5,Sri Lanka,KMDN Kulasekara,KC Sangakkara,GP Swann,1,0,"",""
ball,2,42.6,Sri Lanka,KC Sangakkara,KMDN Kulasekara,GP Swann,0,0,"",""
ball,2,43.1,Sri Lanka,KMDN Kulasekara,KC Sangakkara,SCJ Broad,6,0,"",""
ball,2,43.2,Sri Lanka,KMDN Kulasekara,KC Sangakkara,SCJ Broad,4,0,"",""
ball,2,43.3,Sri Lanka,KMDN Kulasekara,KC Sangakkara,SCJ Broad,4,0,"",""
ball,2,43.4,Sri Lanka,KMDN Kulasekara,KC Sangakkara,SCJ Broad,1,0,"",""
ball,2,43.5,Sri Lanka,KC Sangakkara,KMDN Kulasekara,SCJ Broad,0,0,"",""
ball,2,43.6,Sri Lanka,KC Sangakkara,KMDN Kulasekara,SCJ Broad,1,0,"",""
ball,2,44.1,Sri Lanka,KC Sangakkara,KMDN Kulasekara,TT Bresnan,4,0,"",""
ball,2,44.2,Sri Lanka,KC Sangakkara,KMDN Kulasekara,TT Bresnan,0,0,"",""
ball,2,44.3,Sri Lanka,KC Sangakkara,KMDN Kulasekara,TT Bresnan,1,0,"",""
ball,2,44.4,Sri Lanka,KMDN Kulasekara,KC Sangakkara,TT Bresnan,0,0,"",""
ball,2,44.5,Sri Lanka,KMDN Kulasekara,KC Sangakkara,TT Bresnan,0,0,"",""
ball,2,44.6,Sri Lanka,KMDN Kulasekara,KC Sangakkara,TT Bresnan,1,0,"",""
ball,2,45.1,Sri Lanka,KMDN Kulasekara,KC Sangakkara,JM Anderson,2,0,"",""
ball,2,45.2,Sri Lanka,KMDN Kulasekara,KC Sangakkara,JM Anderson,1,0,"",""
ball,2,45.3,Sri Lanka,KC Sangakkara,KMDN Kulasekara,JM Anderson,1,0,"",""
ball,2,45.4,Sri Lanka,KMDN Kulasekara,KC Sangakkara,JM Anderson,0,1,"",""
ball,2,45.5,Sri Lanka,KMDN Kulasekara,KC Sangakkara,JM Anderson,1,0,"",""
ball,2,45.6,Sri Lanka,KC Sangakkara,KMDN Kulasekara,JM Anderson,2,0,"",""
ball,2,45.7,Sri Lanka,KC Sangakkara,KMDN Kulasekara,JM Anderson,4,0,"",""
ball,2,46.1,Sri Lanka,KMDN Kulasekara,KC Sangakkara,TT Bresnan,1,0,"",""
ball,2,46.2,Sri Lanka,KC Sangakkara,KMDN Kulasekara,TT Bresnan,0,0,"",""
ball,2,46.3,Sri Lanka,KC Sangakkara,KMDN Kulasekara,TT Bresnan,0,0,"",""
ball,2,46.4,Sri Lanka,KC Sangakkara,KMDN Kulasekara,TT Bresnan,2,0,"",""
ball,2,46.5,Sri Lanka,KC Sangakkara,KMDN Kulasekara,TT Bresnan,2,0,"",""
ball,2,46.6,Sri Lanka,KC Sangakkara,KMDN Kulasekara,TT Bresnan,1,0,"",""
ball,2,47.1,Sri Lanka,KC Sangakkara,KMDN Kulasekara,SCJ Broad,4,0,"",""
