version,1.3.0
info,team,Pakistan
info,team,South Africa
info,gender,male
info,season,2013
info,date,2013/06/10
info,competition,ICC Champions Trophy
info,match_number,5
info,venue,Edgbaston
info,city,Birmingham
info,neutralvenue,true
info,toss_winner,South Africa
info,toss_decision,bat
info,player_of_match,HM Amla
info,umpire,BF Bowden
info,umpire,RA Kettleborough
info,reserve_umpire,HDPK Dharmasena
info,tv_umpire,NJ Llong
info,match_referee,J Srinath
info,winner,South Africa
info,winner_runs,67
ball,1,0.1,South Africa,CA Ingram,HM Amla,Mohammad Irfan,0,0,"",""
ball,1,0.2,South Africa,CA Ingram,HM Amla,Mohammad Irfan,0,0,"",""
ball,1,0.3,South Africa,CA Ingram,HM Amla,Mohammad Irfan,0,0,"",""
ball,1,0.4,South Africa,CA Ingram,HM Amla,Mohammad Irfan,0,0,"",""
ball,1,0.5,South Africa,CA Ingram,HM Amla,Mohammad Irfan,0,0,"",""
ball,1,0.6,South Africa,CA Ingram,HM Amla,Mohammad Irfan,2,0,"",""
ball,1,1.1,South Africa,HM Amla,CA Ingram,Junaid Khan,0,0,"",""
ball,1,1.2,South Africa,HM Amla,CA Ingram,Junaid Khan,0,0,"",""
ball,1,1.3,South Africa,HM Amla,CA Ingram,Junaid Khan,0,0,"",""
ball,1,1.4,South Africa,HM Amla,CA Ingram,Junaid Khan,1,0,"",""
ball,1,1.5,South Africa,CA Ingram,HM Amla,Junaid Khan,0,0,"",""
ball,1,1.6,South Africa,CA Ingram,HM Amla,Junaid Khan,0,0,"",""
ball,1,2.1,South Africa,HM Amla,CA Ingram,Mohammad Irfan,0,0,"",""
ball,1,2.2,South Africa,HM Amla,CA Ingram,Mohammad Irfan,0,0,"",""
ball,1,2.3,South Africa,HM Amla,CA Ingram,Mohammad Irfan,0,0,"",""
ball,1,2.4,South Africa,HM Amla,CA Ingram,Mohammad Irfan,1,0,"",""
ball,1,2.5,South Africa,CA Ingram,HM Amla,Mohammad Irfan,0,0,"",""
ball,1,2.6,South Africa,CA Ingram,HM Amla,Mohammad Irfan,3,0,"",""
ball,1,3.1,South Africa,CA Ingram,HM Amla,Junaid Khan,0,0,"",""
ball,1,3.2,South Africa,CA Ingram,HM Amla,Junaid Khan,0,1,"",""
ball,1,3.3,South Africa,HM Amla,CA Ingram,Junaid Khan,1,0,"",""
ball,1,3.4,South Africa,CA Ingram,HM Amla,Junaid Khan,0,0,"",""
ball,1,3.5,South Africa,CA Ingram,HM Amla,Junaid Khan,0,0,"",""
ball,1,3.6,South Africa,CA Ingram,HM Amla,Junaid Khan,0,0,"",""
ball,1,4.1,South Africa,HM Amla,CA Ingram,Mohammad Irfan,4,0,"",""
ball,1,4.2,South Africa,HM Amla,CA Ingram,Mohammad Irfan,0,0,"",""
ball,1,4.3,South Africa,HM Amla,CA Ingram,Mohammad Irfan,0,0,"",""
ball,1,4.4,South Africa,HM Amla,CA Ingram,Mohammad Irfan,1,0,"",""
ball,1,4.5,South Africa,CA Ingram,HM Amla,Mohammad Irfan,1,0,"",""
ball,1,4.6,South Africa,HM Amla,CA Ingram,Mohammad Irfan,0,0,"",""
ball,1,5.1,South Africa,CA Ingram,HM Amla,Junaid Khan,0,0,"",""
ball,1,5.2,South Africa,CA Ingram,HM Amla,Junaid Khan,0,0,"",""
ball,1,5.3,South Africa,CA Ingram,HM Amla,Junaid Khan,0,0,"",""
ball,1,5.4,South Africa,CA Ingram,HM Amla,Junaid Khan,0,0,"",""
ball,1,5.5,South Africa,CA Ingram,HM Amla,Junaid Khan,4,0,"",""
ball,1,5.6,South Africa,CA Ingram,HM Amla,Junaid Khan,0,0,"",""
ball,1,6.1,South Africa,HM Amla,CA Ingram,Mohammad Irfan,0,0,"",""
ball,1,6.2,South Africa,HM Amla,CA Ingram,Mohammad Irfan,0,0,"",""
ball,1,6.3,South Africa,HM Amla,CA Ingram,Mohammad Irfan,0,0,"",""
ball,1,6.4,South Africa,HM Amla,CA Ingram,Mohammad Irfan,0,0,"",""
ball,1,6.5,South Africa,HM Amla,CA Ingram,Mohammad Irfan,0,0,"",""
ball,1,6.6,South Africa,HM Amla,CA Ingram,Mohammad Irfan,0,0,"",""
ball,1,7.1,South Africa,CA Ingram,HM Amla,Junaid Khan,1,0,"",""
ball,1,7.2,South Africa,HM Amla,CA Ingram,Junaid Khan,0,0,"",""
ball,1,7.3,South Africa,HM Amla,CA Ingram,Junaid Khan,0,0,"",""
ball,1,7.4,South Africa,HM Amla,CA Ingram,Junaid Khan,4,0,"",""
ball,1,7.5,South Africa,HM Amla,CA Ingram,Junaid Khan,0,0,"",""
ball,1,7.6,South Africa,HM Amla,CA Ingram,Junaid Khan,4,0,"",""
ball,1,8.1,South Africa,CA Ingram,HM Amla,Mohammad Irfan,0,0,"",""
ball,1,8.2,South Africa,CA Ingram,HM Amla,Mohammad Irfan,0,0,"",""
ball,1,8.3,South Africa,CA Ingram,HM Amla,Mohammad Irfan,0,0,"",""
ball,1,8.4,South Africa,CA Ingram,HM Amla,Mohammad Irfan,0,0,"",""
ball,1,8.5,South Africa,CA Ingram,HM Amla,Mohammad Irfan,0,0,"",""
ball,1,8.6,South Africa,CA Ingram,HM Amla,Mohammad Irfan,1,0,"",""
ball,1,9.1,South Africa,CA Ingram,HM Amla,Junaid Khan,0,0,"",""
ball,1,9.2,South Africa,CA Ingram,HM Amla,Junaid Khan,0,0,"",""
ball,1,9.3,South Africa,CA Ingram,HM Amla,Junaid Khan,0,0,"",""
ball,1,9.4,South Africa,CA Ingram,HM Amla,Junaid Khan,1,0,"",""
ball,1,9.5,South Africa,HM Amla,CA Ingram,Junaid Khan,0,1,"",""
ball,1,9.6,South Africa,HM Amla,CA Ingram,Junaid Khan,1,0,"",""
ball,1,9.7,South Africa,CA Ingram,HM Amla,Junaid Khan,4,0,"",""
ball,1,10.1,South Africa,HM Amla,CA Ingram,Mohammad Hafeez,1,0,"",""
ball,1,10.2,South Africa,CA Ingram,HM Amla,Mohammad Hafeez,0,0,"",""
ball,1,10.3,South Africa,CA Ingram,HM Amla,Mohammad Hafeez,0,0,"",""
ball,1,10.4,South Africa,CA Ingram,HM Amla,Mohammad Hafeez,0,0,"",""
ball,1,10.5,South Africa,CA Ingram,HM Amla,Mohammad Hafeez,0,0,"",""
ball,1,10.6,South Africa,CA Ingram,HM Amla,Mohammad Hafeez,0,0,"",""
ball,1,11.1,South Africa,HM Amla,CA Ingram,Wahab Riaz,4,0,"",""
ball,1,11.2,South Africa,HM Amla,CA Ingram,Wahab Riaz,0,0,"",""
ball,1,11.3,South Africa,HM Amla,CA Ingram,Wahab Riaz,0,0,"",""
ball,1,11.4,South Africa,HM Amla,CA Ingram,Wahab Riaz,1,0,"",""
ball,1,11.5,South Africa,CA Ingram,HM Amla,Wahab Riaz,1,0,"",""
ball,1,11.6,South Africa,HM Amla,CA Ingram,Wahab Riaz,0,0,"",""
ball,1,12.1,South Africa,CA Ingram,HM Amla,Mohammad Hafeez,1,0,"",""
ball,1,12.2,South Africa,HM Amla,CA Ingram,Mohammad Hafeez,1,0,"",""
ball,1,12.3,South Africa,CA Ingram,HM Amla,Mohammad Hafeez,1,0,"",""
ball,1,12.4,South Africa,HM Amla,CA Ingram,Mohammad Hafeez,1,0,"",""
ball,1,12.5,South Africa,CA Ingram,HM Amla,Mohammad Hafeez,0,0,"",""
ball,1,12.6,South Africa,CA Ingram,HM Amla,Mohammad Hafeez,0,0,"",""
ball,1,13.1,South Africa,HM Amla,CA Ingram,Wahab Riaz,0,0,"",""
ball,1,13.2,South Africa,HM Amla,CA Ingram,Wahab Riaz,0,0,"",""
ball,1,13.3,South Africa,HM Amla,CA Ingram,Wahab Riaz,0,0,"",""
ball,1,13.4,South Africa,HM Amla,CA Ingram,Wahab Riaz,0,0,"",""
ball,1,13.5,South Africa,HM Amla,CA Ingram,Wahab Riaz,4,0,"",""
ball,1,13.6,South Africa,HM Amla,CA Ingram,Wahab Riaz,1,0,"",""
ball,1,14.1,South Africa,HM Amla,CA Ingram,Mohammad Hafeez,1,0,"",""
ball,1,14.2,South Africa,CA Ingram,HM Amla,Mohammad Hafeez,0,0,lbw,CA Ingram
ball,1,14.3,South Africa,F du Plessis,HM Amla,Mohammad Hafeez,0,0,"",""
ball,1,14.4,South Africa,F du Plessis,HM Amla,Mohammad Hafeez,0,0,"",""
ball,1,14.5,South Africa,F du Plessis,HM Amla,Mohammad Hafeez,2,0,"",""
ball,1,14.6,South Africa,F du Plessis,HM Amla,Mohammad Hafeez,0,0,"",""
ball,1,15.1,South Africa,HM Amla,F du Plessis,Wahab Riaz,1,0,"",""
ball,1,15.2,South Africa,F du Plessis,HM Amla,Wahab Riaz,1,0,"",""
ball,1,15.3,South Africa,HM Amla,F du Plessis,Wahab Riaz,1,0,"",""
ball,1,15.4,South Africa,F du Plessis,HM Amla,Wahab Riaz,0,0,"",""
ball,1,15.5,South Africa,F du Plessis,HM Amla,Wahab Riaz,1,0,"",""
ball,1,15.6,South Africa,HM Amla,F du Plessis,Wahab Riaz,0,0,"",""
ball,1,16.1,South Africa,F du Plessis,HM Amla,Mohammad Hafeez,1,0,"",""
ball,1,16.2,South Africa,HM Amla,F du Plessis,Mohammad Hafeez,4,0,"",""
ball,1,16.3,South Africa,HM Amla,F du Plessis,Mohammad Hafeez,0,0,"",""
ball,1,16.4,South Africa,HM Amla,F du Plessis,Mohammad Hafeez,0,0,"",""
ball,1,16.5,South Africa,HM Amla,F du Plessis,Mohammad Hafeez,0,0,"",""
ball,1,16.6,South Africa,HM Amla,F du Plessis,Mohammad Hafeez,0,0,"",""
ball,1,17.1,South Africa,F du Plessis,HM Amla,Wahab Riaz,0,0,"",""
ball,1,17.2,South Africa,F du Plessis,HM Amla,Wahab Riaz,0,0,"",""
ball,1,17.3,South Africa,F du Plessis,HM Amla,Wahab Riaz,1,0,"",""
ball,1,17.4,South Africa,HM Amla,F du Plessis,Wahab Riaz,1,0,"",""
ball,1,17.5,South Africa,F du Plessis,HM Amla,Wahab Riaz,1,0,"",""
ball,1,17.6,South Africa,HM Amla,F du Plessis,Wahab Riaz,1,0,"",""
ball,1,18.1,South Africa,HM Amla,F du Plessis,Mohammad Hafeez,0,0,"",""
ball,1,18.2,South Africa,HM Amla,F du Plessis,Mohammad Hafeez,1,0,"",""
ball,1,18.3,South Africa,F du Plessis,HM Amla,Mohammad Hafeez,1,0,"",""
ball,1,18.4,South Africa,HM Amla,F du Plessis,Mohammad Hafeez,0,0,"",""
ball,1,18.5,South Africa,HM Amla,F du Plessis,Mohammad Hafeez,1,0,"",""
ball,1,18.6,South Africa,F du Plessis,HM Amla,Mohammad Hafeez,1,0,"",""
ball,1,19.1,South Africa,F du Plessis,HM Amla,Wahab Riaz,0,0,"",""
ball,1,19.2,South Africa,F du Plessis,HM Amla,Wahab Riaz,1,0,"",""
ball,1,19.3,South Africa,HM Amla,F du Plessis,Wahab Riaz,4,0,"",""
ball,1,19.4,South Africa,HM Amla,F du Plessis,Wahab Riaz,1,0,"",""
ball,1,19.5,South Africa,F du Plessis,HM Amla,Wahab Riaz,0,0,"",""
ball,1,19.6,South Africa,F du Plessis,HM Amla,Wahab Riaz,0,0,"",""
ball,1,20.1,South Africa,HM Amla,F du Plessis,Mohammad Hafeez,0,0,"",""
ball,1,20.2,South Africa,HM Amla,F du Plessis,Mohammad Hafeez,0,0,"",""
ball,1,20.3,South Africa,HM Amla,F du Plessis,Mohammad Hafeez,3,0,"",""
ball,1,20.4,South Africa,F du Plessis,HM Amla,Mohammad Hafeez,1,0,"",""
ball,1,20.5,South Africa,HM Amla,F du Plessis,Mohammad Hafeez,0,0,"",""
ball,1,20.6,South Africa,HM Amla,F du Plessis,Mohammad Hafeez,0,0,"",""
ball,1,21.1,South Africa,F du Plessis,HM Amla,Saeed Ajmal,0,0,"",""
ball,1,21.2,South Africa,F du Plessis,HM Amla,Saeed Ajmal,0,1,"",""
ball,1,21.3,South Africa,HM Amla,F du Plessis,Saeed Ajmal,0,0,"",""
ball,1,21.4,South Africa,HM Amla,F du Plessis,Saeed Ajmal,0,0,"",""
ball,1,21.5,South Africa,HM Amla,F du Plessis,Saeed Ajmal,2,0,"",""
ball,1,21.6,South Africa,HM Amla,F du Plessis,Saeed Ajmal,0,0,"",""
ball,1,22.1,South Africa,F du Plessis,HM Amla,Mohammad Hafeez,0,0,"",""
ball,1,22.2,South Africa,F du Plessis,HM Amla,Mohammad Hafeez,0,0,"",""
ball,1,22.3,South Africa,F du Plessis,HM Amla,Mohammad Hafeez,1,0,"",""
ball,1,22.4,South Africa,HM Amla,F du Plessis,Mohammad Hafeez,0,0,"",""
ball,1,22.5,South Africa,HM Amla,F du Plessis,Mohammad Hafeez,1,0,"",""
ball,1,22.6,South Africa,F du Plessis,HM Amla,Mohammad Hafeez,0,0,"",""
ball,1,23.1,South Africa,HM Amla,F du Plessis,Saeed Ajmal,0,0,"",""
ball,1,23.2,South Africa,HM Amla,F du Plessis,Saeed Ajmal,2,0,"",""
ball,1,23.3,South Africa,HM Amla,F du Plessis,Saeed Ajmal,2,0,"",""
ball,1,23.4,South Africa,HM Amla,F du Plessis,Saeed Ajmal,4,0,"",""
ball,1,23.5,South Africa,HM Amla,F du Plessis,Saeed Ajmal,1,0,"",""
ball,1,23.6,South Africa,F du Plessis,HM Amla,Saeed Ajmal,0,0,"",""
ball,1,24.1,South Africa,HM Amla,F du Plessis,Mohammad Hafeez,0,0,"",""
ball,1,24.2,South Africa,HM Amla,F du Plessis,Mohammad Hafeez,1,0,"",""
ball,1,24.3,South Africa,F du Plessis,HM Amla,Mohammad Hafeez,1,0,"",""
ball,1,24.4,South Africa,HM Amla,F du Plessis,Mohammad Hafeez,1,0,"",""
ball,1,24.5,South Africa,F du Plessis,HM Amla,Mohammad Hafeez,4,0,"",""
ball,1,24.6,South Africa,F du Plessis,HM Amla,Mohammad Hafeez,0,1,"",""
ball,1,24.7,South Africa,F du Plessis,HM Amla,Mohammad Hafeez,1,0,"",""
ball,1,25.1,South Africa,F du Plessis,HM Amla,Saeed Ajmal,1,0,"",""
ball,1,25.2,South Africa,HM Amla,F du Plessis,Saeed Ajmal,0,0,"",""
ball,1,25.3,South Africa,HM Amla,F du Plessis,Saeed Ajmal,0,0,"",""
ball,1,25.4,South Africa,HM Amla,F du Plessis,Saeed Ajmal,2,0,"",""
ball,1,25.5,South Africa,HM Amla,F du Plessis,Saeed Ajmal,1,0,"",""
ball,1,25.6,South Africa,F du Plessis,HM Amla,Saeed Ajmal,0,0,"",""
ball,1,26.1,South Africa,HM Amla,F du Plessis,Mohammad Irfan,2,0,"",""
ball,1,26.2,South Africa,HM Amla,F du Plessis,Mohammad Irfan,0,0,"",""
ball,1,26.3,South Africa,HM Amla,F du Plessis,Mohammad Irfan,0,0,"",""
ball,1,26.4,South Africa,HM Amla,F du Plessis,Mohammad Irfan,1,0,"",""
ball,1,26.5,South Africa,F du Plessis,HM Amla,Mohammad Irfan,0,0,"",""
ball,1,26.6,South Africa,F du Plessis,HM Amla,Mohammad Irfan,1,0,"",""
ball,1,27.1,South Africa,F du Plessis,HM Amla,Saeed Ajmal,4,0,"",""
ball,1,27.2,South Africa,F du Plessis,HM Amla,Saeed Ajmal,0,0,"",""
ball,1,27.3,South Africa,F du Plessis,HM Amla,Saeed Ajmal,2,0,"",""
ball,1,27.4,South Africa,F du Plessis,HM Amla,Saeed Ajmal,1,0,"",""
ball,1,27.5,South Africa,HM Amla,F du Plessis,Saeed Ajmal,1,0,"",""
ball,1,27.6,South Africa,F du Plessis,HM Amla,Saeed Ajmal,1,0,"",""
ball,1,28.1,South Africa,F du Plessis,HM Amla,Mohammad Irfan,0,0,"",""
ball,1,28.2,South Africa,F du Plessis,HM Amla,Mohammad Irfan,0,0,caught,F du Plessis
ball,1,28.3,South Africa,AB de Villiers,HM Amla,Mohammad Irfan,0,0,"",""
ball,1,28.4,South Africa,AB de Villiers,HM Amla,Mohammad Irfan,1,0,"",""
ball,1,28.5,South Africa,HM Amla,AB de Villiers,Mohammad Irfan,2,0,"",""
ball,1,28.6,South Africa,HM Amla,AB de Villiers,Mohammad Irfan,4,1,"",""
ball,1,28.7,South Africa,HM Amla,AB de Villiers,Mohammad Irfan,2,0,"",""
ball,1,29.1,South Africa,AB de Villiers,HM Amla,Saeed Ajmal,1,0,"",""
ball,1,29.2,South Africa,HM Amla,AB de Villiers,Saeed Ajmal,0,0,"",""
ball,1,29.3,South Africa,HM Amla,AB de Villiers,Saeed Ajmal,0,0,"",""
ball,1,29.4,South Africa,HM Amla,AB de Villiers,Saeed Ajmal,0,0,"",""
ball,1,29.5,South Africa,HM Amla,AB de Villiers,Saeed Ajmal,1,0,"",""
ball,1,29.6,South Africa,AB de Villiers,HM Amla,Saeed Ajmal,0,0,"",""
ball,1,30.1,South Africa,HM Amla,AB de Villiers,Shoaib Malik,1,0,"",""
ball,1,30.2,South Africa,AB de Villiers,HM Amla,Shoaib Malik,1,0,"",""
ball,1,30.3,South Africa,HM Amla,AB de Villiers,Shoaib Malik,1,0,"",""
ball,1,30.4,South Africa,AB de Villiers,HM Amla,Shoaib Malik,0,0,"",""
ball,1,30.5,South Africa,AB de Villiers,HM Amla,Shoaib Malik,6,0,"",""
ball,1,30.6,South Africa,AB de Villiers,HM Amla,Shoaib Malik,1,0,"",""
ball,1,31.1,South Africa,AB de Villiers,HM Amla,Saeed Ajmal,1,0,"",""
ball,1,31.2,South Africa,HM Amla,AB de Villiers,Saeed Ajmal,0,0,"",""
ball,1,31.3,South Africa,HM Amla,AB de Villiers,Saeed Ajmal,0,0,"",""
ball,1,31.4,South Africa,HM Amla,AB de Villiers,Saeed Ajmal,0,0,caught,HM Amla
ball,1,31.5,South Africa,JP Duminy,AB de Villiers,Saeed Ajmal,1,0,"",""
ball,1,31.6,South Africa,AB de Villiers,JP Duminy,Saeed Ajmal,0,0,"",""
ball,1,32.1,South Africa,JP Duminy,AB de Villiers,Mohammad Hafeez,0,0,"",""
ball,1,32.2,South Africa,JP Duminy,AB de Villiers,Mohammad Hafeez,0,0,"",""
ball,1,32.3,South Africa,JP Duminy,AB de Villiers,Mohammad Hafeez,0,0,"",""
ball,1,32.4,South Africa,JP Duminy,AB de Villiers,Mohammad Hafeez,0,0,"",""
ball,1,32.5,South Africa,JP Duminy,AB de Villiers,Mohammad Hafeez,1,0,"",""
ball,1,32.6,South Africa,AB de Villiers,JP Duminy,Mohammad Hafeez,0,2,"",""
ball,1,33.1,South Africa,JP Duminy,AB de Villiers,Saeed Ajmal,0,0,"",""
ball,1,33.2,South Africa,JP Duminy,AB de Villiers,Saeed Ajmal,0,0,"",""
ball,1,33.3,South Africa,JP Duminy,AB de Villiers,Saeed Ajmal,4,0,"",""
ball,1,33.4,South Africa,JP Duminy,AB de Villiers,Saeed Ajmal,1,0,"",""
ball,1,33.5,South Africa,AB de Villiers,JP Duminy,Saeed Ajmal,1,0,"",""
ball,1,33.6,South Africa,JP Duminy,AB de Villiers,Saeed Ajmal,0,0,"",""
ball,1,34.1,South Africa,AB de Villiers,JP Duminy,Mohammad Hafeez,1,0,"",""
ball,1,34.2,South Africa,JP Duminy,AB de Villiers,Mohammad Hafeez,1,0,"",""
ball,1,34.3,South Africa,AB de Villiers,JP Duminy,Mohammad Hafeez,1,0,"",""
ball,1,34.4,South Africa,JP Duminy,AB de Villiers,Mohammad Hafeez,1,0,"",""
ball,1,34.5,South Africa,AB de Villiers,JP Duminy,Mohammad Hafeez,0,0,"",""
ball,1,34.6,South Africa,AB de Villiers,JP Duminy,Mohammad Hafeez,1,0,"",""
ball,1,35.1,South Africa,AB de Villiers,JP Duminy,Saeed Ajmal,0,0,"",""
ball,1,35.2,South Africa,AB de Villiers,JP Duminy,Saeed Ajmal,1,0,"",""
ball,1,35.3,South Africa,JP Duminy,AB de Villiers,Saeed Ajmal,0,0,"",""
ball,1,35.4,South Africa,JP Duminy,AB de Villiers,Saeed Ajmal,1,0,"",""
ball,1,35.5,South Africa,AB de Villiers,JP Duminy,Saeed Ajmal,0,0,"",""
ball,1,35.6,South Africa,AB de Villiers,JP Duminy,Saeed Ajmal,1,0,"",""
ball,1,36.1,South Africa,AB de Villiers,JP Duminy,Wahab Riaz,1,0,"",""
ball,1,36.2,South Africa,JP Duminy,AB de Villiers,Wahab Riaz,0,0,"",""
ball,1,36.3,South Africa,JP Duminy,AB de Villiers,Wahab Riaz,1,0,"",""
ball,1,36.4,South Africa,AB de Villiers,JP Duminy,Wahab Riaz,1,0,"",""
ball,1,36.5,South Africa,JP Duminy,AB de Villiers,Wahab Riaz,1,0,"",""
ball,1,36.6,South Africa,AB de Villiers,JP Duminy,Wahab Riaz,1,0,"",""
ball,1,37.1,South Africa,AB de Villiers,JP Duminy,Shoaib Malik,1,0,"",""
ball,1,37.2,South Africa,JP Duminy,AB de Villiers,Shoaib Malik,0,0,"",""
ball,1,37.3,South Africa,JP Duminy,AB de Villiers,Shoaib Malik,0,0,"",""
ball,1,37.4,South Africa,JP Duminy,AB de Villiers,Shoaib Malik,1,0,"",""
ball,1,37.5,South Africa,AB de Villiers,JP Duminy,Shoaib Malik,1,0,"",""
ball,1,37.6,South Africa,JP Duminy,AB de Villiers,Shoaib Malik,1,0,"",""
ball,1,38.1,South Africa,JP Duminy,AB de Villiers,Wahab Riaz,1,0,"",""
ball,1,38.2,South Africa,AB de Villiers,JP Duminy,Wahab Riaz,1,0,"",""
ball,1,38.3,South Africa,JP Duminy,AB de Villiers,Wahab Riaz,1,0,"",""
ball,1,38.4,South Africa,AB de Villiers,JP Duminy,Wahab Riaz,4,0,"",""
ball,1,38.5,South Africa,AB de Villiers,JP Duminy,Wahab Riaz,1,0,"",""
ball,1,38.6,South Africa,JP Duminy,AB de Villiers,Wahab Riaz,1,0,"",""
ball,1,39.1,South Africa,JP Duminy,AB de Villiers,Shoaib Malik,0,0,"",""
ball,1,39.2,South Africa,JP Duminy,AB de Villiers,Shoaib Malik,0,0,"",""
ball,1,39.3,South Africa,JP Duminy,AB de Villiers,Shoaib Malik,1,0,"",""
ball,1,39.4,South Africa,AB de Villiers,JP Duminy,Shoaib Malik,1,0,"",""
ball,1,39.5,South Africa,JP Duminy,AB de Villiers,Shoaib Malik,0,0,"",""
ball,1,39.6,South Africa,JP Duminy,AB de Villiers,Shoaib Malik,0,0,"",""
ball,1,40.1,South Africa,AB de Villiers,JP Duminy,Junaid Khan,1,0,"",""
ball,1,40.2,South Africa,JP Duminy,AB de Villiers,Junaid Khan,0,0,"",""
ball,1,40.3,South Africa,JP Duminy,AB de Villiers,Junaid Khan,1,0,"",""
ball,1,40.4,South Africa,AB de Villiers,JP Duminy,Junaid Khan,1,0,"",""
ball,1,40.5,South Africa,JP Duminy,AB de Villiers,Junaid Khan,0,0,run out,AB de Villiers
ball,1,40.6,South Africa,JP Duminy,DA Miller,Junaid Khan,1,0,"",""
ball,1,41.1,South Africa,JP Duminy,DA Miller,Shoaib Malik,1,0,"",""
ball,1,41.2,South Africa,DA Miller,JP Duminy,Shoaib Malik,0,0,"",""
ball,1,41.3,South Africa,DA Miller,JP Duminy,Shoaib Malik,0,0,"",""
ball,1,41.4,South Africa,DA Miller,JP Duminy,Shoaib Malik,1,0,"",""
ball,1,41.5,South Africa,JP Duminy,DA Miller,Shoaib Malik,1,0,"",""
ball,1,41.6,South Africa,DA Miller,JP Duminy,Shoaib Malik,1,0,"",""
ball,1,42.1,South Africa,DA Miller,JP Duminy,Junaid Khan,1,0,"",""
ball,1,42.2,South Africa,JP Duminy,DA Miller,Junaid Khan,1,0,"",""
ball,1,42.3,South Africa,DA Miller,JP Duminy,Junaid Khan,0,0,"",""
ball,1,42.4,South Africa,DA Miller,JP Duminy,Junaid Khan,1,0,"",""
ball,1,42.5,South Africa,JP Duminy,DA Miller,Junaid Khan,1,0,"",""
ball,1,42.6,South Africa,DA Miller,JP Duminy,Junaid Khan,0,0,run out,JP Duminy
ball,1,43.1,South Africa,R McLaren,DA Miller,Shoaib Malik,1,0,"",""
ball,1,43.2,South Africa,DA Miller,R McLaren,Shoaib Malik,1,0,"",""
ball,1,43.3,South Africa,R McLaren,DA Miller,Shoaib Malik,0,0,"",""
ball,1,43.4,South Africa,R McLaren,DA Miller,Shoaib Malik,1,0,"",""
ball,1,43.5,South Africa,DA Miller,R McLaren,Shoaib Malik,0,0,"",""
ball,1,43.6,South Africa,DA Miller,R McLaren,Shoaib Malik,1,0,"",""
ball,1,44.1,South Africa,DA Miller,R McLaren,Saeed Ajmal,0,0,"",""
ball,1,44.2,South Africa,DA Miller,R McLaren,Saeed Ajmal,0,1,"",""
ball,1,44.3,South Africa,R McLaren,DA Miller,Saeed Ajmal,0,0,"",""
ball,1,44.4,South Africa,R McLaren,DA Miller,Saeed Ajmal,0,0,"",""
ball,1,44.5,South Africa,R McLaren,DA Miller,Saeed Ajmal,2,0,"",""
ball,1,44.6,South Africa,R McLaren,DA Miller,Saeed Ajmal,0,0,"",""
ball,1,45.1,South Africa,DA Miller,R McLaren,Shoaib Malik,0,0,"",""
ball,1,45.2,South Africa,DA Miller,R McLaren,Shoaib Malik,0,0,"",""
ball,1,45.3,South Africa,DA Miller,R McLaren,Shoaib Malik,1,0,"",""
ball,1,45.4,South Africa,R McLaren,DA Miller,Shoaib Malik,0,0,lbw,R McLaren
ball,1,45.5,South Africa,RJ Peterson,DA Miller,Shoaib Malik,2,0,"",""
ball,1,45.6,South Africa,RJ Peterson,DA Miller,Shoaib Malik,0,0,"",""
ball,1,46.1,South Africa,DA Miller,RJ Peterson,Saeed Ajmal,1,0,"",""
ball,1,46.2,South Africa,RJ Peterson,DA Miller,Saeed Ajmal,0,0,"",""
ball,1,46.3,South Africa,RJ Peterson,DA Miller,Saeed Ajmal,0,0,"",""
ball,1,46.4,South Africa,RJ Peterson,DA Miller,Saeed Ajmal,0,0,"",""
ball,1,46.5,South Africa,RJ Peterson,DA Miller,Saeed Ajmal,0,0,"",""
ball,1,46.6,South Africa,RJ Peterson,DA Miller,Saeed Ajmal,2,0,"",""
ball,1,47.1,South Africa,DA Miller,RJ Peterson,Wahab Riaz,0,0,"",""
ball,1,47.2,South Africa,DA Miller,RJ Peterson,Wahab Riaz,1,0,"",""
ball,1,47.3,South Africa,RJ Peterson,DA Miller,Wahab Riaz,0,1,"",""
ball,1,47.4,South Africa,RJ Peterson,DA Miller,Wahab Riaz,1,0,"",""
ball,1,47.5,South Africa,DA Miller,RJ Peterson,Wahab Riaz,4,0,"",""
ball,1,47.6,South Africa,DA Miller,RJ Peterson,Wahab Riaz,1,0,"",""
ball,1,47.7,South Africa,RJ Peterson,DA Miller,Wahab Riaz,0,0,"",""
ball,1,48.1,South Africa,DA Miller,RJ Peterson,Junaid Khan,1,0,"",""
ball,1,48.2,South Africa,RJ Peterson,DA Miller,Junaid Khan,4,0,"",""
ball,1,48.3,South Africa,RJ Peterson,DA Miller,Junaid Khan,0,1,"",""
ball,1,48.4,South Africa,RJ Peterson,DA Miller,Junaid Khan,4,0,"",""
ball,1,48.5,South Africa,RJ Peterson,DA Miller,Junaid Khan,1,0,"",""
ball,1,48.6,South Africa,DA Miller,RJ Peterson,Junaid Khan,4,0,"",""
ball,1,48.7,South Africa,DA Miller,RJ Peterson,Junaid Khan,0,0,caught,DA Miller
ball,1,49.1,South Africa,CH Morris,RJ Peterson,Wahab Riaz,0,0,"",""
ball,1,49.2,South Africa,CH Morris,RJ Peterson,Wahab Riaz,1,0,"",""
ball,1,49.3,South Africa,RJ Peterson,CH Morris,Wahab Riaz,2,0,"",""
ball,1,49.4,South Africa,RJ Peterson,CH Morris,Wahab Riaz,0,0,run out,CH Morris
ball,1,49.5,South Africa,RJ Peterson,AM Phangiso,Wahab Riaz,0,0,"",""
ball,1,49.6,South Africa,RJ Peterson,AM Phangiso,Wahab Riaz,0,0,run out,AM Phangiso
ball,2,0.1,Pakistan,Imran Farhat,Nasir Jamshed,LL Tsotsobe,0,0,"",""
ball,2,0.2,Pakistan,Imran Farhat,Nasir Jamshed,LL Tsotsobe,0,0,"",""
ball,2,0.3,Pakistan,Imran Farhat,Nasir Jamshed,LL Tsotsobe,0,0,"",""
ball,2,0.4,Pakistan,Imran Farhat,Nasir Jamshed,LL Tsotsobe,0,0,"",""
ball,2,0.5,Pakistan,Imran Farhat,Nasir Jamshed,LL Tsotsobe,0,0,"",""
ball,2,0.6,Pakistan,Imran Farhat,Nasir Jamshed,LL Tsotsobe,2,0,"",""
ball,2,1.1,Pakistan,Nasir Jamshed,Imran Farhat,CH Morris,0,1,"",""
ball,2,1.2,Pakistan,Nasir Jamshed,Imran Farhat,CH Morris,0,0,"",""
ball,2,1.3,Pakistan,Nasir Jamshed,Imran Farhat,CH Morris,1,0,"",""
ball,2,1.4,Pakistan,Imran Farhat,Nasir Jamshed,CH Morris,0,0,"",""
ball,2,1.5,Pakistan,Imran Farhat,Nasir Jamshed,CH Morris,0,0,"",""
ball,2,1.6,Pakistan,Imran Farhat,Nasir Jamshed,CH Morris,0,0,bowled,Imran Farhat
ball,2,1.7,Pakistan,Mohammad Hafeez,Nasir Jamshed,CH Morris,0,0,"",""
ball,2,2.1,Pakistan,Nasir Jamshed,Mohammad Hafeez,LL Tsotsobe,0,0,"",""
ball,2,2.2,Pakistan,Nasir Jamshed,Mohammad Hafeez,LL Tsotsobe,1,0,"",""
ball,2,2.3,Pakistan,Mohammad Hafeez,Nasir Jamshed,LL Tsotsobe,0,0,"",""
ball,2,2.4,Pakistan,Mohammad Hafeez,Nasir Jamshed,LL Tsotsobe,1,0,"",""
ball,2,2.5,Pakistan,Nasir Jamshed,Mohammad Hafeez,LL Tsotsobe,0,0,"",""
ball,2,2.6,Pakistan,Nasir Jamshed,Mohammad Hafeez,LL Tsotsobe,0,0,"",""
ball,2,3.1,Pakistan,Mohammad Hafeez,Nasir Jamshed,CH Morris,0,0,"",""
ball,2,3.2,Pakistan,Mohammad Hafeez,Nasir Jamshed,CH Morris,0,0,"",""
ball,2,3.3,Pakistan,Mohammad Hafeez,Nasir Jamshed,CH Morris,2,0,"",""
ball,2,3.4,Pakistan,Mohammad Hafeez,Nasir Jamshed,CH Morris,0,0,"",""
ball,2,3.5,Pakistan,Mohammad Hafeez,Nasir Jamshed,CH Morris,1,0,"",""
ball,2,3.6,Pakistan,Nasir Jamshed,Mohammad Hafeez,CH Morris,0,0,"",""
ball,2,4.1,Pakistan,Mohammad Hafeez,Nasir Jamshed,LL Tsotsobe,0,0,"",""
ball,2,4.2,Pakistan,Mohammad Hafeez,Nasir Jamshed,LL Tsotsobe,0,0,"",""
ball,2,4.3,Pakistan,Mohammad Hafeez,Nasir Jamshed,LL Tsotsobe,1,0,"",""
ball,2,4.4,Pakistan,Nasir Jamshed,Mohammad Hafeez,LL Tsotsobe,0,0,"",""
ball,2,4.5,Pakistan,Nasir Jamshed,Mohammad Hafeez,LL Tsotsobe,0,0,"",""
ball,2,4.6,Pakistan,Nasir Jamshed,Mohammad Hafeez,LL Tsotsobe,0,0,"",""
ball,2,5.1,Pakistan,Mohammad Hafeez,Nasir Jamshed,CH Morris,0,0,"",""
ball,2,5.2,Pakistan,Mohammad Hafeez,Nasir Jamshed,CH Morris,0,0,"",""
ball,2,5.3,Pakistan,Mohammad Hafeez,Nasir Jamshed,CH Morris,0,0,"",""
ball,2,5.4,Pakistan,Mohammad Hafeez,Nasir Jamshed,CH Morris,0,0,"",""
ball,2,5.5,Pakistan,Mohammad Hafeez,Nasir Jamshed,CH Morris,0,0,"",""
ball,2,5.6,Pakistan,Mohammad Hafeez,Nasir Jamshed,CH Morris,2,0,"",""
ball,2,6.1,Pakistan,Nasir Jamshed,Mohammad Hafeez,LL Tsotsobe,0,0,"",""
ball,2,6.2,Pakistan,Nasir Jamshed,Mohammad Hafeez,LL Tsotsobe,0,0,"",""
ball,2,6.3,Pakistan,Nasir Jamshed,Mohammad Hafeez,LL Tsotsobe,1,0,"",""
ball,2,6.4,Pakistan,Mohammad Hafeez,Nasir Jamshed,LL Tsotsobe,0,0,"",""
ball,2,6.5,Pakistan,Mohammad Hafeez,Nasir Jamshed,LL Tsotsobe,0,0,"",""
ball,2,6.6,Pakistan,Mohammad Hafeez,Nasir Jamshed,LL Tsotsobe,0,0,"",""
ball,2,7.1,Pakistan,Nasir Jamshed,Mohammad Hafeez,CH Morris,4,0,"",""
ball,2,7.2,Pakistan,Nasir Jamshed,Mohammad Hafeez,CH Morris,0,0,"",""
ball,2,7.3,Pakistan,Nasir Jamshed,Mohammad Hafeez,CH Morris,0,0,"",""
ball,2,7.4,Pakistan,Nasir Jamshed,Mohammad Hafeez,CH Morris,1,0,"",""
ball,2,7.5,Pakistan,Mohammad Hafeez,Nasir Jamshed,CH Morris,0,0,caught,Mohammad Hafeez
ball,2,7.6,Pakistan,Shoaib Malik,Nasir Jamshed,CH Morris,0,0,"",""
ball,2,8.1,Pakistan,Nasir Jamshed,Shoaib Malik,LL Tsotsobe,0,0,"",""
ball,2,8.2,Pakistan,Nasir Jamshed,Shoaib Malik,LL Tsotsobe,0,0,"",""
ball,2,8.3,Pakistan,Nasir Jamshed,Shoaib Malik,LL Tsotsobe,0,0,"",""
ball,2,8.4,Pakistan,Nasir Jamshed,Shoaib Malik,LL Tsotsobe,0,0,"",""
ball,2,8.5,Pakistan,Nasir Jamshed,Shoaib Malik,LL Tsotsobe,0,0,"",""
ball,2,8.6,Pakistan,Nasir Jamshed,Shoaib Malik,LL Tsotsobe,0,0,"",""
ball,2,9.1,Pakistan,Shoaib Malik,Nasir Jamshed,R McLaren,0,0,"",""
ball,2,9.2,Pakistan,Shoaib Malik,Nasir Jamshed,R McLaren,0,0,"",""
ball,2,9.3,Pakistan,Shoaib Malik,Nasir Jamshed,R McLaren,0,0,"",""
ball,2,9.4,Pakistan,Shoaib Malik,Nasir Jamshed,R McLaren,0,0,"",""
ball,2,9.5,Pakistan,Shoaib Malik,Nasir Jamshed,R McLaren,0,0,"",""
ball,2,9.6,Pakistan,Shoaib Malik,Nasir Jamshed,R McLaren,0,0,"",""
ball,2,10.1,Pakistan,Nasir Jamshed,Shoaib Malik,AM Phangiso,0,0,"",""
ball,2,10.2,Pakistan,Nasir Jamshed,Shoaib Malik,AM Phangiso,1,0,"",""
ball,2,10.3,Pakistan,Shoaib Malik,Nasir Jamshed,AM Phangiso,0,0,"",""
ball,2,10.4,Pakistan,Shoaib Malik,Nasir Jamshed,AM Phangiso,1,0,"",""
ball,2,10.5,Pakistan,Nasir Jamshed,Shoaib Malik,AM Phangiso,0,5,"",""
ball,2,10.6,Pakistan,Nasir Jamshed,Shoaib Malik,AM Phangiso,1,0,"",""
ball,2,10.7,Pakistan,Shoaib Malik,Nasir Jamshed,AM Phangiso,1,0,"",""
ball,2,11.1,Pakistan,Shoaib Malik,Nasir Jamshed,R McLaren,0,0,"",""
ball,2,11.2,Pakistan,Shoaib Malik,Nasir Jamshed,R McLaren,0,0,"",""
ball,2,11.3,Pakistan,Shoaib Malik,Nasir Jamshed,R McLaren,0,0,"",""
ball,2,11.4,Pakistan,Shoaib Malik,Nasir Jamshed,R McLaren,0,0,"",""
ball,2,11.5,Pakistan,Shoaib Malik,Nasir Jamshed,R McLaren,0,0,"",""
ball,2,11.6,Pakistan,Shoaib Malik,Nasir Jamshed,R McLaren,0,0,"",""
ball,2,12.1,Pakistan,Nasir Jamshed,Shoaib Malik,AM Phangiso,0,0,"",""
ball,2,12.2,Pakistan,Nasir Jamshed,Shoaib Malik,AM Phangiso,0,0,"",""
ball,2,12.3,Pakistan,Nasir Jamshed,Shoaib Malik,AM Phangiso,1,0,"",""
ball,2,12.4,Pakistan,Shoaib Malik,Nasir Jamshed,AM Phangiso,1,0,"",""
ball,2,12.5,Pakistan,Nasir Jamshed,Shoaib Malik,AM Phangiso,0,1,"",""
ball,2,12.6,Pakistan,Nasir Jamshed,Shoaib Malik,AM Phangiso,0,0,"",""
ball,2,12.7,Pakistan,Nasir Jamshed,Shoaib Malik,AM Phangiso,0,0,"",""
ball,2,13.1,Pakistan,Shoaib Malik,Nasir Jamshed,R McLaren,0,0,"",""
ball,2,13.2,Pakistan,Shoaib Malik,Nasir Jamshed,R McLaren,0,1,"",""
ball,2,13.3,Pakistan,Nasir Jamshed,Shoaib Malik,R McLaren,4,0,"",""
ball,2,13.4,Pakistan,Nasir Jamshed,Shoaib Malik,R McLaren,0,0,"",""
ball,2,13.5,Pakistan,Nasir Jamshed,Shoaib Malik,R McLaren,0,0,"",""
ball,2,13.6,Pakistan,Nasir Jamshed,Shoaib Malik,R McLaren,0,0,"",""
ball,2,14.1,Pakistan,Shoaib Malik,Nasir Jamshed,AM Phangiso,0,0,"",""
ball,2,14.2,Pakistan,Shoaib Malik,Nasir Jamshed,AM Phangiso,0,0,"",""
ball,2,14.3,Pakistan,Shoaib Malik,Nasir Jamshed,AM Phangiso,0,0,"",""
ball,2,14.4,Pakistan,Shoaib Malik,Nasir Jamshed,AM Phangiso,0,0,"",""
ball,2,14.5,Pakistan,Shoaib Malik,Nasir Jamshed,AM Phangiso,1,0,"",""
ball,2,14.6,Pakistan,Nasir Jamshed,Shoaib Malik,AM Phangiso,0,0,"",""
ball,2,15.1,Pakistan,Shoaib Malik,Nasir Jamshed,R McLaren,1,0,"",""
ball,2,15.2,Pakistan,Nasir Jamshed,Shoaib Malik,R McLaren,0,0,"",""
ball,2,15.3,Pakistan,Nasir Jamshed,Shoaib Malik,R McLaren,0,0,"",""
ball,2,15.4,Pakistan,Nasir Jamshed,Shoaib Malik,R McLaren,0,1,"",""
ball,2,15.5,Pakistan,Shoaib Malik,Nasir Jamshed,R McLaren,2,0,"",""
ball,2,15.6,Pakistan,Shoaib Malik,Nasir Jamshed,R McLaren,0,0,"",""
ball,2,16.1,Pakistan,Nasir Jamshed,Shoaib Malik,AM Phangiso,0,0,"",""
ball,2,16.2,Pakistan,Nasir Jamshed,Shoaib Malik,AM Phangiso,0,0,"",""
ball,2,16.3,Pakistan,Nasir Jamshed,Shoaib Malik,AM Phangiso,1,0,"",""
ball,2,16.4,Pakistan,Shoaib Malik,Nasir Jamshed,AM Phangiso,1,0,"",""
ball,2,16.5,Pakistan,Nasir Jamshed,Shoaib Malik,AM Phangiso,4,0,"",""
ball,2,16.6,Pakistan,Nasir Jamshed,Shoaib Malik,AM Phangiso,1,0,"",""
ball,2,17.1,Pakistan,Nasir Jamshed,Shoaib Malik,JP Duminy,0,0,"",""
ball,2,17.2,Pakistan,Nasir Jamshed,Shoaib Malik,JP Duminy,1,0,"",""
ball,2,17.3,Pakistan,Shoaib Malik,Nasir Jamshed,JP Duminy,0,0,bowled,Shoaib Malik
ball,2,17.4,Pakistan,Misbah-ul-Haq,Nasir Jamshed,JP Duminy,0,0,"",""
ball,2,17.5,Pakistan,Misbah-ul-Haq,Nasir Jamshed,JP Duminy,0,0,"",""
ball,2,17.6,Pakistan,Misbah-ul-Haq,Nasir Jamshed,JP Duminy,0,0,"",""
ball,2,18.1,Pakistan,Nasir Jamshed,Misbah-ul-Haq,CH Morris,0,0,"",""
ball,2,18.2,Pakistan,Nasir Jamshed,Misbah-ul-Haq,CH Morris,0,0,"",""
ball,2,18.3,Pakistan,Nasir Jamshed,Misbah-ul-Haq,CH Morris,0,0,"",""
ball,2,18.4,Pakistan,Nasir Jamshed,Misbah-ul-Haq,CH Morris,1,0,"",""
ball,2,18.5,Pakistan,Misbah-ul-Haq,Nasir Jamshed,CH Morris,0,0,"",""
ball,2,18.6,Pakistan,Misbah-ul-Haq,Nasir Jamshed,CH Morris,0,0,"",""
ball,2,19.1,Pakistan,Nasir Jamshed,Misbah-ul-Haq,JP Duminy,1,0,"",""
ball,2,19.2,Pakistan,Misbah-ul-Haq,Nasir Jamshed,JP Duminy,0,0,"",""
ball,2,19.3,Pakistan,Misbah-ul-Haq,Nasir Jamshed,JP Duminy,1,0,"",""
ball,2,19.4,Pakistan,Nasir Jamshed,Misbah-ul-Haq,JP Duminy,0,0,"",""
ball,2,19.5,Pakistan,Nasir Jamshed,Misbah-ul-Haq,JP Duminy,1,0,"",""
ball,2,19.6,Pakistan,Misbah-ul-Haq,Nasir Jamshed,JP Duminy,0,0,"",""
ball,2,20.1,Pakistan,Nasir Jamshed,Misbah-ul-Haq,RJ Peterson,1,0,"",""
ball,2,20.2,Pakistan,Misbah-ul-Haq,Nasir Jamshed,RJ Peterson,0,0,"",""
ball,2,20.3,Pakistan,Misbah-ul-Haq,Nasir Jamshed,RJ Peterson,1,0,"",""
ball,2,20.4,Pakistan,Nasir Jamshed,Misbah-ul-Haq,RJ Peterson,0,0,"",""
ball,2,20.5,Pakistan,Nasir Jamshed,Misbah-ul-Haq,RJ Peterson,0,0,"",""
ball,2,20.6,Pakistan,Nasir Jamshed,Misbah-ul-Haq,RJ Peterson,1,0,"",""
ball,2,21.1,Pakistan,Nasir Jamshed,Misbah-ul-Haq,JP Duminy,4,0,"",""
ball,2,21.2,Pakistan,Nasir Jamshed,Misbah-ul-Haq,JP Duminy,0,0,"",""
ball,2,21.3,Pakistan,Nasir Jamshed,Misbah-ul-Haq,JP Duminy,0,0,"",""
ball,2,21.4,Pakistan,Nasir Jamshed,Misbah-ul-Haq,JP Duminy,0,0,"",""
ball,2,21.5,Pakistan,Nasir Jamshed,Misbah-ul-Haq,JP Duminy,1,0,"",""
ball,2,21.6,Pakistan,Misbah-ul-Haq,Nasir Jamshed,JP Duminy,2,0,"",""
ball,2,22.1,Pakistan,Nasir Jamshed,Misbah-ul-Haq,RJ Peterson,1,0,"",""
ball,2,22.2,Pakistan,Misbah-ul-Haq,Nasir Jamshed,RJ Peterson,0,0,"",""
ball,2,22.3,Pakistan,Misbah-ul-Haq,Nasir Jamshed,RJ Peterson,0,0,"",""
ball,2,22.4,Pakistan,Misbah-ul-Haq,Nasir Jamshed,RJ Peterson,1,0,"",""
ball,2,22.5,Pakistan,Nasir Jamshed,Misbah-ul-Haq,RJ Peterson,1,0,"",""
ball,2,22.6,Pakistan,Misbah-ul-Haq,Nasir Jamshed,RJ Peterson,1,0,"",""
ball,2,23.1,Pakistan,Misbah-ul-Haq,Nasir Jamshed,JP Duminy,0,0,"",""
ball,2,23.2,Pakistan,Misbah-ul-Haq,Nasir Jamshed,JP Duminy,0,0,"",""
ball,2,23.3,Pakistan,Misbah-ul-Haq,Nasir Jamshed,JP Duminy,1,0,"",""
ball,2,23.4,Pakistan,Nasir Jamshed,Misbah-ul-Haq,JP Duminy,0,0,"",""
ball,2,23.5,Pakistan,Nasir Jamshed,Misbah-ul-Haq,JP Duminy,1,0,"",""
ball,2,23.6,Pakistan,Misbah-ul-Haq,Nasir Jamshed,JP Duminy,4,0,"",""
ball,2,24.1,Pakistan,Nasir Jamshed,Misbah-ul-Haq,RJ Peterson,0,0,"",""
ball,2,24.2,Pakistan,Nasir Jamshed,Misbah-ul-Haq,RJ Peterson,1,0,"",""
ball,2,24.3,Pakistan,Misbah-ul-Haq,Nasir Jamshed,RJ Peterson,0,0,"",""
ball,2,24.4,Pakistan,Misbah-ul-Haq,Nasir Jamshed,RJ Peterson,1,0,"",""
ball,2,24.5,Pakistan,Nasir Jamshed,Misbah-ul-Haq,RJ Peterson,0,0,"",""
ball,2,24.6,Pakistan,Nasir Jamshed,Misbah-ul-Haq,RJ Peterson,1,0,"",""
ball,2,25.1,Pakistan,Nasir Jamshed,Misbah-ul-Haq,LL Tsotsobe,1,0,"",""
ball,2,25.2,Pakistan,Misbah-ul-Haq,Nasir Jamshed,LL Tsotsobe,1,0,"",""
ball,2,25.3,Pakistan,Nasir Jamshed,Misbah-ul-Haq,LL Tsotsobe,1,0,"",""
ball,2,25.4,Pakistan,Misbah-ul-Haq,Nasir Jamshed,LL Tsotsobe,2,0,"",""
ball,2,25.5,Pakistan,Misbah-ul-Haq,Nasir Jamshed,LL Tsotsobe,1,0,"",""
ball,2,25.6,Pakistan,Nasir Jamshed,Misbah-ul-Haq,LL Tsotsobe,0,0,"",""
ball,2,26.1,Pakistan,Misbah-ul-Haq,Nasir Jamshed,AM Phangiso,0,0,"",""
ball,2,26.2,Pakistan,Misbah-ul-Haq,Nasir Jamshed,AM Phangiso,0,0,"",""
ball,2,26.3,Pakistan,Misbah-ul-Haq,Nasir Jamshed,AM Phangiso,0,0,"",""
ball,2,26.4,Pakistan,Misbah-ul-Haq,Nasir Jamshed,AM Phangiso,0,0,"",""
ball,2,26.5,Pakistan,Misbah-ul-Haq,Nasir Jamshed,AM Phangiso,1,0,"",""
ball,2,26.6,Pakistan,Nasir Jamshed,Misbah-ul-Haq,AM Phangiso,0,1,"",""
ball,2,26.7,Pakistan,Nasir Jamshed,Misbah-ul-Haq,AM Phangiso,1,0,"",""
ball,2,27.1,Pakistan,Nasir Jamshed,Misbah-ul-Haq,LL Tsotsobe,2,0,"",""
ball,2,27.2,Pakistan,Nasir Jamshed,Misbah-ul-Haq,LL Tsotsobe,0,0,caught and bowled,Nasir Jamshed
ball,2,27.3,Pakistan,Umar Amin,Misbah-ul-Haq,LL Tsotsobe,0,0,"",""
ball,2,27.4,Pakistan,Umar Amin,Misbah-ul-Haq,LL Tsotsobe,0,0,"",""
ball,2,27.5,Pakistan,Umar Amin,Misbah-ul-Haq,LL Tsotsobe,0,0,"",""
ball,2,27.6,Pakistan,Umar Amin,Misbah-ul-Haq,LL Tsotsobe,0,0,"",""
ball,2,28.1,Pakistan,Misbah-ul-Haq,Umar Amin,AM Phangiso,1,0,"",""
ball,2,28.2,Pakistan,Umar Amin,Misbah-ul-Haq,AM Phangiso,3,0,"",""
ball,2,28.3,Pakistan,Misbah-ul-Haq,Umar Amin,AM Phangiso,0,0,"",""
ball,2,28.4,Pakistan,Misbah-ul-Haq,Umar Amin,AM Phangiso,0,0,"",""
ball,2,28.5,Pakistan,Misbah-ul-Haq,Umar Amin,AM Phangiso,0,0,"",""
ball,2,28.6,Pakistan,Misbah-ul-Haq,Umar Amin,AM Phangiso,1,0,"",""
ball,2,29.1,Pakistan,Misbah-ul-Haq,Umar Amin,JP Duminy,1,0,"",""
ball,2,29.2,Pakistan,Umar Amin,Misbah-ul-Haq,JP Duminy,0,0,"",""
ball,2,29.3,Pakistan,Umar Amin,Misbah-ul-Haq,JP Duminy,0,0,"",""
ball,2,29.4,Pakistan,Umar Amin,Misbah-ul-Haq,JP Duminy,0,0,"",""
ball,2,29.5,Pakistan,Umar Amin,Misbah-ul-Haq,JP Duminy,1,0,"",""
ball,2,29.6,Pakistan,Misbah-ul-Haq,Umar Amin,JP Duminy,0,0,"",""
ball,2,30.1,Pakistan,Umar Amin,Misbah-ul-Haq,AM Phangiso,0,0,"",""
ball,2,30.2,Pakistan,Umar Amin,Misbah-ul-Haq,AM Phangiso,1,0,"",""
ball,2,30.3,Pakistan,Misbah-ul-Haq,Umar Amin,AM Phangiso,0,0,"",""
ball,2,30.4,Pakistan,Misbah-ul-Haq,Umar Amin,AM Phangiso,0,0,"",""
ball,2,30.5,Pakistan,Misbah-ul-Haq,Umar Amin,AM Phangiso,0,0,"",""
ball,2,30.6,Pakistan,Misbah-ul-Haq,Umar Amin,AM Phangiso,1,0,"",""
ball,2,31.1,Pakistan,Misbah-ul-Haq,Umar Amin,JP Duminy,1,0,"",""
ball,2,31.2,Pakistan,Umar Amin,Misbah-ul-Haq,JP Duminy,0,0,"",""
ball,2,31.3,Pakistan,Umar Amin,Misbah-ul-Haq,JP Duminy,0,0,"",""
ball,2,31.4,Pakistan,Umar Amin,Misbah-ul-Haq,JP Duminy,1,0,"",""
ball,2,31.5,Pakistan,Misbah-ul-Haq,Umar Amin,JP Duminy,0,0,"",""
ball,2,31.6,Pakistan,Misbah-ul-Haq,Umar Amin,JP Duminy,1,0,"",""
ball,2,32.1,Pakistan,Misbah-ul-Haq,Umar Amin,AM Phangiso,2,0,"",""
ball,2,32.2,Pakistan,Misbah-ul-Haq,Umar Amin,AM Phangiso,0,0,"",""
ball,2,32.3,Pakistan,Misbah-ul-Haq,Umar Amin,AM Phangiso,0,0,"",""
ball,2,32.4,Pakistan,Misbah-ul-Haq,Umar Amin,AM Phangiso,0,0,"",""
ball,2,32.5,Pakistan,Misbah-ul-Haq,Umar Amin,AM Phangiso,1,0,"",""
ball,2,32.6,Pakistan,Umar Amin,Misbah-ul-Haq,AM Phangiso,1,0,"",""
ball,2,33.1,Pakistan,Umar Amin,Misbah-ul-Haq,JP Duminy,1,0,"",""
ball,2,33.2,Pakistan,Misbah-ul-Haq,Umar Amin,JP Duminy,2,0,"",""
ball,2,33.3,Pakistan,Misbah-ul-Haq,Umar Amin,JP Duminy,0,0,"",""
ball,2,33.4,Pakistan,Misbah-ul-Haq,Umar Amin,JP Duminy,1,0,"",""
ball,2,33.5,Pakistan,Umar Amin,Misbah-ul-Haq,JP Duminy,0,0,"",""
ball,2,33.6,Pakistan,Umar Amin,Misbah-ul-Haq,JP Duminy,0,0,"",""
ball,2,34.1,Pakistan,Misbah-ul-Haq,Umar Amin,R McLaren,0,0,"",""
ball,2,34.2,Pakistan,Misbah-ul-Haq,Umar Amin,R McLaren,0,0,"",""
ball,2,34.3,Pakistan,Misbah-ul-Haq,Umar Amin,R McLaren,0,0,"",""
ball,2,34.4,Pakistan,Misbah-ul-Haq,Umar Amin,R McLaren,1,0,"",""
ball,2,34.5,Pakistan,Umar Amin,Misbah-ul-Haq,R McLaren,1,0,"",""
ball,2,34.6,Pakistan,Misbah-ul-Haq,Umar Amin,R McLaren,0,0,"",""
ball,2,35.1,Pakistan,Umar Amin,Misbah-ul-Haq,CH Morris,0,0,"",""
ball,2,35.2,Pakistan,Umar Amin,Misbah-ul-Haq,CH Morris,0,4,"",""
ball,2,35.3,Pakistan,Umar Amin,Misbah-ul-Haq,CH Morris,0,0,"",""
ball,2,35.4,Pakistan,Umar Amin,Misbah-ul-Haq,CH Morris,1,0,"",""
ball,2,35.5,Pakistan,Misbah-ul-Haq,Umar Amin,CH Morris,0,0,"",""
ball,2,35.6,Pakistan,Misbah-ul-Haq,Umar Amin,CH Morris,4,0,"",""
ball,2,36.1,Pakistan,Umar Amin,Misbah-ul-Haq,R McLaren,1,0,"",""
ball,2,36.2,Pakistan,Misbah-ul-Haq,Umar Amin,R McLaren,0,0,"",""
ball,2,36.3,Pakistan,Misbah-ul-Haq,Umar Amin,R McLaren,0,0,"",""
ball,2,36.4,Pakistan,Misbah-ul-Haq,Umar Amin,R McLaren,2,0,"",""
ball,2,36.5,Pakistan,Misbah-ul-Haq,Umar Amin,R McLaren,1,0,"",""
ball,2,36.6,Pakistan,Umar Amin,Misbah-ul-Haq,R McLaren,0,0,"",""
ball,2,37.1,Pakistan,Misbah-ul-Haq,Umar Amin,CH Morris,0,0,"",""
ball,2,37.2,Pakistan,Misbah-ul-Haq,Umar Amin,CH Morris,1,0,"",""
ball,2,37.3,Pakistan,Umar Amin,Misbah-ul-Haq,CH Morris,4,0,"",""
ball,2,37.4,Pakistan,Umar Amin,Misbah-ul-Haq,CH Morris,0,0,"",""
ball,2,37.5,Pakistan,Umar Amin,Misbah-ul-Haq,CH Morris,1,0,"",""
ball,2,37.6,Pakistan,Misbah-ul-Haq,Umar Amin,CH Morris,1,0,"",""
ball,2,38.1,Pakistan,Misbah-ul-Haq,Umar Amin,R McLaren,1,0,"",""
ball,2,38.2,Pakistan,Umar Amin,Misbah-ul-Haq,R McLaren,0,0,caught,Umar Amin
ball,2,38.3,Pakistan,Misbah-ul-Haq,Kamran Akmal,R McLaren,4,0,"",""
ball,2,38.4,Pakistan,Misbah-ul-Haq,Kamran Akmal,R McLaren,1,0,"",""
ball,2,38.5,Pakistan,Kamran Akmal,Misbah-ul-Haq,R McLaren,0,0,"",""
ball,2,38.6,Pakistan,Kamran Akmal,Misbah-ul-Haq,R McLaren,0,0,caught,Kamran Akmal
ball,2,39.1,Pakistan,Misbah-ul-Haq,Wahab Riaz,RJ Peterson,6,0,"",""
ball,2,39.2,Pakistan,Misbah-ul-Haq,Wahab Riaz,RJ Peterson,0,0,"",""
ball,2,39.3,Pakistan,Misbah-ul-Haq,Wahab Riaz,RJ Peterson,1,0,"",""
ball,2,39.4,Pakistan,Wahab Riaz,Misbah-ul-Haq,RJ Peterson,0,0,"",""
ball,2,39.5,Pakistan,Wahab Riaz,Misbah-ul-Haq,RJ Peterson,0,0,"",""
ball,2,39.6,Pakistan,Wahab Riaz,Misbah-ul-Haq,RJ Peterson,0,0,"",""
ball,2,40.1,Pakistan,Misbah-ul-Haq,Wahab Riaz,AM Phangiso,1,0,"",""
ball,2,40.2,Pakistan,Wahab Riaz,Misbah-ul-Haq,AM Phangiso,0,0,"",""
ball,2,40.3,Pakistan,Wahab Riaz,Misbah-ul-Haq,AM Phangiso,2,0,"",""
ball,2,40.4,Pakistan,Wahab Riaz,Misbah-ul-Haq,AM Phangiso,0,1,"",""
ball,2,40.5,Pakistan,Misbah-ul-Haq,Wahab Riaz,AM Phangiso,0,0,"",""
ball,2,40.6,Pakistan,Misbah-ul-Haq,Wahab Riaz,AM Phangiso,2,0,"",""
ball,2,41.1,Pakistan,Wahab Riaz,Misbah-ul-Haq,LL Tsotsobe,0,0,"",""
ball,2,41.2,Pakistan,Wahab Riaz,Misbah-ul-Haq,LL Tsotsobe,1,0,"",""
ball,2,41.3,Pakistan,Misbah-ul-Haq,Wahab Riaz,LL Tsotsobe,0,0,caught,Misbah-ul-Haq
ball,2,41.4,Pakistan,Saeed Ajmal,Wahab Riaz,LL Tsotsobe,0,0,"",""
ball,2,41.5,Pakistan,Saeed Ajmal,Wahab Riaz,LL Tsotsobe,0,0,"",""
ball,2,41.6,Pakistan,Saeed Ajmal,Wahab Riaz,LL Tsotsobe,4,0,"",""
ball,2,42.1,Pakistan,Wahab Riaz,Saeed Ajmal,AM Phangiso,4,0,"",""
ball,2,42.2,Pakistan,Wahab Riaz,Saeed Ajmal,AM Phangiso,4,0,"",""
ball,2,42.3,Pakistan,Wahab Riaz,Saeed Ajmal,AM Phangiso,2,0,"",""
ball,2,42.4,Pakistan,Wahab Riaz,Saeed Ajmal,AM Phangiso,0,0,bowled,Wahab Riaz
ball,2,42.5,Pakistan,Junaid Khan,Saeed Ajmal,AM Phangiso,0,0,"",""
ball,2,42.6,Pakistan,Junaid Khan,Saeed Ajmal,AM Phangiso,1,0,"",""
ball,2,43.1,Pakistan,Junaid Khan,Saeed Ajmal,LL Tsotsobe,2,0,"",""
ball,2,43.2,Pakistan,Junaid Khan,Saeed Ajmal,LL Tsotsobe,0,0,"",""
ball,2,43.3,Pakistan,Junaid Khan,Saeed Ajmal,LL Tsotsobe,1,0,"",""
ball,2,43.4,Pakistan,Saeed Ajmal,Junaid Khan,LL Tsotsobe,1,0,"",""
ball,2,43.5,Pakistan,Junaid Khan,Saeed Ajmal,LL Tsotsobe,0,0,"",""
ball,2,43.6,Pakistan,Junaid Khan,Saeed Ajmal,LL Tsotsobe,0,0,"",""
ball,2,44.1,Pakistan,Saeed Ajmal,Junaid Khan,R McLaren,0,0,caught,Saeed Ajmal
ball,2,44.2,Pakistan,Junaid Khan,Mohammad Irfan,R McLaren,0,0,"",""
ball,2,44.3,Pakistan,Junaid Khan,Mohammad Irfan,R McLaren,0,0,"",""
ball,2,44.4,Pakistan,Junaid Khan,Mohammad Irfan,R McLaren,0,0,"",""
ball,2,44.5,Pakistan,Junaid Khan,Mohammad Irfan,R McLaren,0,0,"",""
ball,2,44.6,Pakistan,Junaid Khan,Mohammad Irfan,R McLaren,0,0,bowled,Junaid Khan
