version,1.3.0
info,team,India
info,team,Pakistan
info,gender,male
info,season,2013
info,date,2013/06/15
info,competition,ICC Champions Trophy
info,match_number,10
info,venue,Edgbaston
info,city,Birmingham
info,neutralvenue,true
info,toss_winner,India
info,toss_decision,field
info,player_of_match,B Kumar
info,umpire,IJ Gould
info,umpire,RA Kettleborough
info,reserve_umpire,NJ Llong
info,tv_umpire,HDPK Dharmasena
info,match_referee,BC Broad
info,winner,India
info,winner_wickets,8
info,method,D/L
ball,1,0.1,Pakistan,Nasir Jamshed,Kamran Akmal,B Kumar,0,1,"",""
ball,1,0.2,Pakistan,Kamran Akmal,Nasir Jamshed,B Kumar,0,0,"",""
ball,1,0.3,Pakistan,Kamran Akmal,Nasir Jamshed,B Kumar,0,0,"",""
ball,1,0.4,Pakistan,Kamran Akmal,Nasir Jamshed,B Kumar,1,0,"",""
ball,1,0.5,Pakistan,Nasir Jamshed,Kamran Akmal,B Kumar,0,0,"",""
ball,1,0.6,Pakistan,Nasir Jamshed,Kamran Akmal,B Kumar,1,0,"",""
ball,1,1.1,Pakistan,Nasir Jamshed,Kamran Akmal,UT Yadav,0,0,"",""
ball,1,1.2,Pakistan,Nasir Jamshed,Kamran Akmal,UT Yadav,0,0,"",""
ball,1,1.3,Pakistan,Nasir Jamshed,Kamran Akmal,UT Yadav,1,0,"",""
ball,1,1.4,Pakistan,Kamran Akmal,Nasir Jamshed,UT Yadav,0,0,"",""
ball,1,1.5,Pakistan,Kamran Akmal,Nasir Jamshed,UT Yadav,0,0,"",""
ball,1,1.6,Pakistan,Kamran Akmal,Nasir Jamshed,UT Yadav,0,0,"",""
ball,1,2.1,Pakistan,Nasir Jamshed,Kamran Akmal,B Kumar,0,0,"",""
ball,1,2.2,Pakistan,Nasir Jamshed,Kamran Akmal,B Kumar,0,0,"",""
ball,1,2.3,Pakistan,Nasir Jamshed,Kamran Akmal,B Kumar,0,0,caught,Nasir Jamshed
ball,1,2.4,Pakistan,Mohammad Hafeez,Kamran Akmal,B Kumar,0,0,"",""
ball,1,2.5,Pakistan,Mohammad Hafeez,Kamran Akmal,B Kumar,0,0,"",""
ball,1,2.6,Pakistan,Mohammad Hafeez,Kamran Akmal,B Kumar,0,0,"",""
ball,1,3.1,Pakistan,Kamran Akmal,Mohammad Hafeez,UT Yadav,1,0,"",""
ball,1,3.2,Pakistan,Mohammad Hafeez,Kamran Akmal,UT Yadav,1,0,"",""
ball,1,3.3,Pakistan,Kamran Akmal,Mohammad Hafeez,UT Yadav,1,0,"",""
ball,1,3.4,Pakistan,Mohammad Hafeez,Kamran Akmal,UT Yadav,0,0,"",""
ball,1,3.5,Pakistan,Mohammad Hafeez,Kamran Akmal,UT Yadav,0,0,"",""
ball,1,3.6,Pakistan,Mohammad Hafeez,Kamran Akmal,UT Yadav,0,0,"",""
ball,1,4.1,Pakistan,Kamran Akmal,Mohammad Hafeez,B Kumar,0,0,"",""
ball,1,4.2,Pakistan,Kamran Akmal,Mohammad Hafeez,B Kumar,0,0,"",""
ball,1,4.3,Pakistan,Kamran Akmal,Mohammad Hafeez,B Kumar,0,0,"",""
ball,1,4.4,Pakistan,Kamran Akmal,Mohammad Hafeez,B Kumar,0,0,"",""
ball,1,4.5,Pakistan,Kamran Akmal,Mohammad Hafeez,B Kumar,0,0,"",""
ball,1,4.6,Pakistan,Kamran Akmal,Mohammad Hafeez,B Kumar,0,0,"",""
ball,1,5.1,Pakistan,Mohammad Hafeez,Kamran Akmal,UT Yadav,0,0,"",""
ball,1,5.2,Pakistan,Mohammad Hafeez,Kamran Akmal,UT Yadav,1,0,"",""
ball,1,5.3,Pakistan,Kamran Akmal,Mohammad Hafeez,UT Yadav,0,0,"",""
ball,1,5.4,Pakistan,Kamran Akmal,Mohammad Hafeez,UT Yadav,1,0,"",""
ball,1,5.5,Pakistan,Mohammad Hafeez,Kamran Akmal,UT Yadav,4,0,"",""
ball,1,5.6,Pakistan,Mohammad Hafeez,Kamran Akmal,UT Yadav,4,0,"",""
ball,1,6.1,Pakistan,Kamran Akmal,Mohammad Hafeez,B Kumar,4,0,"",""
ball,1,6.2,Pakistan,Kamran Akmal,Mohammad Hafeez,B Kumar,1,0,"",""
ball,1,6.3,Pakistan,Mohammad Hafeez,Kamran Akmal,B Kumar,4,0,"",""
ball,1,6.4,Pakistan,Mohammad Hafeez,Kamran Akmal,B Kumar,0,0,"",""
ball,1,6.5,Pakistan,Mohammad Hafeez,Kamran Akmal,B Kumar,0,0,"",""
ball,1,6.6,Pakistan,Mohammad Hafeez,Kamran Akmal,B Kumar,0,0,"",""
ball,1,7.1,Pakistan,Kamran Akmal,Mohammad Hafeez,I Sharma,0,0,"",""
ball,1,7.2,Pakistan,Kamran Akmal,Mohammad Hafeez,I Sharma,0,0,"",""
ball,1,7.3,Pakistan,Kamran Akmal,Mohammad Hafeez,I Sharma,4,0,"",""
ball,1,7.4,Pakistan,Kamran Akmal,Mohammad Hafeez,I Sharma,0,0,"",""
ball,1,7.5,Pakistan,Kamran Akmal,Mohammad Hafeez,I Sharma,1,0,"",""
ball,1,7.6,Pakistan,Mohammad Hafeez,Kamran Akmal,I Sharma,4,0,"",""
ball,1,8.1,Pakistan,Kamran Akmal,Mohammad Hafeez,B Kumar,0,0,"",""
ball,1,8.2,Pakistan,Kamran Akmal,Mohammad Hafeez,B Kumar,0,0,"",""
ball,1,8.3,Pakistan,Kamran Akmal,Mohammad Hafeez,B Kumar,1,0,"",""
ball,1,8.4,Pakistan,Mohammad Hafeez,Kamran Akmal,B Kumar,0,0,"",""
ball,1,8.5,Pakistan,Mohammad Hafeez,Kamran Akmal,B Kumar,0,0,"",""
ball,1,8.6,Pakistan,Mohammad Hafeez,Kamran Akmal,B Kumar,0,0,"",""
ball,1,9.1,Pakistan,Kamran Akmal,Mohammad Hafeez,I Sharma,0,0,"",""
ball,1,9.2,Pakistan,Kamran Akmal,Mohammad Hafeez,I Sharma,0,0,"",""
ball,1,9.3,Pakistan,Kamran Akmal,Mohammad Hafeez,I Sharma,1,0,"",""
ball,1,9.4,Pakistan,Mohammad Hafeez,Kamran Akmal,I Sharma,4,0,"",""
ball,1,9.5,Pakistan,Mohammad Hafeez,Kamran Akmal,I Sharma,2,0,"",""
ball,1,9.6,Pakistan,Mohammad Hafeez,Kamran Akmal,I Sharma,0,0,"",""
ball,1,10.1,Pakistan,Kamran Akmal,Mohammad Hafeez,B Kumar,1,0,"",""
ball,1,10.2,Pakistan,Mohammad Hafeez,Kamran Akmal,B Kumar,0,0,"",""
ball,1,10.3,Pakistan,Mohammad Hafeez,Kamran Akmal,B Kumar,0,0,"",""
ball,1,10.4,Pakistan,Mohammad Hafeez,Kamran Akmal,B Kumar,1,0,"",""
ball,1,10.5,Pakistan,Kamran Akmal,Mohammad Hafeez,B Kumar,2,0,"",""
ball,1,10.6,Pakistan,Kamran Akmal,Mohammad Hafeez,B Kumar,0,0,"",""
ball,1,11.1,Pakistan,Mohammad Hafeez,Kamran Akmal,I Sharma,0,0,"",""
ball,1,11.2,Pakistan,Mohammad Hafeez,Kamran Akmal,I Sharma,0,0,"",""
ball,1,11.3,Pakistan,Mohammad Hafeez,Kamran Akmal,I Sharma,1,0,"",""
ball,1,11.4,Pakistan,Kamran Akmal,Mohammad Hafeez,I Sharma,1,0,"",""
ball,1,11.5,Pakistan,Mohammad Hafeez,Kamran Akmal,I Sharma,0,0,"",""
ball,1,11.6,Pakistan,Mohammad Hafeez,Kamran Akmal,I Sharma,1,0,"",""
ball,1,12.1,Pakistan,Mohammad Hafeez,Kamran Akmal,B Kumar,0,0,caught,Mohammad Hafeez
ball,1,12.2,Pakistan,Asad Shafiq,Kamran Akmal,B Kumar,0,0,"",""
ball,1,12.3,Pakistan,Asad Shafiq,Kamran Akmal,B Kumar,0,0,"",""
ball,1,12.4,Pakistan,Asad Shafiq,Kamran Akmal,B Kumar,0,0,"",""
ball,1,12.5,Pakistan,Asad Shafiq,Kamran Akmal,B Kumar,0,0,"",""
ball,1,12.6,Pakistan,Asad Shafiq,Kamran Akmal,B Kumar,1,0,"",""
ball,1,13.1,Pakistan,Asad Shafiq,Kamran Akmal,R Ashwin,1,0,"",""
ball,1,13.2,Pakistan,Kamran Akmal,Asad Shafiq,R Ashwin,0,0,"",""
ball,1,13.3,Pakistan,Kamran Akmal,Asad Shafiq,R Ashwin,0,0,"",""
ball,1,13.4,Pakistan,Kamran Akmal,Asad Shafiq,R Ashwin,0,0,"",""
ball,1,13.5,Pakistan,Kamran Akmal,Asad Shafiq,R Ashwin,1,0,"",""
ball,1,13.6,Pakistan,Asad Shafiq,Kamran Akmal,R Ashwin,1,0,"",""
ball,1,14.1,Pakistan,Asad Shafiq,Kamran Akmal,B Kumar,0,0,"",""
ball,1,14.2,Pakistan,Asad Shafiq,Kamran Akmal,B Kumar,0,0,"",""
ball,1,14.3,Pakistan,Asad Shafiq,Kamran Akmal,B Kumar,0,0,"",""
ball,1,14.4,Pakistan,Asad Shafiq,Kamran Akmal,B Kumar,2,0,"",""
ball,1,14.5,Pakistan,Asad Shafiq,Kamran Akmal,B Kumar,0,0,"",""
ball,1,14.6,Pakistan,Asad Shafiq,Kamran Akmal,B Kumar,0,0,"",""
ball,1,15.1,Pakistan,Kamran Akmal,Asad Shafiq,R Ashwin,0,0,caught,Kamran Akmal
ball,1,15.2,Pakistan,Misbah-ul-Haq,Asad Shafiq,R Ashwin,0,0,"",""
ball,1,15.3,Pakistan,Misbah-ul-Haq,Asad Shafiq,R Ashwin,1,0,"",""
ball,1,15.4,Pakistan,Asad Shafiq,Misbah-ul-Haq,R Ashwin,1,0,"",""
ball,1,15.5,Pakistan,Misbah-ul-Haq,Asad Shafiq,R Ashwin,1,0,"",""
ball,1,15.6,Pakistan,Asad Shafiq,Misbah-ul-Haq,R Ashwin,2,0,"",""
ball,1,16.1,Pakistan,Misbah-ul-Haq,Asad Shafiq,UT Yadav,1,0,"",""
ball,1,16.2,Pakistan,Asad Shafiq,Misbah-ul-Haq,UT Yadav,1,0,"",""
ball,1,16.3,Pakistan,Misbah-ul-Haq,Asad Shafiq,UT Yadav,0,0,"",""
ball,1,16.4,Pakistan,Misbah-ul-Haq,Asad Shafiq,UT Yadav,0,0,"",""
ball,1,16.5,Pakistan,Misbah-ul-Haq,Asad Shafiq,UT Yadav,1,0,"",""
ball,1,16.6,Pakistan,Asad Shafiq,Misbah-ul-Haq,UT Yadav,0,0,"",""
ball,1,17.1,Pakistan,Misbah-ul-Haq,Asad Shafiq,R Ashwin,0,0,"",""
ball,1,17.2,Pakistan,Misbah-ul-Haq,Asad Shafiq,R Ashwin,0,0,"",""
ball,1,17.3,Pakistan,Misbah-ul-Haq,Asad Shafiq,R Ashwin,0,0,"",""
ball,1,17.4,Pakistan,Misbah-ul-Haq,Asad Shafiq,R Ashwin,1,0,"",""
ball,1,17.5,Pakistan,Asad Shafiq,Misbah-ul-Haq,R Ashwin,0,0,"",""
ball,1,17.6,Pakistan,Asad Shafiq,Misbah-ul-Haq,R Ashwin,1,0,"",""
ball,1,18.1,Pakistan,Asad Shafiq,Misbah-ul-Haq,UT Yadav,0,0,"",""
ball,1,18.2,Pakistan,Asad Shafiq,Misbah-ul-Haq,UT Yadav,0,0,"",""
ball,1,18.3,Pakistan,Asad Shafiq,Misbah-ul-Haq,UT Yadav,4,0,"",""
ball,1,18.4,Pakistan,Asad Shafiq,Misbah-ul-Haq,UT Yadav,0,0,"",""
ball,1,18.5,Pakistan,Asad Shafiq,Misbah-ul-Haq,UT Yadav,0,0,"",""
ball,1,18.6,Pakistan,Asad Shafiq,Misbah-ul-Haq,UT Yadav,0,0,"",""
ball,1,19.1,Pakistan,Misbah-ul-Haq,Asad Shafiq,R Ashwin,1,0,"",""
ball,1,19.2,Pakistan,Asad Shafiq,Misbah-ul-Haq,R Ashwin,1,0,"",""
ball,1,19.3,Pakistan,Misbah-ul-Haq,Asad Shafiq,R Ashwin,4,0,"",""
ball,1,19.4,Pakistan,Misbah-ul-Haq,Asad Shafiq,R Ashwin,0,0,"",""
ball,1,19.5,Pakistan,Misbah-ul-Haq,Asad Shafiq,R Ashwin,1,0,"",""
ball,1,19.6,Pakistan,Asad Shafiq,Misbah-ul-Haq,R Ashwin,0,0,"",""
ball,1,20.1,Pakistan,Misbah-ul-Haq,Asad Shafiq,V Kohli,1,0,"",""
ball,1,20.2,Pakistan,Asad Shafiq,Misbah-ul-Haq,V Kohli,0,0,"",""
ball,1,20.3,Pakistan,Asad Shafiq,Misbah-ul-Haq,V Kohli,0,0,"",""
ball,1,20.4,Pakistan,Asad Shafiq,Misbah-ul-Haq,V Kohli,2,0,"",""
ball,1,20.5,Pakistan,Asad Shafiq,Misbah-ul-Haq,V Kohli,1,0,"",""
ball,1,20.6,Pakistan,Misbah-ul-Haq,Asad Shafiq,V Kohli,0,0,"",""
ball,1,21.1,Pakistan,Asad Shafiq,Misbah-ul-Haq,R Ashwin,1,0,"",""
ball,1,21.2,Pakistan,Misbah-ul-Haq,Asad Shafiq,R Ashwin,1,0,"",""
ball,1,21.3,Pakistan,Asad Shafiq,Misbah-ul-Haq,R Ashwin,1,0,"",""
ball,1,21.4,Pakistan,Misbah-ul-Haq,Asad Shafiq,R Ashwin,1,0,"",""
ball,1,21.5,Pakistan,Asad Shafiq,Misbah-ul-Haq,R Ashwin,1,0,"",""
ball,1,21.6,Pakistan,Misbah-ul-Haq,Asad Shafiq,R Ashwin,2,0,"",""
ball,1,22.1,Pakistan,Asad Shafiq,Misbah-ul-Haq,RA Jadeja,1,0,"",""
ball,1,22.2,Pakistan,Misbah-ul-Haq,Asad Shafiq,RA Jadeja,0,0,"",""
ball,1,22.3,Pakistan,Misbah-ul-Haq,Asad Shafiq,RA Jadeja,0,0,"",""
ball,1,22.4,Pakistan,Misbah-ul-Haq,Asad Shafiq,RA Jadeja,1,0,"",""
ball,1,22.5,Pakistan,Asad Shafiq,Misbah-ul-Haq,RA Jadeja,1,0,"",""
ball,1,22.6,Pakistan,Misbah-ul-Haq,Asad Shafiq,RA Jadeja,0,0,"",""
ball,1,23.1,Pakistan,Asad Shafiq,Misbah-ul-Haq,R Ashwin,1,0,"",""
ball,1,23.2,Pakistan,Misbah-ul-Haq,Asad Shafiq,R Ashwin,0,1,"",""
ball,1,23.3,Pakistan,Misbah-ul-Haq,Asad Shafiq,R Ashwin,0,0,"",""
ball,1,23.4,Pakistan,Misbah-ul-Haq,Asad Shafiq,R Ashwin,1,0,"",""
ball,1,23.5,Pakistan,Asad Shafiq,Misbah-ul-Haq,R Ashwin,1,0,"",""
ball,1,23.6,Pakistan,Misbah-ul-Haq,Asad Shafiq,R Ashwin,1,0,"",""
ball,1,23.7,Pakistan,Asad Shafiq,Misbah-ul-Haq,R Ashwin,0,0,"",""
ball,1,24.1,Pakistan,Misbah-ul-Haq,Asad Shafiq,RA Jadeja,0,0,"",""
ball,1,24.2,Pakistan,Misbah-ul-Haq,Asad Shafiq,RA Jadeja,0,0,"",""
ball,1,24.3,Pakistan,Misbah-ul-Haq,Asad Shafiq,RA Jadeja,1,0,"",""
ball,1,24.4,Pakistan,Asad Shafiq,Misbah-ul-Haq,RA Jadeja,0,0,"",""
ball,1,24.5,Pakistan,Asad Shafiq,Misbah-ul-Haq,RA Jadeja,0,0,"",""
ball,1,24.6,Pakistan,Asad Shafiq,Misbah-ul-Haq,RA Jadeja,0,0,"",""
ball,1,25.1,Pakistan,Misbah-ul-Haq,Asad Shafiq,R Ashwin,1,0,"",""
ball,1,25.2,Pakistan,Asad Shafiq,Misbah-ul-Haq,R Ashwin,1,0,"",""
ball,1,25.3,Pakistan,Misbah-ul-Haq,Asad Shafiq,R Ashwin,1,0,"",""
ball,1,25.4,Pakistan,Asad Shafiq,Misbah-ul-Haq,R Ashwin,0,0,"",""
ball,1,25.5,Pakistan,Asad Shafiq,Misbah-ul-Haq,R Ashwin,0,0,"",""
ball,1,25.6,Pakistan,Asad Shafiq,Misbah-ul-Haq,R Ashwin,1,0,"",""
ball,1,26.1,Pakistan,Asad Shafiq,Misbah-ul-Haq,RA Jadeja,4,0,"",""
ball,1,26.2,Pakistan,Asad Shafiq,Misbah-ul-Haq,RA Jadeja,4,0,"",""
ball,1,26.3,Pakistan,Asad Shafiq,Misbah-ul-Haq,RA Jadeja,1,0,"",""
ball,1,26.4,Pakistan,Misbah-ul-Haq,Asad Shafiq,RA Jadeja,0,0,bowled,Misbah-ul-Haq
ball,1,26.5,Pakistan,Shoaib Malik,Asad Shafiq,RA Jadeja,1,0,"",""
ball,1,26.6,Pakistan,Asad Shafiq,Shoaib Malik,RA Jadeja,0,0,"",""
ball,1,27.1,Pakistan,Shoaib Malik,Asad Shafiq,V Kohli,1,0,"",""
ball,1,27.2,Pakistan,Asad Shafiq,Shoaib Malik,V Kohli,1,0,"",""
ball,1,27.3,Pakistan,Shoaib Malik,Asad Shafiq,V Kohli,0,0,"",""
ball,1,27.4,Pakistan,Shoaib Malik,Asad Shafiq,V Kohli,0,0,"",""
ball,1,27.5,Pakistan,Shoaib Malik,Asad Shafiq,V Kohli,4,0,"",""
ball,1,27.6,Pakistan,Shoaib Malik,Asad Shafiq,V Kohli,1,0,"",""
ball,1,28.1,Pakistan,Shoaib Malik,Asad Shafiq,RA Jadeja,0,0,"",""
ball,1,28.2,Pakistan,Shoaib Malik,Asad Shafiq,RA Jadeja,0,0,"",""
ball,1,28.3,Pakistan,Shoaib Malik,Asad Shafiq,RA Jadeja,0,0,"",""
ball,1,28.4,Pakistan,Shoaib Malik,Asad Shafiq,RA Jadeja,0,0,"",""
ball,1,28.5,Pakistan,Shoaib Malik,Asad Shafiq,RA Jadeja,1,0,"",""
ball,1,28.6,Pakistan,Asad Shafiq,Shoaib Malik,RA Jadeja,0,0,"",""
ball,1,29.1,Pakistan,Shoaib Malik,Asad Shafiq,I Sharma,1,0,"",""
ball,1,29.2,Pakistan,Asad Shafiq,Shoaib Malik,I Sharma,1,0,"",""
ball,1,29.3,Pakistan,Shoaib Malik,Asad Shafiq,I Sharma,4,0,"",""
ball,1,29.4,Pakistan,Shoaib Malik,Asad Shafiq,I Sharma,0,0,"",""
ball,1,29.5,Pakistan,Shoaib Malik,Asad Shafiq,I Sharma,0,1,"",""
ball,1,29.6,Pakistan,Shoaib Malik,Asad Shafiq,I Sharma,0,0,"",""
ball,1,29.7,Pakistan,Shoaib Malik,Asad Shafiq,I Sharma,0,0,"",""
ball,1,30.1,Pakistan,Asad Shafiq,Shoaib Malik,RA Jadeja,1,0,"",""
ball,1,30.2,Pakistan,Shoaib Malik,Asad Shafiq,RA Jadeja,0,0,"",""
ball,1,30.3,Pakistan,Shoaib Malik,Asad Shafiq,RA Jadeja,1,0,"",""
ball,1,30.4,Pakistan,Asad Shafiq,Shoaib Malik,RA Jadeja,1,0,"",""
ball,1,30.5,Pakistan,Shoaib Malik,Asad Shafiq,RA Jadeja,1,0,"",""
ball,1,30.6,Pakistan,Asad Shafiq,Shoaib Malik,RA Jadeja,1,0,"",""
ball,1,31.1,Pakistan,Asad Shafiq,Shoaib Malik,I Sharma,0,0,caught,Asad Shafiq
ball,1,31.2,Pakistan,Umar Amin,Shoaib Malik,I Sharma,1,0,"",""
ball,1,31.3,Pakistan,Shoaib Malik,Umar Amin,I Sharma,1,0,"",""
ball,1,31.4,Pakistan,Umar Amin,Shoaib Malik,I Sharma,2,0,"",""
ball,1,31.5,Pakistan,Umar Amin,Shoaib Malik,I Sharma,0,0,"",""
ball,1,31.6,Pakistan,Umar Amin,Shoaib Malik,I Sharma,1,0,"",""
ball,1,32.1,Pakistan,Umar Amin,Shoaib Malik,RA Jadeja,0,0,"",""
ball,1,32.2,Pakistan,Umar Amin,Shoaib Malik,RA Jadeja,1,0,"",""
ball,1,32.3,Pakistan,Shoaib Malik,Umar Amin,RA Jadeja,1,0,"",""
ball,1,32.4,Pakistan,Umar Amin,Shoaib Malik,RA Jadeja,1,0,"",""
ball,1,32.5,Pakistan,Shoaib Malik,Umar Amin,RA Jadeja,0,0,"",""
ball,1,32.6,Pakistan,Shoaib Malik,Umar Amin,RA Jadeja,0,0,lbw,Shoaib Malik
ball,1,33.1,Pakistan,Umar Amin,Wahab Riaz,R Ashwin,1,0,"",""
ball,1,33.2,Pakistan,Wahab Riaz,Umar Amin,R Ashwin,0,0,"",""
ball,1,33.3,Pakistan,Wahab Riaz,Umar Amin,R Ashwin,0,0,bowled,Wahab Riaz
ball,1,33.4,Pakistan,Saeed Ajmal,Umar Amin,R Ashwin,0,0,"",""
ball,1,33.5,Pakistan,Saeed Ajmal,Umar Amin,R Ashwin,1,0,"",""
ball,1,33.6,Pakistan,Umar Amin,Saeed Ajmal,R Ashwin,0,0,"",""
ball,1,34.1,Pakistan,Saeed Ajmal,Umar Amin,RA Jadeja,0,0,"",""
ball,1,34.2,Pakistan,Saeed Ajmal,Umar Amin,RA Jadeja,0,0,"",""
ball,1,34.3,Pakistan,Saeed Ajmal,Umar Amin,RA Jadeja,0,0,"",""
ball,1,34.4,Pakistan,Saeed Ajmal,Umar Amin,RA Jadeja,0,0,"",""
ball,1,34.5,Pakistan,Saeed Ajmal,Umar Amin,RA Jadeja,0,0,"",""
ball,1,34.6,Pakistan,Saeed Ajmal,Umar Amin,RA Jadeja,0,0,"",""
ball,1,35.1,Pakistan,Umar Amin,Saeed Ajmal,I Sharma,4,0,"",""
ball,1,35.2,Pakistan,Umar Amin,Saeed Ajmal,I Sharma,0,0,"",""
ball,1,35.3,Pakistan,Umar Amin,Saeed Ajmal,I Sharma,0,0,"",""
ball,1,35.4,Pakistan,Umar Amin,Saeed Ajmal,I Sharma,2,0,"",""
ball,1,35.5,Pakistan,Umar Amin,Saeed Ajmal,I Sharma,0,0,"",""
ball,1,35.6,Pakistan,Umar Amin,Saeed Ajmal,I Sharma,2,0,"",""
ball,1,36.1,Pakistan,Saeed Ajmal,Umar Amin,RA Jadeja,1,0,"",""
ball,1,36.2,Pakistan,Umar Amin,Saeed Ajmal,RA Jadeja,4,0,"",""
ball,1,36.3,Pakistan,Umar Amin,Saeed Ajmal,RA Jadeja,0,0,"",""
ball,1,36.4,Pakistan,Umar Amin,Saeed Ajmal,RA Jadeja,1,0,"",""
ball,1,36.5,Pakistan,Saeed Ajmal,Umar Amin,RA Jadeja,0,0,"",""
ball,1,36.6,Pakistan,Saeed Ajmal,Umar Amin,RA Jadeja,1,0,"",""
ball,1,37.1,Pakistan,Saeed Ajmal,Umar Amin,UT Yadav,0,0,"",""
ball,1,37.2,Pakistan,Saeed Ajmal,Umar Amin,UT Yadav,1,0,"",""
ball,1,37.3,Pakistan,Umar Amin,Saeed Ajmal,UT Yadav,1,0,"",""
ball,1,37.4,Pakistan,Saeed Ajmal,Umar Amin,UT Yadav,0,0,"",""
ball,1,37.5,Pakistan,Saeed Ajmal,Umar Amin,UT Yadav,1,0,"",""
ball,1,37.6,Pakistan,Umar Amin,Saeed Ajmal,UT Yadav,0,0,"",""
ball,1,38.1,Pakistan,Saeed Ajmal,Umar Amin,I Sharma,0,0,caught,Saeed Ajmal
ball,1,38.2,Pakistan,Junaid Khan,Umar Amin,I Sharma,0,0,run out,Junaid Khan
ball,1,38.3,Pakistan,Umar Amin,Mohammad Irfan,I Sharma,0,0,"",""
ball,1,38.4,Pakistan,Umar Amin,Mohammad Irfan,I Sharma,0,0,"",""
ball,1,38.5,Pakistan,Umar Amin,Mohammad Irfan,I Sharma,1,0,"",""
ball,1,38.6,Pakistan,Mohammad Irfan,Umar Amin,I Sharma,0,0,"",""
ball,1,39.1,Pakistan,Umar Amin,Mohammad Irfan,UT Yadav,4,0,"",""
ball,1,39.2,Pakistan,Umar Amin,Mohammad Irfan,UT Yadav,0,0,"",""
ball,1,39.3,Pakistan,Umar Amin,Mohammad Irfan,UT Yadav,1,0,"",""
ball,1,39.4,Pakistan,Mohammad Irfan,Umar Amin,UT Yadav,0,0,run out,Mohammad Irfan
ball,2,0.1,India,RG Sharma,S Dhawan,Mohammad Irfan,1,0,"",""
ball,2,0.2,India,S Dhawan,RG Sharma,Mohammad Irfan,0,1,"",""
ball,2,0.3,India,S Dhawan,RG Sharma,Mohammad Irfan,0,0,"",""
ball,2,0.4,India,S Dhawan,RG Sharma,Mohammad Irfan,1,0,"",""
ball,2,0.5,India,RG Sharma,S Dhawan,Mohammad Irfan,0,0,"",""
ball,2,0.6,India,RG Sharma,S Dhawan,Mohammad Irfan,1,0,"",""
ball,2,0.7,India,S Dhawan,RG Sharma,Mohammad Irfan,0,0,"",""
ball,2,1.1,India,RG Sharma,S Dhawan,Junaid Khan,0,0,"",""
ball,2,1.2,India,RG Sharma,S Dhawan,Junaid Khan,0,0,"",""
ball,2,1.3,India,RG Sharma,S Dhawan,Junaid Khan,0,0,"",""
ball,2,1.4,India,RG Sharma,S Dhawan,Junaid Khan,0,0,"",""
ball,2,1.5,India,RG Sharma,S Dhawan,Junaid Khan,0,0,"",""
ball,2,1.6,India,RG Sharma,S Dhawan,Junaid Khan,1,0,"",""
ball,2,2.1,India,RG Sharma,S Dhawan,Mohammad Irfan,0,0,"",""
ball,2,2.2,India,RG Sharma,S Dhawan,Mohammad Irfan,0,0,"",""
ball,2,2.3,India,RG Sharma,S Dhawan,Mohammad Irfan,0,0,"",""
ball,2,2.4,India,RG Sharma,S Dhawan,Mohammad Irfan,0,0,"",""
ball,2,2.5,India,RG Sharma,S Dhawan,Mohammad Irfan,1,0,"",""
ball,2,2.6,India,S Dhawan,RG Sharma,Mohammad Irfan,1,0,"",""
ball,2,3.1,India,S Dhawan,RG Sharma,Junaid Khan,0,0,"",""
ball,2,3.2,India,S Dhawan,RG Sharma,Junaid Khan,4,0,"",""
ball,2,3.3,India,S Dhawan,RG Sharma,Junaid Khan,1,0,"",""
ball,2,3.4,India,RG Sharma,S Dhawan,Junaid Khan,1,0,"",""
ball,2,3.5,India,S Dhawan,RG Sharma,Junaid Khan,0,0,"",""
ball,2,3.6,India,S Dhawan,RG Sharma,Junaid Khan,0,0,"",""
ball,2,4.1,India,RG Sharma,S Dhawan,Mohammad Irfan,4,0,"",""
ball,2,4.2,India,RG Sharma,S Dhawan,Mohammad Irfan,4,0,"",""
ball,2,4.3,India,RG Sharma,S Dhawan,Mohammad Irfan,0,0,"",""
ball,2,4.4,India,RG Sharma,S Dhawan,Mohammad Irfan,0,0,"",""
ball,2,4.5,India,RG Sharma,S Dhawan,Mohammad Irfan,1,0,"",""
ball,2,4.6,India,S Dhawan,RG Sharma,Mohammad Irfan,0,0,"",""
ball,2,5.1,India,RG Sharma,S Dhawan,Junaid Khan,0,0,"",""
ball,2,5.2,India,RG Sharma,S Dhawan,Junaid Khan,1,0,"",""
ball,2,5.3,India,S Dhawan,RG Sharma,Junaid Khan,0,0,"",""
ball,2,5.4,India,S Dhawan,RG Sharma,Junaid Khan,4,0,"",""
ball,2,5.5,India,S Dhawan,RG Sharma,Junaid Khan,0,0,"",""
ball,2,5.6,India,S Dhawan,RG Sharma,Junaid Khan,1,0,"",""
ball,2,6.1,India,S Dhawan,RG Sharma,Mohammad Irfan,2,0,"",""
ball,2,6.2,India,S Dhawan,RG Sharma,Mohammad Irfan,4,0,"",""
ball,2,6.3,India,S Dhawan,RG Sharma,Mohammad Irfan,1,0,"",""
ball,2,6.4,India,RG Sharma,S Dhawan,Mohammad Irfan,1,0,"",""
ball,2,6.5,India,S Dhawan,RG Sharma,Mohammad Irfan,1,0,"",""
ball,2,6.6,India,RG Sharma,S Dhawan,Mohammad Irfan,0,0,"",""
ball,2,7.1,India,S Dhawan,RG Sharma,Junaid Khan,2,0,"",""
ball,2,7.2,India,S Dhawan,RG Sharma,Junaid Khan,0,1,"",""
ball,2,7.3,India,S Dhawan,RG Sharma,Junaid Khan,0,0,"",""
ball,2,7.4,India,S Dhawan,RG Sharma,Junaid Khan,0,0,"",""
ball,2,7.5,India,S Dhawan,RG Sharma,Junaid Khan,2,0,"",""
ball,2,7.6,India,S Dhawan,RG Sharma,Junaid Khan,3,0,"",""
ball,2,7.7,India,RG Sharma,S Dhawan,Junaid Khan,0,0,"",""
ball,2,8.1,India,S Dhawan,RG Sharma,Saeed Ajmal,2,0,"",""
ball,2,8.2,India,S Dhawan,RG Sharma,Saeed Ajmal,0,0,"",""
ball,2,8.3,India,S Dhawan,RG Sharma,Saeed Ajmal,1,0,"",""
ball,2,8.4,India,RG Sharma,S Dhawan,Saeed Ajmal,1,0,"",""
ball,2,8.5,India,S Dhawan,RG Sharma,Saeed Ajmal,0,0,"",""
ball,2,8.6,India,S Dhawan,RG Sharma,Saeed Ajmal,3,0,"",""
ball,2,9.1,India,S Dhawan,RG Sharma,Mohammad Hafeez,1,0,"",""
ball,2,9.2,India,RG Sharma,S Dhawan,Mohammad Hafeez,0,0,"",""
ball,2,9.3,India,RG Sharma,S Dhawan,Mohammad Hafeez,1,0,"",""
ball,2,9.4,India,S Dhawan,RG Sharma,Mohammad Hafeez,0,0,"",""
ball,2,9.5,India,S Dhawan,RG Sharma,Mohammad Hafeez,3,0,"",""
ball,2,9.6,India,RG Sharma,S Dhawan,Mohammad Hafeez,0,0,"",""
ball,2,10.1,India,S Dhawan,RG Sharma,Saeed Ajmal,1,0,"",""
ball,2,10.2,India,RG Sharma,S Dhawan,Saeed Ajmal,0,0,"",""
ball,2,10.3,India,RG Sharma,S Dhawan,Saeed Ajmal,0,0,"",""
ball,2,10.4,India,RG Sharma,S Dhawan,Saeed Ajmal,0,0,caught,RG Sharma
ball,2,10.5,India,V Kohli,S Dhawan,Saeed Ajmal,0,0,"",""
ball,2,10.6,India,V Kohli,S Dhawan,Saeed Ajmal,4,0,"",""
ball,2,11.1,India,S Dhawan,V Kohli,Mohammad Hafeez,0,0,"",""
ball,2,11.2,India,S Dhawan,V Kohli,Mohammad Hafeez,1,0,"",""
ball,2,11.3,India,V Kohli,S Dhawan,Mohammad Hafeez,0,0,"",""
ball,2,11.4,India,V Kohli,S Dhawan,Mohammad Hafeez,1,0,"",""
ball,2,11.5,India,S Dhawan,V Kohli,Mohammad Hafeez,0,0,"",""
ball,2,11.6,India,S Dhawan,V Kohli,Mohammad Hafeez,0,0,"",""
ball,2,12.1,India,V Kohli,S Dhawan,Wahab Riaz,0,0,"",""
ball,2,12.2,India,V Kohli,S Dhawan,Wahab Riaz,0,0,"",""
ball,2,12.3,India,V Kohli,S Dhawan,Wahab Riaz,2,0,"",""
ball,2,12.4,India,V Kohli,S Dhawan,Wahab Riaz,0,0,"",""
ball,2,12.5,India,V Kohli,S Dhawan,Wahab Riaz,0,0,"",""
ball,2,12.6,India,V Kohli,S Dhawan,Wahab Riaz,1,0,"",""
ball,2,13.1,India,V Kohli,S Dhawan,Saeed Ajmal,0,0,"",""
ball,2,13.2,India,V Kohli,S Dhawan,Saeed Ajmal,0,0,"",""
ball,2,13.3,India,V Kohli,S Dhawan,Saeed Ajmal,1,0,"",""
ball,2,13.4,India,S Dhawan,V Kohli,Saeed Ajmal,0,0,"",""
ball,2,13.5,India,S Dhawan,V Kohli,Saeed Ajmal,1,0,"",""
ball,2,13.6,India,V Kohli,S Dhawan,Saeed Ajmal,0,0,"",""
ball,2,14.1,India,S Dhawan,V Kohli,Wahab Riaz,4,0,"",""
ball,2,14.2,India,S Dhawan,V Kohli,Wahab Riaz,0,1,"",""
ball,2,14.3,India,S Dhawan,V Kohli,Wahab Riaz,4,0,"",""
ball,2,14.4,India,S Dhawan,V Kohli,Wahab Riaz,0,0,caught,S Dhawan
ball,2,14.5,India,KD Karthik,V Kohli,Wahab Riaz,0,0,"",""
ball,2,14.6,India,KD Karthik,V Kohli,Wahab Riaz,0,0,"",""
ball,2,14.7,India,KD Karthik,V Kohli,Wahab Riaz,0,0,"",""
ball,2,15.1,India,V Kohli,KD Karthik,Saeed Ajmal,0,0,"",""
ball,2,15.2,India,V Kohli,KD Karthik,Saeed Ajmal,0,0,"",""
ball,2,15.3,India,V Kohli,KD Karthik,Saeed Ajmal,1,0,"",""
ball,2,15.4,India,KD Karthik,V Kohli,Saeed Ajmal,3,0,"",""
ball,2,15.5,India,V Kohli,KD Karthik,Saeed Ajmal,4,0,"",""
ball,2,15.6,India,V Kohli,KD Karthik,Saeed Ajmal,1,0,"",""
ball,2,16.1,India,V Kohli,KD Karthik,Wahab Riaz,0,0,"",""
ball,2,16.2,India,V Kohli,KD Karthik,Wahab Riaz,1,0,"",""
ball,2,16.3,India,KD Karthik,V Kohli,Wahab Riaz,1,0,"",""
ball,2,16.4,India,V Kohli,KD Karthik,Wahab Riaz,0,0,"",""
ball,2,16.5,India,V Kohli,KD Karthik,Wahab Riaz,1,0,"",""
ball,2,16.6,India,KD Karthik,V Kohli,Wahab Riaz,0,0,"",""
ball,2,17.1,India,V Kohli,KD Karthik,Saeed Ajmal,0,0,"",""
ball,2,17.2,India,V Kohli,KD Karthik,Saeed Ajmal,1,0,"",""
ball,2,17.3,India,KD Karthik,V Kohli,Saeed Ajmal,4,0,"",""
ball,2,17.4,India,KD Karthik,V Kohli,Saeed Ajmal,0,0,"",""
ball,2,17.5,India,KD Karthik,V Kohli,Saeed Ajmal,0,0,"",""
ball,2,17.6,India,KD Karthik,V Kohli,Saeed Ajmal,1,0,"",""
ball,2,18.1,India,KD Karthik,V Kohli,Wahab Riaz,0,0,"",""
ball,2,18.2,India,KD Karthik,V Kohli,Wahab Riaz,0,0,"",""
ball,2,18.3,India,KD Karthik,V Kohli,Wahab Riaz,0,0,"",""
ball,2,18.4,India,KD Karthik,V Kohli,Wahab Riaz,1,0,"",""
ball,2,18.5,India,V Kohli,KD Karthik,Wahab Riaz,0,0,"",""
ball,2,18.6,India,V Kohli,KD Karthik,Wahab Riaz,4,0,"",""
ball,2,19.1,India,KD Karthik,V Kohli,Mohammad Hafeez,1,0,"",""
