version,1.3.0
info,team,India
info,team,Pakistan
info,gender,male
info,season,2012/13
info,date,2013/01/03
info,series,Pakistan in India ODI Series
info,match_number,2
info,venue,Eden Gardens
info,city,Kolkata
info,toss_winner,India
info,toss_decision,field
info,player_of_match,Nasir Jamshed
info,umpire,BF Bowden
info,umpire,VA Kulkarni
info,reserve_umpire,S Das
info,tv_umpire,S Ravi
info,match_referee,RS Mahanama
info,winner,Pakistan
info,winner_runs,85
ball,1,0.1,Pakistan,Nasir Jamshed,Mohammad Hafeez,B Kumar,0,0,"",""
ball,1,0.2,Pakistan,Nasir Jamshed,Mohammad Hafeez,B Kumar,0,0,"",""
ball,1,0.3,Pakistan,Nasir Jamshed,Mohammad Hafeez,B Kumar,1,0,"",""
ball,1,0.4,Pakistan,Mohammad Hafeez,Nasir Jamshed,B Kumar,0,0,"",""
ball,1,0.5,Pakistan,Mohammad Hafeez,Nasir Jamshed,B Kumar,4,0,"",""
ball,1,0.6,Pakistan,Mohammad Hafeez,Nasir Jamshed,B Kumar,0,0,"",""
ball,1,1.1,Pakistan,Nasir Jamshed,Mohammad Hafeez,AB Dinda,0,0,"",""
ball,1,1.2,Pakistan,Nasir Jamshed,Mohammad Hafeez,AB Dinda,0,0,"",""
ball,1,1.3,Pakistan,Nasir Jamshed,Mohammad Hafeez,AB Dinda,0,0,"",""
ball,1,1.4,Pakistan,Nasir Jamshed,Mohammad Hafeez,AB Dinda,2,0,"",""
ball,1,1.5,Pakistan,Nasir Jamshed,Mohammad Hafeez,AB Dinda,0,1,"",""
ball,1,1.6,Pakistan,Nasir Jamshed,Mohammad Hafeez,AB Dinda,0,0,"",""
ball,1,1.7,Pakistan,Nasir Jamshed,Mohammad Hafeez,AB Dinda,0,1,"",""
ball,1,1.8,Pakistan,Nasir Jamshed,Mohammad Hafeez,AB Dinda,0,0,"",""
ball,1,2.1,Pakistan,Mohammad Hafeez,Nasir Jamshed,B Kumar,2,0,"",""
ball,1,2.2,Pakistan,Mohammad Hafeez,Nasir Jamshed,B Kumar,2,0,"",""
ball,1,2.3,Pakistan,Mohammad Hafeez,Nasir Jamshed,B Kumar,0,0,"",""
ball,1,2.4,Pakistan,Mohammad Hafeez,Nasir Jamshed,B Kumar,4,0,"",""
ball,1,2.5,Pakistan,Mohammad Hafeez,Nasir Jamshed,B Kumar,0,0,"",""
ball,1,2.6,Pakistan,Mohammad Hafeez,Nasir Jamshed,B Kumar,0,0,"",""
ball,1,3.1,Pakistan,Nasir Jamshed,Mohammad Hafeez,AB Dinda,0,0,"",""
ball,1,3.2,Pakistan,Nasir Jamshed,Mohammad Hafeez,AB Dinda,4,0,"",""
ball,1,3.3,Pakistan,Nasir Jamshed,Mohammad Hafeez,AB Dinda,0,0,"",""
ball,1,3.4,Pakistan,Nasir Jamshed,Mohammad Hafeez,AB Dinda,1,0,"",""
ball,1,3.5,Pakistan,Mohammad Hafeez,Nasir Jamshed,AB Dinda,0,1,"",""
ball,1,3.6,Pakistan,Mohammad Hafeez,Nasir Jamshed,AB Dinda,1,0,"",""
ball,1,3.7,Pakistan,Nasir Jamshed,Mohammad Hafeez,AB Dinda,0,0,"",""
ball,1,4.1,Pakistan,Mohammad Hafeez,Nasir Jamshed,B Kumar,0,0,"",""
ball,1,4.2,Pakistan,Mohammad Hafeez,Nasir Jamshed,B Kumar,0,0,"",""
ball,1,4.3,Pakistan,Mohammad Hafeez,Nasir Jamshed,B Kumar,4,0,"",""
ball,1,4.4,Pakistan,Mohammad Hafeez,Nasir Jamshed,B Kumar,1,0,"",""
ball,1,4.5,Pakistan,Nasir Jamshed,Mohammad Hafeez,B Kumar,0,0,"",""
ball,1,4.6,Pakistan,Nasir Jamshed,Mohammad Hafeez,B Kumar,0,0,"",""
ball,1,5.1,Pakistan,Mohammad Hafeez,Nasir Jamshed,I Sharma,0,0,"",""
ball,1,5.2,Pakistan,Mohammad Hafeez,Nasir Jamshed,I Sharma,0,0,"",""
ball,1,5.3,Pakistan,Mohammad Hafeez,Nasir Jamshed,I Sharma,0,0,"",""
ball,1,5.4,Pakistan,Mohammad Hafeez,Nasir Jamshed,I Sharma,0,0,"",""
ball,1,5.5,Pakistan,Mohammad Hafeez,Nasir Jamshed,I Sharma,0,0,"",""
ball,1,5.6,Pakistan,Mohammad Hafeez,Nasir Jamshed,I Sharma,2,0,"",""
ball,1,6.1,Pakistan,Nasir Jamshed,Mohammad Hafeez,B Kumar,4,0,"",""
ball,1,6.2,Pakistan,Nasir Jamshed,Mohammad Hafeez,B Kumar,4,0,"",""
ball,1,6.3,Pakistan,Nasir Jamshed,Mohammad Hafeez,B Kumar,0,0,"",""
ball,1,6.4,Pakistan,Nasir Jamshed,Mohammad Hafeez,B Kumar,0,0,"",""
ball,1,6.5,Pakistan,Nasir Jamshed,Mohammad Hafeez,B Kumar,0,0,"",""
ball,1,6.6,Pakistan,Nasir Jamshed,Mohammad Hafeez,B Kumar,2,0,"",""
ball,1,7.1,Pakistan,Mohammad Hafeez,Nasir Jamshed,I Sharma,4,0,"",""
ball,1,7.2,Pakistan,Mohammad Hafeez,Nasir Jamshed,I Sharma,0,0,"",""
ball,1,7.3,Pakistan,Mohammad Hafeez,Nasir Jamshed,I Sharma,0,0,"",""
ball,1,7.4,Pakistan,Mohammad Hafeez,Nasir Jamshed,I Sharma,2,0,"",""
ball,1,7.5,Pakistan,Mohammad Hafeez,Nasir Jamshed,I Sharma,0,0,"",""
ball,1,7.6,Pakistan,Mohammad Hafeez,Nasir Jamshed,I Sharma,1,0,"",""
ball,1,8.1,Pakistan,Mohammad Hafeez,Nasir Jamshed,AB Dinda,4,0,"",""
ball,1,8.2,Pakistan,Mohammad Hafeez,Nasir Jamshed,AB Dinda,0,0,"",""
ball,1,8.3,Pakistan,Mohammad Hafeez,Nasir Jamshed,AB Dinda,2,0,"",""
ball,1,8.4,Pakistan,Mohammad Hafeez,Nasir Jamshed,AB Dinda,0,0,"",""
ball,1,8.5,Pakistan,Mohammad Hafeez,Nasir Jamshed,AB Dinda,4,0,"",""
ball,1,8.6,Pakistan,Mohammad Hafeez,Nasir Jamshed,AB Dinda,0,0,"",""
ball,1,9.1,Pakistan,Nasir Jamshed,Mohammad Hafeez,I Sharma,0,0,"",""
ball,1,9.2,Pakistan,Nasir Jamshed,Mohammad Hafeez,I Sharma,1,0,"",""
ball,1,9.3,Pakistan,Mohammad Hafeez,Nasir Jamshed,I Sharma,0,0,"",""
ball,1,9.4,Pakistan,Mohammad Hafeez,Nasir Jamshed,I Sharma,0,0,"",""
ball,1,9.5,Pakistan,Mohammad Hafeez,Nasir Jamshed,I Sharma,0,0,"",""
ball,1,9.6,Pakistan,Mohammad Hafeez,Nasir Jamshed,I Sharma,0,0,"",""
ball,1,10.1,Pakistan,Nasir Jamshed,Mohammad Hafeez,R Ashwin,0,0,"",""
ball,1,10.2,Pakistan,Nasir Jamshed,Mohammad Hafeez,R Ashwin,4,0,"",""
ball,1,10.3,Pakistan,Nasir Jamshed,Mohammad Hafeez,R Ashwin,0,0,"",""
ball,1,10.4,Pakistan,Nasir Jamshed,Mohammad Hafeez,R Ashwin,1,0,"",""
ball,1,10.5,Pakistan,Mohammad Hafeez,Nasir Jamshed,R Ashwin,0,0,"",""
ball,1,10.6,Pakistan,Mohammad Hafeez,Nasir Jamshed,R Ashwin,0,0,"",""
ball,1,11.1,Pakistan,Nasir Jamshed,Mohammad Hafeez,I Sharma,1,0,"",""
ball,1,11.2,Pakistan,Mohammad Hafeez,Nasir Jamshed,I Sharma,0,0,"",""
ball,1,11.3,Pakistan,Mohammad Hafeez,Nasir Jamshed,I Sharma,1,0,"",""
ball,1,11.4,Pakistan,Nasir Jamshed,Mohammad Hafeez,I Sharma,4,0,"",""
ball,1,11.5,Pakistan,Nasir Jamshed,Mohammad Hafeez,I Sharma,0,0,"",""
ball,1,11.6,Pakistan,Nasir Jamshed,Mohammad Hafeez,I Sharma,0,0,"",""
ball,1,12.1,Pakistan,Mohammad Hafeez,Nasir Jamshed,R Ashwin,0,0,"",""
ball,1,12.2,Pakistan,Mohammad Hafeez,Nasir Jamshed,R Ashwin,2,0,"",""
ball,1,12.3,Pakistan,Mohammad Hafeez,Nasir Jamshed,R Ashwin,2,0,"",""
ball,1,12.4,Pakistan,Mohammad Hafeez,Nasir Jamshed,R Ashwin,2,0,"",""
ball,1,12.5,Pakistan,Mohammad Hafeez,Nasir Jamshed,R Ashwin,0,0,"",""
ball,1,12.6,Pakistan,Mohammad Hafeez,Nasir Jamshed,R Ashwin,0,0,"",""
ball,1,13.1,Pakistan,Nasir Jamshed,Mohammad Hafeez,B Kumar,1,0,"",""
ball,1,13.2,Pakistan,Mohammad Hafeez,Nasir Jamshed,B Kumar,0,0,"",""
ball,1,13.3,Pakistan,Mohammad Hafeez,Nasir Jamshed,B Kumar,4,0,"",""
ball,1,13.4,Pakistan,Mohammad Hafeez,Nasir Jamshed,B Kumar,1,0,"",""
ball,1,13.5,Pakistan,Nasir Jamshed,Mohammad Hafeez,B Kumar,4,0,"",""
ball,1,13.6,Pakistan,Nasir Jamshed,Mohammad Hafeez,B Kumar,1,0,"",""
ball,1,14.1,Pakistan,Nasir Jamshed,Mohammad Hafeez,R Ashwin,0,0,"",""
ball,1,14.2,Pakistan,Nasir Jamshed,Mohammad Hafeez,R Ashwin,0,0,"",""
ball,1,14.3,Pakistan,Nasir Jamshed,Mohammad Hafeez,R Ashwin,0,0,"",""
ball,1,14.4,Pakistan,Nasir Jamshed,Mohammad Hafeez,R Ashwin,0,0,"",""
ball,1,14.5,Pakistan,Nasir Jamshed,Mohammad Hafeez,R Ashwin,0,0,"",""
ball,1,14.6,Pakistan,Nasir Jamshed,Mohammad Hafeez,R Ashwin,1,0,"",""
ball,1,15.1,Pakistan,Nasir Jamshed,Mohammad Hafeez,SK Raina,4,0,"",""
ball,1,15.2,Pakistan,Nasir Jamshed,Mohammad Hafeez,SK Raina,0,0,"",""
ball,1,15.3,Pakistan,Nasir Jamshed,Mohammad Hafeez,SK Raina,1,0,"",""
ball,1,15.4,Pakistan,Mohammad Hafeez,Nasir Jamshed,SK Raina,1,0,"",""
ball,1,15.5,Pakistan,Nasir Jamshed,Mohammad Hafeez,SK Raina,4,0,"",""
ball,1,15.6,Pakistan,Nasir Jamshed,Mohammad Hafeez,SK Raina,0,0,"",""
ball,1,16.1,Pakistan,Mohammad Hafeez,Nasir Jamshed,R Ashwin,0,0,"",""
ball,1,16.2,Pakistan,Mohammad Hafeez,Nasir Jamshed,R Ashwin,1,0,"",""
ball,1,16.3,Pakistan,Nasir Jamshed,Mohammad Hafeez,R Ashwin,0,0,"",""
ball,1,16.4,Pakistan,Nasir Jamshed,Mohammad Hafeez,R Ashwin,1,0,"",""
ball,1,16.5,Pakistan,Mohammad Hafeez,Nasir Jamshed,R Ashwin,0,0,"",""
ball,1,16.6,Pakistan,Mohammad Hafeez,Nasir Jamshed,R Ashwin,1,0,"",""
ball,1,17.1,Pakistan,Mohammad Hafeez,Nasir Jamshed,RA Jadeja,0,0,"",""
ball,1,17.2,Pakistan,Mohammad Hafeez,Nasir Jamshed,RA Jadeja,1,0,"",""
ball,1,17.3,Pakistan,Nasir Jamshed,Mohammad Hafeez,RA Jadeja,0,0,"",""
ball,1,17.4,Pakistan,Nasir Jamshed,Mohammad Hafeez,RA Jadeja,0,0,"",""
ball,1,17.5,Pakistan,Nasir Jamshed,Mohammad Hafeez,RA Jadeja,1,0,"",""
ball,1,17.6,Pakistan,Mohammad Hafeez,Nasir Jamshed,RA Jadeja,4,0,"",""
ball,1,18.1,Pakistan,Nasir Jamshed,Mohammad Hafeez,R Ashwin,1,0,"",""
ball,1,18.2,Pakistan,Mohammad Hafeez,Nasir Jamshed,R Ashwin,1,0,"",""
ball,1,18.3,Pakistan,Nasir Jamshed,Mohammad Hafeez,R Ashwin,0,0,"",""
ball,1,18.4,Pakistan,Nasir Jamshed,Mohammad Hafeez,R Ashwin,0,0,"",""
ball,1,18.5,Pakistan,Nasir Jamshed,Mohammad Hafeez,R Ashwin,4,0,"",""
ball,1,18.6,Pakistan,Nasir Jamshed,Mohammad Hafeez,R Ashwin,0,0,"",""
ball,1,19.1,Pakistan,Mohammad Hafeez,Nasir Jamshed,RA Jadeja,1,0,"",""
ball,1,19.2,Pakistan,Nasir Jamshed,Mohammad Hafeez,RA Jadeja,1,0,"",""
ball,1,19.3,Pakistan,Mohammad Hafeez,Nasir Jamshed,RA Jadeja,0,0,"",""
ball,1,19.4,Pakistan,Mohammad Hafeez,Nasir Jamshed,RA Jadeja,1,0,"",""
ball,1,19.5,Pakistan,Nasir Jamshed,Mohammad Hafeez,RA Jadeja,1,0,"",""
ball,1,19.6,Pakistan,Mohammad Hafeez,Nasir Jamshed,RA Jadeja,0,0,"",""
ball,1,20.1,Pakistan,Nasir Jamshed,Mohammad Hafeez,R Ashwin,1,0,"",""
ball,1,20.2,Pakistan,Mohammad Hafeez,Nasir Jamshed,R Ashwin,0,0,"",""
ball,1,20.3,Pakistan,Mohammad Hafeez,Nasir Jamshed,R Ashwin,1,0,"",""
ball,1,20.4,Pakistan,Nasir Jamshed,Mohammad Hafeez,R Ashwin,0,0,"",""
ball,1,20.5,Pakistan,Nasir Jamshed,Mohammad Hafeez,R Ashwin,0,0,"",""
ball,1,20.6,Pakistan,Nasir Jamshed,Mohammad Hafeez,R Ashwin,0,0,"",""
ball,1,21.1,Pakistan,Mohammad Hafeez,Nasir Jamshed,RA Jadeja,0,0,"",""
ball,1,21.2,Pakistan,Mohammad Hafeez,Nasir Jamshed,RA Jadeja,4,0,"",""
ball,1,21.3,Pakistan,Mohammad Hafeez,Nasir Jamshed,RA Jadeja,3,0,"",""
ball,1,21.4,Pakistan,Nasir Jamshed,Mohammad Hafeez,RA Jadeja,0,0,"",""
ball,1,21.5,Pakistan,Nasir Jamshed,Mohammad Hafeez,RA Jadeja,1,0,"",""
ball,1,21.6,Pakistan,Mohammad Hafeez,Nasir Jamshed,RA Jadeja,1,0,"",""
ball,1,22.1,Pakistan,Mohammad Hafeez,Nasir Jamshed,R Ashwin,2,0,"",""
ball,1,22.2,Pakistan,Mohammad Hafeez,Nasir Jamshed,R Ashwin,4,0,"",""
ball,1,22.3,Pakistan,Mohammad Hafeez,Nasir Jamshed,R Ashwin,1,0,"",""
ball,1,22.4,Pakistan,Nasir Jamshed,Mohammad Hafeez,R Ashwin,4,0,"",""
ball,1,22.5,Pakistan,Nasir Jamshed,Mohammad Hafeez,R Ashwin,0,0,"",""
ball,1,22.6,Pakistan,Nasir Jamshed,Mohammad Hafeez,R Ashwin,1,0,"",""
ball,1,23.1,Pakistan,Nasir Jamshed,Mohammad Hafeez,RA Jadeja,0,0,"",""
ball,1,23.2,Pakistan,Nasir Jamshed,Mohammad Hafeez,RA Jadeja,1,0,"",""
ball,1,23.3,Pakistan,Mohammad Hafeez,Nasir Jamshed,RA Jadeja,0,0,"",""
ball,1,23.4,Pakistan,Mohammad Hafeez,Nasir Jamshed,RA Jadeja,0,0,"",""
ball,1,23.5,Pakistan,Mohammad Hafeez,Nasir Jamshed,RA Jadeja,0,0,bowled,Mohammad Hafeez
ball,1,23.6,Pakistan,Azhar Ali,Nasir Jamshed,RA Jadeja,0,0,"",""
ball,1,24.1,Pakistan,Nasir Jamshed,Azhar Ali,AB Dinda,1,0,"",""
ball,1,24.2,Pakistan,Azhar Ali,Nasir Jamshed,AB Dinda,0,0,"",""
ball,1,24.3,Pakistan,Azhar Ali,Nasir Jamshed,AB Dinda,0,0,"",""
ball,1,24.4,Pakistan,Azhar Ali,Nasir Jamshed,AB Dinda,0,0,"",""
ball,1,24.5,Pakistan,Azhar Ali,Nasir Jamshed,AB Dinda,0,0,"",""
ball,1,24.6,Pakistan,Azhar Ali,Nasir Jamshed,AB Dinda,1,0,"",""
ball,1,25.1,Pakistan,Azhar Ali,Nasir Jamshed,RA Jadeja,0,0,"",""
ball,1,25.2,Pakistan,Azhar Ali,Nasir Jamshed,RA Jadeja,1,0,"",""
ball,1,25.3,Pakistan,Nasir Jamshed,Azhar Ali,RA Jadeja,0,0,"",""
ball,1,25.4,Pakistan,Nasir Jamshed,Azhar Ali,RA Jadeja,1,0,"",""
ball,1,25.5,Pakistan,Azhar Ali,Nasir Jamshed,RA Jadeja,0,0,"",""
ball,1,25.6,Pakistan,Azhar Ali,Nasir Jamshed,RA Jadeja,0,0,run out,Azhar Ali
ball,1,26.1,Pakistan,Nasir Jamshed,Younis Khan,AB Dinda,0,0,"",""
ball,1,26.2,Pakistan,Nasir Jamshed,Younis Khan,AB Dinda,0,0,"",""
ball,1,26.3,Pakistan,Nasir Jamshed,Younis Khan,AB Dinda,6,0,"",""
ball,1,26.4,Pakistan,Nasir Jamshed,Younis Khan,AB Dinda,0,0,"",""
ball,1,26.5,Pakistan,Nasir Jamshed,Younis Khan,AB Dinda,0,0,"",""
ball,1,26.6,Pakistan,Nasir Jamshed,Younis Khan,AB Dinda,0,0,"",""
ball,1,27.1,Pakistan,Younis Khan,Nasir Jamshed,RA Jadeja,0,0,"",""
ball,1,27.2,Pakistan,Younis Khan,Nasir Jamshed,RA Jadeja,1,0,"",""
ball,1,27.3,Pakistan,Nasir Jamshed,Younis Khan,RA Jadeja,0,0,"",""
ball,1,27.4,Pakistan,Nasir Jamshed,Younis Khan,RA Jadeja,0,0,"",""
ball,1,27.5,Pakistan,Nasir Jamshed,Younis Khan,RA Jadeja,1,0,"",""
ball,1,27.6,Pakistan,Younis Khan,Nasir Jamshed,RA Jadeja,0,0,"",""
ball,1,28.1,Pakistan,Nasir Jamshed,Younis Khan,I Sharma,0,0,"",""
ball,1,28.2,Pakistan,Nasir Jamshed,Younis Khan,I Sharma,0,0,"",""
ball,1,28.3,Pakistan,Nasir Jamshed,Younis Khan,I Sharma,4,0,"",""
ball,1,28.4,Pakistan,Nasir Jamshed,Younis Khan,I Sharma,1,0,"",""
ball,1,28.5,Pakistan,Younis Khan,Nasir Jamshed,I Sharma,0,0,"",""
ball,1,28.6,Pakistan,Younis Khan,Nasir Jamshed,I Sharma,0,0,"",""
ball,1,29.1,Pakistan,Nasir Jamshed,Younis Khan,RA Jadeja,1,0,"",""
ball,1,29.2,Pakistan,Younis Khan,Nasir Jamshed,RA Jadeja,1,0,"",""
ball,1,29.3,Pakistan,Nasir Jamshed,Younis Khan,RA Jadeja,0,0,"",""
ball,1,29.4,Pakistan,Nasir Jamshed,Younis Khan,RA Jadeja,0,0,"",""
ball,1,29.5,Pakistan,Nasir Jamshed,Younis Khan,RA Jadeja,1,0,"",""
ball,1,29.6,Pakistan,Younis Khan,Nasir Jamshed,RA Jadeja,1,0,"",""
ball,1,30.1,Pakistan,Younis Khan,Nasir Jamshed,I Sharma,0,0,"",""
ball,1,30.2,Pakistan,Younis Khan,Nasir Jamshed,I Sharma,1,0,"",""
ball,1,30.3,Pakistan,Nasir Jamshed,Younis Khan,I Sharma,0,0,"",""
ball,1,30.4,Pakistan,Nasir Jamshed,Younis Khan,I Sharma,0,0,"",""
ball,1,30.5,Pakistan,Nasir Jamshed,Younis Khan,I Sharma,0,0,"",""
ball,1,30.6,Pakistan,Nasir Jamshed,Younis Khan,I Sharma,0,0,"",""
ball,1,31.1,Pakistan,Younis Khan,Nasir Jamshed,RA Jadeja,1,0,"",""
ball,1,31.2,Pakistan,Nasir Jamshed,Younis Khan,RA Jadeja,1,0,"",""
ball,1,31.3,Pakistan,Younis Khan,Nasir Jamshed,RA Jadeja,1,0,"",""
ball,1,31.4,Pakistan,Nasir Jamshed,Younis Khan,RA Jadeja,0,0,"",""
ball,1,31.5,Pakistan,Nasir Jamshed,Younis Khan,RA Jadeja,1,0,"",""
ball,1,31.6,Pakistan,Younis Khan,Nasir Jamshed,RA Jadeja,1,0,"",""
ball,1,32.1,Pakistan,Younis Khan,Nasir Jamshed,I Sharma,0,1,"",""
ball,1,32.2,Pakistan,Younis Khan,Nasir Jamshed,I Sharma,0,0,"",""
ball,1,32.3,Pakistan,Younis Khan,Nasir Jamshed,I Sharma,0,0,"",""
ball,1,32.4,Pakistan,Younis Khan,Nasir Jamshed,I Sharma,0,0,"",""
ball,1,32.5,Pakistan,Younis Khan,Nasir Jamshed,I Sharma,1,0,"",""
ball,1,32.6,Pakistan,Nasir Jamshed,Younis Khan,I Sharma,0,0,"",""
ball,1,32.7,Pakistan,Nasir Jamshed,Younis Khan,I Sharma,1,0,"",""
ball,1,33.1,Pakistan,Nasir Jamshed,Younis Khan,B Kumar,0,0,"",""
ball,1,33.2,Pakistan,Nasir Jamshed,Younis Khan,B Kumar,1,0,"",""
ball,1,33.3,Pakistan,Younis Khan,Nasir Jamshed,B Kumar,1,0,"",""
ball,1,33.4,Pakistan,Nasir Jamshed,Younis Khan,B Kumar,1,0,"",""
ball,1,33.5,Pakistan,Younis Khan,Nasir Jamshed,B Kumar,1,0,"",""
ball,1,33.6,Pakistan,Nasir Jamshed,Younis Khan,B Kumar,1,0,"",""
ball,1,34.1,Pakistan,Nasir Jamshed,Younis Khan,SK Raina,1,0,"",""
ball,1,34.2,Pakistan,Younis Khan,Nasir Jamshed,SK Raina,0,0,"",""
ball,1,34.3,Pakistan,Younis Khan,Nasir Jamshed,SK Raina,0,0,lbw,Younis Khan
ball,1,34.4,Pakistan,Misbah-ul-Haq,Nasir Jamshed,SK Raina,0,0,"",""
ball,1,34.5,Pakistan,Misbah-ul-Haq,Nasir Jamshed,SK Raina,1,0,"",""
ball,1,34.6,Pakistan,Nasir Jamshed,Misbah-ul-Haq,SK Raina,1,0,"",""
ball,1,35.1,Pakistan,Nasir Jamshed,Misbah-ul-Haq,R Ashwin,1,0,"",""
ball,1,35.2,Pakistan,Misbah-ul-Haq,Nasir Jamshed,R Ashwin,0,0,"",""
ball,1,35.3,Pakistan,Misbah-ul-Haq,Nasir Jamshed,R Ashwin,1,0,"",""
ball,1,35.4,Pakistan,Nasir Jamshed,Misbah-ul-Haq,R Ashwin,0,0,"",""
ball,1,35.5,Pakistan,Nasir Jamshed,Misbah-ul-Haq,R Ashwin,1,0,"",""
ball,1,35.6,Pakistan,Misbah-ul-Haq,Nasir Jamshed,R Ashwin,0,0,lbw,Misbah-ul-Haq
ball,1,36.1,Pakistan,Nasir Jamshed,Shoaib Malik,I Sharma,1,0,"",""
ball,1,36.2,Pakistan,Shoaib Malik,Nasir Jamshed,I Sharma,0,0,"",""
ball,1,36.3,Pakistan,Shoaib Malik,Nasir Jamshed,I Sharma,0,0,"",""
ball,1,36.4,Pakistan,Shoaib Malik,Nasir Jamshed,I Sharma,1,0,"",""
ball,1,36.5,Pakistan,Nasir Jamshed,Shoaib Malik,I Sharma,0,0,"",""
ball,1,36.6,Pakistan,Nasir Jamshed,Shoaib Malik,I Sharma,0,0,"",""
ball,1,37.1,Pakistan,Shoaib Malik,Nasir Jamshed,R Ashwin,1,0,"",""
ball,1,37.2,Pakistan,Nasir Jamshed,Shoaib Malik,R Ashwin,0,0,"",""
ball,1,37.3,Pakistan,Nasir Jamshed,Shoaib Malik,R Ashwin,1,0,"",""
ball,1,37.4,Pakistan,Shoaib Malik,Nasir Jamshed,R Ashwin,0,0,"",""
ball,1,37.5,Pakistan,Shoaib Malik,Nasir Jamshed,R Ashwin,0,0,"",""
ball,1,37.6,Pakistan,Shoaib Malik,Nasir Jamshed,R Ashwin,1,0,"",""
ball,1,38.1,Pakistan,Shoaib Malik,Nasir Jamshed,AB Dinda,1,0,"",""
ball,1,38.2,Pakistan,Nasir Jamshed,Shoaib Malik,AB Dinda,6,0,"",""
ball,1,38.3,Pakistan,Nasir Jamshed,Shoaib Malik,AB Dinda,0,0,"",""
ball,1,38.4,Pakistan,Nasir Jamshed,Shoaib Malik,AB Dinda,2,0,"",""
ball,1,38.5,Pakistan,Nasir Jamshed,Shoaib Malik,AB Dinda,0,0,"",""
ball,1,38.6,Pakistan,Nasir Jamshed,Shoaib Malik,AB Dinda,1,0,"",""
ball,1,39.1,Pakistan,Nasir Jamshed,Shoaib Malik,R Ashwin,0,0,"",""
ball,1,39.2,Pakistan,Nasir Jamshed,Shoaib Malik,R Ashwin,0,0,"",""
ball,1,39.3,Pakistan,Nasir Jamshed,Shoaib Malik,R Ashwin,4,0,"",""
ball,1,39.4,Pakistan,Nasir Jamshed,Shoaib Malik,R Ashwin,0,2,"",""
ball,1,39.5,Pakistan,Shoaib Malik,Nasir Jamshed,R Ashwin,0,0,"",""
ball,1,39.6,Pakistan,Shoaib Malik,Nasir Jamshed,R Ashwin,2,0,"",""
ball,1,39.7,Pakistan,Shoaib Malik,Nasir Jamshed,R Ashwin,0,0,"",""
ball,1,40.1,Pakistan,Nasir Jamshed,Shoaib Malik,B Kumar,1,0,"",""
ball,1,40.2,Pakistan,Shoaib Malik,Nasir Jamshed,B Kumar,1,0,"",""
ball,1,40.3,Pakistan,Nasir Jamshed,Shoaib Malik,B Kumar,1,0,"",""
ball,1,40.4,Pakistan,Shoaib Malik,Nasir Jamshed,B Kumar,1,0,"",""
ball,1,40.5,Pakistan,Nasir Jamshed,Shoaib Malik,B Kumar,1,0,"",""
ball,1,40.6,Pakistan,Shoaib Malik,Nasir Jamshed,B Kumar,0,0,"",""
ball,1,41.1,Pakistan,Nasir Jamshed,Shoaib Malik,RA Jadeja,0,0,stumped,Nasir Jamshed
ball,1,41.2,Pakistan,Kamran Akmal,Shoaib Malik,RA Jadeja,0,0,"",""
ball,1,41.3,Pakistan,Kamran Akmal,Shoaib Malik,RA Jadeja,0,0,caught,Kamran Akmal
ball,1,41.4,Pakistan,Umar Gul,Shoaib Malik,RA Jadeja,0,0,"",""
ball,1,41.5,Pakistan,Umar Gul,Shoaib Malik,RA Jadeja,0,0,"",""
ball,1,41.6,Pakistan,Umar Gul,Shoaib Malik,RA Jadeja,0,0,"",""
ball,1,42.1,Pakistan,Shoaib Malik,Umar Gul,Yuvraj Singh,4,0,"",""
ball,1,42.2,Pakistan,Shoaib Malik,Umar Gul,Yuvraj Singh,0,0,"",""
ball,1,42.3,Pakistan,Shoaib Malik,Umar Gul,Yuvraj Singh,0,0,"",""
ball,1,42.4,Pakistan,Shoaib Malik,Umar Gul,Yuvraj Singh,2,0,"",""
ball,1,42.5,Pakistan,Shoaib Malik,Umar Gul,Yuvraj Singh,0,0,"",""
ball,1,42.6,Pakistan,Shoaib Malik,Umar Gul,Yuvraj Singh,4,0,"",""
ball,1,43.1,Pakistan,Umar Gul,Shoaib Malik,RA Jadeja,0,0,"",""
ball,1,43.2,Pakistan,Umar Gul,Shoaib Malik,RA Jadeja,1,0,"",""
ball,1,43.3,Pakistan,Shoaib Malik,Umar Gul,RA Jadeja,1,0,"",""
ball,1,43.4,Pakistan,Umar Gul,Shoaib Malik,RA Jadeja,0,0,"",""
ball,1,43.5,Pakistan,Umar Gul,Shoaib Malik,RA Jadeja,6,0,"",""
ball,1,43.6,Pakistan,Umar Gul,Shoaib Malik,RA Jadeja,0,0,"",""
ball,1,44.1,Pakistan,Shoaib Malik,Umar Gul,AB Dinda,1,0,"",""
ball,1,44.2,Pakistan,Umar Gul,Shoaib Malik,AB Dinda,1,0,"",""
ball,1,44.3,Pakistan,Shoaib Malik,Umar Gul,AB Dinda,0,0,"",""
ball,1,44.4,Pakistan,Shoaib Malik,Umar Gul,AB Dinda,0,0,"",""
ball,1,44.5,Pakistan,Shoaib Malik,Umar Gul,AB Dinda,1,0,"",""
ball,1,44.6,Pakistan,Umar Gul,Shoaib Malik,AB Dinda,0,0,"",""
ball,1,45.1,Pakistan,Shoaib Malik,Umar Gul,B Kumar,1,0,"",""
ball,1,45.2,Pakistan,Umar Gul,Shoaib Malik,B Kumar,1,0,"",""
ball,1,45.3,Pakistan,Shoaib Malik,Umar Gul,B Kumar,0,0,"",""
ball,1,45.4,Pakistan,Shoaib Malik,Umar Gul,B Kumar,1,0,"",""
ball,1,45.5,Pakistan,Umar Gul,Shoaib Malik,B Kumar,1,0,"",""
ball,1,45.6,Pakistan,Shoaib Malik,Umar Gul,B Kumar,1,0,"",""
ball,1,46.1,Pakistan,Shoaib Malik,Umar Gul,I Sharma,0,0,caught,Shoaib Malik
ball,1,46.2,Pakistan,Saeed Ajmal,Umar Gul,I Sharma,1,0,"",""
ball,1,46.3,Pakistan,Umar Gul,Saeed Ajmal,I Sharma,1,0,"",""
ball,1,46.4,Pakistan,Saeed Ajmal,Umar Gul,I Sharma,0,0,"",""
ball,1,46.5,Pakistan,Saeed Ajmal,Umar Gul,I Sharma,1,0,"",""
ball,1,46.6,Pakistan,Umar Gul,Saeed Ajmal,I Sharma,4,0,"",""
ball,1,47.1,Pakistan,Saeed Ajmal,Umar Gul,B Kumar,4,0,"",""
ball,1,47.2,Pakistan,Saeed Ajmal,Umar Gul,B Kumar,1,0,"",""
ball,1,47.3,Pakistan,Umar Gul,Saeed Ajmal,B Kumar,1,0,"",""
ball,1,47.4,Pakistan,Saeed Ajmal,Umar Gul,B Kumar,0,0,"",""
ball,1,47.5,Pakistan,Saeed Ajmal,Umar Gul,B Kumar,0,0,caught,Saeed Ajmal
ball,1,47.6,Pakistan,Umar Gul,Junaid Khan,B Kumar,1,0,"",""
ball,1,48.1,Pakistan,Umar Gul,Junaid Khan,I Sharma,0,0,bowled,Umar Gul
ball,1,48.2,Pakistan,Mohammad Irfan,Junaid Khan,I Sharma,0,0,"",""
ball,1,48.3,Pakistan,Mohammad Irfan,Junaid Khan,I Sharma,0,0,bowled,Mohammad Irfan
ball,2,0.1,India,G Gambhir,V Sehwag,Mohammad Irfan,1,0,"",""
ball,2,0.2,India,V Sehwag,G Gambhir,Mohammad Irfan,1,0,"",""
ball,2,0.3,India,G Gambhir,V Sehwag,Mohammad Irfan,0,0,"",""
ball,2,0.4,India,G Gambhir,V Sehwag,Mohammad Irfan,0,4,"",""
ball,2,0.5,India,G Gambhir,V Sehwag,Mohammad Irfan,0,0,"",""
ball,2,0.6,India,G Gambhir,V Sehwag,Mohammad Irfan,0,0,"",""
ball,2,1.1,India,V Sehwag,G Gambhir,Junaid Khan,0,0,"",""
ball,2,1.2,India,V Sehwag,G Gambhir,Junaid Khan,0,0,"",""
ball,2,1.3,India,V Sehwag,G Gambhir,Junaid Khan,0,0,"",""
ball,2,1.4,India,V Sehwag,G Gambhir,Junaid Khan,0,2,"",""
ball,2,1.5,India,G Gambhir,V Sehwag,Junaid Khan,0,0,"",""
ball,2,1.6,India,G Gambhir,V Sehwag,Junaid Khan,0,0,"",""
ball,2,1.7,India,G Gambhir,V Sehwag,Junaid Khan,0,0,"",""
ball,2,2.1,India,V Sehwag,G Gambhir,Mohammad Irfan,0,0,"",""
ball,2,2.2,India,V Sehwag,G Gambhir,Mohammad Irfan,0,0,"",""
ball,2,2.3,India,V Sehwag,G Gambhir,Mohammad Irfan,4,0,"",""
ball,2,2.4,India,V Sehwag,G Gambhir,Mohammad Irfan,0,0,"",""
ball,2,2.5,India,V Sehwag,G Gambhir,Mohammad Irfan,0,0,"",""
ball,2,2.6,India,V Sehwag,G Gambhir,Mohammad Irfan,0,0,"",""
ball,2,3.1,India,G Gambhir,V Sehwag,Junaid Khan,0,0,"",""
ball,2,3.2,India,G Gambhir,V Sehwag,Junaid Khan,4,0,"",""
ball,2,3.3,India,G Gambhir,V Sehwag,Junaid Khan,0,0,"",""
ball,2,3.4,India,G Gambhir,V Sehwag,Junaid Khan,1,0,"",""
ball,2,3.5,India,V Sehwag,G Gambhir,Junaid Khan,0,0,"",""
ball,2,3.6,India,V Sehwag,G Gambhir,Junaid Khan,0,0,"",""
ball,2,4.1,India,G Gambhir,V Sehwag,Mohammad Irfan,1,0,"",""
ball,2,4.2,India,V Sehwag,G Gambhir,Mohammad Irfan,0,0,"",""
ball,2,4.3,India,V Sehwag,G Gambhir,Mohammad Irfan,4,0,"",""
ball,2,4.4,India,V Sehwag,G Gambhir,Mohammad Irfan,5,0,"",""
ball,2,4.5,India,G Gambhir,V Sehwag,Mohammad Irfan,0,0,"",""
ball,2,4.6,India,G Gambhir,V Sehwag,Mohammad Irfan,0,0,"",""
ball,2,5.1,India,V Sehwag,G Gambhir,Junaid Khan,0,0,"",""
ball,2,5.2,India,V Sehwag,G Gambhir,Junaid Khan,0,0,"",""
ball,2,5.3,India,V Sehwag,G Gambhir,Junaid Khan,4,0,"",""
ball,2,5.4,India,V Sehwag,G Gambhir,Junaid Khan,0,0,"",""
ball,2,5.5,India,V Sehwag,G Gambhir,Junaid Khan,0,0,"",""
ball,2,5.6,India,V Sehwag,G Gambhir,Junaid Khan,0,0,"",""
ball,2,6.1,India,G Gambhir,V Sehwag,Mohammad Irfan,0,0,"",""
ball,2,6.2,India,G Gambhir,V Sehwag,Mohammad Irfan,0,0,"",""
ball,2,6.3,India,G Gambhir,V Sehwag,Mohammad Irfan,0,1,"",""
ball,2,6.4,India,G Gambhir,V Sehwag,Mohammad Irfan,1,0,"",""
ball,2,6.5,India,V Sehwag,G Gambhir,Mohammad Irfan,0,1,"",""
ball,2,6.6,India,V Sehwag,G Gambhir,Mohammad Irfan,0,0,"",""
ball,2,6.7,India,V Sehwag,G Gambhir,Mohammad Irfan,0,0,"",""
ball,2,6.8,India,V Sehwag,G Gambhir,Mohammad Irfan,1,0,"",""
ball,2,7.1,India,V Sehwag,G Gambhir,Junaid Khan,0,0,"",""
ball,2,7.2,India,V Sehwag,G Gambhir,Junaid Khan,1,0,"",""
ball,2,7.3,India,G Gambhir,V Sehwag,Junaid Khan,1,0,"",""
ball,2,7.4,India,V Sehwag,G Gambhir,Junaid Khan,0,0,"",""
ball,2,7.5,India,V Sehwag,G Gambhir,Junaid Khan,0,0,"",""
ball,2,7.6,India,V Sehwag,G Gambhir,Junaid Khan,1,0,"",""
ball,2,8.1,India,V Sehwag,G Gambhir,Mohammad Irfan,1,0,"",""
ball,2,8.2,India,G Gambhir,V Sehwag,Mohammad Irfan,0,0,"",""
ball,2,8.3,India,G Gambhir,V Sehwag,Mohammad Irfan,0,0,"",""
ball,2,8.4,India,G Gambhir,V Sehwag,Mohammad Irfan,0,0,"",""
ball,2,8.5,India,G Gambhir,V Sehwag,Mohammad Irfan,1,0,"",""
ball,2,8.6,India,V Sehwag,G Gambhir,Mohammad Irfan,0,0,"",""
ball,2,9.1,India,G Gambhir,V Sehwag,Junaid Khan,1,0,"",""
ball,2,9.2,India,V Sehwag,G Gambhir,Junaid Khan,0,0,"",""
ball,2,9.3,India,V Sehwag,G Gambhir,Junaid Khan,0,0,"",""
ball,2,9.4,India,V Sehwag,G Gambhir,Junaid Khan,1,0,"",""
ball,2,9.5,India,G Gambhir,V Sehwag,Junaid Khan,0,0,bowled,G Gambhir
ball,2,9.6,India,V Kohli,V Sehwag,Junaid Khan,0,0,"",""
ball,2,10.1,India,V Sehwag,V Kohli,Mohammad Irfan,5,0,"",""
ball,2,10.2,India,V Kohli,V Sehwag,Mohammad Irfan,0,0,"",""
ball,2,10.3,India,V Kohli,V Sehwag,Mohammad Irfan,2,0,"",""
ball,2,10.4,India,V Kohli,V Sehwag,Mohammad Irfan,0,0,"",""
ball,2,10.5,India,V Kohli,V Sehwag,Mohammad Irfan,4,0,"",""
ball,2,10.6,India,V Kohli,V Sehwag,Mohammad Irfan,0,0,"",""
ball,2,11.1,India,V Sehwag,V Kohli,Junaid Khan,0,1,"",""
ball,2,11.2,India,V Sehwag,V Kohli,Junaid Khan,0,0,"",""
ball,2,11.3,India,V Sehwag,V Kohli,Junaid Khan,0,0,"",""
ball,2,11.4,India,V Sehwag,V Kohli,Junaid Khan,1,0,"",""
ball,2,11.5,India,V Kohli,V Sehwag,Junaid Khan,0,0,"",""
ball,2,11.6,India,V Kohli,V Sehwag,Junaid Khan,0,0,"",""
ball,2,11.7,India,V Kohli,V Sehwag,Junaid Khan,0,0,caught,V Kohli
ball,2,12.1,India,V Sehwag,Yuvraj Singh,Umar Gul,1,0,"",""
ball,2,12.2,India,Yuvraj Singh,V Sehwag,Umar Gul,0,0,"",""
ball,2,12.3,India,Yuvraj Singh,V Sehwag,Umar Gul,0,0,"",""
ball,2,12.4,India,Yuvraj Singh,V Sehwag,Umar Gul,0,0,"",""
ball,2,12.5,India,Yuvraj Singh,V Sehwag,Umar Gul,1,0,"",""
ball,2,12.6,India,V Sehwag,Yuvraj Singh,Umar Gul,0,0,"",""
ball,2,13.1,India,Yuvraj Singh,V Sehwag,Junaid Khan,0,0,"",""
ball,2,13.2,India,Yuvraj Singh,V Sehwag,Junaid Khan,0,0,"",""
ball,2,13.3,India,Yuvraj Singh,V Sehwag,Junaid Khan,0,0,"",""
ball,2,13.4,India,Yuvraj Singh,V Sehwag,Junaid Khan,0,0,"",""
ball,2,13.5,India,Yuvraj Singh,V Sehwag,Junaid Khan,0,0,"",""
ball,2,13.6,India,Yuvraj Singh,V Sehwag,Junaid Khan,0,0,"",""
ball,2,14.1,India,V Sehwag,Yuvraj Singh,Umar Gul,1,0,"",""
ball,2,14.2,India,Yuvraj Singh,V Sehwag,Umar Gul,1,0,"",""
ball,2,14.3,India,V Sehwag,Yuvraj Singh,Umar Gul,0,0,"",""
ball,2,14.4,India,V Sehwag,Yuvraj Singh,Umar Gul,0,0,lbw,V Sehwag
ball,2,14.5,India,SK Raina,Yuvraj Singh,Umar Gul,0,0,"",""
ball,2,14.6,India,SK Raina,Yuvraj Singh,Umar Gul,0,0,"",""
ball,2,15.1,India,Yuvraj Singh,SK Raina,Mohammad Hafeez,1,0,"",""
ball,2,15.2,India,SK Raina,Yuvraj Singh,Mohammad Hafeez,0,0,"",""
ball,2,15.3,India,SK Raina,Yuvraj Singh,Mohammad Hafeez,0,0,"",""
ball,2,15.4,India,SK Raina,Yuvraj Singh,Mohammad Hafeez,0,0,"",""
ball,2,15.5,India,SK Raina,Yuvraj Singh,Mohammad Hafeez,0,0,"",""
ball,2,15.6,India,SK Raina,Yuvraj Singh,Mohammad Hafeez,0,0,"",""
ball,2,16.1,India,Yuvraj Singh,SK Raina,Umar Gul,1,0,"",""
ball,2,16.2,India,SK Raina,Yuvraj Singh,Umar Gul,0,0,"",""
ball,2,16.3,India,SK Raina,Yuvraj Singh,Umar Gul,1,0,"",""
ball,2,16.4,India,Yuvraj Singh,SK Raina,Umar Gul,1,0,"",""
ball,2,16.5,India,SK Raina,Yuvraj Singh,Umar Gul,0,0,"",""
ball,2,16.6,India,SK Raina,Yuvraj Singh,Umar Gul,1,0,"",""
ball,2,17.1,India,SK Raina,Yuvraj Singh,Mohammad Hafeez,1,0,"",""
ball,2,17.2,India,Yuvraj Singh,SK Raina,Mohammad Hafeez,0,0,"",""
ball,2,17.3,India,Yuvraj Singh,SK Raina,Mohammad Hafeez,3,0,"",""
ball,2,17.4,India,SK Raina,Yuvraj Singh,Mohammad Hafeez,0,0,"",""
ball,2,17.5,India,SK Raina,Yuvraj Singh,Mohammad Hafeez,0,0,"",""
ball,2,17.6,India,SK Raina,Yuvraj Singh,Mohammad Hafeez,0,0,"",""
ball,2,18.1,India,Yuvraj Singh,SK Raina,Umar Gul,1,0,"",""
ball,2,18.2,India,SK Raina,Yuvraj Singh,Umar Gul,0,0,"",""
ball,2,18.3,India,SK Raina,Yuvraj Singh,Umar Gul,1,0,"",""
ball,2,18.4,India,Yuvraj Singh,SK Raina,Umar Gul,0,0,"",""
ball,2,18.5,India,Yuvraj Singh,SK Raina,Umar Gul,0,0,caught,Yuvraj Singh
ball,2,18.6,India,MS Dhoni,SK Raina,Umar Gul,0,0,"",""
ball,2,19.1,India,SK Raina,MS Dhoni,Mohammad Hafeez,0,0,"",""
ball,2,19.2,India,SK Raina,MS Dhoni,Mohammad Hafeez,0,0,"",""
ball,2,19.3,India,SK Raina,MS Dhoni,Mohammad Hafeez,0,0,"",""
ball,2,19.4,India,SK Raina,MS Dhoni,Mohammad Hafeez,1,0,"",""
ball,2,19.5,India,MS Dhoni,SK Raina,Mohammad Hafeez,0,0,"",""
ball,2,19.6,India,MS Dhoni,SK Raina,Mohammad Hafeez,0,0,"",""
ball,2,20.1,India,SK Raina,MS Dhoni,Umar Gul,0,0,"",""
ball,2,20.2,India,SK Raina,MS Dhoni,Umar Gul,1,0,"",""
ball,2,20.3,India,MS Dhoni,SK Raina,Umar Gul,1,0,"",""
ball,2,20.4,India,SK Raina,MS Dhoni,Umar Gul,0,0,"",""
ball,2,20.5,India,SK Raina,MS Dhoni,Umar Gul,0,5,"",""
ball,2,20.6,India,SK Raina,MS Dhoni,Umar Gul,0,0,"",""
ball,2,20.7,India,SK Raina,MS Dhoni,Umar Gul,2,0,"",""
ball,2,21.1,India,MS Dhoni,SK Raina,Mohammad Hafeez,0,0,"",""
ball,2,21.2,India,MS Dhoni,SK Raina,Mohammad Hafeez,1,0,"",""
ball,2,21.3,India,SK Raina,MS Dhoni,Mohammad Hafeez,1,0,"",""
ball,2,21.4,India,MS Dhoni,SK Raina,Mohammad Hafeez,0,0,"",""
ball,2,21.5,India,MS Dhoni,SK Raina,Mohammad Hafeez,0,0,"",""
ball,2,21.6,India,MS Dhoni,SK Raina,Mohammad Hafeez,0,0,"",""
ball,2,22.1,India,SK Raina,MS Dhoni,Mohammad Irfan,1,0,"",""
ball,2,22.2,India,MS Dhoni,SK Raina,Mohammad Irfan,0,0,"",""
ball,2,22.3,India,MS Dhoni,SK Raina,Mohammad Irfan,0,0,"",""
ball,2,22.4,India,MS Dhoni,SK Raina,Mohammad Irfan,0,0,"",""
ball,2,22.5,India,MS Dhoni,SK Raina,Mohammad Irfan,1,0,"",""
ball,2,22.6,India,SK Raina,MS Dhoni,Mohammad Irfan,1,0,"",""
ball,2,23.1,India,SK Raina,MS Dhoni,Mohammad Hafeez,0,0,"",""
ball,2,23.2,India,SK Raina,MS Dhoni,Mohammad Hafeez,4,0,"",""
ball,2,23.3,India,SK Raina,MS Dhoni,Mohammad Hafeez,0,0,"",""
ball,2,23.4,India,SK Raina,MS Dhoni,Mohammad Hafeez,0,0,"",""
ball,2,23.5,India,SK Raina,MS Dhoni,Mohammad Hafeez,0,0,"",""
ball,2,23.6,India,SK Raina,MS Dhoni,Mohammad Hafeez,0,0,"",""
ball,2,24.1,India,MS Dhoni,SK Raina,Saeed Ajmal,0,0,"",""
ball,2,24.2,India,MS Dhoni,SK Raina,Saeed Ajmal,1,0,"",""
ball,2,24.3,India,SK Raina,MS Dhoni,Saeed Ajmal,0,0,"",""
ball,2,24.4,India,SK Raina,MS Dhoni,Saeed Ajmal,0,0,"",""
ball,2,24.5,India,SK Raina,MS Dhoni,Saeed Ajmal,1,0,"",""
ball,2,24.6,India,MS Dhoni,SK Raina,Saeed Ajmal,0,0,"",""
ball,2,25.1,India,SK Raina,MS Dhoni,Mohammad Hafeez,1,0,"",""
ball,2,25.2,India,MS Dhoni,SK Raina,Mohammad Hafeez,1,0,"",""
ball,2,25.3,India,SK Raina,MS Dhoni,Mohammad Hafeez,1,0,"",""
ball,2,25.4,India,MS Dhoni,SK Raina,Mohammad Hafeez,1,0,"",""
ball,2,25.5,India,SK Raina,MS Dhoni,Mohammad Hafeez,0,0,"",""
ball,2,25.6,India,SK Raina,MS Dhoni,Mohammad Hafeez,0,0,stumped,SK Raina
ball,2,26.1,India,MS Dhoni,R Ashwin,Saeed Ajmal,0,0,"",""
ball,2,26.2,India,MS Dhoni,R Ashwin,Saeed Ajmal,0,0,"",""
ball,2,26.3,India,MS Dhoni,R Ashwin,Saeed Ajmal,0,0,"",""
ball,2,26.4,India,MS Dhoni,R Ashwin,Saeed Ajmal,1,0,"",""
ball,2,26.5,India,R Ashwin,MS Dhoni,Saeed Ajmal,0,0,"",""
ball,2,26.6,India,R Ashwin,MS Dhoni,Saeed Ajmal,0,0,"",""
ball,2,27.1,India,MS Dhoni,R Ashwin,Mohammad Hafeez,0,0,"",""
ball,2,27.2,India,MS Dhoni,R Ashwin,Mohammad Hafeez,0,0,"",""
ball,2,27.3,India,MS Dhoni,R Ashwin,Mohammad Hafeez,1,0,"",""
ball,2,27.4,India,R Ashwin,MS Dhoni,Mohammad Hafeez,0,0,"",""
ball,2,27.5,India,R Ashwin,MS Dhoni,Mohammad Hafeez,0,0,"",""
ball,2,27.6,India,R Ashwin,MS Dhoni,Mohammad Hafeez,1,0,"",""
ball,2,28.1,India,R Ashwin,MS Dhoni,Saeed Ajmal,0,0,"",""
ball,2,28.2,India,R Ashwin,MS Dhoni,Saeed Ajmal,1,0,"",""
ball,2,28.3,India,MS Dhoni,R Ashwin,Saeed Ajmal,1,0,"",""
ball,2,28.4,India,R Ashwin,MS Dhoni,Saeed Ajmal,0,0,"",""
ball,2,28.5,India,R Ashwin,MS Dhoni,Saeed Ajmal,0,0,"",""
ball,2,28.6,India,R Ashwin,MS Dhoni,Saeed Ajmal,0,0,"",""
ball,2,29.1,India,MS Dhoni,R Ashwin,Mohammad Hafeez,0,0,"",""
ball,2,29.2,India,MS Dhoni,R Ashwin,Mohammad Hafeez,1,0,"",""
ball,2,29.3,India,R Ashwin,MS Dhoni,Mohammad Hafeez,0,0,"",""
ball,2,29.4,India,R Ashwin,MS Dhoni,Mohammad Hafeez,0,0,"",""
ball,2,29.5,India,R Ashwin,MS Dhoni,Mohammad Hafeez,0,0,"",""
ball,2,29.6,India,R Ashwin,MS Dhoni,Mohammad Hafeez,0,0,"",""
ball,2,30.1,India,MS Dhoni,R Ashwin,Saeed Ajmal,1,0,"",""
ball,2,30.2,India,R Ashwin,MS Dhoni,Saeed Ajmal,0,0,"",""
ball,2,30.3,India,R Ashwin,MS Dhoni,Saeed Ajmal,0,0,"",""
ball,2,30.4,India,R Ashwin,MS Dhoni,Saeed Ajmal,0,0,"",""
ball,2,30.5,India,R Ashwin,MS Dhoni,Saeed Ajmal,0,0,"",""
ball,2,30.6,India,R Ashwin,MS Dhoni,Saeed Ajmal,1,0,"",""
ball,2,31.1,India,R Ashwin,MS Dhoni,Shoaib Malik,0,0,"",""
ball,2,31.2,India,R Ashwin,MS Dhoni,Shoaib Malik,0,0,"",""
ball,2,31.3,India,R Ashwin,MS Dhoni,Shoaib Malik,0,0,stumped,R Ashwin
ball,2,31.4,India,RA Jadeja,MS Dhoni,Shoaib Malik,0,0,"",""
ball,2,31.5,India,RA Jadeja,MS Dhoni,Shoaib Malik,0,0,"",""
ball,2,31.6,India,RA Jadeja,MS Dhoni,Shoaib Malik,0,0,"",""
ball,2,32.1,India,MS Dhoni,RA Jadeja,Saeed Ajmal,0,0,"",""
ball,2,32.2,India,MS Dhoni,RA Jadeja,Saeed Ajmal,0,0,"",""
ball,2,32.3,India,MS Dhoni,RA Jadeja,Saeed Ajmal,0,0,"",""
ball,2,32.4,India,MS Dhoni,RA Jadeja,Saeed Ajmal,0,0,"",""
ball,2,32.5,India,MS Dhoni,RA Jadeja,Saeed Ajmal,1,0,"",""
ball,2,32.6,India,RA Jadeja,MS Dhoni,Saeed Ajmal,1,0,"",""
ball,2,33.1,India,RA Jadeja,MS Dhoni,Shoaib Malik,1,0,"",""
ball,2,33.2,India,MS Dhoni,RA Jadeja,Shoaib Malik,0,0,"",""
ball,2,33.3,India,MS Dhoni,RA Jadeja,Shoaib Malik,0,0,"",""
ball,2,33.4,India,MS Dhoni,RA Jadeja,Shoaib Malik,0,0,"",""
ball,2,33.5,India,MS Dhoni,RA Jadeja,Shoaib Malik,0,0,"",""
ball,2,33.6,India,MS Dhoni,RA Jadeja,Shoaib Malik,2,0,"",""
ball,2,34.1,India,RA Jadeja,MS Dhoni,Mohammad Irfan,1,0,"",""
ball,2,34.2,India,MS Dhoni,RA Jadeja,Mohammad Irfan,0,0,"",""
ball,2,34.3,India,MS Dhoni,RA Jadeja,Mohammad Irfan,1,0,"",""
ball,2,34.4,India,RA Jadeja,MS Dhoni,Mohammad Irfan,2,0,"",""
ball,2,34.5,India,RA Jadeja,MS Dhoni,Mohammad Irfan,0,0,"",""
ball,2,34.6,India,RA Jadeja,MS Dhoni,Mohammad Irfan,0,0,"",""
ball,2,35.1,India,MS Dhoni,RA Jadeja,Saeed Ajmal,1,0,"",""
ball,2,35.2,India,RA Jadeja,MS Dhoni,Saeed Ajmal,0,0,"",""
ball,2,35.3,India,RA Jadeja,MS Dhoni,Saeed Ajmal,0,0,"",""
ball,2,35.4,India,RA Jadeja,MS Dhoni,Saeed Ajmal,2,0,"",""
ball,2,35.5,India,RA Jadeja,MS Dhoni,Saeed Ajmal,1,0,"",""
ball,2,35.6,India,MS Dhoni,RA Jadeja,Saeed Ajmal,0,0,"",""
ball,2,36.1,India,RA Jadeja,MS Dhoni,Mohammad Hafeez,1,0,"",""
ball,2,36.2,India,MS Dhoni,RA Jadeja,Mohammad Hafeez,1,0,"",""
ball,2,36.3,India,RA Jadeja,MS Dhoni,Mohammad Hafeez,0,0,"",""
ball,2,36.4,India,RA Jadeja,MS Dhoni,Mohammad Hafeez,1,0,"",""
ball,2,36.5,India,MS Dhoni,RA Jadeja,Mohammad Hafeez,2,0,"",""
ball,2,36.6,India,MS Dhoni,RA Jadeja,Mohammad Hafeez,0,0,"",""
ball,2,37.1,India,RA Jadeja,MS Dhoni,Saeed Ajmal,1,0,"",""
ball,2,37.2,India,MS Dhoni,RA Jadeja,Saeed Ajmal,0,0,"",""
ball,2,37.3,India,MS Dhoni,RA Jadeja,Saeed Ajmal,1,0,"",""
ball,2,37.4,India,RA Jadeja,MS Dhoni,Saeed Ajmal,1,0,"",""
ball,2,37.5,India,MS Dhoni,RA Jadeja,Saeed Ajmal,1,0,"",""
ball,2,37.6,India,RA Jadeja,MS Dhoni,Saeed Ajmal,0,0,"",""
ball,2,38.1,India,MS Dhoni,RA Jadeja,Mohammad Hafeez,1,0,"",""
ball,2,38.2,India,RA Jadeja,MS Dhoni,Mohammad Hafeez,0,0,"",""
ball,2,38.3,India,RA Jadeja,MS Dhoni,Mohammad Hafeez,1,0,"",""
ball,2,38.4,India,MS Dhoni,RA Jadeja,Mohammad Hafeez,2,0,"",""
ball,2,38.5,India,MS Dhoni,RA Jadeja,Mohammad Hafeez,1,0,"",""
ball,2,38.6,India,RA Jadeja,MS Dhoni,Mohammad Hafeez,0,0,"",""
ball,2,39.1,India,MS Dhoni,RA Jadeja,Saeed Ajmal,1,0,"",""
ball,2,39.2,India,RA Jadeja,MS Dhoni,Saeed Ajmal,0,0,caught,RA Jadeja
ball,2,39.3,India,B Kumar,MS Dhoni,Saeed Ajmal,0,0,"",""
ball,2,39.4,India,B Kumar,MS Dhoni,Saeed Ajmal,0,0,lbw,B Kumar
ball,2,39.5,India,AB Dinda,MS Dhoni,Saeed Ajmal,0,0,"",""
ball,2,39.6,India,AB Dinda,MS Dhoni,Saeed Ajmal,0,1,"",""
ball,2,39.7,India,AB Dinda,MS Dhoni,Saeed Ajmal,0,0,lbw,AB Dinda
ball,2,40.1,India,MS Dhoni,I Sharma,Mohammad Irfan,4,0,"",""
ball,2,40.2,India,MS Dhoni,I Sharma,Mohammad Irfan,0,0,"",""
ball,2,40.3,India,MS Dhoni,I Sharma,Mohammad Irfan,0,0,"",""
ball,2,40.4,India,MS Dhoni,I Sharma,Mohammad Irfan,0,0,"",""
ball,2,40.5,India,MS Dhoni,I Sharma,Mohammad Irfan,1,0,"",""
ball,2,40.6,India,I Sharma,MS Dhoni,Mohammad Irfan,0,0,"",""
ball,2,41.1,India,MS Dhoni,I Sharma,Saeed Ajmal,0,0,"",""
ball,2,41.2,India,MS Dhoni,I Sharma,Saeed Ajmal,0,0,"",""
ball,2,41.3,India,MS Dhoni,I Sharma,Saeed Ajmal,0,0,"",""
ball,2,41.4,India,MS Dhoni,I Sharma,Saeed Ajmal,0,0,"",""
ball,2,41.5,India,MS Dhoni,I Sharma,Saeed Ajmal,1,0,"",""
ball,2,41.6,India,I Sharma,MS Dhoni,Saeed Ajmal,0,0,"",""
ball,2,42.1,India,MS Dhoni,I Sharma,Mohammad Irfan,0,0,"",""
ball,2,42.2,India,MS Dhoni,I Sharma,Mohammad Irfan,0,0,"",""
ball,2,42.3,India,MS Dhoni,I Sharma,Mohammad Irfan,0,0,"",""
ball,2,42.4,India,MS Dhoni,I Sharma,Mohammad Irfan,0,0,"",""
ball,2,42.5,India,MS Dhoni,I Sharma,Mohammad Irfan,1,0,"",""
ball,2,42.6,India,I Sharma,MS Dhoni,Mohammad Irfan,0,0,"",""
ball,2,43.1,India,MS Dhoni,I Sharma,Saeed Ajmal,0,0,"",""
ball,2,43.2,India,MS Dhoni,I Sharma,Saeed Ajmal,0,0,"",""
ball,2,43.3,India,MS Dhoni,I Sharma,Saeed Ajmal,0,0,"",""
ball,2,43.4,India,MS Dhoni,I Sharma,Saeed Ajmal,0,0,"",""
ball,2,43.5,India,MS Dhoni,I Sharma,Saeed Ajmal,0,0,"",""
ball,2,43.6,India,MS Dhoni,I Sharma,Saeed Ajmal,0,0,"",""
ball,2,44.1,India,I Sharma,MS Dhoni,Umar Gul,0,0,"",""
ball,2,44.2,India,I Sharma,MS Dhoni,Umar Gul,0,0,"",""
ball,2,44.3,India,I Sharma,MS Dhoni,Umar Gul,0,0,"",""
ball,2,44.4,India,I Sharma,MS Dhoni,Umar Gul,0,0,"",""
ball,2,44.5,India,I Sharma,MS Dhoni,Umar Gul,0,1,"",""
ball,2,44.6,India,I Sharma,MS Dhoni,Umar Gul,2,0,"",""
ball,2,44.7,India,I Sharma,MS Dhoni,Umar Gul,0,0,"",""
ball,2,45.1,India,MS Dhoni,I Sharma,Junaid Khan,6,0,"",""
ball,2,45.2,India,MS Dhoni,I Sharma,Junaid Khan,0,0,"",""
ball,2,45.3,India,MS Dhoni,I Sharma,Junaid Khan,0,0,"",""
ball,2,45.4,India,MS Dhoni,I Sharma,Junaid Khan,0,0,"",""
ball,2,45.5,India,MS Dhoni,I Sharma,Junaid Khan,1,0,"",""
ball,2,45.6,India,I Sharma,MS Dhoni,Junaid Khan,0,0,"",""
ball,2,46.1,India,MS Dhoni,I Sharma,Umar Gul,0,0,"",""
ball,2,46.2,India,MS Dhoni,I Sharma,Umar Gul,0,0,"",""
ball,2,46.3,India,MS Dhoni,I Sharma,Umar Gul,0,1,"",""
ball,2,46.4,India,MS Dhoni,I Sharma,Umar Gul,0,0,"",""
ball,2,46.5,India,MS Dhoni,I Sharma,Umar Gul,0,0,"",""
ball,2,46.6,India,MS Dhoni,I Sharma,Umar Gul,1,0,"",""
ball,2,46.7,India,I Sharma,MS Dhoni,Umar Gul,0,0,"",""
ball,2,47.1,India,MS Dhoni,I Sharma,Junaid Khan,4,0,"",""
ball,2,47.2,India,MS Dhoni,I Sharma,Junaid Khan,0,0,"",""
ball,2,47.3,India,MS Dhoni,I Sharma,Junaid Khan,4,0,"",""
ball,2,47.4,India,MS Dhoni,I Sharma,Junaid Khan,0,1,"",""
ball,2,47.5,India,MS Dhoni,I Sharma,Junaid Khan,4,0,"",""
ball,2,47.6,India,MS Dhoni,I Sharma,Junaid Khan,1,0,"",""
ball,2,47.7,India,I Sharma,MS Dhoni,Junaid Khan,0,0,bowled,I Sharma
