version,1.3.0
info,team,West Indies
info,team,England
info,gender,male
info,season,2013/14
info,date,2014/03/02
info,series,England in West Indies ODI Series
info,match_number,2
info,venue,"Sir Vivian Richards Stadium, North Sound"
info,city,Antigua
info,toss_winner,England
info,toss_decision,field
info,player_of_match,SD Parry
info,umpire,RJ Tucker
info,umpire,JS Wilson
info,reserve_umpire,GO Brathwaite
info,tv_umpire,M Erasmus
info,match_referee,AJ Pycroft
info,winner,England
info,winner_wickets,3
ball,1,0.1,West Indies,DR Smith,KOA Powell,JE Root,0,0,"",""
ball,1,0.2,West Indies,DR Smith,KOA Powell,JE Root,1,0,"",""
ball,1,0.3,West Indies,KOA Powell,DR Smith,JE Root,1,0,"",""
ball,1,0.4,West Indies,DR Smith,KOA Powell,JE Root,0,0,"",""
ball,1,0.5,West Indies,DR Smith,KOA Powell,JE Root,0,0,"",""
ball,1,0.6,West Indies,DR Smith,KOA Powell,JE Root,1,0,"",""
ball,1,1.1,West Indies,DR Smith,KOA Powell,SCJ Broad,0,0,"",""
ball,1,1.2,West Indies,DR Smith,KOA Powell,SCJ Broad,0,0,"",""
ball,1,1.3,West Indies,DR Smith,KOA Powell,SCJ Broad,3,0,"",""
ball,1,1.4,West Indies,KOA Powell,DR Smith,SCJ Broad,0,0,"",""
ball,1,1.5,West Indies,KOA Powell,DR Smith,SCJ Broad,0,0,"",""
ball,1,1.6,West Indies,KOA Powell,DR Smith,SCJ Broad,4,0,"",""
ball,1,2.1,West Indies,DR Smith,KOA Powell,JE Root,0,0,caught,DR Smith
ball,1,2.2,West Indies,KA Edwards,KOA Powell,JE Root,0,0,"",""
ball,1,2.3,West Indies,KA Edwards,KOA Powell,JE Root,0,0,"",""
ball,1,2.4,West Indies,KA Edwards,KOA Powell,JE Root,1,0,"",""
ball,1,2.5,West Indies,KOA Powell,KA Edwards,JE Root,1,0,"",""
ball,1,2.6,West Indies,KA Edwards,KOA Powell,JE Root,0,0,"",""
ball,1,3.1,West Indies,KOA Powell,KA Edwards,SCJ Broad,0,0,"",""
ball,1,3.2,West Indies,KOA Powell,KA Edwards,SCJ Broad,0,0,"",""
ball,1,3.3,West Indies,KOA Powell,KA Edwards,SCJ Broad,0,0,"",""
ball,1,3.4,West Indies,KOA Powell,KA Edwards,SCJ Broad,0,0,"",""
ball,1,3.5,West Indies,KOA Powell,KA Edwards,SCJ Broad,4,0,"",""
ball,1,3.6,West Indies,KOA Powell,KA Edwards,SCJ Broad,0,0,"",""
ball,1,4.1,West Indies,KA Edwards,KOA Powell,JE Root,0,0,"",""
ball,1,4.2,West Indies,KA Edwards,KOA Powell,JE Root,0,0,"",""
ball,1,4.3,West Indies,KA Edwards,KOA Powell,JE Root,2,0,"",""
ball,1,4.4,West Indies,KA Edwards,KOA Powell,JE Root,0,0,"",""
ball,1,4.5,West Indies,KA Edwards,KOA Powell,JE Root,1,0,"",""
ball,1,4.6,West Indies,KOA Powell,KA Edwards,JE Root,1,0,"",""
ball,1,5.1,West Indies,KOA Powell,KA Edwards,MM Ali,1,0,"",""
ball,1,5.2,West Indies,KA Edwards,KOA Powell,MM Ali,0,0,"",""
ball,1,5.3,West Indies,KA Edwards,KOA Powell,MM Ali,0,0,"",""
ball,1,5.4,West Indies,KA Edwards,KOA Powell,MM Ali,0,0,"",""
ball,1,5.5,West Indies,KA Edwards,KOA Powell,MM Ali,0,0,"",""
ball,1,5.6,West Indies,KA Edwards,KOA Powell,MM Ali,0,0,"",""
ball,1,6.1,West Indies,KOA Powell,KA Edwards,JE Root,0,0,"",""
ball,1,6.2,West Indies,KOA Powell,KA Edwards,JE Root,0,0,"",""
ball,1,6.3,West Indies,KOA Powell,KA Edwards,JE Root,1,0,"",""
ball,1,6.4,West Indies,KA Edwards,KOA Powell,JE Root,0,0,"",""
ball,1,6.5,West Indies,KA Edwards,KOA Powell,JE Root,1,0,"",""
ball,1,6.6,West Indies,KOA Powell,KA Edwards,JE Root,1,0,"",""
ball,1,7.1,West Indies,KOA Powell,KA Edwards,MM Ali,1,0,"",""
ball,1,7.2,West Indies,KA Edwards,KOA Powell,MM Ali,2,0,"",""
ball,1,7.3,West Indies,KA Edwards,KOA Powell,MM Ali,1,0,"",""
ball,1,7.4,West Indies,KOA Powell,KA Edwards,MM Ali,1,0,"",""
ball,1,7.5,West Indies,KA Edwards,KOA Powell,MM Ali,1,0,"",""
ball,1,7.6,West Indies,KOA Powell,KA Edwards,MM Ali,0,0,caught and bowled,KOA Powell
ball,1,8.1,West Indies,KA Edwards,DM Bravo,JE Root,0,0,"",""
ball,1,8.2,West Indies,KA Edwards,DM Bravo,JE Root,0,0,caught,KA Edwards
ball,1,8.3,West Indies,LMP Simmons,DM Bravo,JE Root,0,0,"",""
ball,1,8.4,West Indies,LMP Simmons,DM Bravo,JE Root,0,0,"",""
ball,1,8.5,West Indies,LMP Simmons,DM Bravo,JE Root,2,0,"",""
ball,1,8.6,West Indies,LMP Simmons,DM Bravo,JE Root,1,0,"",""
ball,1,9.1,West Indies,LMP Simmons,DM Bravo,MM Ali,0,0,"",""
ball,1,9.2,West Indies,LMP Simmons,DM Bravo,MM Ali,4,0,"",""
ball,1,9.3,West Indies,LMP Simmons,DM Bravo,MM Ali,0,0,"",""
ball,1,9.4,West Indies,LMP Simmons,DM Bravo,MM Ali,0,0,"",""
ball,1,9.5,West Indies,LMP Simmons,DM Bravo,MM Ali,0,0,"",""
ball,1,9.6,West Indies,LMP Simmons,DM Bravo,MM Ali,0,0,"",""
ball,1,10.1,West Indies,DM Bravo,LMP Simmons,JC Tredwell,0,0,"",""
ball,1,10.2,West Indies,DM Bravo,LMP Simmons,JC Tredwell,0,0,"",""
ball,1,10.3,West Indies,DM Bravo,LMP Simmons,JC Tredwell,0,0,"",""
ball,1,10.4,West Indies,DM Bravo,LMP Simmons,JC Tredwell,0,0,"",""
ball,1,10.5,West Indies,DM Bravo,LMP Simmons,JC Tredwell,0,0,"",""
ball,1,10.6,West Indies,DM Bravo,LMP Simmons,JC Tredwell,0,0,"",""
ball,1,11.1,West Indies,LMP Simmons,DM Bravo,SD Parry,0,0,"",""
ball,1,11.2,West Indies,LMP Simmons,DM Bravo,SD Parry,1,0,"",""
ball,1,11.3,West Indies,DM Bravo,LMP Simmons,SD Parry,1,0,"",""
ball,1,11.4,West Indies,LMP Simmons,DM Bravo,SD Parry,1,0,"",""
ball,1,11.5,West Indies,DM Bravo,LMP Simmons,SD Parry,0,0,"",""
ball,1,11.6,West Indies,DM Bravo,LMP Simmons,SD Parry,1,0,"",""
ball,1,12.1,West Indies,DM Bravo,LMP Simmons,JC Tredwell,0,0,"",""
ball,1,12.2,West Indies,DM Bravo,LMP Simmons,JC Tredwell,0,0,"",""
ball,1,12.3,West Indies,DM Bravo,LMP Simmons,JC Tredwell,2,0,"",""
ball,1,12.4,West Indies,DM Bravo,LMP Simmons,JC Tredwell,0,0,"",""
ball,1,12.5,West Indies,DM Bravo,LMP Simmons,JC Tredwell,0,0,"",""
ball,1,12.6,West Indies,DM Bravo,LMP Simmons,JC Tredwell,0,0,"",""
ball,1,13.1,West Indies,LMP Simmons,DM Bravo,SD Parry,0,0,"",""
ball,1,13.2,West Indies,LMP Simmons,DM Bravo,SD Parry,0,0,"",""
ball,1,13.3,West Indies,LMP Simmons,DM Bravo,SD Parry,0,0,"",""
ball,1,13.4,West Indies,LMP Simmons,DM Bravo,SD Parry,1,0,"",""
ball,1,13.5,West Indies,DM Bravo,LMP Simmons,SD Parry,1,0,"",""
ball,1,13.6,West Indies,LMP Simmons,DM Bravo,SD Parry,1,0,"",""
ball,1,14.1,West Indies,LMP Simmons,DM Bravo,JC Tredwell,0,0,"",""
ball,1,14.2,West Indies,LMP Simmons,DM Bravo,JC Tredwell,4,0,"",""
ball,1,14.3,West Indies,LMP Simmons,DM Bravo,JC Tredwell,3,0,"",""
ball,1,14.4,West Indies,DM Bravo,LMP Simmons,JC Tredwell,6,0,"",""
ball,1,14.5,West Indies,DM Bravo,LMP Simmons,JC Tredwell,0,0,"",""
ball,1,14.6,West Indies,DM Bravo,LMP Simmons,JC Tredwell,0,0,"",""
ball,1,15.1,West Indies,LMP Simmons,DM Bravo,SD Parry,4,0,"",""
ball,1,15.2,West Indies,LMP Simmons,DM Bravo,SD Parry,0,0,"",""
ball,1,15.3,West Indies,LMP Simmons,DM Bravo,SD Parry,0,0,"",""
ball,1,15.4,West Indies,LMP Simmons,DM Bravo,SD Parry,0,0,"",""
ball,1,15.5,West Indies,LMP Simmons,DM Bravo,SD Parry,0,0,"",""
ball,1,15.6,West Indies,LMP Simmons,DM Bravo,SD Parry,0,0,"",""
ball,1,16.1,West Indies,DM Bravo,LMP Simmons,JC Tredwell,0,0,"",""
ball,1,16.2,West Indies,DM Bravo,LMP Simmons,JC Tredwell,0,2,"",""
ball,1,16.3,West Indies,LMP Simmons,DM Bravo,JC Tredwell,0,0,"",""
ball,1,16.4,West Indies,LMP Simmons,DM Bravo,JC Tredwell,1,0,"",""
ball,1,16.5,West Indies,DM Bravo,LMP Simmons,JC Tredwell,1,0,"",""
ball,1,16.6,West Indies,LMP Simmons,DM Bravo,JC Tredwell,1,0,"",""
ball,1,16.7,West Indies,DM Bravo,LMP Simmons,JC Tredwell,0,0,"",""
ball,1,17.1,West Indies,LMP Simmons,DM Bravo,SD Parry,0,0,"",""
ball,1,17.2,West Indies,LMP Simmons,DM Bravo,SD Parry,0,0,"",""
ball,1,17.3,West Indies,LMP Simmons,DM Bravo,SD Parry,0,0,"",""
ball,1,17.4,West Indies,LMP Simmons,DM Bravo,SD Parry,0,0,"",""
ball,1,17.5,West Indies,LMP Simmons,DM Bravo,SD Parry,0,0,"",""
ball,1,17.6,West Indies,LMP Simmons,DM Bravo,SD Parry,0,0,"",""
ball,1,18.1,West Indies,DM Bravo,LMP Simmons,JC Tredwell,0,0,"",""
ball,1,18.2,West Indies,DM Bravo,LMP Simmons,JC Tredwell,0,0,"",""
ball,1,18.3,West Indies,DM Bravo,LMP Simmons,JC Tredwell,0,0,"",""
ball,1,18.4,West Indies,DM Bravo,LMP Simmons,JC Tredwell,0,1,"",""
ball,1,18.5,West Indies,LMP Simmons,DM Bravo,JC Tredwell,0,0,"",""
ball,1,18.6,West Indies,LMP Simmons,DM Bravo,JC Tredwell,0,0,"",""
ball,1,19.1,West Indies,DM Bravo,LMP Simmons,SD Parry,1,0,"",""
ball,1,19.2,West Indies,LMP Simmons,DM Bravo,SD Parry,1,0,"",""
ball,1,19.3,West Indies,DM Bravo,LMP Simmons,SD Parry,0,0,"",""
ball,1,19.4,West Indies,DM Bravo,LMP Simmons,SD Parry,0,0,"",""
ball,1,19.5,West Indies,DM Bravo,LMP Simmons,SD Parry,0,0,"",""
ball,1,19.6,West Indies,DM Bravo,LMP Simmons,SD Parry,0,0,"",""
ball,1,20.1,West Indies,LMP Simmons,DM Bravo,SCJ Broad,0,0,"",""
ball,1,20.2,West Indies,LMP Simmons,DM Bravo,SCJ Broad,0,0,"",""
ball,1,20.3,West Indies,LMP Simmons,DM Bravo,SCJ Broad,0,1,"",""
ball,1,20.4,West Indies,LMP Simmons,DM Bravo,SCJ Broad,0,0,"",""
ball,1,20.5,West Indies,LMP Simmons,DM Bravo,SCJ Broad,0,0,"",""
ball,1,20.6,West Indies,LMP Simmons,DM Bravo,SCJ Broad,0,0,"",""
ball,1,20.7,West Indies,LMP Simmons,DM Bravo,SCJ Broad,1,0,"",""
ball,1,21.1,West Indies,LMP Simmons,DM Bravo,TT Bresnan,2,0,"",""
ball,1,21.2,West Indies,LMP Simmons,DM Bravo,TT Bresnan,0,0,"",""
ball,1,21.3,West Indies,LMP Simmons,DM Bravo,TT Bresnan,4,0,"",""
ball,1,21.4,West Indies,LMP Simmons,DM Bravo,TT Bresnan,0,0,"",""
ball,1,21.5,West Indies,LMP Simmons,DM Bravo,TT Bresnan,0,0,"",""
ball,1,21.6,West Indies,LMP Simmons,DM Bravo,TT Bresnan,1,0,"",""
ball,1,22.1,West Indies,LMP Simmons,DM Bravo,SCJ Broad,1,0,"",""
ball,1,22.2,West Indies,DM Bravo,LMP Simmons,SCJ Broad,0,0,"",""
ball,1,22.3,West Indies,DM Bravo,LMP Simmons,SCJ Broad,0,0,"",""
ball,1,22.4,West Indies,DM Bravo,LMP Simmons,SCJ Broad,0,0,bowled,DM Bravo
ball,1,22.5,West Indies,DJ Bravo,LMP Simmons,SCJ Broad,0,0,"",""
ball,1,22.6,West Indies,DJ Bravo,LMP Simmons,SCJ Broad,0,0,"",""
ball,1,23.1,West Indies,LMP Simmons,DJ Bravo,TT Bresnan,0,0,"",""
ball,1,23.2,West Indies,LMP Simmons,DJ Bravo,TT Bresnan,1,0,"",""
ball,1,23.3,West Indies,DJ Bravo,LMP Simmons,TT Bresnan,1,0,"",""
ball,1,23.4,West Indies,LMP Simmons,DJ Bravo,TT Bresnan,0,0,"",""
ball,1,23.5,West Indies,LMP Simmons,DJ Bravo,TT Bresnan,0,0,"",""
ball,1,23.6,West Indies,LMP Simmons,DJ Bravo,TT Bresnan,0,0,"",""
ball,1,24.1,West Indies,DJ Bravo,LMP Simmons,SCJ Broad,0,0,"",""
ball,1,24.2,West Indies,DJ Bravo,LMP Simmons,SCJ Broad,0,0,"",""
ball,1,24.3,West Indies,DJ Bravo,LMP Simmons,SCJ Broad,0,0,"",""
ball,1,24.4,West Indies,DJ Bravo,LMP Simmons,SCJ Broad,1,0,"",""
ball,1,24.5,West Indies,LMP Simmons,DJ Bravo,SCJ Broad,1,0,"",""
ball,1,24.6,West Indies,DJ Bravo,LMP Simmons,SCJ Broad,0,0,"",""
ball,1,25.1,West Indies,LMP Simmons,DJ Bravo,TT Bresnan,1,0,"",""
ball,1,25.2,West Indies,DJ Bravo,LMP Simmons,TT Bresnan,1,0,"",""
ball,1,25.3,West Indies,LMP Simmons,DJ Bravo,TT Bresnan,1,0,"",""
ball,1,25.4,West Indies,DJ Bravo,LMP Simmons,TT Bresnan,0,0,"",""
ball,1,25.5,West Indies,DJ Bravo,LMP Simmons,TT Bresnan,1,0,"",""
ball,1,25.6,West Indies,LMP Simmons,DJ Bravo,TT Bresnan,0,0,"",""
ball,1,26.1,West Indies,DJ Bravo,LMP Simmons,SCJ Broad,0,0,"",""
ball,1,26.2,West Indies,DJ Bravo,LMP Simmons,SCJ Broad,0,0,"",""
ball,1,26.3,West Indies,DJ Bravo,LMP Simmons,SCJ Broad,1,0,"",""
ball,1,26.4,West Indies,LMP Simmons,DJ Bravo,SCJ Broad,0,0,"",""
ball,1,26.5,West Indies,LMP Simmons,DJ Bravo,SCJ Broad,0,0,"",""
ball,1,26.6,West Indies,LMP Simmons,DJ Bravo,SCJ Broad,1,0,"",""
ball,1,27.1,West Indies,LMP Simmons,DJ Bravo,RS Bopara,0,0,"",""
ball,1,27.2,West Indies,LMP Simmons,DJ Bravo,RS Bopara,0,0,"",""
ball,1,27.3,West Indies,LMP Simmons,DJ Bravo,RS Bopara,2,0,"",""
ball,1,27.4,West Indies,LMP Simmons,DJ Bravo,RS Bopara,2,0,"",""
ball,1,27.5,West Indies,LMP Simmons,DJ Bravo,RS Bopara,0,0,"",""
ball,1,27.6,West Indies,LMP Simmons,DJ Bravo,RS Bopara,0,0,"",""
ball,1,28.1,West Indies,DJ Bravo,LMP Simmons,JC Tredwell,0,0,"",""
ball,1,28.2,West Indies,DJ Bravo,LMP Simmons,JC Tredwell,0,0,"",""
ball,1,28.3,West Indies,DJ Bravo,LMP Simmons,JC Tredwell,1,0,"",""
ball,1,28.4,West Indies,LMP Simmons,DJ Bravo,JC Tredwell,1,0,"",""
ball,1,28.5,West Indies,DJ Bravo,LMP Simmons,JC Tredwell,1,0,"",""
ball,1,28.6,West Indies,LMP Simmons,DJ Bravo,JC Tredwell,0,0,"",""
ball,1,29.1,West Indies,DJ Bravo,LMP Simmons,RS Bopara,0,0,"",""
ball,1,29.2,West Indies,DJ Bravo,LMP Simmons,RS Bopara,0,1,"",""
ball,1,29.3,West Indies,LMP Simmons,DJ Bravo,RS Bopara,0,0,"",""
ball,1,29.4,West Indies,LMP Simmons,DJ Bravo,RS Bopara,1,0,"",""
ball,1,29.5,West Indies,DJ Bravo,LMP Simmons,RS Bopara,1,0,"",""
ball,1,29.6,West Indies,LMP Simmons,DJ Bravo,RS Bopara,0,0,"",""
ball,1,30.1,West Indies,DJ Bravo,LMP Simmons,JC Tredwell,1,0,"",""
ball,1,30.2,West Indies,LMP Simmons,DJ Bravo,JC Tredwell,0,0,"",""
ball,1,30.3,West Indies,LMP Simmons,DJ Bravo,JC Tredwell,0,0,"",""
ball,1,30.4,West Indies,LMP Simmons,DJ Bravo,JC Tredwell,1,0,"",""
ball,1,30.5,West Indies,DJ Bravo,LMP Simmons,JC Tredwell,1,0,"",""
ball,1,30.6,West Indies,LMP Simmons,DJ Bravo,JC Tredwell,0,0,"",""
ball,1,31.1,West Indies,DJ Bravo,LMP Simmons,BA Stokes,0,1,"",""
ball,1,31.2,West Indies,DJ Bravo,LMP Simmons,BA Stokes,0,0,"",""
ball,1,31.3,West Indies,DJ Bravo,LMP Simmons,BA Stokes,4,0,"",""
ball,1,31.4,West Indies,DJ Bravo,LMP Simmons,BA Stokes,0,2,"",""
ball,1,31.5,West Indies,DJ Bravo,LMP Simmons,BA Stokes,0,0,"",""
ball,1,31.6,West Indies,DJ Bravo,LMP Simmons,BA Stokes,0,0,"",""
ball,1,31.7,West Indies,DJ Bravo,LMP Simmons,BA Stokes,1,0,"",""
ball,1,32.1,West Indies,DJ Bravo,LMP Simmons,JC Tredwell,1,0,"",""
ball,1,32.2,West Indies,LMP Simmons,DJ Bravo,JC Tredwell,1,0,"",""
ball,1,32.3,West Indies,DJ Bravo,LMP Simmons,JC Tredwell,1,0,"",""
ball,1,32.4,West Indies,LMP Simmons,DJ Bravo,JC Tredwell,2,0,"",""
ball,1,32.5,West Indies,LMP Simmons,DJ Bravo,JC Tredwell,0,0,"",""
ball,1,32.6,West Indies,LMP Simmons,DJ Bravo,JC Tredwell,1,0,"",""
ball,1,33.1,West Indies,LMP Simmons,DJ Bravo,BA Stokes,1,0,"",""
ball,1,33.2,West Indies,DJ Bravo,LMP Simmons,BA Stokes,1,0,"",""
ball,1,33.3,West Indies,LMP Simmons,DJ Bravo,BA Stokes,1,0,"",""
ball,1,33.4,West Indies,DJ Bravo,LMP Simmons,BA Stokes,0,1,"",""
ball,1,33.5,West Indies,DJ Bravo,LMP Simmons,BA Stokes,1,0,"",""
ball,1,33.6,West Indies,LMP Simmons,DJ Bravo,BA Stokes,1,0,"",""
ball,1,33.7,West Indies,DJ Bravo,LMP Simmons,BA Stokes,1,0,"",""
ball,1,34.1,West Indies,DJ Bravo,LMP Simmons,JC Tredwell,0,0,"",""
ball,1,34.2,West Indies,DJ Bravo,LMP Simmons,JC Tredwell,0,0,"",""
ball,1,34.3,West Indies,DJ Bravo,LMP Simmons,JC Tredwell,0,1,"",""
ball,1,34.4,West Indies,LMP Simmons,DJ Bravo,JC Tredwell,6,0,"",""
ball,1,34.5,West Indies,LMP Simmons,DJ Bravo,JC Tredwell,1,0,"",""
ball,1,34.6,West Indies,DJ Bravo,LMP Simmons,JC Tredwell,0,0,stumped,DJ Bravo
ball,1,35.1,West Indies,LMP Simmons,DJG Sammy,SD Parry,1,0,"",""
ball,1,35.2,West Indies,DJG Sammy,LMP Simmons,SD Parry,0,0,"",""
ball,1,35.3,West Indies,DJG Sammy,LMP Simmons,SD Parry,1,0,"",""
ball,1,35.4,West Indies,LMP Simmons,DJG Sammy,SD Parry,1,0,"",""
ball,1,35.5,West Indies,DJG Sammy,LMP Simmons,SD Parry,0,0,"",""
ball,1,35.6,West Indies,DJG Sammy,LMP Simmons,SD Parry,0,0,"",""
ball,1,36.1,West Indies,LMP Simmons,DJG Sammy,SCJ Broad,1,0,"",""
ball,1,36.2,West Indies,DJG Sammy,LMP Simmons,SCJ Broad,1,0,"",""
ball,1,36.3,West Indies,LMP Simmons,DJG Sammy,SCJ Broad,0,0,"",""
ball,1,36.4,West Indies,LMP Simmons,DJG Sammy,SCJ Broad,1,0,"",""
ball,1,36.5,West Indies,DJG Sammy,LMP Simmons,SCJ Broad,0,0,"",""
ball,1,36.6,West Indies,DJG Sammy,LMP Simmons,SCJ Broad,0,0,"",""
ball,1,37.1,West Indies,LMP Simmons,DJG Sammy,SD Parry,0,0,"",""
ball,1,37.2,West Indies,LMP Simmons,DJG Sammy,SD Parry,0,0,"",""
ball,1,37.3,West Indies,LMP Simmons,DJG Sammy,SD Parry,0,0,"",""
ball,1,37.4,West Indies,LMP Simmons,DJG Sammy,SD Parry,6,0,"",""
ball,1,37.5,West Indies,LMP Simmons,DJG Sammy,SD Parry,0,0,caught,LMP Simmons
ball,1,37.6,West Indies,DJG Sammy,D Ramdin,SD Parry,0,0,"",""
ball,1,38.1,West Indies,D Ramdin,DJG Sammy,SCJ Broad,4,0,"",""
ball,1,38.2,West Indies,D Ramdin,DJG Sammy,SCJ Broad,0,0,"",""
ball,1,38.3,West Indies,D Ramdin,DJG Sammy,SCJ Broad,0,0,"",""
ball,1,38.4,West Indies,D Ramdin,DJG Sammy,SCJ Broad,0,0,"",""
ball,1,38.5,West Indies,D Ramdin,DJG Sammy,SCJ Broad,0,0,"",""
ball,1,38.6,West Indies,D Ramdin,DJG Sammy,SCJ Broad,0,0,"",""
ball,1,39.1,West Indies,DJG Sammy,D Ramdin,SD Parry,1,0,"",""
ball,1,39.2,West Indies,D Ramdin,DJG Sammy,SD Parry,0,0,"",""
ball,1,39.3,West Indies,D Ramdin,DJG Sammy,SD Parry,1,0,"",""
ball,1,39.4,West Indies,DJG Sammy,D Ramdin,SD Parry,0,0,"",""
ball,1,39.5,West Indies,DJG Sammy,D Ramdin,SD Parry,0,0,"",""
ball,1,39.6,West Indies,DJG Sammy,D Ramdin,SD Parry,0,0,"",""
ball,1,40.1,West Indies,D Ramdin,DJG Sammy,TT Bresnan,0,0,"",""
ball,1,40.2,West Indies,D Ramdin,DJG Sammy,TT Bresnan,0,0,bowled,D Ramdin
ball,1,40.3,West Indies,NO Miller,DJG Sammy,TT Bresnan,0,0,"",""
ball,1,40.4,West Indies,NO Miller,DJG Sammy,TT Bresnan,0,0,"",""
ball,1,40.5,West Indies,NO Miller,DJG Sammy,TT Bresnan,0,0,"",""
ball,1,40.6,West Indies,NO Miller,DJG Sammy,TT Bresnan,0,0,"",""
ball,1,41.1,West Indies,DJG Sammy,NO Miller,SD Parry,0,0,caught,DJG Sammy
ball,1,41.2,West Indies,SP Narine,NO Miller,SD Parry,0,0,"",""
ball,1,41.3,West Indies,SP Narine,NO Miller,SD Parry,0,0,"",""
ball,1,41.4,West Indies,SP Narine,NO Miller,SD Parry,0,0,"",""
ball,1,41.5,West Indies,SP Narine,NO Miller,SD Parry,4,0,"",""
ball,1,41.6,West Indies,SP Narine,NO Miller,SD Parry,0,0,stumped,SP Narine
ball,1,42.1,West Indies,NO Miller,R Rampaul,TT Bresnan,0,0,"",""
ball,1,42.2,West Indies,NO Miller,R Rampaul,TT Bresnan,0,0,"",""
ball,1,42.3,West Indies,NO Miller,R Rampaul,TT Bresnan,0,0,"",""
ball,1,42.4,West Indies,NO Miller,R Rampaul,TT Bresnan,0,0,"",""
ball,1,42.5,West Indies,NO Miller,R Rampaul,TT Bresnan,0,0,"",""
ball,1,42.6,West Indies,NO Miller,R Rampaul,TT Bresnan,0,0,"",""
ball,1,43.1,West Indies,R Rampaul,NO Miller,SD Parry,0,0,"",""
ball,1,43.2,West Indies,R Rampaul,NO Miller,SD Parry,0,1,"",""
ball,1,43.3,West Indies,R Rampaul,NO Miller,SD Parry,0,0,"",""
ball,1,43.4,West Indies,R Rampaul,NO Miller,SD Parry,1,0,"",""
ball,1,43.5,West Indies,NO Miller,R Rampaul,SD Parry,0,0,"",""
ball,1,43.6,West Indies,NO Miller,R Rampaul,SD Parry,0,0,"",""
ball,1,43.7,West Indies,NO Miller,R Rampaul,SD Parry,2,0,"",""
ball,1,44.1,West Indies,R Rampaul,NO Miller,JC Tredwell,0,0,"",""
ball,1,44.2,West Indies,R Rampaul,NO Miller,JC Tredwell,0,0,caught,R Rampaul
ball,2,0.1,England,MJ Lumb,MM Ali,DJ Bravo,0,0,"",""
ball,2,0.2,England,MJ Lumb,MM Ali,DJ Bravo,0,0,"",""
ball,2,0.3,England,MJ Lumb,MM Ali,DJ Bravo,4,0,"",""
ball,2,0.4,England,MJ Lumb,MM Ali,DJ Bravo,0,0,"",""
ball,2,0.5,England,MJ Lumb,MM Ali,DJ Bravo,0,0,"",""
ball,2,0.6,England,MJ Lumb,MM Ali,DJ Bravo,0,0,"",""
ball,2,1.1,England,MM Ali,MJ Lumb,R Rampaul,1,0,"",""
ball,2,1.2,England,MJ Lumb,MM Ali,R Rampaul,0,0,"",""
ball,2,1.3,England,MJ Lumb,MM Ali,R Rampaul,0,0,"",""
ball,2,1.4,England,MJ Lumb,MM Ali,R Rampaul,2,0,"",""
ball,2,1.5,England,MJ Lumb,MM Ali,R Rampaul,0,0,"",""
ball,2,1.6,England,MJ Lumb,MM Ali,R Rampaul,0,0,"",""
ball,2,2.1,England,MM Ali,MJ Lumb,DJ Bravo,0,4,"",""
ball,2,2.2,England,MM Ali,MJ Lumb,DJ Bravo,0,0,"",""
ball,2,2.3,England,MM Ali,MJ Lumb,DJ Bravo,0,0,"",""
ball,2,2.4,England,MM Ali,MJ Lumb,DJ Bravo,0,0,"",""
ball,2,2.5,England,MM Ali,MJ Lumb,DJ Bravo,0,0,"",""
ball,2,2.6,England,MM Ali,MJ Lumb,DJ Bravo,4,0,"",""
ball,2,3.1,England,MJ Lumb,MM Ali,R Rampaul,0,0,"",""
ball,2,3.2,England,MJ Lumb,MM Ali,R Rampaul,0,0,"",""
ball,2,3.3,England,MJ Lumb,MM Ali,R Rampaul,1,0,"",""
ball,2,3.4,England,MM Ali,MJ Lumb,R Rampaul,0,0,"",""
ball,2,3.5,England,MM Ali,MJ Lumb,R Rampaul,2,0,"",""
ball,2,3.6,England,MM Ali,MJ Lumb,R Rampaul,0,0,"",""
ball,2,4.1,England,MJ Lumb,MM Ali,DJ Bravo,0,0,"",""
ball,2,4.2,England,MJ Lumb,MM Ali,DJ Bravo,1,0,"",""
ball,2,4.3,England,MM Ali,MJ Lumb,DJ Bravo,0,0,"",""
ball,2,4.4,England,MM Ali,MJ Lumb,DJ Bravo,1,0,"",""
ball,2,4.5,England,MJ Lumb,MM Ali,DJ Bravo,2,0,"",""
ball,2,4.6,England,MJ Lumb,MM Ali,DJ Bravo,1,0,"",""
ball,2,5.1,England,MJ Lumb,MM Ali,SP Narine,0,0,"",""
ball,2,5.2,England,MJ Lumb,MM Ali,SP Narine,0,0,"",""
ball,2,5.3,England,MJ Lumb,MM Ali,SP Narine,1,0,"",""
ball,2,5.4,England,MM Ali,MJ Lumb,SP Narine,0,0,"",""
ball,2,5.5,England,MM Ali,MJ Lumb,SP Narine,0,0,"",""
ball,2,5.6,England,MM Ali,MJ Lumb,SP Narine,2,0,"",""
ball,2,6.1,England,MJ Lumb,MM Ali,R Rampaul,0,0,"",""
ball,2,6.2,England,MJ Lumb,MM Ali,R Rampaul,0,0,"",""
ball,2,6.3,England,MJ Lumb,MM Ali,R Rampaul,2,0,"",""
ball,2,6.4,England,MJ Lumb,MM Ali,R Rampaul,1,0,"",""
ball,2,6.5,England,MM Ali,MJ Lumb,R Rampaul,0,0,caught,MM Ali
ball,2,6.6,England,LJ Wright,MJ Lumb,R Rampaul,0,0,"",""
ball,2,7.1,England,MJ Lumb,LJ Wright,SP Narine,0,0,"",""
ball,2,7.2,England,MJ Lumb,LJ Wright,SP Narine,1,0,"",""
ball,2,7.3,England,LJ Wright,MJ Lumb,SP Narine,0,0,"",""
ball,2,7.4,England,LJ Wright,MJ Lumb,SP Narine,0,0,"",""
ball,2,7.5,England,LJ Wright,MJ Lumb,SP Narine,0,0,"",""
ball,2,7.6,England,LJ Wright,MJ Lumb,SP Narine,0,0,bowled,LJ Wright
ball,2,8.1,England,MJ Lumb,JE Root,R Rampaul,3,0,"",""
ball,2,8.2,England,JE Root,MJ Lumb,R Rampaul,0,0,"",""
ball,2,8.3,England,JE Root,MJ Lumb,R Rampaul,0,0,"",""
ball,2,8.4,England,JE Root,MJ Lumb,R Rampaul,1,0,"",""
ball,2,8.5,England,MJ Lumb,JE Root,R Rampaul,0,0,"",""
ball,2,8.6,England,MJ Lumb,JE Root,R Rampaul,4,0,"",""
ball,2,9.1,England,JE Root,MJ Lumb,SP Narine,0,0,"",""
ball,2,9.2,England,JE Root,MJ Lumb,SP Narine,0,0,"",""
ball,2,9.3,England,JE Root,MJ Lumb,SP Narine,1,0,"",""
ball,2,9.4,England,MJ Lumb,JE Root,SP Narine,0,0,"",""
ball,2,9.5,England,MJ Lumb,JE Root,SP Narine,0,0,"",""
ball,2,9.6,England,MJ Lumb,JE Root,SP Narine,0,0,"",""
ball,2,10.1,England,JE Root,MJ Lumb,NO Miller,1,0,"",""
ball,2,10.2,England,MJ Lumb,JE Root,NO Miller,0,0,"",""
ball,2,10.3,England,MJ Lumb,JE Root,NO Miller,0,0,"",""
ball,2,10.4,England,MJ Lumb,JE Root,NO Miller,0,0,"",""
ball,2,10.5,England,MJ Lumb,JE Root,NO Miller,1,0,"",""
ball,2,10.6,England,JE Root,MJ Lumb,NO Miller,1,0,"",""
ball,2,11.1,England,JE Root,MJ Lumb,SP Narine,0,0,"",""
ball,2,11.2,England,JE Root,MJ Lumb,SP Narine,0,0,"",""
ball,2,11.3,England,JE Root,MJ Lumb,SP Narine,0,0,"",""
ball,2,11.4,England,JE Root,MJ Lumb,SP Narine,0,0,"",""
ball,2,11.5,England,JE Root,MJ Lumb,SP Narine,1,0,"",""
ball,2,11.6,England,MJ Lumb,JE Root,SP Narine,0,0,"",""
ball,2,12.1,England,JE Root,MJ Lumb,NO Miller,0,0,"",""
ball,2,12.2,England,JE Root,MJ Lumb,NO Miller,0,0,"",""
ball,2,12.3,England,JE Root,MJ Lumb,NO Miller,0,0,"",""
ball,2,12.4,England,JE Root,MJ Lumb,NO Miller,0,0,"",""
ball,2,12.5,England,JE Root,MJ Lumb,NO Miller,1,0,"",""
ball,2,12.6,England,MJ Lumb,JE Root,NO Miller,1,0,"",""
ball,2,13.1,England,MJ Lumb,JE Root,SP Narine,0,1,"",""
ball,2,13.2,England,MJ Lumb,JE Root,SP Narine,0,0,"",""
ball,2,13.3,England,MJ Lumb,JE Root,SP Narine,1,0,"",""
ball,2,13.4,England,JE Root,MJ Lumb,SP Narine,0,0,"",""
ball,2,13.5,England,JE Root,MJ Lumb,SP Narine,0,0,"",""
ball,2,13.6,England,JE Root,MJ Lumb,SP Narine,1,0,"",""
ball,2,13.7,England,MJ Lumb,JE Root,SP Narine,0,0,"",""
ball,2,14.1,England,JE Root,MJ Lumb,NO Miller,1,0,"",""
ball,2,14.2,England,MJ Lumb,JE Root,NO Miller,0,0,"",""
ball,2,14.3,England,MJ Lumb,JE Root,NO Miller,1,0,"",""
ball,2,14.4,England,JE Root,MJ Lumb,NO Miller,1,0,"",""
ball,2,14.5,England,MJ Lumb,JE Root,NO Miller,4,0,"",""
ball,2,14.6,England,MJ Lumb,JE Root,NO Miller,0,0,"",""
ball,2,15.1,England,JE Root,MJ Lumb,SP Narine,0,0,"",""
ball,2,15.2,England,JE Root,MJ Lumb,SP Narine,0,0,"",""
ball,2,15.3,England,JE Root,MJ Lumb,SP Narine,0,0,"",""
ball,2,15.4,England,JE Root,MJ Lumb,SP Narine,4,0,"",""
ball,2,15.5,England,JE Root,MJ Lumb,SP Narine,1,0,"",""
ball,2,15.6,England,MJ Lumb,JE Root,SP Narine,0,0,"",""
ball,2,16.1,England,JE Root,MJ Lumb,NO Miller,0,0,"",""
ball,2,16.2,England,JE Root,MJ Lumb,NO Miller,1,0,"",""
ball,2,16.3,England,MJ Lumb,JE Root,NO Miller,1,0,"",""
ball,2,16.4,England,JE Root,MJ Lumb,NO Miller,4,0,"",""
ball,2,16.5,England,JE Root,MJ Lumb,NO Miller,0,0,"",""
ball,2,16.6,England,JE Root,MJ Lumb,NO Miller,0,0,"",""
ball,2,17.1,England,MJ Lumb,JE Root,DJ Bravo,0,0,"",""
ball,2,17.2,England,MJ Lumb,JE Root,DJ Bravo,3,0,"",""
ball,2,17.3,England,JE Root,MJ Lumb,DJ Bravo,0,0,"",""
ball,2,17.4,England,JE Root,MJ Lumb,DJ Bravo,1,0,"",""
ball,2,17.5,England,MJ Lumb,JE Root,DJ Bravo,0,1,"",""
ball,2,17.6,England,MJ Lumb,JE Root,DJ Bravo,0,0,"",""
ball,2,17.7,England,MJ Lumb,JE Root,DJ Bravo,0,0,"",""
ball,2,18.1,England,JE Root,MJ Lumb,NO Miller,0,0,"",""
ball,2,18.2,England,JE Root,MJ Lumb,NO Miller,0,0,"",""
ball,2,18.3,England,JE Root,MJ Lumb,NO Miller,0,0,"",""
ball,2,18.4,England,JE Root,MJ Lumb,NO Miller,1,0,"",""
ball,2,18.5,England,MJ Lumb,JE Root,NO Miller,0,0,"",""
ball,2,18.6,England,MJ Lumb,JE Root,NO Miller,0,0,"",""
ball,2,19.1,England,JE Root,MJ Lumb,DJ Bravo,1,0,"",""
ball,2,19.2,England,MJ Lumb,JE Root,DJ Bravo,3,0,"",""
ball,2,19.3,England,JE Root,MJ Lumb,DJ Bravo,0,1,"",""
ball,2,19.4,England,JE Root,MJ Lumb,DJ Bravo,1,0,"",""
ball,2,19.5,England,MJ Lumb,JE Root,DJ Bravo,0,0,"",""
ball,2,19.6,England,MJ Lumb,JE Root,DJ Bravo,1,0,"",""
ball,2,19.7,England,JE Root,MJ Lumb,DJ Bravo,0,0,"",""
ball,2,20.1,England,MJ Lumb,JE Root,NO Miller,0,0,"",""
ball,2,20.2,England,MJ Lumb,JE Root,NO Miller,0,0,"",""
ball,2,20.3,England,MJ Lumb,JE Root,NO Miller,0,0,lbw,MJ Lumb
ball,2,20.4,England,BA Stokes,JE Root,NO Miller,0,0,"",""
ball,2,20.5,England,BA Stokes,JE Root,NO Miller,0,0,"",""
ball,2,20.6,England,BA Stokes,JE Root,NO Miller,2,0,"",""
ball,2,21.1,England,JE Root,BA Stokes,DJ Bravo,0,0,caught and bowled,JE Root
ball,2,21.2,England,JC Buttler,BA Stokes,DJ Bravo,0,0,caught,JC Buttler
ball,2,21.3,England,RS Bopara,BA Stokes,DJ Bravo,0,0,"",""
ball,2,21.4,England,RS Bopara,BA Stokes,DJ Bravo,0,0,"",""
ball,2,21.5,England,RS Bopara,BA Stokes,DJ Bravo,0,0,"",""
ball,2,21.6,England,RS Bopara,BA Stokes,DJ Bravo,0,0,"",""
ball,2,22.1,England,BA Stokes,RS Bopara,NO Miller,1,0,"",""
ball,2,22.2,England,RS Bopara,BA Stokes,NO Miller,0,0,"",""
ball,2,22.3,England,RS Bopara,BA Stokes,NO Miller,0,0,"",""
ball,2,22.4,England,RS Bopara,BA Stokes,NO Miller,0,0,"",""
ball,2,22.5,England,RS Bopara,BA Stokes,NO Miller,1,0,"",""
ball,2,22.6,England,BA Stokes,RS Bopara,NO Miller,0,0,"",""
ball,2,23.1,England,RS Bopara,BA Stokes,DJ Bravo,1,0,"",""
ball,2,23.2,England,BA Stokes,RS Bopara,DJ Bravo,1,0,"",""
ball,2,23.3,England,RS Bopara,BA Stokes,DJ Bravo,0,0,"",""
ball,2,23.4,England,RS Bopara,BA Stokes,DJ Bravo,4,0,"",""
ball,2,23.5,England,RS Bopara,BA Stokes,DJ Bravo,0,0,"",""
ball,2,23.6,England,RS Bopara,BA Stokes,DJ Bravo,0,0,"",""
ball,2,24.1,England,BA Stokes,RS Bopara,NO Miller,0,0,"",""
ball,2,24.2,England,BA Stokes,RS Bopara,NO Miller,0,0,"",""
ball,2,24.3,England,BA Stokes,RS Bopara,NO Miller,0,0,caught,BA Stokes
ball,2,24.4,England,TT Bresnan,RS Bopara,NO Miller,0,0,"",""
ball,2,24.5,England,TT Bresnan,RS Bopara,NO Miller,0,0,"",""
ball,2,24.6,England,TT Bresnan,RS Bopara,NO Miller,0,0,"",""
ball,2,25.1,England,RS Bopara,TT Bresnan,DJ Bravo,0,0,"",""
ball,2,25.2,England,RS Bopara,TT Bresnan,DJ Bravo,0,0,"",""
ball,2,25.3,England,RS Bopara,TT Bresnan,DJ Bravo,0,0,"",""
ball,2,25.4,England,RS Bopara,TT Bresnan,DJ Bravo,0,0,"",""
ball,2,25.5,England,RS Bopara,TT Bresnan,DJ Bravo,0,0,"",""
ball,2,25.6,England,RS Bopara,TT Bresnan,DJ Bravo,1,0,"",""
ball,2,26.1,England,RS Bopara,TT Bresnan,NO Miller,0,0,"",""
ball,2,26.2,England,RS Bopara,TT Bresnan,NO Miller,0,1,"",""
ball,2,26.3,England,TT Bresnan,RS Bopara,NO Miller,0,0,"",""
ball,2,26.4,England,TT Bresnan,RS Bopara,NO Miller,0,0,"",""
ball,2,26.5,England,TT Bresnan,RS Bopara,NO Miller,1,0,"",""
ball,2,26.6,England,RS Bopara,TT Bresnan,NO Miller,0,0,"",""
ball,2,27.1,England,TT Bresnan,RS Bopara,SP Narine,0,0,"",""
ball,2,27.2,England,TT Bresnan,RS Bopara,SP Narine,0,0,"",""
ball,2,27.3,England,TT Bresnan,RS Bopara,SP Narine,0,0,"",""
ball,2,27.4,England,TT Bresnan,RS Bopara,SP Narine,0,0,"",""
ball,2,27.5,England,TT Bresnan,RS Bopara,SP Narine,0,0,"",""
ball,2,27.6,England,TT Bresnan,RS Bopara,SP Narine,0,2,"",""
ball,2,27.7,England,RS Bopara,TT Bresnan,SP Narine,0,0,"",""
ball,2,28.1,England,TT Bresnan,RS Bopara,NO Miller,0,0,"",""
ball,2,28.2,England,TT Bresnan,RS Bopara,NO Miller,0,0,"",""
ball,2,28.3,England,TT Bresnan,RS Bopara,NO Miller,1,0,"",""
ball,2,28.4,England,RS Bopara,TT Bresnan,NO Miller,1,0,"",""
ball,2,28.5,England,TT Bresnan,RS Bopara,NO Miller,0,0,"",""
ball,2,28.6,England,TT Bresnan,RS Bopara,NO Miller,2,0,"",""
ball,2,29.1,England,RS Bopara,TT Bresnan,R Rampaul,1,0,"",""
ball,2,29.2,England,TT Bresnan,RS Bopara,R Rampaul,0,0,"",""
ball,2,29.3,England,TT Bresnan,RS Bopara,R Rampaul,0,0,"",""
ball,2,29.4,England,TT Bresnan,RS Bopara,R Rampaul,0,0,"",""
ball,2,29.5,England,TT Bresnan,RS Bopara,R Rampaul,0,0,"",""
ball,2,29.6,England,TT Bresnan,RS Bopara,R Rampaul,1,0,"",""
ball,2,30.1,England,TT Bresnan,RS Bopara,DJG Sammy,0,0,"",""
ball,2,30.2,England,TT Bresnan,RS Bopara,DJG Sammy,0,0,"",""
ball,2,30.3,England,TT Bresnan,RS Bopara,DJG Sammy,0,0,"",""
ball,2,30.4,England,TT Bresnan,RS Bopara,DJG Sammy,0,0,"",""
ball,2,30.5,England,TT Bresnan,RS Bopara,DJG Sammy,0,0,"",""
ball,2,30.6,England,TT Bresnan,RS Bopara,DJG Sammy,1,0,"",""
ball,2,31.1,England,TT Bresnan,RS Bopara,R Rampaul,4,0,"",""
ball,2,31.2,England,TT Bresnan,RS Bopara,R Rampaul,0,0,"",""
ball,2,31.3,England,TT Bresnan,RS Bopara,R Rampaul,0,0,"",""
ball,2,31.4,England,TT Bresnan,RS Bopara,R Rampaul,0,0,run out,TT Bresnan
ball,2,31.5,England,SCJ Broad,RS Bopara,R Rampaul,0,0,"",""
ball,2,31.6,England,SCJ Broad,RS Bopara,R Rampaul,0,0,"",""
ball,2,32.1,England,RS Bopara,SCJ Broad,DJG Sammy,0,0,"",""
ball,2,32.2,England,RS Bopara,SCJ Broad,DJG Sammy,1,0,"",""
ball,2,32.3,England,SCJ Broad,RS Bopara,DJG Sammy,1,0,"",""
ball,2,32.4,England,RS Bopara,SCJ Broad,DJG Sammy,0,0,"",""
ball,2,32.5,England,RS Bopara,SCJ Broad,DJG Sammy,4,0,"",""
ball,2,32.6,England,RS Bopara,SCJ Broad,DJG Sammy,1,0,"",""
ball,2,33.1,England,RS Bopara,SCJ Broad,R Rampaul,0,0,"",""
ball,2,33.2,England,RS Bopara,SCJ Broad,R Rampaul,1,0,"",""
ball,2,33.3,England,SCJ Broad,RS Bopara,R Rampaul,0,0,"",""
ball,2,33.4,England,SCJ Broad,RS Bopara,R Rampaul,2,0,"",""
ball,2,33.5,England,SCJ Broad,RS Bopara,R Rampaul,0,0,"",""
ball,2,33.6,England,SCJ Broad,RS Bopara,R Rampaul,1,0,"",""
ball,2,34.1,England,SCJ Broad,RS Bopara,DJG Sammy,0,0,"",""
ball,2,34.2,England,SCJ Broad,RS Bopara,DJG Sammy,1,0,"",""
ball,2,34.3,England,RS Bopara,SCJ Broad,DJG Sammy,4,0,"",""
ball,2,34.4,England,RS Bopara,SCJ Broad,DJG Sammy,0,0,"",""
ball,2,34.5,England,RS Bopara,SCJ Broad,DJG Sammy,1,0,"",""
ball,2,34.6,England,SCJ Broad,RS Bopara,DJG Sammy,4,0,"",""
ball,2,35.1,England,RS Bopara,SCJ Broad,SP Narine,1,0,"",""
ball,2,35.2,England,SCJ Broad,RS Bopara,SP Narine,0,0,"",""
ball,2,35.3,England,SCJ Broad,RS Bopara,SP Narine,1,0,"",""
ball,2,35.4,England,RS Bopara,SCJ Broad,SP Narine,1,0,"",""
ball,2,35.5,England,SCJ Broad,RS Bopara,SP Narine,0,0,"",""
ball,2,35.6,England,SCJ Broad,RS Bopara,SP Narine,0,0,"",""
ball,2,36.1,England,RS Bopara,SCJ Broad,R Rampaul,0,0,"",""
ball,2,36.2,England,RS Bopara,SCJ Broad,R Rampaul,0,0,"",""
ball,2,36.3,England,RS Bopara,SCJ Broad,R Rampaul,0,0,"",""
ball,2,36.4,England,RS Bopara,SCJ Broad,R Rampaul,4,0,"",""
ball,2,36.5,England,RS Bopara,SCJ Broad,R Rampaul,1,0,"",""
ball,2,36.6,England,SCJ Broad,RS Bopara,R Rampaul,1,0,"",""
ball,2,37.1,England,SCJ Broad,RS Bopara,DJ Bravo,1,0,"",""
ball,2,37.2,England,RS Bopara,SCJ Broad,DJ Bravo,1,0,"",""
ball,2,37.3,England,SCJ Broad,RS Bopara,DJ Bravo,1,0,"",""
ball,2,37.4,England,RS Bopara,SCJ Broad,DJ Bravo,0,0,"",""
ball,2,37.5,England,RS Bopara,SCJ Broad,DJ Bravo,2,0,"",""
ball,2,37.6,England,RS Bopara,SCJ Broad,DJ Bravo,0,0,"",""
ball,2,38.1,England,SCJ Broad,RS Bopara,R Rampaul,1,0,"",""
ball,2,38.2,England,RS Bopara,SCJ Broad,R Rampaul,0,0,"",""
ball,2,38.3,England,RS Bopara,SCJ Broad,R Rampaul,1,0,"",""
ball,2,38.4,England,SCJ Broad,RS Bopara,R Rampaul,0,0,"",""
ball,2,38.5,England,SCJ Broad,RS Bopara,R Rampaul,0,0,"",""
ball,2,38.6,England,SCJ Broad,RS Bopara,R Rampaul,0,0,"",""
ball,2,39.1,England,RS Bopara,SCJ Broad,SP Narine,1,0,"",""
ball,2,39.2,England,SCJ Broad,RS Bopara,SP Narine,0,0,"",""
ball,2,39.3,England,SCJ Broad,RS Bopara,SP Narine,0,0,"",""
ball,2,39.4,England,SCJ Broad,RS Bopara,SP Narine,0,0,"",""
ball,2,39.5,England,SCJ Broad,RS Bopara,SP Narine,0,0,"",""
ball,2,39.6,England,SCJ Broad,RS Bopara,SP Narine,4,0,"",""
ball,2,40.1,England,RS Bopara,SCJ Broad,R Rampaul,1,0,"",""
ball,2,40.2,England,SCJ Broad,RS Bopara,R Rampaul,2,0,"",""
ball,2,40.3,England,SCJ Broad,RS Bopara,R Rampaul,0,0,"",""
ball,2,40.4,England,SCJ Broad,RS Bopara,R Rampaul,2,0,"",""
ball,2,40.5,England,SCJ Broad,RS Bopara,R Rampaul,0,0,"",""
ball,2,40.6,England,SCJ Broad,RS Bopara,R Rampaul,0,0,"",""
ball,2,41.1,England,RS Bopara,SCJ Broad,SP Narine,0,0,"",""
ball,2,41.2,England,RS Bopara,SCJ Broad,SP Narine,1,0,"",""
ball,2,41.3,England,SCJ Broad,RS Bopara,SP Narine,0,0,"",""
ball,2,41.4,England,SCJ Broad,RS Bopara,SP Narine,0,0,"",""
ball,2,41.5,England,SCJ Broad,RS Bopara,SP Narine,0,0,"",""
ball,2,41.6,England,SCJ Broad,RS Bopara,SP Narine,0,0,"",""
ball,2,42.1,England,RS Bopara,SCJ Broad,DJ Bravo,0,0,"",""
ball,2,42.2,England,RS Bopara,SCJ Broad,DJ Bravo,0,0,"",""
ball,2,42.3,England,RS Bopara,SCJ Broad,DJ Bravo,0,0,"",""
ball,2,42.4,England,RS Bopara,SCJ Broad,DJ Bravo,1,0,"",""
ball,2,42.5,England,SCJ Broad,RS Bopara,DJ Bravo,0,0,"",""
ball,2,42.6,England,SCJ Broad,RS Bopara,DJ Bravo,0,1,"",""
ball,2,42.7,England,SCJ Broad,RS Bopara,DJ Bravo,2,0,"",""
ball,2,43.1,England,RS Bopara,SCJ Broad,DJG Sammy,1,0,"",""
ball,2,43.2,England,SCJ Broad,RS Bopara,DJG Sammy,0,0,"",""
ball,2,43.3,England,SCJ Broad,RS Bopara,DJG Sammy,0,0,"",""
ball,2,43.4,England,SCJ Broad,RS Bopara,DJG Sammy,0,0,"",""
ball,2,43.5,England,SCJ Broad,RS Bopara,DJG Sammy,0,0,"",""
ball,2,43.6,England,SCJ Broad,RS Bopara,DJG Sammy,0,0,"",""
ball,2,44.1,England,RS Bopara,SCJ Broad,DR Smith,0,0,"",""
ball,2,44.2,England,RS Bopara,SCJ Broad,DR Smith,1,0,"",""
ball,2,44.3,England,SCJ Broad,RS Bopara,DR Smith,0,0,"",""
ball,2,44.4,England,SCJ Broad,RS Bopara,DR Smith,0,0,"",""
ball,2,44.5,England,SCJ Broad,RS Bopara,DR Smith,4,0,"",""
