version,1.3.0
info,team,Pakistan
info,team,South Africa
info,gender,male
info,season,2013/14
info,date,2013/11/06
info,series,Pakistan v South Africa ODI Series
info,match_number,3
info,venue,Sheikh Zayed Stadium
info,city,Abu Dhabi
info,neutralvenue,true
info,toss_winner,South Africa
info,toss_decision,bat
info,player_of_match,F du Plessis
info,umpire,Ahsan Raza
info,umpire,RK Illingworth
info,reserve_umpire,Zameer Haider
info,tv_umpire,SJ Davis
info,match_referee,RS Madugalle
info,winner,South Africa
info,winner_runs,68
ball,1,0.1,South Africa,HM Amla,Q de Kock,Mohammad Irfan,0,0,"",""
ball,1,0.2,South Africa,HM Amla,Q de Kock,Mohammad Irfan,1,0,"",""
ball,1,0.3,South Africa,Q de Kock,HM Amla,Mohammad Irfan,0,0,"",""
ball,1,0.4,South Africa,Q de Kock,HM Amla,Mohammad Irfan,0,0,"",""
ball,1,0.5,South Africa,Q de Kock,HM Amla,Mohammad Irfan,0,0,"",""
ball,1,0.6,South Africa,Q de Kock,HM Amla,Mohammad Irfan,0,0,"",""
ball,1,1.1,South Africa,HM Amla,Q de Kock,Sohail Tanvir,3,0,"",""
ball,1,1.2,South Africa,Q de Kock,HM Amla,Sohail Tanvir,0,0,"",""
ball,1,1.3,South Africa,Q de Kock,HM Amla,Sohail Tanvir,0,0,"",""
ball,1,1.4,South Africa,Q de Kock,HM Amla,Sohail Tanvir,0,0,"",""
ball,1,1.5,South Africa,Q de Kock,HM Amla,Sohail Tanvir,4,0,"",""
ball,1,1.6,South Africa,Q de Kock,HM Amla,Sohail Tanvir,0,0,"",""
ball,1,2.1,South Africa,HM Amla,Q de Kock,Mohammad Irfan,1,0,"",""
ball,1,2.2,South Africa,Q de Kock,HM Amla,Mohammad Irfan,4,0,"",""
ball,1,2.3,South Africa,Q de Kock,HM Amla,Mohammad Irfan,0,0,"",""
ball,1,2.4,South Africa,Q de Kock,HM Amla,Mohammad Irfan,1,0,"",""
ball,1,2.5,South Africa,HM Amla,Q de Kock,Mohammad Irfan,4,0,"",""
ball,1,2.6,South Africa,HM Amla,Q de Kock,Mohammad Irfan,0,0,"",""
ball,1,3.1,South Africa,Q de Kock,HM Amla,Sohail Tanvir,0,0,"",""
ball,1,3.2,South Africa,Q de Kock,HM Amla,Sohail Tanvir,0,0,"",""
ball,1,3.3,South Africa,Q de Kock,HM Amla,Sohail Tanvir,1,0,"",""
ball,1,3.4,South Africa,HM Amla,Q de Kock,Sohail Tanvir,0,0,"",""
ball,1,3.5,South Africa,HM Amla,Q de Kock,Sohail Tanvir,1,0,"",""
ball,1,3.6,South Africa,Q de Kock,HM Amla,Sohail Tanvir,0,0,"",""
ball,1,4.1,South Africa,HM Amla,Q de Kock,Mohammad Irfan,0,0,"",""
ball,1,4.2,South Africa,HM Amla,Q de Kock,Mohammad Irfan,0,0,bowled,HM Amla
ball,1,4.3,South Africa,F du Plessis,Q de Kock,Mohammad Irfan,0,0,"",""
ball,1,4.4,South Africa,F du Plessis,Q de Kock,Mohammad Irfan,0,0,"",""
ball,1,4.5,South Africa,F du Plessis,Q de Kock,Mohammad Irfan,0,1,"",""
ball,1,4.6,South Africa,F du Plessis,Q de Kock,Mohammad Irfan,0,0,"",""
ball,1,4.7,South Africa,F du Plessis,Q de Kock,Mohammad Irfan,1,0,"",""
ball,1,5.1,South Africa,F du Plessis,Q de Kock,Sohail Tanvir,0,0,"",""
ball,1,5.2,South Africa,F du Plessis,Q de Kock,Sohail Tanvir,0,0,"",""
ball,1,5.3,South Africa,F du Plessis,Q de Kock,Sohail Tanvir,1,0,"",""
ball,1,5.4,South Africa,Q de Kock,F du Plessis,Sohail Tanvir,1,0,"",""
ball,1,5.5,South Africa,F du Plessis,Q de Kock,Sohail Tanvir,0,0,"",""
ball,1,5.6,South Africa,F du Plessis,Q de Kock,Sohail Tanvir,0,0,"",""
ball,1,6.1,South Africa,Q de Kock,F du Plessis,Mohammad Irfan,4,0,"",""
ball,1,6.2,South Africa,Q de Kock,F du Plessis,Mohammad Irfan,0,0,"",""
ball,1,6.3,South Africa,Q de Kock,F du Plessis,Mohammad Irfan,0,0,"",""
ball,1,6.4,South Africa,Q de Kock,F du Plessis,Mohammad Irfan,1,0,"",""
ball,1,6.5,South Africa,F du Plessis,Q de Kock,Mohammad Irfan,0,0,"",""
ball,1,6.6,South Africa,F du Plessis,Q de Kock,Mohammad Irfan,0,0,"",""
ball,1,7.1,South Africa,Q de Kock,F du Plessis,Sohail Tanvir,1,0,"",""
ball,1,7.2,South Africa,F du Plessis,Q de Kock,Sohail Tanvir,0,1,"",""
ball,1,7.3,South Africa,F du Plessis,Q de Kock,Sohail Tanvir,4,0,"",""
ball,1,7.4,South Africa,F du Plessis,Q de Kock,Sohail Tanvir,0,0,"",""
ball,1,7.5,South Africa,F du Plessis,Q de Kock,Sohail Tanvir,0,0,"",""
ball,1,7.6,South Africa,F du Plessis,Q de Kock,Sohail Tanvir,4,0,"",""
ball,1,7.7,South Africa,F du Plessis,Q de Kock,Sohail Tanvir,1,0,"",""
ball,1,8.1,South Africa,F du Plessis,Q de Kock,Mohammad Hafeez,1,0,"",""
ball,1,8.2,South Africa,Q de Kock,F du Plessis,Mohammad Hafeez,0,0,"",""
ball,1,8.3,South Africa,Q de Kock,F du Plessis,Mohammad Hafeez,4,0,"",""
ball,1,8.4,South Africa,Q de Kock,F du Plessis,Mohammad Hafeez,0,0,"",""
ball,1,8.5,South Africa,Q de Kock,F du Plessis,Mohammad Hafeez,1,0,"",""
ball,1,8.6,South Africa,F du Plessis,Q de Kock,Mohammad Hafeez,0,0,"",""
ball,1,9.1,South Africa,Q de Kock,F du Plessis,Saeed Ajmal,1,0,"",""
ball,1,9.2,South Africa,F du Plessis,Q de Kock,Saeed Ajmal,0,0,"",""
ball,1,9.3,South Africa,F du Plessis,Q de Kock,Saeed Ajmal,0,0,"",""
ball,1,9.4,South Africa,F du Plessis,Q de Kock,Saeed Ajmal,0,0,"",""
ball,1,9.5,South Africa,F du Plessis,Q de Kock,Saeed Ajmal,0,0,"",""
ball,1,9.6,South Africa,F du Plessis,Q de Kock,Saeed Ajmal,0,0,"",""
ball,1,10.1,South Africa,Q de Kock,F du Plessis,Mohammad Hafeez,1,0,"",""
ball,1,10.2,South Africa,F du Plessis,Q de Kock,Mohammad Hafeez,1,0,"",""
ball,1,10.3,South Africa,Q de Kock,F du Plessis,Mohammad Hafeez,1,0,"",""
ball,1,10.4,South Africa,F du Plessis,Q de Kock,Mohammad Hafeez,0,1,"",""
ball,1,10.5,South Africa,Q de Kock,F du Plessis,Mohammad Hafeez,0,0,"",""
ball,1,10.6,South Africa,Q de Kock,F du Plessis,Mohammad Hafeez,0,0,"",""
ball,1,11.1,South Africa,F du Plessis,Q de Kock,Saeed Ajmal,1,0,"",""
ball,1,11.2,South Africa,Q de Kock,F du Plessis,Saeed Ajmal,0,0,"",""
ball,1,11.3,South Africa,Q de Kock,F du Plessis,Saeed Ajmal,0,0,"",""
ball,1,11.4,South Africa,Q de Kock,F du Plessis,Saeed Ajmal,0,0,"",""
ball,1,11.5,South Africa,Q de Kock,F du Plessis,Saeed Ajmal,0,0,"",""
ball,1,11.6,South Africa,Q de Kock,F du Plessis,Saeed Ajmal,0,0,"",""
ball,1,12.1,South Africa,F du Plessis,Q de Kock,Mohammad Hafeez,1,0,"",""
ball,1,12.2,South Africa,Q de Kock,F du Plessis,Mohammad Hafeez,3,0,"",""
ball,1,12.3,South Africa,F du Plessis,Q de Kock,Mohammad Hafeez,0,0,"",""
ball,1,12.4,South Africa,F du Plessis,Q de Kock,Mohammad Hafeez,1,0,"",""
ball,1,12.5,South Africa,Q de Kock,F du Plessis,Mohammad Hafeez,1,0,"",""
ball,1,12.6,South Africa,F du Plessis,Q de Kock,Mohammad Hafeez,2,0,"",""
ball,1,13.1,South Africa,Q de Kock,F du Plessis,Saeed Ajmal,0,0,"",""
ball,1,13.2,South Africa,Q de Kock,F du Plessis,Saeed Ajmal,1,0,"",""
ball,1,13.3,South Africa,F du Plessis,Q de Kock,Saeed Ajmal,0,0,"",""
ball,1,13.4,South Africa,F du Plessis,Q de Kock,Saeed Ajmal,4,0,"",""
ball,1,13.5,South Africa,F du Plessis,Q de Kock,Saeed Ajmal,0,0,"",""
ball,1,13.6,South Africa,F du Plessis,Q de Kock,Saeed Ajmal,0,0,"",""
ball,1,14.1,South Africa,Q de Kock,F du Plessis,Wahab Riaz,0,0,"",""
ball,1,14.2,South Africa,Q de Kock,F du Plessis,Wahab Riaz,1,0,"",""
ball,1,14.3,South Africa,F du Plessis,Q de Kock,Wahab Riaz,4,0,"",""
ball,1,14.4,South Africa,F du Plessis,Q de Kock,Wahab Riaz,1,0,"",""
ball,1,14.5,South Africa,Q de Kock,F du Plessis,Wahab Riaz,4,0,"",""
ball,1,14.6,South Africa,Q de Kock,F du Plessis,Wahab Riaz,0,0,"",""
ball,1,15.1,South Africa,F du Plessis,Q de Kock,Saeed Ajmal,1,0,"",""
ball,1,15.2,South Africa,Q de Kock,F du Plessis,Saeed Ajmal,1,0,"",""
ball,1,15.3,South Africa,F du Plessis,Q de Kock,Saeed Ajmal,0,0,"",""
ball,1,15.4,South Africa,F du Plessis,Q de Kock,Saeed Ajmal,0,0,"",""
ball,1,15.5,South Africa,F du Plessis,Q de Kock,Saeed Ajmal,2,0,"",""
ball,1,15.6,South Africa,F du Plessis,Q de Kock,Saeed Ajmal,4,0,"",""
ball,1,16.1,South Africa,Q de Kock,F du Plessis,Wahab Riaz,0,0,"",""
ball,1,16.2,South Africa,Q de Kock,F du Plessis,Wahab Riaz,1,0,"",""
ball,1,16.3,South Africa,F du Plessis,Q de Kock,Wahab Riaz,0,0,"",""
ball,1,16.4,South Africa,F du Plessis,Q de Kock,Wahab Riaz,4,0,"",""
ball,1,16.5,South Africa,F du Plessis,Q de Kock,Wahab Riaz,1,0,"",""
ball,1,16.6,South Africa,Q de Kock,F du Plessis,Wahab Riaz,0,0,"",""
ball,1,17.1,South Africa,F du Plessis,Q de Kock,Shahid Afridi,0,0,"",""
ball,1,17.2,South Africa,F du Plessis,Q de Kock,Shahid Afridi,0,0,"",""
ball,1,17.3,South Africa,F du Plessis,Q de Kock,Shahid Afridi,1,0,"",""
ball,1,17.4,South Africa,Q de Kock,F du Plessis,Shahid Afridi,0,0,"",""
ball,1,17.5,South Africa,Q de Kock,F du Plessis,Shahid Afridi,0,0,"",""
ball,1,17.6,South Africa,Q de Kock,F du Plessis,Shahid Afridi,0,0,"",""
ball,1,18.1,South Africa,F du Plessis,Q de Kock,Wahab Riaz,1,0,"",""
ball,1,18.2,South Africa,Q de Kock,F du Plessis,Wahab Riaz,1,0,"",""
ball,1,18.3,South Africa,F du Plessis,Q de Kock,Wahab Riaz,1,0,"",""
ball,1,18.4,South Africa,Q de Kock,F du Plessis,Wahab Riaz,0,0,"",""
ball,1,18.5,South Africa,Q de Kock,F du Plessis,Wahab Riaz,1,0,"",""
ball,1,18.6,South Africa,F du Plessis,Q de Kock,Wahab Riaz,0,1,"",""
ball,1,18.7,South Africa,F du Plessis,Q de Kock,Wahab Riaz,0,0,"",""
ball,1,19.1,South Africa,Q de Kock,F du Plessis,Shahid Afridi,1,0,"",""
ball,1,19.2,South Africa,F du Plessis,Q de Kock,Shahid Afridi,0,0,"",""
ball,1,19.3,South Africa,F du Plessis,Q de Kock,Shahid Afridi,1,0,"",""
ball,1,19.4,South Africa,Q de Kock,F du Plessis,Shahid Afridi,0,0,"",""
ball,1,19.5,South Africa,Q de Kock,F du Plessis,Shahid Afridi,0,0,stumped,Q de Kock
ball,1,19.6,South Africa,JP Duminy,F du Plessis,Shahid Afridi,0,0,"",""
ball,1,20.1,South Africa,F du Plessis,JP Duminy,Wahab Riaz,4,0,"",""
ball,1,20.2,South Africa,F du Plessis,JP Duminy,Wahab Riaz,4,0,"",""
ball,1,20.3,South Africa,F du Plessis,JP Duminy,Wahab Riaz,0,0,"",""
ball,1,20.4,South Africa,F du Plessis,JP Duminy,Wahab Riaz,3,0,"",""
ball,1,20.5,South Africa,JP Duminy,F du Plessis,Wahab Riaz,1,0,"",""
ball,1,20.6,South Africa,F du Plessis,JP Duminy,Wahab Riaz,0,0,"",""
ball,1,21.1,South Africa,JP Duminy,F du Plessis,Shahid Afridi,0,0,"",""
ball,1,21.2,South Africa,JP Duminy,F du Plessis,Shahid Afridi,1,0,"",""
ball,1,21.3,South Africa,F du Plessis,JP Duminy,Shahid Afridi,1,0,"",""
ball,1,21.4,South Africa,JP Duminy,F du Plessis,Shahid Afridi,1,0,"",""
ball,1,21.5,South Africa,F du Plessis,JP Duminy,Shahid Afridi,0,0,"",""
ball,1,21.6,South Africa,F du Plessis,JP Duminy,Shahid Afridi,0,0,stumped,F du Plessis
ball,1,22.1,South Africa,JP Duminy,AB de Villiers,Mohammad Irfan,0,0,"",""
ball,1,22.2,South Africa,JP Duminy,AB de Villiers,Mohammad Irfan,0,0,"",""
ball,1,22.3,South Africa,JP Duminy,AB de Villiers,Mohammad Irfan,0,0,"",""
ball,1,22.4,South Africa,JP Duminy,AB de Villiers,Mohammad Irfan,0,0,"",""
ball,1,22.5,South Africa,JP Duminy,AB de Villiers,Mohammad Irfan,1,0,"",""
ball,1,22.6,South Africa,AB de Villiers,JP Duminy,Mohammad Irfan,1,0,"",""
ball,1,23.1,South Africa,AB de Villiers,JP Duminy,Shahid Afridi,1,0,"",""
ball,1,23.2,South Africa,JP Duminy,AB de Villiers,Shahid Afridi,0,0,"",""
ball,1,23.3,South Africa,JP Duminy,AB de Villiers,Shahid Afridi,0,0,"",""
ball,1,23.4,South Africa,JP Duminy,AB de Villiers,Shahid Afridi,0,0,"",""
ball,1,23.5,South Africa,JP Duminy,AB de Villiers,Shahid Afridi,0,0,"",""
ball,1,23.6,South Africa,JP Duminy,AB de Villiers,Shahid Afridi,2,0,"",""
ball,1,24.1,South Africa,AB de Villiers,JP Duminy,Mohammad Irfan,0,0,"",""
ball,1,24.2,South Africa,AB de Villiers,JP Duminy,Mohammad Irfan,0,0,"",""
ball,1,24.3,South Africa,AB de Villiers,JP Duminy,Mohammad Irfan,0,0,"",""
ball,1,24.4,South Africa,AB de Villiers,JP Duminy,Mohammad Irfan,0,0,"",""
ball,1,24.5,South Africa,AB de Villiers,JP Duminy,Mohammad Irfan,1,0,"",""
ball,1,24.6,South Africa,JP Duminy,AB de Villiers,Mohammad Irfan,0,0,"",""
ball,1,25.1,South Africa,AB de Villiers,JP Duminy,Shahid Afridi,0,0,"",""
ball,1,25.2,South Africa,AB de Villiers,JP Duminy,Shahid Afridi,1,0,"",""
ball,1,25.3,South Africa,JP Duminy,AB de Villiers,Shahid Afridi,2,0,"",""
ball,1,25.4,South Africa,JP Duminy,AB de Villiers,Shahid Afridi,0,0,"",""
ball,1,25.5,South Africa,JP Duminy,AB de Villiers,Shahid Afridi,0,0,"",""
ball,1,25.6,South Africa,JP Duminy,AB de Villiers,Shahid Afridi,1,0,"",""
ball,1,26.1,South Africa,JP Duminy,AB de Villiers,Mohammad Irfan,1,0,"",""
ball,1,26.2,South Africa,AB de Villiers,JP Duminy,Mohammad Irfan,2,0,"",""
ball,1,26.3,South Africa,AB de Villiers,JP Duminy,Mohammad Irfan,0,0,"",""
ball,1,26.4,South Africa,AB de Villiers,JP Duminy,Mohammad Irfan,1,0,"",""
ball,1,26.5,South Africa,JP Duminy,AB de Villiers,Mohammad Irfan,0,0,"",""
ball,1,26.6,South Africa,JP Duminy,AB de Villiers,Mohammad Irfan,4,0,"",""
ball,1,27.1,South Africa,AB de Villiers,JP Duminy,Shahid Afridi,0,0,"",""
ball,1,27.2,South Africa,AB de Villiers,JP Duminy,Shahid Afridi,2,0,"",""
ball,1,27.3,South Africa,AB de Villiers,JP Duminy,Shahid Afridi,1,0,"",""
ball,1,27.4,South Africa,JP Duminy,AB de Villiers,Shahid Afridi,1,0,"",""
ball,1,27.5,South Africa,AB de Villiers,JP Duminy,Shahid Afridi,1,0,"",""
ball,1,27.6,South Africa,JP Duminy,AB de Villiers,Shahid Afridi,0,0,"",""
ball,1,28.1,South Africa,AB de Villiers,JP Duminy,Sohail Tanvir,1,0,"",""
ball,1,28.2,South Africa,JP Duminy,AB de Villiers,Sohail Tanvir,2,0,"",""
ball,1,28.3,South Africa,JP Duminy,AB de Villiers,Sohail Tanvir,1,0,"",""
ball,1,28.4,South Africa,AB de Villiers,JP Duminy,Sohail Tanvir,0,0,"",""
ball,1,28.5,South Africa,AB de Villiers,JP Duminy,Sohail Tanvir,4,0,"",""
ball,1,28.6,South Africa,AB de Villiers,JP Duminy,Sohail Tanvir,0,0,"",""
ball,1,29.1,South Africa,JP Duminy,AB de Villiers,Shahid Afridi,1,0,"",""
ball,1,29.2,South Africa,AB de Villiers,JP Duminy,Shahid Afridi,4,0,"",""
ball,1,29.3,South Africa,AB de Villiers,JP Duminy,Shahid Afridi,0,0,"",""
ball,1,29.4,South Africa,AB de Villiers,JP Duminy,Shahid Afridi,1,0,"",""
ball,1,29.5,South Africa,JP Duminy,AB de Villiers,Shahid Afridi,0,0,"",""
ball,1,29.6,South Africa,JP Duminy,AB de Villiers,Shahid Afridi,1,0,"",""
ball,1,30.1,South Africa,JP Duminy,AB de Villiers,Sohail Tanvir,0,0,"",""
ball,1,30.2,South Africa,JP Duminy,AB de Villiers,Sohail Tanvir,0,0,"",""
ball,1,30.3,South Africa,JP Duminy,AB de Villiers,Sohail Tanvir,1,0,"",""
ball,1,30.4,South Africa,AB de Villiers,JP Duminy,Sohail Tanvir,1,0,"",""
ball,1,30.5,South Africa,JP Duminy,AB de Villiers,Sohail Tanvir,2,0,"",""
ball,1,30.6,South Africa,JP Duminy,AB de Villiers,Sohail Tanvir,0,0,"",""
ball,1,31.1,South Africa,AB de Villiers,JP Duminy,Shahid Afridi,0,0,"",""
ball,1,31.2,South Africa,AB de Villiers,JP Duminy,Shahid Afridi,1,0,"",""
ball,1,31.3,South Africa,JP Duminy,AB de Villiers,Shahid Afridi,1,0,"",""
ball,1,31.4,South Africa,AB de Villiers,JP Duminy,Shahid Afridi,1,0,"",""
ball,1,31.5,South Africa,JP Duminy,AB de Villiers,Shahid Afridi,0,0,"",""
ball,1,31.6,South Africa,JP Duminy,AB de Villiers,Shahid Afridi,0,0,"",""
ball,1,32.1,South Africa,AB de Villiers,JP Duminy,Wahab Riaz,1,0,"",""
ball,1,32.2,South Africa,JP Duminy,AB de Villiers,Wahab Riaz,0,0,"",""
ball,1,32.3,South Africa,JP Duminy,AB de Villiers,Wahab Riaz,0,0,"",""
ball,1,32.4,South Africa,JP Duminy,AB de Villiers,Wahab Riaz,0,0,"",""
ball,1,32.5,South Africa,JP Duminy,AB de Villiers,Wahab Riaz,1,0,"",""
ball,1,32.6,South Africa,AB de Villiers,JP Duminy,Wahab Riaz,0,0,"",""
ball,1,33.1,South Africa,JP Duminy,AB de Villiers,Mohammad Hafeez,2,0,"",""
ball,1,33.2,South Africa,JP Duminy,AB de Villiers,Mohammad Hafeez,1,0,"",""
ball,1,33.3,South Africa,AB de Villiers,JP Duminy,Mohammad Hafeez,0,0,"",""
ball,1,33.4,South Africa,AB de Villiers,JP Duminy,Mohammad Hafeez,2,0,"",""
ball,1,33.5,South Africa,AB de Villiers,JP Duminy,Mohammad Hafeez,1,0,"",""
ball,1,33.6,South Africa,JP Duminy,AB de Villiers,Mohammad Hafeez,4,0,"",""
ball,1,34.1,South Africa,AB de Villiers,JP Duminy,Wahab Riaz,1,0,"",""
ball,1,34.2,South Africa,JP Duminy,AB de Villiers,Wahab Riaz,0,0,"",""
ball,1,34.3,South Africa,JP Duminy,AB de Villiers,Wahab Riaz,1,0,"",""
ball,1,34.4,South Africa,AB de Villiers,JP Duminy,Wahab Riaz,2,0,"",""
ball,1,34.5,South Africa,AB de Villiers,JP Duminy,Wahab Riaz,0,0,"",""
ball,1,34.6,South Africa,AB de Villiers,JP Duminy,Wahab Riaz,1,0,"",""
ball,1,35.1,South Africa,AB de Villiers,JP Duminy,Saeed Ajmal,0,0,"",""
ball,1,35.2,South Africa,AB de Villiers,JP Duminy,Saeed Ajmal,1,0,"",""
ball,1,35.3,South Africa,JP Duminy,AB de Villiers,Saeed Ajmal,0,0,"",""
ball,1,35.4,South Africa,JP Duminy,AB de Villiers,Saeed Ajmal,0,0,"",""
ball,1,35.5,South Africa,JP Duminy,AB de Villiers,Saeed Ajmal,0,0,"",""
ball,1,35.6,South Africa,JP Duminy,AB de Villiers,Saeed Ajmal,1,0,"",""
ball,1,36.1,South Africa,JP Duminy,AB de Villiers,Mohammad Irfan,0,0,"",""
ball,1,36.2,South Africa,JP Duminy,AB de Villiers,Mohammad Irfan,0,0,"",""
ball,1,36.3,South Africa,JP Duminy,AB de Villiers,Mohammad Irfan,0,0,"",""
ball,1,36.4,South Africa,JP Duminy,AB de Villiers,Mohammad Irfan,1,0,"",""
ball,1,36.5,South Africa,AB de Villiers,JP Duminy,Mohammad Irfan,1,0,"",""
ball,1,36.6,South Africa,JP Duminy,AB de Villiers,Mohammad Irfan,3,0,"",""
ball,1,37.1,South Africa,JP Duminy,AB de Villiers,Saeed Ajmal,1,0,"",""
ball,1,37.2,South Africa,AB de Villiers,JP Duminy,Saeed Ajmal,0,0,caught,AB de Villiers
ball,1,37.3,South Africa,DA Miller,JP Duminy,Saeed Ajmal,1,0,"",""
ball,1,37.4,South Africa,JP Duminy,DA Miller,Saeed Ajmal,4,0,"",""
ball,1,37.5,South Africa,JP Duminy,DA Miller,Saeed Ajmal,2,0,"",""
ball,1,37.6,South Africa,JP Duminy,DA Miller,Saeed Ajmal,0,0,"",""
ball,1,38.1,South Africa,DA Miller,JP Duminy,Mohammad Irfan,0,0,"",""
ball,1,38.2,South Africa,DA Miller,JP Duminy,Mohammad Irfan,0,0,"",""
ball,1,38.3,South Africa,DA Miller,JP Duminy,Mohammad Irfan,0,0,"",""
ball,1,38.4,South Africa,DA Miller,JP Duminy,Mohammad Irfan,0,0,"",""
ball,1,38.5,South Africa,DA Miller,JP Duminy,Mohammad Irfan,1,0,"",""
ball,1,38.6,South Africa,JP Duminy,DA Miller,Mohammad Irfan,1,0,"",""
ball,1,39.1,South Africa,JP Duminy,DA Miller,Saeed Ajmal,1,0,"",""
ball,1,39.2,South Africa,DA Miller,JP Duminy,Saeed Ajmal,1,0,"",""
ball,1,39.3,South Africa,JP Duminy,DA Miller,Saeed Ajmal,0,0,"",""
ball,1,39.4,South Africa,JP Duminy,DA Miller,Saeed Ajmal,0,0,"",""
ball,1,39.5,South Africa,JP Duminy,DA Miller,Saeed Ajmal,1,0,"",""
ball,1,39.6,South Africa,DA Miller,JP Duminy,Saeed Ajmal,0,0,"",""
ball,1,40.1,South Africa,JP Duminy,DA Miller,Mohammad Hafeez,1,0,"",""
ball,1,40.2,South Africa,DA Miller,JP Duminy,Mohammad Hafeez,4,0,"",""
ball,1,40.3,South Africa,DA Miller,JP Duminy,Mohammad Hafeez,1,0,"",""
ball,1,40.4,South Africa,JP Duminy,DA Miller,Mohammad Hafeez,1,0,"",""
ball,1,40.5,South Africa,DA Miller,JP Duminy,Mohammad Hafeez,2,0,"",""
ball,1,40.6,South Africa,DA Miller,JP Duminy,Mohammad Hafeez,0,0,"",""
ball,1,41.1,South Africa,JP Duminy,DA Miller,Saeed Ajmal,0,0,"",""
ball,1,41.2,South Africa,JP Duminy,DA Miller,Saeed Ajmal,0,0,"",""
ball,1,41.3,South Africa,JP Duminy,DA Miller,Saeed Ajmal,0,0,"",""
ball,1,41.4,South Africa,JP Duminy,DA Miller,Saeed Ajmal,0,0,"",""
ball,1,41.5,South Africa,JP Duminy,DA Miller,Saeed Ajmal,0,0,"",""
ball,1,41.6,South Africa,JP Duminy,DA Miller,Saeed Ajmal,0,0,"",""
ball,1,42.1,South Africa,DA Miller,JP Duminy,Shahid Afridi,0,0,"",""
ball,1,42.2,South Africa,DA Miller,JP Duminy,Shahid Afridi,0,0,"",""
ball,1,42.3,South Africa,DA Miller,JP Duminy,Shahid Afridi,1,0,"",""
ball,1,42.4,South Africa,JP Duminy,DA Miller,Shahid Afridi,1,0,"",""
ball,1,42.5,South Africa,DA Miller,JP Duminy,Shahid Afridi,1,0,"",""
ball,1,42.6,South Africa,JP Duminy,DA Miller,Shahid Afridi,1,0,"",""
ball,1,43.1,South Africa,JP Duminy,DA Miller,Mohammad Hafeez,1,0,"",""
ball,1,43.2,South Africa,DA Miller,JP Duminy,Mohammad Hafeez,1,0,"",""
ball,1,43.3,South Africa,JP Duminy,DA Miller,Mohammad Hafeez,1,0,"",""
ball,1,43.4,South Africa,DA Miller,JP Duminy,Mohammad Hafeez,1,0,"",""
ball,1,43.5,South Africa,JP Duminy,DA Miller,Mohammad Hafeez,1,0,"",""
ball,1,43.6,South Africa,DA Miller,JP Duminy,Mohammad Hafeez,4,0,"",""
ball,1,44.1,South Africa,JP Duminy,DA Miller,Shahid Afridi,1,0,"",""
ball,1,44.2,South Africa,DA Miller,JP Duminy,Shahid Afridi,0,0,"",""
ball,1,44.3,South Africa,DA Miller,JP Duminy,Shahid Afridi,0,2,"",""
ball,1,44.4,South Africa,JP Duminy,DA Miller,Shahid Afridi,1,0,"",""
ball,1,44.5,South Africa,DA Miller,JP Duminy,Shahid Afridi,0,0,"",""
ball,1,44.6,South Africa,DA Miller,JP Duminy,Shahid Afridi,4,0,"",""
ball,1,44.7,South Africa,DA Miller,JP Duminy,Shahid Afridi,1,0,"",""
ball,1,45.1,South Africa,DA Miller,JP Duminy,Saeed Ajmal,2,0,"",""
ball,1,45.2,South Africa,DA Miller,JP Duminy,Saeed Ajmal,0,0,"",""
ball,1,45.3,South Africa,DA Miller,JP Duminy,Saeed Ajmal,0,0,"",""
ball,1,45.4,South Africa,DA Miller,JP Duminy,Saeed Ajmal,1,0,"",""
ball,1,45.5,South Africa,JP Duminy,DA Miller,Saeed Ajmal,2,0,"",""
ball,1,45.6,South Africa,JP Duminy,DA Miller,Saeed Ajmal,0,0,"",""
ball,1,46.1,South Africa,DA Miller,JP Duminy,Sohail Tanvir,1,0,"",""
ball,1,46.2,South Africa,JP Duminy,DA Miller,Sohail Tanvir,0,0,"",""
ball,1,46.3,South Africa,JP Duminy,DA Miller,Sohail Tanvir,1,0,"",""
ball,1,46.4,South Africa,DA Miller,JP Duminy,Sohail Tanvir,4,0,"",""
ball,1,46.5,South Africa,DA Miller,JP Duminy,Sohail Tanvir,1,0,"",""
ball,1,46.6,South Africa,JP Duminy,DA Miller,Sohail Tanvir,2,0,"",""
ball,1,47.1,South Africa,DA Miller,JP Duminy,Saeed Ajmal,1,0,"",""
ball,1,47.2,South Africa,JP Duminy,DA Miller,Saeed Ajmal,1,0,"",""
ball,1,47.3,South Africa,DA Miller,JP Duminy,Saeed Ajmal,1,0,"",""
ball,1,47.4,South Africa,JP Duminy,DA Miller,Saeed Ajmal,1,0,"",""
ball,1,47.5,South Africa,DA Miller,JP Duminy,Saeed Ajmal,0,0,bowled,DA Miller
ball,1,47.6,South Africa,R McLaren,JP Duminy,Saeed Ajmal,1,0,"",""
ball,1,48.1,South Africa,R McLaren,JP Duminy,Sohail Tanvir,1,0,"",""
ball,1,48.2,South Africa,JP Duminy,R McLaren,Sohail Tanvir,0,0,caught,JP Duminy
ball,1,48.3,South Africa,DW Steyn,R McLaren,Sohail Tanvir,1,0,"",""
ball,1,48.4,South Africa,R McLaren,DW Steyn,Sohail Tanvir,1,0,"",""
ball,1,48.5,South Africa,DW Steyn,R McLaren,Sohail Tanvir,0,0,"",""
ball,1,48.6,South Africa,DW Steyn,R McLaren,Sohail Tanvir,1,0,"",""
ball,1,49.1,South Africa,DW Steyn,R McLaren,Mohammad Irfan,0,0,caught,DW Steyn
ball,1,49.2,South Africa,R McLaren,M Morkel,Mohammad Irfan,0,0,"",""
ball,1,49.3,South Africa,R McLaren,M Morkel,Mohammad Irfan,6,0,"",""
ball,1,49.4,South Africa,R McLaren,M Morkel,Mohammad Irfan,4,0,"",""
ball,1,49.5,South Africa,R McLaren,M Morkel,Mohammad Irfan,0,0,lbw,R McLaren
ball,1,49.6,South Africa,LL Tsotsobe,M Morkel,Mohammad Irfan,0,1,"",""
ball,2,0.1,Pakistan,Mohammad Hafeez,Ahmed Shehzad,M Morkel,0,0,"",""
ball,2,0.2,Pakistan,Mohammad Hafeez,Ahmed Shehzad,M Morkel,0,0,"",""
ball,2,0.3,Pakistan,Mohammad Hafeez,Ahmed Shehzad,M Morkel,0,0,"",""
ball,2,0.4,Pakistan,Mohammad Hafeez,Ahmed Shehzad,M Morkel,0,1,"",""
ball,2,0.5,Pakistan,Mohammad Hafeez,Ahmed Shehzad,M Morkel,0,0,"",""
ball,2,0.6,Pakistan,Mohammad Hafeez,Ahmed Shehzad,M Morkel,0,0,"",""
ball,2,0.7,Pakistan,Mohammad Hafeez,Ahmed Shehzad,M Morkel,0,0,"",""
ball,2,1.1,Pakistan,Ahmed Shehzad,Mohammad Hafeez,LL Tsotsobe,2,0,"",""
ball,2,1.2,Pakistan,Ahmed Shehzad,Mohammad Hafeez,LL Tsotsobe,0,0,"",""
ball,2,1.3,Pakistan,Ahmed Shehzad,Mohammad Hafeez,LL Tsotsobe,4,0,"",""
ball,2,1.4,Pakistan,Ahmed Shehzad,Mohammad Hafeez,LL Tsotsobe,0,0,"",""
ball,2,1.5,Pakistan,Ahmed Shehzad,Mohammad Hafeez,LL Tsotsobe,0,0,"",""
ball,2,1.6,Pakistan,Ahmed Shehzad,Mohammad Hafeez,LL Tsotsobe,0,0,"",""
ball,2,2.1,Pakistan,Mohammad Hafeez,Ahmed Shehzad,M Morkel,0,0,"",""
ball,2,2.2,Pakistan,Mohammad Hafeez,Ahmed Shehzad,M Morkel,4,0,"",""
ball,2,2.3,Pakistan,Mohammad Hafeez,Ahmed Shehzad,M Morkel,0,0,"",""
ball,2,2.4,Pakistan,Mohammad Hafeez,Ahmed Shehzad,M Morkel,0,0,"",""
ball,2,2.5,Pakistan,Mohammad Hafeez,Ahmed Shehzad,M Morkel,0,0,"",""
ball,2,2.6,Pakistan,Mohammad Hafeez,Ahmed Shehzad,M Morkel,4,0,"",""
ball,2,3.1,Pakistan,Ahmed Shehzad,Mohammad Hafeez,LL Tsotsobe,4,0,"",""
ball,2,3.2,Pakistan,Ahmed Shehzad,Mohammad Hafeez,LL Tsotsobe,0,0,"",""
ball,2,3.3,Pakistan,Ahmed Shehzad,Mohammad Hafeez,LL Tsotsobe,4,0,"",""
ball,2,3.4,Pakistan,Ahmed Shehzad,Mohammad Hafeez,LL Tsotsobe,0,0,"",""
ball,2,3.5,Pakistan,Ahmed Shehzad,Mohammad Hafeez,LL Tsotsobe,0,0,"",""
ball,2,3.6,Pakistan,Ahmed Shehzad,Mohammad Hafeez,LL Tsotsobe,4,0,"",""
ball,2,4.1,Pakistan,Mohammad Hafeez,Ahmed Shehzad,M Morkel,0,0,"",""
ball,2,4.2,Pakistan,Mohammad Hafeez,Ahmed Shehzad,M Morkel,0,1,"",""
ball,2,4.3,Pakistan,Ahmed Shehzad,Mohammad Hafeez,M Morkel,4,0,"",""
ball,2,4.4,Pakistan,Ahmed Shehzad,Mohammad Hafeez,M Morkel,4,0,"",""
ball,2,4.5,Pakistan,Ahmed Shehzad,Mohammad Hafeez,M Morkel,1,0,"",""
ball,2,4.6,Pakistan,Mohammad Hafeez,Ahmed Shehzad,M Morkel,0,0,"",""
ball,2,5.1,Pakistan,Ahmed Shehzad,Mohammad Hafeez,LL Tsotsobe,4,0,"",""
ball,2,5.2,Pakistan,Ahmed Shehzad,Mohammad Hafeez,LL Tsotsobe,0,1,"",""
ball,2,5.3,Pakistan,Mohammad Hafeez,Ahmed Shehzad,LL Tsotsobe,1,0,"",""
ball,2,5.4,Pakistan,Ahmed Shehzad,Mohammad Hafeez,LL Tsotsobe,0,0,"",""
ball,2,5.5,Pakistan,Ahmed Shehzad,Mohammad Hafeez,LL Tsotsobe,0,0,"",""
ball,2,5.6,Pakistan,Ahmed Shehzad,Mohammad Hafeez,LL Tsotsobe,0,0,"",""
ball,2,6.1,Pakistan,Mohammad Hafeez,Ahmed Shehzad,DW Steyn,0,0,"",""
ball,2,6.2,Pakistan,Mohammad Hafeez,Ahmed Shehzad,DW Steyn,0,0,"",""
ball,2,6.3,Pakistan,Mohammad Hafeez,Ahmed Shehzad,DW Steyn,0,0,"",""
ball,2,6.4,Pakistan,Mohammad Hafeez,Ahmed Shehzad,DW Steyn,0,0,"",""
ball,2,6.5,Pakistan,Mohammad Hafeez,Ahmed Shehzad,DW Steyn,1,0,"",""
ball,2,6.6,Pakistan,Ahmed Shehzad,Mohammad Hafeez,DW Steyn,0,0,"",""
ball,2,7.1,Pakistan,Mohammad Hafeez,Ahmed Shehzad,LL Tsotsobe,0,0,"",""
ball,2,7.2,Pakistan,Mohammad Hafeez,Ahmed Shehzad,LL Tsotsobe,4,0,"",""
ball,2,7.3,Pakistan,Mohammad Hafeez,Ahmed Shehzad,LL Tsotsobe,1,0,"",""
ball,2,7.4,Pakistan,Ahmed Shehzad,Mohammad Hafeez,LL Tsotsobe,0,0,"",""
ball,2,7.5,Pakistan,Ahmed Shehzad,Mohammad Hafeez,LL Tsotsobe,1,0,"",""
ball,2,7.6,Pakistan,Mohammad Hafeez,Ahmed Shehzad,LL Tsotsobe,0,0,"",""
ball,2,8.1,Pakistan,Ahmed Shehzad,Mohammad Hafeez,DW Steyn,0,0,caught,Ahmed Shehzad
ball,2,8.2,Pakistan,Umar Amin,Mohammad Hafeez,DW Steyn,0,0,"",""
ball,2,8.3,Pakistan,Umar Amin,Mohammad Hafeez,DW Steyn,0,0,"",""
ball,2,8.4,Pakistan,Umar Amin,Mohammad Hafeez,DW Steyn,2,0,"",""
ball,2,8.5,Pakistan,Umar Amin,Mohammad Hafeez,DW Steyn,0,0,"",""
ball,2,8.6,Pakistan,Umar Amin,Mohammad Hafeez,DW Steyn,0,0,"",""
ball,2,9.1,Pakistan,Mohammad Hafeez,Umar Amin,M Morkel,0,0,"",""
ball,2,9.2,Pakistan,Mohammad Hafeez,Umar Amin,M Morkel,0,0,"",""
ball,2,9.3,Pakistan,Mohammad Hafeez,Umar Amin,M Morkel,0,0,"",""
ball,2,9.4,Pakistan,Mohammad Hafeez,Umar Amin,M Morkel,0,0,"",""
ball,2,9.5,Pakistan,Mohammad Hafeez,Umar Amin,M Morkel,0,0,"",""
ball,2,9.6,Pakistan,Mohammad Hafeez,Umar Amin,M Morkel,0,0,caught,Mohammad Hafeez
ball,2,10.1,Pakistan,Umar Amin,Misbah-ul-Haq,DW Steyn,0,0,"",""
ball,2,10.2,Pakistan,Umar Amin,Misbah-ul-Haq,DW Steyn,0,0,"",""
ball,2,10.3,Pakistan,Umar Amin,Misbah-ul-Haq,DW Steyn,0,0,"",""
ball,2,10.4,Pakistan,Umar Amin,Misbah-ul-Haq,DW Steyn,0,0,"",""
ball,2,10.5,Pakistan,Umar Amin,Misbah-ul-Haq,DW Steyn,0,0,"",""
ball,2,10.6,Pakistan,Umar Amin,Misbah-ul-Haq,DW Steyn,0,1,"",""
ball,2,10.7,Pakistan,Umar Amin,Misbah-ul-Haq,DW Steyn,0,0,"",""
ball,2,11.1,Pakistan,Misbah-ul-Haq,Umar Amin,M Morkel,0,4,"",""
ball,2,11.2,Pakistan,Misbah-ul-Haq,Umar Amin,M Morkel,0,0,"",""
ball,2,11.3,Pakistan,Misbah-ul-Haq,Umar Amin,M Morkel,0,0,"",""
ball,2,11.4,Pakistan,Misbah-ul-Haq,Umar Amin,M Morkel,4,0,"",""
ball,2,11.5,Pakistan,Misbah-ul-Haq,Umar Amin,M Morkel,0,0,"",""
ball,2,11.6,Pakistan,Misbah-ul-Haq,Umar Amin,M Morkel,0,0,"",""
ball,2,12.1,Pakistan,Umar Amin,Misbah-ul-Haq,DW Steyn,1,0,"",""
ball,2,12.2,Pakistan,Misbah-ul-Haq,Umar Amin,DW Steyn,0,0,"",""
ball,2,12.3,Pakistan,Misbah-ul-Haq,Umar Amin,DW Steyn,0,0,"",""
ball,2,12.4,Pakistan,Misbah-ul-Haq,Umar Amin,DW Steyn,0,0,"",""
ball,2,12.5,Pakistan,Misbah-ul-Haq,Umar Amin,DW Steyn,0,0,"",""
ball,2,12.6,Pakistan,Misbah-ul-Haq,Umar Amin,DW Steyn,3,0,"",""
ball,2,13.1,Pakistan,Misbah-ul-Haq,Umar Amin,LL Tsotsobe,1,0,"",""
ball,2,13.2,Pakistan,Umar Amin,Misbah-ul-Haq,LL Tsotsobe,0,0,"",""
ball,2,13.3,Pakistan,Umar Amin,Misbah-ul-Haq,LL Tsotsobe,0,0,"",""
ball,2,13.4,Pakistan,Umar Amin,Misbah-ul-Haq,LL Tsotsobe,0,0,"",""
ball,2,13.5,Pakistan,Umar Amin,Misbah-ul-Haq,LL Tsotsobe,0,0,"",""
ball,2,13.6,Pakistan,Umar Amin,Misbah-ul-Haq,LL Tsotsobe,0,0,"",""
ball,2,14.1,Pakistan,Misbah-ul-Haq,Umar Amin,Imran Tahir,4,0,"",""
ball,2,14.2,Pakistan,Misbah-ul-Haq,Umar Amin,Imran Tahir,1,0,"",""
ball,2,14.3,Pakistan,Umar Amin,Misbah-ul-Haq,Imran Tahir,4,0,"",""
ball,2,14.4,Pakistan,Umar Amin,Misbah-ul-Haq,Imran Tahir,0,0,"",""
ball,2,14.5,Pakistan,Umar Amin,Misbah-ul-Haq,Imran Tahir,0,0,"",""
ball,2,14.6,Pakistan,Umar Amin,Misbah-ul-Haq,Imran Tahir,4,0,"",""
ball,2,15.1,Pakistan,Misbah-ul-Haq,Umar Amin,LL Tsotsobe,0,0,"",""
ball,2,15.2,Pakistan,Misbah-ul-Haq,Umar Amin,LL Tsotsobe,0,0,"",""
ball,2,15.3,Pakistan,Misbah-ul-Haq,Umar Amin,LL Tsotsobe,0,0,"",""
ball,2,15.4,Pakistan,Misbah-ul-Haq,Umar Amin,LL Tsotsobe,0,0,"",""
ball,2,15.5,Pakistan,Misbah-ul-Haq,Umar Amin,LL Tsotsobe,0,0,"",""
ball,2,15.6,Pakistan,Misbah-ul-Haq,Umar Amin,LL Tsotsobe,0,0,"",""
ball,2,16.1,Pakistan,Umar Amin,Misbah-ul-Haq,Imran Tahir,0,0,"",""
ball,2,16.2,Pakistan,Umar Amin,Misbah-ul-Haq,Imran Tahir,1,0,"",""
ball,2,16.3,Pakistan,Misbah-ul-Haq,Umar Amin,Imran Tahir,0,0,"",""
ball,2,16.4,Pakistan,Misbah-ul-Haq,Umar Amin,Imran Tahir,4,0,"",""
ball,2,16.5,Pakistan,Misbah-ul-Haq,Umar Amin,Imran Tahir,1,0,"",""
ball,2,16.6,Pakistan,Umar Amin,Misbah-ul-Haq,Imran Tahir,0,0,"",""
ball,2,17.1,Pakistan,Misbah-ul-Haq,Umar Amin,LL Tsotsobe,0,0,"",""
ball,2,17.2,Pakistan,Misbah-ul-Haq,Umar Amin,LL Tsotsobe,0,0,"",""
ball,2,17.3,Pakistan,Misbah-ul-Haq,Umar Amin,LL Tsotsobe,0,0,"",""
ball,2,17.4,Pakistan,Misbah-ul-Haq,Umar Amin,LL Tsotsobe,0,0,"",""
ball,2,17.5,Pakistan,Misbah-ul-Haq,Umar Amin,LL Tsotsobe,0,0,"",""
ball,2,17.6,Pakistan,Misbah-ul-Haq,Umar Amin,LL Tsotsobe,0,0,"",""
ball,2,18.1,Pakistan,Umar Amin,Misbah-ul-Haq,R McLaren,1,0,"",""
ball,2,18.2,Pakistan,Misbah-ul-Haq,Umar Amin,R McLaren,0,0,"",""
ball,2,18.3,Pakistan,Misbah-ul-Haq,Umar Amin,R McLaren,0,0,"",""
ball,2,18.4,Pakistan,Misbah-ul-Haq,Umar Amin,R McLaren,0,0,"",""
ball,2,18.5,Pakistan,Misbah-ul-Haq,Umar Amin,R McLaren,0,0,"",""
ball,2,18.6,Pakistan,Misbah-ul-Haq,Umar Amin,R McLaren,0,0,"",""
ball,2,19.1,Pakistan,Umar Amin,Misbah-ul-Haq,LL Tsotsobe,0,0,"",""
ball,2,19.2,Pakistan,Umar Amin,Misbah-ul-Haq,LL Tsotsobe,0,0,caught,Umar Amin
ball,2,19.3,Pakistan,Asad Shafiq,Misbah-ul-Haq,LL Tsotsobe,0,0,"",""
ball,2,19.4,Pakistan,Asad Shafiq,Misbah-ul-Haq,LL Tsotsobe,0,0,"",""
ball,2,19.5,Pakistan,Asad Shafiq,Misbah-ul-Haq,LL Tsotsobe,0,1,"",""
ball,2,19.6,Pakistan,Asad Shafiq,Misbah-ul-Haq,LL Tsotsobe,0,0,"",""
ball,2,19.7,Pakistan,Asad Shafiq,Misbah-ul-Haq,LL Tsotsobe,0,0,"",""
ball,2,20.1,Pakistan,Misbah-ul-Haq,Asad Shafiq,Imran Tahir,1,0,"",""
ball,2,20.2,Pakistan,Asad Shafiq,Misbah-ul-Haq,Imran Tahir,1,0,"",""
ball,2,20.3,Pakistan,Misbah-ul-Haq,Asad Shafiq,Imran Tahir,0,0,lbw,Misbah-ul-Haq
ball,2,20.4,Pakistan,Umar Akmal,Asad Shafiq,Imran Tahir,0,0,"",""
ball,2,20.5,Pakistan,Umar Akmal,Asad Shafiq,Imran Tahir,1,0,"",""
ball,2,20.6,Pakistan,Asad Shafiq,Umar Akmal,Imran Tahir,0,0,"",""
ball,2,21.1,Pakistan,Umar Akmal,Asad Shafiq,LL Tsotsobe,0,0,"",""
ball,2,21.2,Pakistan,Umar Akmal,Asad Shafiq,LL Tsotsobe,0,0,"",""
ball,2,21.3,Pakistan,Umar Akmal,Asad Shafiq,LL Tsotsobe,0,0,"",""
ball,2,21.4,Pakistan,Umar Akmal,Asad Shafiq,LL Tsotsobe,1,0,"",""
ball,2,21.5,Pakistan,Asad Shafiq,Umar Akmal,LL Tsotsobe,0,0,"",""
ball,2,21.6,Pakistan,Asad Shafiq,Umar Akmal,LL Tsotsobe,1,0,"",""
ball,2,22.1,Pakistan,Asad Shafiq,Umar Akmal,DW Steyn,0,0,"",""
ball,2,22.2,Pakistan,Asad Shafiq,Umar Akmal,DW Steyn,0,0,"",""
ball,2,22.3,Pakistan,Asad Shafiq,Umar Akmal,DW Steyn,0,1,"",""
ball,2,22.4,Pakistan,Umar Akmal,Asad Shafiq,DW Steyn,0,0,"",""
ball,2,22.5,Pakistan,Umar Akmal,Asad Shafiq,DW Steyn,0,0,"",""
ball,2,22.6,Pakistan,Umar Akmal,Asad Shafiq,DW Steyn,1,0,"",""
ball,2,23.1,Pakistan,Umar Akmal,Asad Shafiq,LL Tsotsobe,0,0,"",""
ball,2,23.2,Pakistan,Umar Akmal,Asad Shafiq,LL Tsotsobe,0,0,"",""
ball,2,23.3,Pakistan,Umar Akmal,Asad Shafiq,LL Tsotsobe,0,0,"",""
ball,2,23.4,Pakistan,Umar Akmal,Asad Shafiq,LL Tsotsobe,1,0,"",""
ball,2,23.5,Pakistan,Asad Shafiq,Umar Akmal,LL Tsotsobe,0,0,"",""
ball,2,23.6,Pakistan,Asad Shafiq,Umar Akmal,LL Tsotsobe,0,0,"",""
ball,2,24.1,Pakistan,Umar Akmal,Asad Shafiq,DW Steyn,1,0,"",""
ball,2,24.2,Pakistan,Asad Shafiq,Umar Akmal,DW Steyn,0,0,"",""
ball,2,24.3,Pakistan,Asad Shafiq,Umar Akmal,DW Steyn,0,0,"",""
ball,2,24.4,Pakistan,Asad Shafiq,Umar Akmal,DW Steyn,4,0,"",""
ball,2,24.5,Pakistan,Asad Shafiq,Umar Akmal,DW Steyn,0,0,"",""
ball,2,24.6,Pakistan,Asad Shafiq,Umar Akmal,DW Steyn,1,0,"",""
ball,2,25.1,Pakistan,Asad Shafiq,Umar Akmal,R McLaren,1,0,"",""
ball,2,25.2,Pakistan,Umar Akmal,Asad Shafiq,R McLaren,1,0,"",""
ball,2,25.3,Pakistan,Asad Shafiq,Umar Akmal,R McLaren,0,0,"",""
ball,2,25.4,Pakistan,Asad Shafiq,Umar Akmal,R McLaren,0,0,"",""
ball,2,25.5,Pakistan,Asad Shafiq,Umar Akmal,R McLaren,0,0,"",""
ball,2,25.6,Pakistan,Asad Shafiq,Umar Akmal,R McLaren,0,0,"",""
ball,2,26.1,Pakistan,Umar Akmal,Asad Shafiq,Imran Tahir,0,0,"",""
ball,2,26.2,Pakistan,Umar Akmal,Asad Shafiq,Imran Tahir,0,0,"",""
ball,2,26.3,Pakistan,Umar Akmal,Asad Shafiq,Imran Tahir,1,0,"",""
ball,2,26.4,Pakistan,Asad Shafiq,Umar Akmal,Imran Tahir,1,0,"",""
ball,2,26.5,Pakistan,Umar Akmal,Asad Shafiq,Imran Tahir,0,1,"",""
ball,2,26.6,Pakistan,Umar Akmal,Asad Shafiq,Imran Tahir,0,0,"",""
ball,2,26.7,Pakistan,Umar Akmal,Asad Shafiq,Imran Tahir,0,0,caught and bowled,Umar Akmal
ball,2,27.1,Pakistan,Asad Shafiq,Shahid Afridi,R McLaren,1,0,"",""
ball,2,27.2,Pakistan,Shahid Afridi,Asad Shafiq,R McLaren,4,0,"",""
ball,2,27.3,Pakistan,Shahid Afridi,Asad Shafiq,R McLaren,0,0,"",""
ball,2,27.4,Pakistan,Shahid Afridi,Asad Shafiq,R McLaren,0,1,"",""
ball,2,27.5,Pakistan,Shahid Afridi,Asad Shafiq,R McLaren,1,0,"",""
ball,2,27.6,Pakistan,Asad Shafiq,Shahid Afridi,R McLaren,0,0,"",""
ball,2,27.7,Pakistan,Asad Shafiq,Shahid Afridi,R McLaren,1,0,"",""
ball,2,28.1,Pakistan,Asad Shafiq,Shahid Afridi,Imran Tahir,0,0,caught,Asad Shafiq
ball,2,28.2,Pakistan,Sohail Tanvir,Shahid Afridi,Imran Tahir,1,0,"",""
ball,2,28.3,Pakistan,Shahid Afridi,Sohail Tanvir,Imran Tahir,1,0,"",""
ball,2,28.4,Pakistan,Sohail Tanvir,Shahid Afridi,Imran Tahir,0,0,"",""
ball,2,28.5,Pakistan,Sohail Tanvir,Shahid Afridi,Imran Tahir,0,0,"",""
ball,2,28.6,Pakistan,Sohail Tanvir,Shahid Afridi,Imran Tahir,0,0,"",""
ball,2,29.1,Pakistan,Shahid Afridi,Sohail Tanvir,R McLaren,0,0,"",""
ball,2,29.2,Pakistan,Shahid Afridi,Sohail Tanvir,R McLaren,0,0,"",""
ball,2,29.3,Pakistan,Shahid Afridi,Sohail Tanvir,R McLaren,0,0,lbw,Shahid Afridi
ball,2,29.4,Pakistan,Wahab Riaz,Sohail Tanvir,R McLaren,0,1,"",""
ball,2,29.5,Pakistan,Wahab Riaz,Sohail Tanvir,R McLaren,0,0,"",""
ball,2,29.6,Pakistan,Wahab Riaz,Sohail Tanvir,R McLaren,0,0,"",""
ball,2,29.7,Pakistan,Wahab Riaz,Sohail Tanvir,R McLaren,1,0,"",""
ball,2,30.1,Pakistan,Wahab Riaz,Sohail Tanvir,Imran Tahir,0,0,"",""
ball,2,30.2,Pakistan,Wahab Riaz,Sohail Tanvir,Imran Tahir,0,0,"",""
ball,2,30.3,Pakistan,Wahab Riaz,Sohail Tanvir,Imran Tahir,0,0,"",""
ball,2,30.4,Pakistan,Wahab Riaz,Sohail Tanvir,Imran Tahir,0,0,"",""
ball,2,30.5,Pakistan,Wahab Riaz,Sohail Tanvir,Imran Tahir,0,0,"",""
ball,2,30.6,Pakistan,Wahab Riaz,Sohail Tanvir,Imran Tahir,0,0,"",""
ball,2,31.1,Pakistan,Sohail Tanvir,Wahab Riaz,R McLaren,0,0,"",""
ball,2,31.2,Pakistan,Sohail Tanvir,Wahab Riaz,R McLaren,0,0,"",""
ball,2,31.3,Pakistan,Sohail Tanvir,Wahab Riaz,R McLaren,0,0,"",""
ball,2,31.4,Pakistan,Sohail Tanvir,Wahab Riaz,R McLaren,0,0,"",""
ball,2,31.5,Pakistan,Sohail Tanvir,Wahab Riaz,R McLaren,1,0,"",""
ball,2,31.6,Pakistan,Wahab Riaz,Sohail Tanvir,R McLaren,1,0,"",""
ball,2,32.1,Pakistan,Wahab Riaz,Sohail Tanvir,Imran Tahir,0,0,"",""
ball,2,32.2,Pakistan,Wahab Riaz,Sohail Tanvir,Imran Tahir,1,0,"",""
ball,2,32.3,Pakistan,Sohail Tanvir,Wahab Riaz,Imran Tahir,0,0,"",""
ball,2,32.4,Pakistan,Sohail Tanvir,Wahab Riaz,Imran Tahir,0,0,"",""
ball,2,32.5,Pakistan,Sohail Tanvir,Wahab Riaz,Imran Tahir,2,0,"",""
ball,2,32.6,Pakistan,Sohail Tanvir,Wahab Riaz,Imran Tahir,0,0,"",""
ball,2,33.1,Pakistan,Wahab Riaz,Sohail Tanvir,M Morkel,0,0,"",""
ball,2,33.2,Pakistan,Wahab Riaz,Sohail Tanvir,M Morkel,0,0,"",""
ball,2,33.3,Pakistan,Wahab Riaz,Sohail Tanvir,M Morkel,0,0,"",""
ball,2,33.4,Pakistan,Wahab Riaz,Sohail Tanvir,M Morkel,0,0,"",""
ball,2,33.5,Pakistan,Wahab Riaz,Sohail Tanvir,M Morkel,0,0,"",""
ball,2,33.6,Pakistan,Wahab Riaz,Sohail Tanvir,M Morkel,1,0,"",""
ball,2,34.1,Pakistan,Wahab Riaz,Sohail Tanvir,Imran Tahir,0,5,"",""
ball,2,34.2,Pakistan,Wahab Riaz,Sohail Tanvir,Imran Tahir,0,0,"",""
ball,2,34.3,Pakistan,Wahab Riaz,Sohail Tanvir,Imran Tahir,1,0,"",""
ball,2,34.4,Pakistan,Sohail Tanvir,Wahab Riaz,Imran Tahir,0,0,"",""
ball,2,34.5,Pakistan,Sohail Tanvir,Wahab Riaz,Imran Tahir,4,0,"",""
ball,2,34.6,Pakistan,Sohail Tanvir,Wahab Riaz,Imran Tahir,0,0,"",""
ball,2,34.7,Pakistan,Sohail Tanvir,Wahab Riaz,Imran Tahir,0,0,"",""
ball,2,35.1,Pakistan,Wahab Riaz,Sohail Tanvir,M Morkel,0,0,"",""
ball,2,35.2,Pakistan,Wahab Riaz,Sohail Tanvir,M Morkel,2,0,"",""
ball,2,35.3,Pakistan,Wahab Riaz,Sohail Tanvir,M Morkel,0,1,"",""
ball,2,35.4,Pakistan,Wahab Riaz,Sohail Tanvir,M Morkel,0,0,"",""
ball,2,35.5,Pakistan,Wahab Riaz,Sohail Tanvir,M Morkel,1,0,"",""
ball,2,35.6,Pakistan,Sohail Tanvir,Wahab Riaz,M Morkel,1,0,"",""
ball,2,35.7,Pakistan,Wahab Riaz,Sohail Tanvir,M Morkel,1,0,"",""
ball,2,36.1,Pakistan,Wahab Riaz,Sohail Tanvir,DW Steyn,1,0,"",""
ball,2,36.2,Pakistan,Sohail Tanvir,Wahab Riaz,DW Steyn,4,0,"",""
ball,2,36.3,Pakistan,Sohail Tanvir,Wahab Riaz,DW Steyn,0,0,"",""
ball,2,36.4,Pakistan,Sohail Tanvir,Wahab Riaz,DW Steyn,1,0,"",""
ball,2,36.5,Pakistan,Wahab Riaz,Sohail Tanvir,DW Steyn,1,0,"",""
ball,2,36.6,Pakistan,Sohail Tanvir,Wahab Riaz,DW Steyn,0,0,"",""
ball,2,37.1,Pakistan,Wahab Riaz,Sohail Tanvir,R McLaren,0,0,"",""
ball,2,37.2,Pakistan,Wahab Riaz,Sohail Tanvir,R McLaren,4,0,"",""
ball,2,37.3,Pakistan,Wahab Riaz,Sohail Tanvir,R McLaren,0,0,"",""
ball,2,37.4,Pakistan,Wahab Riaz,Sohail Tanvir,R McLaren,0,0,"",""
ball,2,37.5,Pakistan,Wahab Riaz,Sohail Tanvir,R McLaren,0,0,"",""
ball,2,37.6,Pakistan,Wahab Riaz,Sohail Tanvir,R McLaren,1,0,"",""
ball,2,38.1,Pakistan,Wahab Riaz,Sohail Tanvir,DW Steyn,4,0,"",""
ball,2,38.2,Pakistan,Wahab Riaz,Sohail Tanvir,DW Steyn,0,0,"",""
ball,2,38.3,Pakistan,Wahab Riaz,Sohail Tanvir,DW Steyn,0,0,"",""
ball,2,38.4,Pakistan,Wahab Riaz,Sohail Tanvir,DW Steyn,4,0,"",""
ball,2,38.5,Pakistan,Wahab Riaz,Sohail Tanvir,DW Steyn,0,0,"",""
ball,2,38.6,Pakistan,Wahab Riaz,Sohail Tanvir,DW Steyn,1,0,"",""
ball,2,39.1,Pakistan,Wahab Riaz,Sohail Tanvir,R McLaren,0,0,"",""
ball,2,39.2,Pakistan,Wahab Riaz,Sohail Tanvir,R McLaren,6,0,"",""
ball,2,39.3,Pakistan,Wahab Riaz,Sohail Tanvir,R McLaren,0,0,"",""
ball,2,39.4,Pakistan,Wahab Riaz,Sohail Tanvir,R McLaren,0,0,"",""
ball,2,39.5,Pakistan,Wahab Riaz,Sohail Tanvir,R McLaren,1,0,"",""
ball,2,39.6,Pakistan,Sohail Tanvir,Wahab Riaz,R McLaren,0,0,"",""
ball,2,40.1,Pakistan,Wahab Riaz,Sohail Tanvir,Imran Tahir,0,0,"",""
ball,2,40.2,Pakistan,Wahab Riaz,Sohail Tanvir,Imran Tahir,1,0,"",""
ball,2,40.3,Pakistan,Sohail Tanvir,Wahab Riaz,Imran Tahir,4,0,"",""
ball,2,40.4,Pakistan,Sohail Tanvir,Wahab Riaz,Imran Tahir,0,0,"",""
ball,2,40.5,Pakistan,Sohail Tanvir,Wahab Riaz,Imran Tahir,4,0,"",""
ball,2,40.6,Pakistan,Sohail Tanvir,Wahab Riaz,Imran Tahir,0,0,"",""
ball,2,41.1,Pakistan,Wahab Riaz,Sohail Tanvir,M Morkel,0,0,caught,Wahab Riaz
ball,2,41.2,Pakistan,Saeed Ajmal,Sohail Tanvir,M Morkel,0,0,"",""
ball,2,41.3,Pakistan,Saeed Ajmal,Sohail Tanvir,M Morkel,1,0,"",""
ball,2,41.4,Pakistan,Sohail Tanvir,Saeed Ajmal,M Morkel,0,0,"",""
ball,2,41.5,Pakistan,Sohail Tanvir,Saeed Ajmal,M Morkel,0,0,"",""
ball,2,41.6,Pakistan,Sohail Tanvir,Saeed Ajmal,M Morkel,4,0,"",""
ball,2,42.1,Pakistan,Saeed Ajmal,Sohail Tanvir,Imran Tahir,0,0,lbw,Saeed Ajmal
ball,2,42.2,Pakistan,Mohammad Irfan,Sohail Tanvir,Imran Tahir,0,0,"",""
ball,2,42.3,Pakistan,Mohammad Irfan,Sohail Tanvir,Imran Tahir,4,0,"",""
ball,2,42.4,Pakistan,Mohammad Irfan,Sohail Tanvir,Imran Tahir,0,0,"",""
ball,2,42.5,Pakistan,Mohammad Irfan,Sohail Tanvir,Imran Tahir,0,0,"",""
ball,2,42.6,Pakistan,Mohammad Irfan,Sohail Tanvir,Imran Tahir,0,0,"",""
ball,2,43.1,Pakistan,Sohail Tanvir,Mohammad Irfan,M Morkel,0,0,"",""
ball,2,43.2,Pakistan,Sohail Tanvir,Mohammad Irfan,M Morkel,0,0,"",""
ball,2,43.3,Pakistan,Sohail Tanvir,Mohammad Irfan,M Morkel,0,0,"",""
ball,2,43.4,Pakistan,Sohail Tanvir,Mohammad Irfan,M Morkel,0,0,"",""
ball,2,43.5,Pakistan,Sohail Tanvir,Mohammad Irfan,M Morkel,1,0,"",""
ball,2,43.6,Pakistan,Mohammad Irfan,Sohail Tanvir,M Morkel,0,0,"",""
ball,2,44.1,Pakistan,Sohail Tanvir,Mohammad Irfan,R McLaren,0,0,"",""
ball,2,44.2,Pakistan,Sohail Tanvir,Mohammad Irfan,R McLaren,4,0,"",""
ball,2,44.3,Pakistan,Sohail Tanvir,Mohammad Irfan,R McLaren,0,0,caught,Sohail Tanvir
