version,1.3.0
info,team,Bangladesh
info,team,England
info,gender,male
info,season,2014/15
info,date,2015/03/09
info,competition,ICC Cricket World Cup
info,match_number,33
info,venue,Adelaide Oval
info,city,
info,neutralvenue,true
info,toss_winner,England
info,toss_decision,field
info,player_of_match,Mahmudullah
info,umpire,BF Bowden
info,umpire,PR Reiffel
info,reserve_umpire,REJ Martinesz
info,tv_umpire,SD Fry
info,match_referee,RS Madugalle
info,winner,Bangladesh
info,winner_runs,15
ball,1,0.1,Bangladesh,Tamim Iqbal,Imrul Kayes,JM Anderson,0,0,"",""
ball,1,0.2,Bangladesh,Tamim Iqbal,Imrul Kayes,JM Anderson,1,0,"",""
ball,1,0.3,Bangladesh,Imrul Kayes,Tamim Iqbal,JM Anderson,2,0,"",""
ball,1,0.4,Bangladesh,Imrul Kayes,Tamim Iqbal,JM Anderson,0,0,caught,Imrul Kayes
ball,1,0.5,Bangladesh,Soumya Sarkar,Tamim Iqbal,JM Anderson,0,0,"",""
ball,1,0.6,Bangladesh,Soumya Sarkar,Tamim Iqbal,JM Anderson,0,0,"",""
ball,1,1.1,Bangladesh,Tamim Iqbal,Soumya Sarkar,SCJ Broad,0,0,"",""
ball,1,1.2,Bangladesh,Tamim Iqbal,Soumya Sarkar,SCJ Broad,0,0,"",""
ball,1,1.3,Bangladesh,Tamim Iqbal,Soumya Sarkar,SCJ Broad,0,0,"",""
ball,1,1.4,Bangladesh,Tamim Iqbal,Soumya Sarkar,SCJ Broad,1,0,"",""
ball,1,1.5,Bangladesh,Soumya Sarkar,Tamim Iqbal,SCJ Broad,4,0,"",""
ball,1,1.6,Bangladesh,Soumya Sarkar,Tamim Iqbal,SCJ Broad,0,0,"",""
ball,1,2.1,Bangladesh,Tamim Iqbal,Soumya Sarkar,JM Anderson,0,0,caught,Tamim Iqbal
ball,1,2.2,Bangladesh,Mahmudullah,Soumya Sarkar,JM Anderson,1,0,"",""
ball,1,2.3,Bangladesh,Soumya Sarkar,Mahmudullah,JM Anderson,0,0,"",""
ball,1,2.4,Bangladesh,Soumya Sarkar,Mahmudullah,JM Anderson,0,0,"",""
ball,1,2.5,Bangladesh,Soumya Sarkar,Mahmudullah,JM Anderson,0,0,"",""
ball,1,2.6,Bangladesh,Soumya Sarkar,Mahmudullah,JM Anderson,1,0,"",""
ball,1,3.1,Bangladesh,Soumya Sarkar,Mahmudullah,SCJ Broad,1,0,"",""
ball,1,3.2,Bangladesh,Mahmudullah,Soumya Sarkar,SCJ Broad,0,0,"",""
ball,1,3.3,Bangladesh,Mahmudullah,Soumya Sarkar,SCJ Broad,0,0,"",""
ball,1,3.4,Bangladesh,Mahmudullah,Soumya Sarkar,SCJ Broad,1,0,"",""
ball,1,3.5,Bangladesh,Soumya Sarkar,Mahmudullah,SCJ Broad,0,0,"",""
ball,1,3.6,Bangladesh,Soumya Sarkar,Mahmudullah,SCJ Broad,0,0,"",""
ball,1,4.1,Bangladesh,Mahmudullah,Soumya Sarkar,JM Anderson,0,0,"",""
ball,1,4.2,Bangladesh,Mahmudullah,Soumya Sarkar,JM Anderson,0,0,"",""
ball,1,4.3,Bangladesh,Mahmudullah,Soumya Sarkar,JM Anderson,0,0,"",""
ball,1,4.4,Bangladesh,Mahmudullah,Soumya Sarkar,JM Anderson,0,0,"",""
ball,1,4.5,Bangladesh,Mahmudullah,Soumya Sarkar,JM Anderson,0,0,"",""
ball,1,4.6,Bangladesh,Mahmudullah,Soumya Sarkar,JM Anderson,0,0,"",""
ball,1,5.1,Bangladesh,Soumya Sarkar,Mahmudullah,SCJ Broad,1,0,"",""
ball,1,5.2,Bangladesh,Mahmudullah,Soumya Sarkar,SCJ Broad,0,0,"",""
ball,1,5.3,Bangladesh,Mahmudullah,Soumya Sarkar,SCJ Broad,4,0,"",""
ball,1,5.4,Bangladesh,Mahmudullah,Soumya Sarkar,SCJ Broad,0,0,"",""
ball,1,5.5,Bangladesh,Mahmudullah,Soumya Sarkar,SCJ Broad,0,0,"",""
ball,1,5.6,Bangladesh,Mahmudullah,Soumya Sarkar,SCJ Broad,0,0,"",""
ball,1,6.1,Bangladesh,Soumya Sarkar,Mahmudullah,JM Anderson,0,0,"",""
ball,1,6.2,Bangladesh,Soumya Sarkar,Mahmudullah,JM Anderson,4,0,"",""
ball,1,6.3,Bangladesh,Soumya Sarkar,Mahmudullah,JM Anderson,1,0,"",""
ball,1,6.4,Bangladesh,Mahmudullah,Soumya Sarkar,JM Anderson,0,0,"",""
ball,1,6.5,Bangladesh,Mahmudullah,Soumya Sarkar,JM Anderson,1,0,"",""
ball,1,6.6,Bangladesh,Soumya Sarkar,Mahmudullah,JM Anderson,0,0,"",""
ball,1,7.1,Bangladesh,Mahmudullah,Soumya Sarkar,SCJ Broad,0,0,"",""
ball,1,7.2,Bangladesh,Mahmudullah,Soumya Sarkar,SCJ Broad,2,0,"",""
ball,1,7.3,Bangladesh,Mahmudullah,Soumya Sarkar,SCJ Broad,0,0,"",""
ball,1,7.4,Bangladesh,Mahmudullah,Soumya Sarkar,SCJ Broad,0,0,"",""
ball,1,7.5,Bangladesh,Mahmudullah,Soumya Sarkar,SCJ Broad,0,0,"",""
ball,1,7.6,Bangladesh,Mahmudullah,Soumya Sarkar,SCJ Broad,1,0,"",""
ball,1,8.1,Bangladesh,Mahmudullah,Soumya Sarkar,JM Anderson,0,0,"",""
ball,1,8.2,Bangladesh,Mahmudullah,Soumya Sarkar,JM Anderson,4,0,"",""
ball,1,8.3,Bangladesh,Mahmudullah,Soumya Sarkar,JM Anderson,0,0,"",""
ball,1,8.4,Bangladesh,Mahmudullah,Soumya Sarkar,JM Anderson,0,0,"",""
ball,1,8.5,Bangladesh,Mahmudullah,Soumya Sarkar,JM Anderson,0,0,"",""
ball,1,8.6,Bangladesh,Mahmudullah,Soumya Sarkar,JM Anderson,0,0,"",""
ball,1,9.1,Bangladesh,Soumya Sarkar,Mahmudullah,CJ Jordan,0,0,"",""
ball,1,9.2,Bangladesh,Soumya Sarkar,Mahmudullah,CJ Jordan,0,1,"",""
ball,1,9.3,Bangladesh,Soumya Sarkar,Mahmudullah,CJ Jordan,0,0,"",""
ball,1,9.4,Bangladesh,Soumya Sarkar,Mahmudullah,CJ Jordan,0,1,"",""
ball,1,9.5,Bangladesh,Soumya Sarkar,Mahmudullah,CJ Jordan,0,0,"",""
ball,1,9.6,Bangladesh,Soumya Sarkar,Mahmudullah,CJ Jordan,0,0,"",""
ball,1,9.7,Bangladesh,Soumya Sarkar,Mahmudullah,CJ Jordan,0,0,"",""
ball,1,9.8,Bangladesh,Soumya Sarkar,Mahmudullah,CJ Jordan,0,0,"",""
ball,1,10.1,Bangladesh,Mahmudullah,Soumya Sarkar,JM Anderson,0,0,"",""
ball,1,10.2,Bangladesh,Mahmudullah,Soumya Sarkar,JM Anderson,2,0,"",""
ball,1,10.3,Bangladesh,Mahmudullah,Soumya Sarkar,JM Anderson,2,0,"",""
ball,1,10.4,Bangladesh,Mahmudullah,Soumya Sarkar,JM Anderson,1,0,"",""
ball,1,10.5,Bangladesh,Soumya Sarkar,Mahmudullah,JM Anderson,0,0,"",""
ball,1,10.6,Bangladesh,Soumya Sarkar,Mahmudullah,JM Anderson,0,0,"",""
ball,1,11.1,Bangladesh,Mahmudullah,Soumya Sarkar,CJ Jordan,4,0,"",""
ball,1,11.2,Bangladesh,Mahmudullah,Soumya Sarkar,CJ Jordan,3,0,"",""
ball,1,11.3,Bangladesh,Soumya Sarkar,Mahmudullah,CJ Jordan,4,0,"",""
ball,1,11.4,Bangladesh,Soumya Sarkar,Mahmudullah,CJ Jordan,3,0,"",""
ball,1,11.5,Bangladesh,Mahmudullah,Soumya Sarkar,CJ Jordan,1,0,"",""
ball,1,11.6,Bangladesh,Soumya Sarkar,Mahmudullah,CJ Jordan,0,0,"",""
ball,1,12.1,Bangladesh,Mahmudullah,Soumya Sarkar,CR Woakes,0,0,"",""
ball,1,12.2,Bangladesh,Mahmudullah,Soumya Sarkar,CR Woakes,0,0,"",""
ball,1,12.3,Bangladesh,Mahmudullah,Soumya Sarkar,CR Woakes,0,0,"",""
ball,1,12.4,Bangladesh,Mahmudullah,Soumya Sarkar,CR Woakes,1,0,"",""
ball,1,12.5,Bangladesh,Soumya Sarkar,Mahmudullah,CR Woakes,0,0,"",""
ball,1,12.6,Bangladesh,Soumya Sarkar,Mahmudullah,CR Woakes,0,1,"",""
ball,1,12.7,Bangladesh,Soumya Sarkar,Mahmudullah,CR Woakes,4,0,"",""
ball,1,13.1,Bangladesh,Mahmudullah,Soumya Sarkar,MM Ali,0,0,"",""
ball,1,13.2,Bangladesh,Mahmudullah,Soumya Sarkar,MM Ali,1,0,"",""
ball,1,13.3,Bangladesh,Soumya Sarkar,Mahmudullah,MM Ali,0,0,"",""
ball,1,13.4,Bangladesh,Soumya Sarkar,Mahmudullah,MM Ali,1,0,"",""
ball,1,13.5,Bangladesh,Mahmudullah,Soumya Sarkar,MM Ali,1,0,"",""
ball,1,13.6,Bangladesh,Soumya Sarkar,Mahmudullah,MM Ali,0,1,"",""
ball,1,13.7,Bangladesh,Soumya Sarkar,Mahmudullah,MM Ali,0,0,"",""
ball,1,14.1,Bangladesh,Mahmudullah,Soumya Sarkar,CR Woakes,0,0,"",""
ball,1,14.2,Bangladesh,Mahmudullah,Soumya Sarkar,CR Woakes,6,0,"",""
ball,1,14.3,Bangladesh,Mahmudullah,Soumya Sarkar,CR Woakes,2,0,"",""
ball,1,14.4,Bangladesh,Mahmudullah,Soumya Sarkar,CR Woakes,0,0,"",""
ball,1,14.5,Bangladesh,Mahmudullah,Soumya Sarkar,CR Woakes,0,0,"",""
ball,1,14.6,Bangladesh,Mahmudullah,Soumya Sarkar,CR Woakes,1,0,"",""
ball,1,15.1,Bangladesh,Mahmudullah,Soumya Sarkar,MM Ali,0,0,"",""
ball,1,15.2,Bangladesh,Mahmudullah,Soumya Sarkar,MM Ali,0,0,"",""
ball,1,15.3,Bangladesh,Mahmudullah,Soumya Sarkar,MM Ali,1,0,"",""
ball,1,15.4,Bangladesh,Soumya Sarkar,Mahmudullah,MM Ali,0,0,"",""
ball,1,15.5,Bangladesh,Soumya Sarkar,Mahmudullah,MM Ali,0,0,"",""
ball,1,15.6,Bangladesh,Soumya Sarkar,Mahmudullah,MM Ali,0,0,"",""
ball,1,16.1,Bangladesh,Mahmudullah,Soumya Sarkar,CR Woakes,0,0,"",""
ball,1,16.2,Bangladesh,Mahmudullah,Soumya Sarkar,CR Woakes,1,0,"",""
ball,1,16.3,Bangladesh,Soumya Sarkar,Mahmudullah,CR Woakes,4,0,"",""
ball,1,16.4,Bangladesh,Soumya Sarkar,Mahmudullah,CR Woakes,1,0,"",""
ball,1,16.5,Bangladesh,Mahmudullah,Soumya Sarkar,CR Woakes,0,0,"",""
ball,1,16.6,Bangladesh,Mahmudullah,Soumya Sarkar,CR Woakes,0,0,"",""
ball,1,17.1,Bangladesh,Soumya Sarkar,Mahmudullah,MM Ali,0,0,"",""
ball,1,17.2,Bangladesh,Soumya Sarkar,Mahmudullah,MM Ali,0,0,"",""
ball,1,17.3,Bangladesh,Soumya Sarkar,Mahmudullah,MM Ali,0,0,"",""
ball,1,17.4,Bangladesh,Soumya Sarkar,Mahmudullah,MM Ali,2,0,"",""
ball,1,17.5,Bangladesh,Soumya Sarkar,Mahmudullah,MM Ali,6,0,"",""
ball,1,17.6,Bangladesh,Soumya Sarkar,Mahmudullah,MM Ali,0,0,"",""
ball,1,18.1,Bangladesh,Mahmudullah,Soumya Sarkar,CR Woakes,1,0,"",""
ball,1,18.2,Bangladesh,Soumya Sarkar,Mahmudullah,CR Woakes,0,0,"",""
ball,1,18.3,Bangladesh,Soumya Sarkar,Mahmudullah,CR Woakes,1,0,"",""
ball,1,18.4,Bangladesh,Mahmudullah,Soumya Sarkar,CR Woakes,1,0,"",""
ball,1,18.5,Bangladesh,Soumya Sarkar,Mahmudullah,CR Woakes,0,0,"",""
ball,1,18.6,Bangladesh,Soumya Sarkar,Mahmudullah,CR Woakes,0,0,"",""
ball,1,19.1,Bangladesh,Mahmudullah,Soumya Sarkar,MM Ali,0,0,"",""
ball,1,19.2,Bangladesh,Mahmudullah,Soumya Sarkar,MM Ali,1,0,"",""
ball,1,19.3,Bangladesh,Soumya Sarkar,Mahmudullah,MM Ali,0,0,"",""
ball,1,19.4,Bangladesh,Soumya Sarkar,Mahmudullah,MM Ali,1,0,"",""
ball,1,19.5,Bangladesh,Mahmudullah,Soumya Sarkar,MM Ali,1,0,"",""
ball,1,19.6,Bangladesh,Soumya Sarkar,Mahmudullah,MM Ali,1,0,"",""
ball,1,20.1,Bangladesh,Soumya Sarkar,Mahmudullah,CJ Jordan,0,1,"",""
ball,1,20.2,Bangladesh,Soumya Sarkar,Mahmudullah,CJ Jordan,0,0,"",""
ball,1,20.3,Bangladesh,Soumya Sarkar,Mahmudullah,CJ Jordan,0,0,caught,Soumya Sarkar
ball,1,20.4,Bangladesh,Shakib Al Hasan,Mahmudullah,CJ Jordan,0,0,"",""
ball,1,20.5,Bangladesh,Shakib Al Hasan,Mahmudullah,CJ Jordan,1,0,"",""
ball,1,20.6,Bangladesh,Mahmudullah,Shakib Al Hasan,CJ Jordan,1,0,"",""
ball,1,20.7,Bangladesh,Shakib Al Hasan,Mahmudullah,CJ Jordan,0,0,"",""
ball,1,21.1,Bangladesh,Mahmudullah,Shakib Al Hasan,MM Ali,1,0,"",""
ball,1,21.2,Bangladesh,Shakib Al Hasan,Mahmudullah,MM Ali,1,0,"",""
ball,1,21.3,Bangladesh,Mahmudullah,Shakib Al Hasan,MM Ali,1,0,"",""
ball,1,21.4,Bangladesh,Shakib Al Hasan,Mahmudullah,MM Ali,0,0,"",""
ball,1,21.5,Bangladesh,Shakib Al Hasan,Mahmudullah,MM Ali,0,0,caught,Shakib Al Hasan
ball,1,21.6,Bangladesh,Mushfiqur Rahim,Mahmudullah,MM Ali,0,0,"",""
ball,1,22.1,Bangladesh,Mahmudullah,Mushfiqur Rahim,CJ Jordan,0,0,"",""
ball,1,22.2,Bangladesh,Mahmudullah,Mushfiqur Rahim,CJ Jordan,0,0,"",""
ball,1,22.3,Bangladesh,Mahmudullah,Mushfiqur Rahim,CJ Jordan,0,0,"",""
ball,1,22.4,Bangladesh,Mahmudullah,Mushfiqur Rahim,CJ Jordan,1,0,"",""
ball,1,22.5,Bangladesh,Mushfiqur Rahim,Mahmudullah,CJ Jordan,1,0,"",""
ball,1,22.6,Bangladesh,Mahmudullah,Mushfiqur Rahim,CJ Jordan,1,0,"",""
ball,1,23.1,Bangladesh,Mahmudullah,Mushfiqur Rahim,MM Ali,0,0,"",""
ball,1,23.2,Bangladesh,Mahmudullah,Mushfiqur Rahim,MM Ali,0,0,"",""
ball,1,23.3,Bangladesh,Mahmudullah,Mushfiqur Rahim,MM Ali,0,0,"",""
ball,1,23.4,Bangladesh,Mahmudullah,Mushfiqur Rahim,MM Ali,1,0,"",""
ball,1,23.5,Bangladesh,Mushfiqur Rahim,Mahmudullah,MM Ali,1,0,"",""
ball,1,23.6,Bangladesh,Mahmudullah,Mushfiqur Rahim,MM Ali,0,0,"",""
ball,1,24.1,Bangladesh,Mushfiqur Rahim,Mahmudullah,CJ Jordan,1,0,"",""
ball,1,24.2,Bangladesh,Mahmudullah,Mushfiqur Rahim,CJ Jordan,0,1,"",""
ball,1,24.3,Bangladesh,Mushfiqur Rahim,Mahmudullah,CJ Jordan,0,0,"",""
ball,1,24.4,Bangladesh,Mushfiqur Rahim,Mahmudullah,CJ Jordan,0,0,"",""
ball,1,24.5,Bangladesh,Mushfiqur Rahim,Mahmudullah,CJ Jordan,1,0,"",""
ball,1,24.6,Bangladesh,Mahmudullah,Mushfiqur Rahim,CJ Jordan,4,0,"",""
ball,1,25.1,Bangladesh,Mushfiqur Rahim,Mahmudullah,SCJ Broad,4,0,"",""
ball,1,25.2,Bangladesh,Mushfiqur Rahim,Mahmudullah,SCJ Broad,0,0,"",""
ball,1,25.3,Bangladesh,Mushfiqur Rahim,Mahmudullah,SCJ Broad,0,0,"",""
ball,1,25.4,Bangladesh,Mushfiqur Rahim,Mahmudullah,SCJ Broad,0,0,"",""
ball,1,25.5,Bangladesh,Mushfiqur Rahim,Mahmudullah,SCJ Broad,0,0,"",""
ball,1,25.6,Bangladesh,Mushfiqur Rahim,Mahmudullah,SCJ Broad,2,0,"",""
ball,1,26.1,Bangladesh,Mahmudullah,Mushfiqur Rahim,CJ Jordan,0,0,"",""
ball,1,26.2,Bangladesh,Mahmudullah,Mushfiqur Rahim,CJ Jordan,0,0,"",""
ball,1,26.3,Bangladesh,Mahmudullah,Mushfiqur Rahim,CJ Jordan,0,0,"",""
ball,1,26.4,Bangladesh,Mahmudullah,Mushfiqur Rahim,CJ Jordan,6,0,"",""
ball,1,26.5,Bangladesh,Mahmudullah,Mushfiqur Rahim,CJ Jordan,1,0,"",""
ball,1,26.6,Bangladesh,Mushfiqur Rahim,Mahmudullah,CJ Jordan,0,0,"",""
ball,1,27.1,Bangladesh,Mahmudullah,Mushfiqur Rahim,SCJ Broad,0,0,"",""
ball,1,27.2,Bangladesh,Mahmudullah,Mushfiqur Rahim,SCJ Broad,1,0,"",""
ball,1,27.3,Bangladesh,Mushfiqur Rahim,Mahmudullah,SCJ Broad,4,0,"",""
ball,1,27.4,Bangladesh,Mushfiqur Rahim,Mahmudullah,SCJ Broad,0,0,"",""
ball,1,27.5,Bangladesh,Mushfiqur Rahim,Mahmudullah,SCJ Broad,1,0,"",""
ball,1,27.6,Bangladesh,Mahmudullah,Mushfiqur Rahim,SCJ Broad,0,0,"",""
ball,1,28.1,Bangladesh,Mushfiqur Rahim,Mahmudullah,CR Woakes,2,0,"",""
ball,1,28.2,Bangladesh,Mushfiqur Rahim,Mahmudullah,CR Woakes,0,0,"",""
ball,1,28.3,Bangladesh,Mushfiqur Rahim,Mahmudullah,CR Woakes,1,0,"",""
ball,1,28.4,Bangladesh,Mahmudullah,Mushfiqur Rahim,CR Woakes,0,0,"",""
ball,1,28.5,Bangladesh,Mahmudullah,Mushfiqur Rahim,CR Woakes,0,0,"",""
ball,1,28.6,Bangladesh,Mahmudullah,Mushfiqur Rahim,CR Woakes,0,0,"",""
ball,1,29.1,Bangladesh,Mushfiqur Rahim,Mahmudullah,JE Root,1,0,"",""
ball,1,29.2,Bangladesh,Mahmudullah,Mushfiqur Rahim,JE Root,0,0,"",""
ball,1,29.3,Bangladesh,Mahmudullah,Mushfiqur Rahim,JE Root,1,0,"",""
ball,1,29.4,Bangladesh,Mushfiqur Rahim,Mahmudullah,JE Root,1,0,"",""
ball,1,29.5,Bangladesh,Mahmudullah,Mushfiqur Rahim,JE Root,1,0,"",""
ball,1,29.6,Bangladesh,Mushfiqur Rahim,Mahmudullah,JE Root,2,0,"",""
ball,1,30.1,Bangladesh,Mahmudullah,Mushfiqur Rahim,CR Woakes,0,0,"",""
ball,1,30.2,Bangladesh,Mahmudullah,Mushfiqur Rahim,CR Woakes,1,0,"",""
ball,1,30.3,Bangladesh,Mushfiqur Rahim,Mahmudullah,CR Woakes,0,0,"",""
ball,1,30.4,Bangladesh,Mushfiqur Rahim,Mahmudullah,CR Woakes,1,0,"",""
ball,1,30.5,Bangladesh,Mahmudullah,Mushfiqur Rahim,CR Woakes,0,0,"",""
ball,1,30.6,Bangladesh,Mahmudullah,Mushfiqur Rahim,CR Woakes,1,0,"",""
ball,1,31.1,Bangladesh,Mahmudullah,Mushfiqur Rahim,MM Ali,0,0,"",""
ball,1,31.2,Bangladesh,Mahmudullah,Mushfiqur Rahim,MM Ali,0,0,"",""
ball,1,31.3,Bangladesh,Mahmudullah,Mushfiqur Rahim,MM Ali,1,0,"",""
ball,1,31.4,Bangladesh,Mushfiqur Rahim,Mahmudullah,MM Ali,4,0,"",""
ball,1,31.5,Bangladesh,Mushfiqur Rahim,Mahmudullah,MM Ali,1,0,"",""
ball,1,31.6,Bangladesh,Mahmudullah,Mushfiqur Rahim,MM Ali,1,0,"",""
ball,1,32.1,Bangladesh,Mahmudullah,Mushfiqur Rahim,CR Woakes,1,0,"",""
ball,1,32.2,Bangladesh,Mushfiqur Rahim,Mahmudullah,CR Woakes,0,0,"",""
ball,1,32.3,Bangladesh,Mushfiqur Rahim,Mahmudullah,CR Woakes,1,0,"",""
ball,1,32.4,Bangladesh,Mahmudullah,Mushfiqur Rahim,CR Woakes,0,0,"",""
ball,1,32.5,Bangladesh,Mahmudullah,Mushfiqur Rahim,CR Woakes,0,0,"",""
ball,1,32.6,Bangladesh,Mahmudullah,Mushfiqur Rahim,CR Woakes,0,0,"",""
ball,1,33.1,Bangladesh,Mushfiqur Rahim,Mahmudullah,MM Ali,1,0,"",""
ball,1,33.2,Bangladesh,Mahmudullah,Mushfiqur Rahim,MM Ali,1,0,"",""
ball,1,33.3,Bangladesh,Mushfiqur Rahim,Mahmudullah,MM Ali,0,0,"",""
ball,1,33.4,Bangladesh,Mushfiqur Rahim,Mahmudullah,MM Ali,1,0,"",""
ball,1,33.5,Bangladesh,Mahmudullah,Mushfiqur Rahim,MM Ali,1,0,"",""
ball,1,33.6,Bangladesh,Mushfiqur Rahim,Mahmudullah,MM Ali,1,0,"",""
ball,1,34.1,Bangladesh,Mushfiqur Rahim,Mahmudullah,JM Anderson,2,0,"",""
ball,1,34.2,Bangladesh,Mushfiqur Rahim,Mahmudullah,JM Anderson,1,0,"",""
ball,1,34.3,Bangladesh,Mahmudullah,Mushfiqur Rahim,JM Anderson,0,0,"",""
ball,1,34.4,Bangladesh,Mahmudullah,Mushfiqur Rahim,JM Anderson,0,0,"",""
ball,1,34.5,Bangladesh,Mahmudullah,Mushfiqur Rahim,JM Anderson,1,0,"",""
ball,1,34.6,Bangladesh,Mushfiqur Rahim,Mahmudullah,JM Anderson,0,0,"",""
ball,1,35.1,Bangladesh,Mahmudullah,Mushfiqur Rahim,SCJ Broad,4,0,"",""
ball,1,35.2,Bangladesh,Mahmudullah,Mushfiqur Rahim,SCJ Broad,0,0,"",""
ball,1,35.3,Bangladesh,Mahmudullah,Mushfiqur Rahim,SCJ Broad,0,0,"",""
ball,1,35.4,Bangladesh,Mahmudullah,Mushfiqur Rahim,SCJ Broad,2,0,"",""
ball,1,35.5,Bangladesh,Mahmudullah,Mushfiqur Rahim,SCJ Broad,1,0,"",""
ball,1,35.6,Bangladesh,Mushfiqur Rahim,Mahmudullah,SCJ Broad,0,0,"",""
ball,1,36.1,Bangladesh,Mahmudullah,Mushfiqur Rahim,CJ Jordan,1,0,"",""
ball,1,36.2,Bangladesh,Mushfiqur Rahim,Mahmudullah,CJ Jordan,1,0,"",""
ball,1,36.3,Bangladesh,Mahmudullah,Mushfiqur Rahim,CJ Jordan,1,0,"",""
ball,1,36.4,Bangladesh,Mushfiqur Rahim,Mahmudullah,CJ Jordan,4,0,"",""
ball,1,36.5,Bangladesh,Mushfiqur Rahim,Mahmudullah,CJ Jordan,0,0,"",""
ball,1,36.6,Bangladesh,Mushfiqur Rahim,Mahmudullah,CJ Jordan,2,0,"",""
ball,1,37.1,Bangladesh,Mahmudullah,Mushfiqur Rahim,SCJ Broad,1,0,"",""
ball,1,37.2,Bangladesh,Mushfiqur Rahim,Mahmudullah,SCJ Broad,0,0,"",""
ball,1,37.3,Bangladesh,Mushfiqur Rahim,Mahmudullah,SCJ Broad,0,0,"",""
ball,1,37.4,Bangladesh,Mushfiqur Rahim,Mahmudullah,SCJ Broad,1,0,"",""
ball,1,37.5,Bangladesh,Mahmudullah,Mushfiqur Rahim,SCJ Broad,1,0,"",""
ball,1,37.6,Bangladesh,Mushfiqur Rahim,Mahmudullah,SCJ Broad,2,0,"",""
ball,1,38.1,Bangladesh,Mahmudullah,Mushfiqur Rahim,CJ Jordan,1,0,"",""
ball,1,38.2,Bangladesh,Mushfiqur Rahim,Mahmudullah,CJ Jordan,0,0,"",""
ball,1,38.3,Bangladesh,Mushfiqur Rahim,Mahmudullah,CJ Jordan,1,0,"",""
ball,1,38.4,Bangladesh,Mahmudullah,Mushfiqur Rahim,CJ Jordan,0,1,"",""
ball,1,38.5,Bangladesh,Mahmudullah,Mushfiqur Rahim,CJ Jordan,0,0,"",""
ball,1,38.6,Bangladesh,Mahmudullah,Mushfiqur Rahim,CJ Jordan,0,0,"",""
ball,1,38.7,Bangladesh,Mahmudullah,Mushfiqur Rahim,CJ Jordan,1,0,"",""
ball,1,39.1,Bangladesh,Mahmudullah,Mushfiqur Rahim,CR Woakes,4,0,"",""
ball,1,39.2,Bangladesh,Mahmudullah,Mushfiqur Rahim,CR Woakes,1,0,"",""
ball,1,39.3,Bangladesh,Mushfiqur Rahim,Mahmudullah,CR Woakes,2,0,"",""
ball,1,39.4,Bangladesh,Mushfiqur Rahim,Mahmudullah,CR Woakes,2,0,"",""
ball,1,39.5,Bangladesh,Mushfiqur Rahim,Mahmudullah,CR Woakes,2,0,"",""
ball,1,39.6,Bangladesh,Mushfiqur Rahim,Mahmudullah,CR Woakes,1,0,"",""
ball,1,40.1,Bangladesh,Mushfiqur Rahim,Mahmudullah,JM Anderson,1,0,"",""
ball,1,40.2,Bangladesh,Mahmudullah,Mushfiqur Rahim,JM Anderson,0,0,"",""
ball,1,40.3,Bangladesh,Mahmudullah,Mushfiqur Rahim,JM Anderson,1,0,"",""
ball,1,40.4,Bangladesh,Mushfiqur Rahim,Mahmudullah,JM Anderson,0,1,"",""
ball,1,40.5,Bangladesh,Mahmudullah,Mushfiqur Rahim,JM Anderson,4,0,"",""
ball,1,40.6,Bangladesh,Mahmudullah,Mushfiqur Rahim,JM Anderson,0,0,"",""
ball,1,41.1,Bangladesh,Mushfiqur Rahim,Mahmudullah,MM Ali,2,0,"",""
ball,1,41.2,Bangladesh,Mushfiqur Rahim,Mahmudullah,MM Ali,1,0,"",""
ball,1,41.3,Bangladesh,Mahmudullah,Mushfiqur Rahim,MM Ali,1,0,"",""
ball,1,41.4,Bangladesh,Mushfiqur Rahim,Mahmudullah,MM Ali,4,0,"",""
ball,1,41.5,Bangladesh,Mushfiqur Rahim,Mahmudullah,MM Ali,1,0,"",""
ball,1,41.6,Bangladesh,Mahmudullah,Mushfiqur Rahim,MM Ali,1,0,"",""
ball,1,42.1,Bangladesh,Mahmudullah,Mushfiqur Rahim,JM Anderson,1,0,"",""
ball,1,42.2,Bangladesh,Mushfiqur Rahim,Mahmudullah,JM Anderson,4,0,"",""
ball,1,42.3,Bangladesh,Mushfiqur Rahim,Mahmudullah,JM Anderson,0,0,"",""
ball,1,42.4,Bangladesh,Mushfiqur Rahim,Mahmudullah,JM Anderson,4,0,"",""
ball,1,42.5,Bangladesh,Mushfiqur Rahim,Mahmudullah,JM Anderson,0,0,"",""
ball,1,42.6,Bangladesh,Mushfiqur Rahim,Mahmudullah,JM Anderson,1,0,"",""
ball,1,43.1,Bangladesh,Mushfiqur Rahim,Mahmudullah,SCJ Broad,1,0,"",""
ball,1,43.2,Bangladesh,Mahmudullah,Mushfiqur Rahim,SCJ Broad,0,0,"",""
ball,1,43.3,Bangladesh,Mahmudullah,Mushfiqur Rahim,SCJ Broad,1,0,"",""
ball,1,43.4,Bangladesh,Mushfiqur Rahim,Mahmudullah,SCJ Broad,0,0,"",""
ball,1,43.5,Bangladesh,Mushfiqur Rahim,Mahmudullah,SCJ Broad,0,0,"",""
ball,1,43.6,Bangladesh,Mushfiqur Rahim,Mahmudullah,SCJ Broad,0,0,"",""
ball,1,44.1,Bangladesh,Mahmudullah,Mushfiqur Rahim,CR Woakes,0,0,"",""
ball,1,44.2,Bangladesh,Mahmudullah,Mushfiqur Rahim,CR Woakes,0,1,"",""
ball,1,44.3,Bangladesh,Mahmudullah,Mushfiqur Rahim,CR Woakes,0,0,"",""
ball,1,44.4,Bangladesh,Mahmudullah,Mushfiqur Rahim,CR Woakes,0,0,"",""
ball,1,44.5,Bangladesh,Mahmudullah,Mushfiqur Rahim,CR Woakes,1,0,"",""
ball,1,44.6,Bangladesh,Mushfiqur Rahim,Mahmudullah,CR Woakes,6,0,"",""
ball,1,44.7,Bangladesh,Mushfiqur Rahim,Mahmudullah,CR Woakes,1,1,"",""
ball,1,44.8,Bangladesh,Mahmudullah,Mushfiqur Rahim,CR Woakes,1,0,"",""
ball,1,45.1,Bangladesh,Mahmudullah,Mushfiqur Rahim,JM Anderson,0,1,"",""
ball,1,45.2,Bangladesh,Mushfiqur Rahim,Mahmudullah,JM Anderson,1,0,"",""
ball,1,45.3,Bangladesh,Mahmudullah,Mushfiqur Rahim,JM Anderson,1,0,"",""
ball,1,45.4,Bangladesh,Mushfiqur Rahim,Mahmudullah,JM Anderson,0,0,run out,Mahmudullah
ball,1,45.5,Bangladesh,Sabbir Rahman,Mushfiqur Rahim,JM Anderson,2,0,"",""
ball,1,45.6,Bangladesh,Sabbir Rahman,Mushfiqur Rahim,JM Anderson,1,0,"",""
ball,1,46.1,Bangladesh,Sabbir Rahman,Mushfiqur Rahim,CJ Jordan,1,0,"",""
ball,1,46.2,Bangladesh,Mushfiqur Rahim,Sabbir Rahman,CJ Jordan,1,0,"",""
ball,1,46.3,Bangladesh,Sabbir Rahman,Mushfiqur Rahim,CJ Jordan,1,0,"",""
ball,1,46.4,Bangladesh,Mushfiqur Rahim,Sabbir Rahman,CJ Jordan,4,0,"",""
ball,1,46.5,Bangladesh,Mushfiqur Rahim,Sabbir Rahman,CJ Jordan,0,0,"",""
ball,1,46.6,Bangladesh,Mushfiqur Rahim,Sabbir Rahman,CJ Jordan,1,0,"",""
ball,1,47.1,Bangladesh,Mushfiqur Rahim,Sabbir Rahman,SCJ Broad,2,0,"",""
ball,1,47.2,Bangladesh,Mushfiqur Rahim,Sabbir Rahman,SCJ Broad,1,0,"",""
ball,1,47.3,Bangladesh,Sabbir Rahman,Mushfiqur Rahim,SCJ Broad,6,0,"",""
ball,1,47.4,Bangladesh,Sabbir Rahman,Mushfiqur Rahim,SCJ Broad,1,0,"",""
ball,1,47.5,Bangladesh,Mushfiqur Rahim,Sabbir Rahman,SCJ Broad,0,0,caught,Mushfiqur Rahim
ball,1,47.6,Bangladesh,Sabbir Rahman,Mashrafe Mortaza,SCJ Broad,1,0,"",""
ball,1,48.1,Bangladesh,Sabbir Rahman,Mashrafe Mortaza,CJ Jordan,0,0,"",""
ball,1,48.2,Bangladesh,Sabbir Rahman,Mashrafe Mortaza,CJ Jordan,0,0,"",""
ball,1,48.3,Bangladesh,Sabbir Rahman,Mashrafe Mortaza,CJ Jordan,0,0,"",""
ball,1,48.4,Bangladesh,Sabbir Rahman,Mashrafe Mortaza,CJ Jordan,1,0,"",""
ball,1,48.5,Bangladesh,Mashrafe Mortaza,Sabbir Rahman,CJ Jordan,0,1,"",""
ball,1,48.6,Bangladesh,Mashrafe Mortaza,Sabbir Rahman,CJ Jordan,0,1,"",""
ball,1,48.7,Bangladesh,Sabbir Rahman,Mashrafe Mortaza,CJ Jordan,0,0,caught,Sabbir Rahman
ball,1,49.1,Bangladesh,Arafat Sunny,Mashrafe Mortaza,CR Woakes,1,0,"",""
ball,1,49.2,Bangladesh,Mashrafe Mortaza,Arafat Sunny,CR Woakes,4,0,"",""
ball,1,49.3,Bangladesh,Mashrafe Mortaza,Arafat Sunny,CR Woakes,1,0,"",""
ball,1,49.4,Bangladesh,Arafat Sunny,Mashrafe Mortaza,CR Woakes,2,0,"",""
ball,1,49.5,Bangladesh,Arafat Sunny,Mashrafe Mortaza,CR Woakes,0,1,"",""
ball,1,49.6,Bangladesh,Mashrafe Mortaza,Arafat Sunny,CR Woakes,1,0,"",""
ball,2,0.1,England,MM Ali,IR Bell,Mashrafe Mortaza,0,0,"",""
ball,2,0.2,England,MM Ali,IR Bell,Mashrafe Mortaza,0,0,"",""
ball,2,0.3,England,MM Ali,IR Bell,Mashrafe Mortaza,2,0,"",""
ball,2,0.4,England,MM Ali,IR Bell,Mashrafe Mortaza,1,0,"",""
ball,2,0.5,England,IR Bell,MM Ali,Mashrafe Mortaza,0,0,"",""
ball,2,0.6,England,IR Bell,MM Ali,Mashrafe Mortaza,0,0,"",""
ball,2,1.1,England,MM Ali,IR Bell,Rubel Hossain,4,0,"",""
ball,2,1.2,England,MM Ali,IR Bell,Rubel Hossain,0,0,"",""
ball,2,1.3,England,MM Ali,IR Bell,Rubel Hossain,0,0,"",""
ball,2,1.4,England,MM Ali,IR Bell,Rubel Hossain,4,0,"",""
ball,2,1.5,England,MM Ali,IR Bell,Rubel Hossain,0,0,"",""
ball,2,1.6,England,MM Ali,IR Bell,Rubel Hossain,2,0,"",""
ball,2,2.1,England,IR Bell,MM Ali,Mashrafe Mortaza,0,0,"",""
ball,2,2.2,England,IR Bell,MM Ali,Mashrafe Mortaza,0,0,"",""
ball,2,2.3,England,IR Bell,MM Ali,Mashrafe Mortaza,0,0,"",""
ball,2,2.4,England,IR Bell,MM Ali,Mashrafe Mortaza,0,0,"",""
ball,2,2.5,England,IR Bell,MM Ali,Mashrafe Mortaza,1,0,"",""
ball,2,2.6,England,MM Ali,IR Bell,Mashrafe Mortaza,0,0,"",""
ball,2,3.1,England,IR Bell,MM Ali,Rubel Hossain,0,0,"",""
ball,2,3.2,England,IR Bell,MM Ali,Rubel Hossain,0,2,"",""
ball,2,3.3,England,IR Bell,MM Ali,Rubel Hossain,1,0,"",""
ball,2,3.4,England,MM Ali,IR Bell,Rubel Hossain,0,0,"",""
ball,2,3.5,England,MM Ali,IR Bell,Rubel Hossain,0,0,"",""
ball,2,3.6,England,MM Ali,IR Bell,Rubel Hossain,4,0,"",""
ball,2,4.1,England,IR Bell,MM Ali,Mashrafe Mortaza,4,0,"",""
ball,2,4.2,England,IR Bell,MM Ali,Mashrafe Mortaza,0,0,"",""
ball,2,4.3,England,IR Bell,MM Ali,Mashrafe Mortaza,0,0,"",""
ball,2,4.4,England,IR Bell,MM Ali,Mashrafe Mortaza,0,0,"",""
ball,2,4.5,England,IR Bell,MM Ali,Mashrafe Mortaza,0,0,"",""
ball,2,4.6,England,IR Bell,MM Ali,Mashrafe Mortaza,0,0,"",""
ball,2,5.1,England,MM Ali,IR Bell,Rubel Hossain,0,0,"",""
ball,2,5.2,England,MM Ali,IR Bell,Rubel Hossain,0,0,"",""
ball,2,5.3,England,MM Ali,IR Bell,Rubel Hossain,0,0,"",""
ball,2,5.4,England,MM Ali,IR Bell,Rubel Hossain,1,0,"",""
ball,2,5.5,England,IR Bell,MM Ali,Rubel Hossain,0,0,"",""
ball,2,5.6,England,IR Bell,MM Ali,Rubel Hossain,4,0,"",""
ball,2,6.1,England,MM Ali,IR Bell,Mashrafe Mortaza,1,0,"",""
ball,2,6.2,England,IR Bell,MM Ali,Mashrafe Mortaza,0,0,"",""
ball,2,6.3,England,IR Bell,MM Ali,Mashrafe Mortaza,4,0,"",""
ball,2,6.4,England,IR Bell,MM Ali,Mashrafe Mortaza,0,0,"",""
ball,2,6.5,England,IR Bell,MM Ali,Mashrafe Mortaza,4,0,"",""
ball,2,6.6,England,IR Bell,MM Ali,Mashrafe Mortaza,4,0,"",""
ball,2,7.1,England,MM Ali,IR Bell,Arafat Sunny,0,0,"",""
ball,2,7.2,England,MM Ali,IR Bell,Arafat Sunny,0,0,run out,MM Ali
ball,2,7.3,England,AD Hales,IR Bell,Arafat Sunny,4,0,"",""
ball,2,7.4,England,AD Hales,IR Bell,Arafat Sunny,0,0,"",""
ball,2,7.5,England,AD Hales,IR Bell,Arafat Sunny,0,0,"",""
ball,2,7.6,England,AD Hales,IR Bell,Arafat Sunny,0,0,"",""
ball,2,8.1,England,IR Bell,AD Hales,Shakib Al Hasan,0,0,"",""
ball,2,8.2,England,IR Bell,AD Hales,Shakib Al Hasan,0,0,"",""
ball,2,8.3,England,IR Bell,AD Hales,Shakib Al Hasan,0,0,"",""
ball,2,8.4,England,IR Bell,AD Hales,Shakib Al Hasan,1,0,"",""
ball,2,8.5,England,AD Hales,IR Bell,Shakib Al Hasan,0,0,"",""
ball,2,8.6,England,AD Hales,IR Bell,Shakib Al Hasan,0,0,"",""
ball,2,9.1,England,IR Bell,AD Hales,Arafat Sunny,0,0,"",""
ball,2,9.2,England,IR Bell,AD Hales,Arafat Sunny,0,0,"",""
ball,2,9.3,England,IR Bell,AD Hales,Arafat Sunny,0,0,"",""
ball,2,9.4,England,IR Bell,AD Hales,Arafat Sunny,1,0,"",""
ball,2,9.5,England,AD Hales,IR Bell,Arafat Sunny,1,0,"",""
ball,2,9.6,England,IR Bell,AD Hales,Arafat Sunny,0,0,"",""
ball,2,10.1,England,AD Hales,IR Bell,Shakib Al Hasan,2,0,"",""
ball,2,10.2,England,AD Hales,IR Bell,Shakib Al Hasan,1,0,"",""
ball,2,10.3,England,IR Bell,AD Hales,Shakib Al Hasan,0,0,"",""
ball,2,10.4,England,IR Bell,AD Hales,Shakib Al Hasan,0,0,"",""
ball,2,10.5,England,IR Bell,AD Hales,Shakib Al Hasan,0,0,"",""
ball,2,10.6,England,IR Bell,AD Hales,Shakib Al Hasan,0,0,"",""
ball,2,11.1,England,AD Hales,IR Bell,Taskin Ahmed,4,0,"",""
ball,2,11.2,England,AD Hales,IR Bell,Taskin Ahmed,0,0,"",""
ball,2,11.3,England,AD Hales,IR Bell,Taskin Ahmed,0,0,"",""
ball,2,11.4,England,AD Hales,IR Bell,Taskin Ahmed,0,0,"",""
ball,2,11.5,England,AD Hales,IR Bell,Taskin Ahmed,1,0,"",""
ball,2,11.6,England,IR Bell,AD Hales,Taskin Ahmed,0,0,"",""
ball,2,12.1,England,AD Hales,IR Bell,Arafat Sunny,1,0,"",""
ball,2,12.2,England,IR Bell,AD Hales,Arafat Sunny,0,0,"",""
ball,2,12.3,England,IR Bell,AD Hales,Arafat Sunny,0,0,"",""
ball,2,12.4,England,IR Bell,AD Hales,Arafat Sunny,4,0,"",""
ball,2,12.5,England,IR Bell,AD Hales,Arafat Sunny,0,0,"",""
ball,2,12.6,England,IR Bell,AD Hales,Arafat Sunny,1,0,"",""
ball,2,13.1,England,IR Bell,AD Hales,Taskin Ahmed,1,0,"",""
ball,2,13.2,England,AD Hales,IR Bell,Taskin Ahmed,1,0,"",""
ball,2,13.3,England,IR Bell,AD Hales,Taskin Ahmed,0,0,"",""
ball,2,13.4,England,IR Bell,AD Hales,Taskin Ahmed,0,0,"",""
ball,2,13.5,England,IR Bell,AD Hales,Taskin Ahmed,1,0,"",""
ball,2,13.6,England,AD Hales,IR Bell,Taskin Ahmed,0,0,"",""
ball,2,14.1,England,IR Bell,AD Hales,Arafat Sunny,4,0,"",""
ball,2,14.2,England,IR Bell,AD Hales,Arafat Sunny,0,0,"",""
ball,2,14.3,England,IR Bell,AD Hales,Arafat Sunny,0,0,"",""
ball,2,14.4,England,IR Bell,AD Hales,Arafat Sunny,0,0,"",""
ball,2,14.5,England,IR Bell,AD Hales,Arafat Sunny,1,0,"",""
ball,2,14.6,England,AD Hales,IR Bell,Arafat Sunny,0,0,"",""
ball,2,15.1,England,IR Bell,AD Hales,Shakib Al Hasan,2,0,"",""
ball,2,15.2,England,IR Bell,AD Hales,Shakib Al Hasan,0,0,"",""
ball,2,15.3,England,IR Bell,AD Hales,Shakib Al Hasan,0,0,"",""
ball,2,15.4,England,IR Bell,AD Hales,Shakib Al Hasan,1,0,"",""
ball,2,15.5,England,AD Hales,IR Bell,Shakib Al Hasan,0,0,"",""
ball,2,15.6,England,AD Hales,IR Bell,Shakib Al Hasan,0,0,"",""
ball,2,16.1,England,IR Bell,AD Hales,Arafat Sunny,1,0,"",""
ball,2,16.2,England,AD Hales,IR Bell,Arafat Sunny,0,0,"",""
ball,2,16.3,England,AD Hales,IR Bell,Arafat Sunny,0,0,"",""
ball,2,16.4,England,AD Hales,IR Bell,Arafat Sunny,0,0,"",""
ball,2,16.5,England,AD Hales,IR Bell,Arafat Sunny,1,0,"",""
ball,2,16.6,England,IR Bell,AD Hales,Arafat Sunny,3,0,"",""
ball,2,17.1,England,IR Bell,AD Hales,Shakib Al Hasan,1,0,"",""
ball,2,17.2,England,AD Hales,IR Bell,Shakib Al Hasan,0,0,"",""
ball,2,17.3,England,AD Hales,IR Bell,Shakib Al Hasan,0,0,"",""
ball,2,17.4,England,AD Hales,IR Bell,Shakib Al Hasan,0,0,"",""
ball,2,17.5,England,AD Hales,IR Bell,Shakib Al Hasan,1,0,"",""
ball,2,17.6,England,IR Bell,AD Hales,Shakib Al Hasan,1,0,"",""
ball,2,18.1,England,IR Bell,AD Hales,Sabbir Rahman,1,0,"",""
ball,2,18.2,England,AD Hales,IR Bell,Sabbir Rahman,1,0,"",""
ball,2,18.3,England,IR Bell,AD Hales,Sabbir Rahman,1,0,"",""
ball,2,18.4,England,AD Hales,IR Bell,Sabbir Rahman,1,0,"",""
ball,2,18.5,England,IR Bell,AD Hales,Sabbir Rahman,0,0,"",""
ball,2,18.6,England,IR Bell,AD Hales,Sabbir Rahman,1,0,"",""
ball,2,19.1,England,IR Bell,AD Hales,Mashrafe Mortaza,1,0,"",""
ball,2,19.2,England,AD Hales,IR Bell,Mashrafe Mortaza,4,0,"",""
ball,2,19.3,England,AD Hales,IR Bell,Mashrafe Mortaza,4,0,"",""
ball,2,19.4,England,AD Hales,IR Bell,Mashrafe Mortaza,0,0,"",""
ball,2,19.5,England,AD Hales,IR Bell,Mashrafe Mortaza,0,0,caught,AD Hales
ball,2,19.6,England,JE Root,IR Bell,Mashrafe Mortaza,0,0,"",""
ball,2,20.1,England,IR Bell,JE Root,Arafat Sunny,0,0,"",""
ball,2,20.2,England,IR Bell,JE Root,Arafat Sunny,1,0,"",""
ball,2,20.3,England,JE Root,IR Bell,Arafat Sunny,1,0,"",""
ball,2,20.4,England,IR Bell,JE Root,Arafat Sunny,0,0,"",""
ball,2,20.5,England,IR Bell,JE Root,Arafat Sunny,1,0,"",""
ball,2,20.6,England,JE Root,IR Bell,Arafat Sunny,1,0,"",""
ball,2,21.1,England,JE Root,IR Bell,Mashrafe Mortaza,0,0,"",""
ball,2,21.2,England,JE Root,IR Bell,Mashrafe Mortaza,1,0,"",""
ball,2,21.3,England,IR Bell,JE Root,Mashrafe Mortaza,0,0,"",""
ball,2,21.4,England,IR Bell,JE Root,Mashrafe Mortaza,1,0,"",""
ball,2,21.5,England,JE Root,IR Bell,Mashrafe Mortaza,0,0,"",""
ball,2,21.6,England,JE Root,IR Bell,Mashrafe Mortaza,0,0,"",""
ball,2,22.1,England,IR Bell,JE Root,Rubel Hossain,1,0,"",""
ball,2,22.2,England,JE Root,IR Bell,Rubel Hossain,0,0,"",""
ball,2,22.3,England,JE Root,IR Bell,Rubel Hossain,0,0,"",""
ball,2,22.4,England,JE Root,IR Bell,Rubel Hossain,0,0,"",""
ball,2,22.5,England,JE Root,IR Bell,Rubel Hossain,1,0,"",""
ball,2,22.6,England,IR Bell,JE Root,Rubel Hossain,0,0,"",""
ball,2,23.1,England,JE Root,IR Bell,Mashrafe Mortaza,0,0,"",""
ball,2,23.2,England,JE Root,IR Bell,Mashrafe Mortaza,0,0,"",""
ball,2,23.3,England,JE Root,IR Bell,Mashrafe Mortaza,1,0,"",""
ball,2,23.4,England,IR Bell,JE Root,Mashrafe Mortaza,2,0,"",""
ball,2,23.5,England,IR Bell,JE Root,Mashrafe Mortaza,0,0,"",""
ball,2,23.6,England,IR Bell,JE Root,Mashrafe Mortaza,3,0,"",""
ball,2,24.1,England,IR Bell,JE Root,Rubel Hossain,1,0,"",""
ball,2,24.2,England,JE Root,IR Bell,Rubel Hossain,4,0,"",""
ball,2,24.3,England,JE Root,IR Bell,Rubel Hossain,1,0,"",""
ball,2,24.4,England,IR Bell,JE Root,Rubel Hossain,1,0,"",""
ball,2,24.5,England,JE Root,IR Bell,Rubel Hossain,0,0,"",""
ball,2,24.6,England,JE Root,IR Bell,Rubel Hossain,0,0,"",""
ball,2,25.1,England,IR Bell,JE Root,Taskin Ahmed,2,0,"",""
ball,2,25.2,England,IR Bell,JE Root,Taskin Ahmed,0,0,"",""
ball,2,25.3,England,IR Bell,JE Root,Taskin Ahmed,0,0,"",""
ball,2,25.4,England,IR Bell,JE Root,Taskin Ahmed,1,0,"",""
ball,2,25.5,England,JE Root,IR Bell,Taskin Ahmed,0,0,"",""
ball,2,25.6,England,JE Root,IR Bell,Taskin Ahmed,0,0,"",""
ball,2,26.1,England,IR Bell,JE Root,Rubel Hossain,0,0,caught,IR Bell
ball,2,26.2,England,EJG Morgan,JE Root,Rubel Hossain,0,0,"",""
ball,2,26.3,England,EJG Morgan,JE Root,Rubel Hossain,0,0,"",""
ball,2,26.4,England,EJG Morgan,JE Root,Rubel Hossain,0,0,caught,EJG Morgan
ball,2,26.5,England,JWA Taylor,JE Root,Rubel Hossain,1,0,"",""
ball,2,26.6,England,JE Root,JWA Taylor,Rubel Hossain,1,0,"",""
ball,2,27.1,England,JE Root,JWA Taylor,Taskin Ahmed,0,0,"",""
ball,2,27.2,England,JE Root,JWA Taylor,Taskin Ahmed,0,0,"",""
ball,2,27.3,England,JE Root,JWA Taylor,Taskin Ahmed,0,0,"",""
ball,2,27.4,England,JE Root,JWA Taylor,Taskin Ahmed,3,0,"",""
ball,2,27.5,England,JWA Taylor,JE Root,Taskin Ahmed,0,0,"",""
ball,2,27.6,England,JWA Taylor,JE Root,Taskin Ahmed,0,0,"",""
ball,2,28.1,England,JE Root,JWA Taylor,Rubel Hossain,0,0,"",""
ball,2,28.2,England,JE Root,JWA Taylor,Rubel Hossain,0,0,"",""
ball,2,28.3,England,JE Root,JWA Taylor,Rubel Hossain,0,0,"",""
ball,2,28.4,England,JE Root,JWA Taylor,Rubel Hossain,4,0,"",""
ball,2,28.5,England,JE Root,JWA Taylor,Rubel Hossain,0,0,"",""
ball,2,28.6,England,JE Root,JWA Taylor,Rubel Hossain,1,0,"",""
ball,2,29.1,England,JE Root,JWA Taylor,Taskin Ahmed,0,0,"",""
ball,2,29.2,England,JE Root,JWA Taylor,Taskin Ahmed,0,0,"",""
ball,2,29.3,England,JE Root,JWA Taylor,Taskin Ahmed,1,0,"",""
ball,2,29.4,England,JWA Taylor,JE Root,Taskin Ahmed,0,0,caught,JWA Taylor
ball,2,29.5,England,JC Buttler,JE Root,Taskin Ahmed,0,0,"",""
ball,2,29.6,England,JC Buttler,JE Root,Taskin Ahmed,1,0,"",""
ball,2,30.1,England,JC Buttler,JE Root,Rubel Hossain,0,0,"",""
ball,2,30.2,England,JC Buttler,JE Root,Rubel Hossain,0,0,"",""
ball,2,30.3,England,JC Buttler,JE Root,Rubel Hossain,0,0,"",""
ball,2,30.4,England,JC Buttler,JE Root,Rubel Hossain,2,0,"",""
ball,2,30.5,England,JC Buttler,JE Root,Rubel Hossain,1,0,"",""
ball,2,30.6,England,JE Root,JC Buttler,Rubel Hossain,1,0,"",""
ball,2,31.1,England,JE Root,JC Buttler,Taskin Ahmed,1,0,"",""
ball,2,31.2,England,JC Buttler,JE Root,Taskin Ahmed,4,0,"",""
ball,2,31.3,England,JC Buttler,JE Root,Taskin Ahmed,0,0,"",""
ball,2,31.4,England,JC Buttler,JE Root,Taskin Ahmed,4,0,"",""
ball,2,31.5,England,JC Buttler,JE Root,Taskin Ahmed,0,0,"",""
ball,2,31.6,England,JC Buttler,JE Root,Taskin Ahmed,1,0,"",""
ball,2,32.1,England,JC Buttler,JE Root,Shakib Al Hasan,0,0,"",""
ball,2,32.2,England,JC Buttler,JE Root,Shakib Al Hasan,1,0,"",""
ball,2,32.3,England,JE Root,JC Buttler,Shakib Al Hasan,0,0,"",""
ball,2,32.4,England,JE Root,JC Buttler,Shakib Al Hasan,1,0,"",""
ball,2,32.5,England,JC Buttler,JE Root,Shakib Al Hasan,1,0,"",""
ball,2,32.6,England,JE Root,JC Buttler,Shakib Al Hasan,0,0,"",""
ball,2,33.1,England,JC Buttler,JE Root,Arafat Sunny,1,0,"",""
ball,2,33.2,England,JE Root,JC Buttler,Arafat Sunny,0,0,"",""
ball,2,33.3,England,JE Root,JC Buttler,Arafat Sunny,1,0,"",""
ball,2,33.4,England,JC Buttler,JE Root,Arafat Sunny,1,0,"",""
ball,2,33.5,England,JE Root,JC Buttler,Arafat Sunny,1,0,"",""
ball,2,33.6,England,JC Buttler,JE Root,Arafat Sunny,1,0,"",""
ball,2,34.1,England,JC Buttler,JE Root,Shakib Al Hasan,1,0,"",""
ball,2,34.2,England,JE Root,JC Buttler,Shakib Al Hasan,1,0,"",""
ball,2,34.3,England,JC Buttler,JE Root,Shakib Al Hasan,1,0,"",""
ball,2,34.4,England,JE Root,JC Buttler,Shakib Al Hasan,1,0,"",""
ball,2,34.5,England,JC Buttler,JE Root,Shakib Al Hasan,1,0,"",""
ball,2,34.6,England,JE Root,JC Buttler,Shakib Al Hasan,1,0,"",""
ball,2,35.1,England,JE Root,JC Buttler,Mashrafe Mortaza,1,0,"",""
ball,2,35.2,England,JC Buttler,JE Root,Mashrafe Mortaza,0,0,"",""
ball,2,35.3,England,JC Buttler,JE Root,Mashrafe Mortaza,1,0,"",""
ball,2,35.4,England,JE Root,JC Buttler,Mashrafe Mortaza,0,0,caught,JE Root
ball,2,35.5,England,CR Woakes,JC Buttler,Mashrafe Mortaza,0,0,"",""
ball,2,35.6,England,CR Woakes,JC Buttler,Mashrafe Mortaza,1,0,"",""
ball,2,36.1,England,CR Woakes,JC Buttler,Shakib Al Hasan,1,0,"",""
ball,2,36.2,England,JC Buttler,CR Woakes,Shakib Al Hasan,1,0,"",""
ball,2,36.3,England,CR Woakes,JC Buttler,Shakib Al Hasan,0,0,"",""
ball,2,36.4,England,CR Woakes,JC Buttler,Shakib Al Hasan,0,0,"",""
ball,2,36.5,England,CR Woakes,JC Buttler,Shakib Al Hasan,0,0,"",""
ball,2,36.6,England,CR Woakes,JC Buttler,Shakib Al Hasan,3,0,"",""
ball,2,37.1,England,CR Woakes,JC Buttler,Mashrafe Mortaza,0,0,"",""
ball,2,37.2,England,CR Woakes,JC Buttler,Mashrafe Mortaza,1,0,"",""
ball,2,37.3,England,JC Buttler,CR Woakes,Mashrafe Mortaza,2,0,"",""
ball,2,37.4,England,JC Buttler,CR Woakes,Mashrafe Mortaza,0,0,"",""
ball,2,37.5,England,JC Buttler,CR Woakes,Mashrafe Mortaza,1,0,"",""
ball,2,37.6,England,CR Woakes,JC Buttler,Mashrafe Mortaza,0,0,"",""
ball,2,38.1,England,JC Buttler,CR Woakes,Shakib Al Hasan,1,0,"",""
ball,2,38.2,England,CR Woakes,JC Buttler,Shakib Al Hasan,1,0,"",""
ball,2,38.3,England,JC Buttler,CR Woakes,Shakib Al Hasan,1,0,"",""
ball,2,38.4,England,CR Woakes,JC Buttler,Shakib Al Hasan,2,0,"",""
ball,2,38.5,England,CR Woakes,JC Buttler,Shakib Al Hasan,0,0,"",""
ball,2,38.6,England,CR Woakes,JC Buttler,Shakib Al Hasan,0,0,"",""
ball,2,39.1,England,JC Buttler,CR Woakes,Mashrafe Mortaza,1,0,"",""
ball,2,39.2,England,CR Woakes,JC Buttler,Mashrafe Mortaza,0,0,"",""
ball,2,39.3,England,CR Woakes,JC Buttler,Mashrafe Mortaza,0,0,"",""
ball,2,39.4,England,CR Woakes,JC Buttler,Mashrafe Mortaza,1,0,"",""
ball,2,39.5,England,JC Buttler,CR Woakes,Mashrafe Mortaza,0,0,"",""
ball,2,39.6,England,JC Buttler,CR Woakes,Mashrafe Mortaza,1,0,"",""
ball,2,40.1,England,JC Buttler,CR Woakes,Arafat Sunny,6,0,"",""
ball,2,40.2,England,JC Buttler,CR Woakes,Arafat Sunny,2,0,"",""
ball,2,40.3,England,JC Buttler,CR Woakes,Arafat Sunny,1,0,"",""
ball,2,40.4,England,CR Woakes,JC Buttler,Arafat Sunny,1,0,"",""
ball,2,40.5,England,JC Buttler,CR Woakes,Arafat Sunny,1,0,"",""
ball,2,40.6,England,CR Woakes,JC Buttler,Arafat Sunny,0,0,"",""
ball,2,41.1,England,JC Buttler,CR Woakes,Taskin Ahmed,2,0,"",""
ball,2,41.2,England,JC Buttler,CR Woakes,Taskin Ahmed,0,0,"",""
ball,2,41.3,England,JC Buttler,CR Woakes,Taskin Ahmed,4,0,"",""
ball,2,41.4,England,JC Buttler,CR Woakes,Taskin Ahmed,1,0,"",""
ball,2,41.5,England,CR Woakes,JC Buttler,Taskin Ahmed,4,0,"",""
ball,2,41.6,England,CR Woakes,JC Buttler,Taskin Ahmed,0,0,"",""
ball,2,42.1,England,JC Buttler,CR Woakes,Sabbir Rahman,4,0,"",""
ball,2,42.2,England,JC Buttler,CR Woakes,Sabbir Rahman,1,0,"",""
ball,2,42.3,England,CR Woakes,JC Buttler,Sabbir Rahman,1,0,"",""
ball,2,42.4,England,JC Buttler,CR Woakes,Sabbir Rahman,0,0,"",""
ball,2,42.5,England,JC Buttler,CR Woakes,Sabbir Rahman,1,0,"",""
ball,2,42.6,England,CR Woakes,JC Buttler,Sabbir Rahman,1,0,"",""
ball,2,43.1,England,CR Woakes,JC Buttler,Rubel Hossain,3,0,"",""
ball,2,43.2,England,JC Buttler,CR Woakes,Rubel Hossain,0,0,"",""
ball,2,43.3,England,JC Buttler,CR Woakes,Rubel Hossain,1,0,"",""
ball,2,43.4,England,CR Woakes,JC Buttler,Rubel Hossain,1,0,"",""
ball,2,43.5,England,JC Buttler,CR Woakes,Rubel Hossain,4,0,"",""
ball,2,43.6,England,JC Buttler,CR Woakes,Rubel Hossain,4,0,"",""
ball,2,44.1,England,CR Woakes,JC Buttler,Shakib Al Hasan,2,0,"",""
ball,2,44.2,England,CR Woakes,JC Buttler,Shakib Al Hasan,0,0,"",""
ball,2,44.3,England,CR Woakes,JC Buttler,Shakib Al Hasan,1,0,"",""
ball,2,44.4,England,JC Buttler,CR Woakes,Shakib Al Hasan,0,0,"",""
ball,2,44.5,England,JC Buttler,CR Woakes,Shakib Al Hasan,1,0,"",""
ball,2,44.6,England,CR Woakes,JC Buttler,Shakib Al Hasan,1,0,"",""
ball,2,45.1,England,CR Woakes,JC Buttler,Taskin Ahmed,2,0,"",""
ball,2,45.2,England,CR Woakes,JC Buttler,Taskin Ahmed,4,0,"",""
ball,2,45.3,England,CR Woakes,JC Buttler,Taskin Ahmed,1,0,"",""
ball,2,45.4,England,JC Buttler,CR Woakes,Taskin Ahmed,2,0,"",""
ball,2,45.5,England,JC Buttler,CR Woakes,Taskin Ahmed,0,0,caught,JC Buttler
ball,2,45.6,England,CJ Jordan,CR Woakes,Taskin Ahmed,0,0,run out,CJ Jordan
ball,2,46.1,England,CR Woakes,SCJ Broad,Shakib Al Hasan,4,0,"",""
ball,2,46.2,England,CR Woakes,SCJ Broad,Shakib Al Hasan,1,0,"",""
ball,2,46.3,England,SCJ Broad,CR Woakes,Shakib Al Hasan,1,0,"",""
ball,2,46.4,England,CR Woakes,SCJ Broad,Shakib Al Hasan,0,0,"",""
ball,2,46.5,England,CR Woakes,SCJ Broad,Shakib Al Hasan,0,0,"",""
ball,2,46.6,England,CR Woakes,SCJ Broad,Shakib Al Hasan,1,0,"",""
ball,2,47.1,England,CR Woakes,SCJ Broad,Taskin Ahmed,1,0,"",""
ball,2,47.2,England,SCJ Broad,CR Woakes,Taskin Ahmed,6,0,"",""
ball,2,47.3,England,SCJ Broad,CR Woakes,Taskin Ahmed,0,2,"",""
ball,2,47.4,England,SCJ Broad,CR Woakes,Taskin Ahmed,1,1,"",""
ball,2,47.5,England,CR Woakes,SCJ Broad,Taskin Ahmed,2,0,"",""
ball,2,47.6,England,CR Woakes,SCJ Broad,Taskin Ahmed,1,0,"",""
ball,2,47.7,England,SCJ Broad,CR Woakes,Taskin Ahmed,1,0,"",""
ball,2,48.1,England,SCJ Broad,CR Woakes,Rubel Hossain,0,0,bowled,SCJ Broad
ball,2,48.2,England,JM Anderson,CR Woakes,Rubel Hossain,0,0,"",""
ball,2,48.3,England,JM Anderson,CR Woakes,Rubel Hossain,0,0,bowled,JM Anderson
