version,1.3.0
info,team,Scotland
info,team,Sri Lanka
info,gender,male
info,season,2014/15
info,date,2015/03/11
info,competition,ICC Cricket World Cup
info,match_number,35
info,venue,Bellerive Oval
info,city,Hobart
info,neutralvenue,true
info,toss_winner,Sri Lanka
info,toss_decision,bat
info,player_of_match,KC Sangakkara
info,umpire,RK Illingworth
info,umpire,JS Wilson
info,reserve_umpire,IJ Gould
info,tv_umpire,MA Gough
info,match_referee,JJ Crowe
info,winner,Sri Lanka
info,winner_runs,148
ball,1,0.1,Sri Lanka,HDRL Thirimanne,TM Dilshan,RML Taylor,0,0,"",""
ball,1,0.2,Sri Lanka,HDRL Thirimanne,TM Dilshan,RML Taylor,1,0,"",""
ball,1,0.3,Sri Lanka,TM Dilshan,HDRL Thirimanne,RML Taylor,0,0,"",""
ball,1,0.4,Sri Lanka,TM Dilshan,HDRL Thirimanne,RML Taylor,3,0,"",""
ball,1,0.5,Sri Lanka,HDRL Thirimanne,TM Dilshan,RML Taylor,0,0,"",""
ball,1,0.6,Sri Lanka,HDRL Thirimanne,TM Dilshan,RML Taylor,0,0,"",""
ball,1,1.1,Sri Lanka,TM Dilshan,HDRL Thirimanne,AC Evans,4,0,"",""
ball,1,1.2,Sri Lanka,TM Dilshan,HDRL Thirimanne,AC Evans,0,0,"",""
ball,1,1.3,Sri Lanka,TM Dilshan,HDRL Thirimanne,AC Evans,1,0,"",""
ball,1,1.4,Sri Lanka,HDRL Thirimanne,TM Dilshan,AC Evans,0,0,"",""
ball,1,1.5,Sri Lanka,HDRL Thirimanne,TM Dilshan,AC Evans,0,0,"",""
ball,1,1.6,Sri Lanka,HDRL Thirimanne,TM Dilshan,AC Evans,0,0,"",""
ball,1,2.1,Sri Lanka,TM Dilshan,HDRL Thirimanne,RML Taylor,0,0,"",""
ball,1,2.2,Sri Lanka,TM Dilshan,HDRL Thirimanne,RML Taylor,1,0,"",""
ball,1,2.3,Sri Lanka,HDRL Thirimanne,TM Dilshan,RML Taylor,0,0,"",""
ball,1,2.4,Sri Lanka,HDRL Thirimanne,TM Dilshan,RML Taylor,0,0,"",""
ball,1,2.5,Sri Lanka,HDRL Thirimanne,TM Dilshan,RML Taylor,2,0,"",""
ball,1,2.6,Sri Lanka,HDRL Thirimanne,TM Dilshan,RML Taylor,0,0,"",""
ball,1,3.1,Sri Lanka,TM Dilshan,HDRL Thirimanne,AC Evans,1,0,"",""
ball,1,3.2,Sri Lanka,HDRL Thirimanne,TM Dilshan,AC Evans,0,0,"",""
ball,1,3.3,Sri Lanka,HDRL Thirimanne,TM Dilshan,AC Evans,0,0,"",""
ball,1,3.4,Sri Lanka,HDRL Thirimanne,TM Dilshan,AC Evans,1,0,"",""
ball,1,3.5,Sri Lanka,TM Dilshan,HDRL Thirimanne,AC Evans,0,1,"",""
ball,1,3.6,Sri Lanka,HDRL Thirimanne,TM Dilshan,AC Evans,0,0,"",""
ball,1,4.1,Sri Lanka,TM Dilshan,HDRL Thirimanne,RML Taylor,1,0,"",""
ball,1,4.2,Sri Lanka,HDRL Thirimanne,TM Dilshan,RML Taylor,0,0,"",""
ball,1,4.3,Sri Lanka,HDRL Thirimanne,TM Dilshan,RML Taylor,0,0,"",""
ball,1,4.4,Sri Lanka,HDRL Thirimanne,TM Dilshan,RML Taylor,0,0,"",""
ball,1,4.5,Sri Lanka,HDRL Thirimanne,TM Dilshan,RML Taylor,0,0,"",""
ball,1,4.6,Sri Lanka,HDRL Thirimanne,TM Dilshan,RML Taylor,0,0,"",""
ball,1,5.1,Sri Lanka,TM Dilshan,HDRL Thirimanne,AC Evans,4,0,"",""
ball,1,5.2,Sri Lanka,TM Dilshan,HDRL Thirimanne,AC Evans,1,0,"",""
ball,1,5.3,Sri Lanka,HDRL Thirimanne,TM Dilshan,AC Evans,0,0,caught,HDRL Thirimanne
ball,1,5.4,Sri Lanka,KC Sangakkara,TM Dilshan,AC Evans,3,0,"",""
ball,1,5.5,Sri Lanka,TM Dilshan,KC Sangakkara,AC Evans,0,0,"",""
ball,1,5.6,Sri Lanka,TM Dilshan,KC Sangakkara,AC Evans,2,0,"",""
ball,1,6.1,Sri Lanka,KC Sangakkara,TM Dilshan,RML Taylor,0,0,"",""
ball,1,6.2,Sri Lanka,KC Sangakkara,TM Dilshan,RML Taylor,0,0,"",""
ball,1,6.3,Sri Lanka,KC Sangakkara,TM Dilshan,RML Taylor,0,0,"",""
ball,1,6.4,Sri Lanka,KC Sangakkara,TM Dilshan,RML Taylor,0,0,"",""
ball,1,6.5,Sri Lanka,KC Sangakkara,TM Dilshan,RML Taylor,0,0,"",""
ball,1,6.6,Sri Lanka,KC Sangakkara,TM Dilshan,RML Taylor,1,0,"",""
ball,1,7.1,Sri Lanka,KC Sangakkara,TM Dilshan,AC Evans,4,0,"",""
ball,1,7.2,Sri Lanka,KC Sangakkara,TM Dilshan,AC Evans,0,0,"",""
ball,1,7.3,Sri Lanka,KC Sangakkara,TM Dilshan,AC Evans,0,0,"",""
ball,1,7.4,Sri Lanka,KC Sangakkara,TM Dilshan,AC Evans,1,0,"",""
ball,1,7.5,Sri Lanka,TM Dilshan,KC Sangakkara,AC Evans,0,0,"",""
ball,1,7.6,Sri Lanka,TM Dilshan,KC Sangakkara,AC Evans,0,0,"",""
ball,1,8.1,Sri Lanka,KC Sangakkara,TM Dilshan,RML Taylor,0,0,"",""
ball,1,8.2,Sri Lanka,KC Sangakkara,TM Dilshan,RML Taylor,0,0,"",""
ball,1,8.3,Sri Lanka,KC Sangakkara,TM Dilshan,RML Taylor,0,0,"",""
ball,1,8.4,Sri Lanka,KC Sangakkara,TM Dilshan,RML Taylor,3,0,"",""
ball,1,8.5,Sri Lanka,TM Dilshan,KC Sangakkara,RML Taylor,0,0,"",""
ball,1,8.6,Sri Lanka,TM Dilshan,KC Sangakkara,RML Taylor,1,0,"",""
ball,1,9.1,Sri Lanka,TM Dilshan,KC Sangakkara,JH Davey,2,0,"",""
ball,1,9.2,Sri Lanka,TM Dilshan,KC Sangakkara,JH Davey,0,0,"",""
ball,1,9.3,Sri Lanka,TM Dilshan,KC Sangakkara,JH Davey,4,0,"",""
ball,1,9.4,Sri Lanka,TM Dilshan,KC Sangakkara,JH Davey,0,0,"",""
ball,1,9.5,Sri Lanka,TM Dilshan,KC Sangakkara,JH Davey,4,0,"",""
ball,1,9.6,Sri Lanka,TM Dilshan,KC Sangakkara,JH Davey,0,0,"",""
ball,1,10.1,Sri Lanka,KC Sangakkara,TM Dilshan,RML Taylor,0,0,"",""
ball,1,10.2,Sri Lanka,KC Sangakkara,TM Dilshan,RML Taylor,4,0,"",""
ball,1,10.3,Sri Lanka,KC Sangakkara,TM Dilshan,RML Taylor,2,0,"",""
ball,1,10.4,Sri Lanka,KC Sangakkara,TM Dilshan,RML Taylor,1,0,"",""
ball,1,10.5,Sri Lanka,TM Dilshan,KC Sangakkara,RML Taylor,0,0,"",""
ball,1,10.6,Sri Lanka,TM Dilshan,KC Sangakkara,RML Taylor,1,0,"",""
ball,1,11.1,Sri Lanka,TM Dilshan,KC Sangakkara,JH Davey,0,0,"",""
ball,1,11.2,Sri Lanka,TM Dilshan,KC Sangakkara,JH Davey,4,0,"",""
ball,1,11.3,Sri Lanka,TM Dilshan,KC Sangakkara,JH Davey,0,0,"",""
ball,1,11.4,Sri Lanka,TM Dilshan,KC Sangakkara,JH Davey,1,0,"",""
ball,1,11.5,Sri Lanka,KC Sangakkara,TM Dilshan,JH Davey,1,0,"",""
ball,1,11.6,Sri Lanka,TM Dilshan,KC Sangakkara,JH Davey,0,1,"",""
ball,1,11.7,Sri Lanka,TM Dilshan,KC Sangakkara,JH Davey,0,0,"",""
ball,1,12.1,Sri Lanka,KC Sangakkara,TM Dilshan,RD Berrington,0,0,"",""
ball,1,12.2,Sri Lanka,KC Sangakkara,TM Dilshan,RD Berrington,0,0,"",""
ball,1,12.3,Sri Lanka,KC Sangakkara,TM Dilshan,RD Berrington,1,0,"",""
ball,1,12.4,Sri Lanka,TM Dilshan,KC Sangakkara,RD Berrington,1,0,"",""
ball,1,12.5,Sri Lanka,KC Sangakkara,TM Dilshan,RD Berrington,0,0,"",""
ball,1,12.6,Sri Lanka,KC Sangakkara,TM Dilshan,RD Berrington,0,0,"",""
ball,1,13.1,Sri Lanka,TM Dilshan,KC Sangakkara,JH Davey,1,0,"",""
ball,1,13.2,Sri Lanka,KC Sangakkara,TM Dilshan,JH Davey,0,1,"",""
ball,1,13.3,Sri Lanka,KC Sangakkara,TM Dilshan,JH Davey,1,0,"",""
ball,1,13.4,Sri Lanka,TM Dilshan,KC Sangakkara,JH Davey,0,0,"",""
ball,1,13.5,Sri Lanka,TM Dilshan,KC Sangakkara,JH Davey,0,0,"",""
ball,1,13.6,Sri Lanka,TM Dilshan,KC Sangakkara,JH Davey,1,0,"",""
ball,1,13.7,Sri Lanka,KC Sangakkara,TM Dilshan,JH Davey,1,0,"",""
ball,1,14.1,Sri Lanka,KC Sangakkara,TM Dilshan,RD Berrington,2,0,"",""
ball,1,14.2,Sri Lanka,KC Sangakkara,TM Dilshan,RD Berrington,1,0,"",""
ball,1,14.3,Sri Lanka,TM Dilshan,KC Sangakkara,RD Berrington,0,0,"",""
ball,1,14.4,Sri Lanka,TM Dilshan,KC Sangakkara,RD Berrington,0,0,"",""
ball,1,14.5,Sri Lanka,TM Dilshan,KC Sangakkara,RD Berrington,1,0,"",""
ball,1,14.6,Sri Lanka,KC Sangakkara,TM Dilshan,RD Berrington,1,0,"",""
ball,1,15.1,Sri Lanka,KC Sangakkara,TM Dilshan,MA Leask,1,0,"",""
ball,1,15.2,Sri Lanka,TM Dilshan,KC Sangakkara,MA Leask,0,0,"",""
ball,1,15.3,Sri Lanka,TM Dilshan,KC Sangakkara,MA Leask,0,0,"",""
ball,1,15.4,Sri Lanka,TM Dilshan,KC Sangakkara,MA Leask,0,0,"",""
ball,1,15.5,Sri Lanka,TM Dilshan,KC Sangakkara,MA Leask,2,0,"",""
ball,1,15.6,Sri Lanka,TM Dilshan,KC Sangakkara,MA Leask,1,0,"",""
ball,1,16.1,Sri Lanka,TM Dilshan,KC Sangakkara,RD Berrington,0,0,"",""
ball,1,16.2,Sri Lanka,TM Dilshan,KC Sangakkara,RD Berrington,0,0,"",""
ball,1,16.3,Sri Lanka,TM Dilshan,KC Sangakkara,RD Berrington,0,0,"",""
ball,1,16.4,Sri Lanka,TM Dilshan,KC Sangakkara,RD Berrington,0,0,"",""
ball,1,16.5,Sri Lanka,TM Dilshan,KC Sangakkara,RD Berrington,0,0,"",""
ball,1,16.6,Sri Lanka,TM Dilshan,KC Sangakkara,RD Berrington,1,0,"",""
ball,1,17.1,Sri Lanka,TM Dilshan,KC Sangakkara,MA Leask,1,0,"",""
ball,1,17.2,Sri Lanka,KC Sangakkara,TM Dilshan,MA Leask,1,0,"",""
ball,1,17.3,Sri Lanka,TM Dilshan,KC Sangakkara,MA Leask,1,0,"",""
ball,1,17.4,Sri Lanka,KC Sangakkara,TM Dilshan,MA Leask,0,0,"",""
ball,1,17.5,Sri Lanka,KC Sangakkara,TM Dilshan,MA Leask,1,0,"",""
ball,1,17.6,Sri Lanka,TM Dilshan,KC Sangakkara,MA Leask,4,0,"",""
ball,1,18.1,Sri Lanka,KC Sangakkara,TM Dilshan,KJ Coetzer,1,0,"",""
ball,1,18.2,Sri Lanka,TM Dilshan,KC Sangakkara,KJ Coetzer,1,0,"",""
ball,1,18.3,Sri Lanka,KC Sangakkara,TM Dilshan,KJ Coetzer,0,0,"",""
ball,1,18.4,Sri Lanka,KC Sangakkara,TM Dilshan,KJ Coetzer,1,0,"",""
ball,1,18.5,Sri Lanka,TM Dilshan,KC Sangakkara,KJ Coetzer,0,0,"",""
ball,1,18.6,Sri Lanka,TM Dilshan,KC Sangakkara,KJ Coetzer,0,0,"",""
ball,1,19.1,Sri Lanka,KC Sangakkara,TM Dilshan,MA Leask,1,0,"",""
ball,1,19.2,Sri Lanka,TM Dilshan,KC Sangakkara,MA Leask,1,0,"",""
ball,1,19.3,Sri Lanka,KC Sangakkara,TM Dilshan,MA Leask,1,0,"",""
ball,1,19.4,Sri Lanka,TM Dilshan,KC Sangakkara,MA Leask,2,0,"",""
ball,1,19.5,Sri Lanka,TM Dilshan,KC Sangakkara,MA Leask,2,0,"",""
ball,1,19.6,Sri Lanka,TM Dilshan,KC Sangakkara,MA Leask,1,0,"",""
ball,1,20.1,Sri Lanka,TM Dilshan,KC Sangakkara,KJ Coetzer,1,0,"",""
ball,1,20.2,Sri Lanka,KC Sangakkara,TM Dilshan,KJ Coetzer,4,0,"",""
ball,1,20.3,Sri Lanka,KC Sangakkara,TM Dilshan,KJ Coetzer,0,0,"",""
ball,1,20.4,Sri Lanka,KC Sangakkara,TM Dilshan,KJ Coetzer,1,0,"",""
ball,1,20.5,Sri Lanka,TM Dilshan,KC Sangakkara,KJ Coetzer,1,0,"",""
ball,1,20.6,Sri Lanka,KC Sangakkara,TM Dilshan,KJ Coetzer,0,0,"",""
ball,1,21.1,Sri Lanka,TM Dilshan,KC Sangakkara,AC Evans,0,0,"",""
ball,1,21.2,Sri Lanka,TM Dilshan,KC Sangakkara,AC Evans,1,0,"",""
ball,1,21.3,Sri Lanka,KC Sangakkara,TM Dilshan,AC Evans,0,0,"",""
ball,1,21.4,Sri Lanka,KC Sangakkara,TM Dilshan,AC Evans,1,0,"",""
ball,1,21.5,Sri Lanka,TM Dilshan,KC Sangakkara,AC Evans,0,0,"",""
ball,1,21.6,Sri Lanka,TM Dilshan,KC Sangakkara,AC Evans,0,0,"",""
ball,1,22.1,Sri Lanka,KC Sangakkara,TM Dilshan,JH Davey,4,0,"",""
ball,1,22.2,Sri Lanka,KC Sangakkara,TM Dilshan,JH Davey,1,0,"",""
ball,1,22.3,Sri Lanka,TM Dilshan,KC Sangakkara,JH Davey,0,0,"",""
ball,1,22.4,Sri Lanka,TM Dilshan,KC Sangakkara,JH Davey,1,0,"",""
ball,1,22.5,Sri Lanka,KC Sangakkara,TM Dilshan,JH Davey,1,0,"",""
ball,1,22.6,Sri Lanka,TM Dilshan,KC Sangakkara,JH Davey,2,0,"",""
ball,1,23.1,Sri Lanka,KC Sangakkara,TM Dilshan,AC Evans,0,0,"",""
ball,1,23.2,Sri Lanka,KC Sangakkara,TM Dilshan,AC Evans,1,0,"",""
ball,1,23.3,Sri Lanka,TM Dilshan,KC Sangakkara,AC Evans,0,0,"",""
ball,1,23.4,Sri Lanka,TM Dilshan,KC Sangakkara,AC Evans,1,0,"",""
ball,1,23.5,Sri Lanka,KC Sangakkara,TM Dilshan,AC Evans,0,0,"",""
ball,1,23.6,Sri Lanka,KC Sangakkara,TM Dilshan,AC Evans,0,0,"",""
ball,1,24.1,Sri Lanka,TM Dilshan,KC Sangakkara,JH Davey,0,2,"",""
ball,1,24.2,Sri Lanka,KC Sangakkara,TM Dilshan,JH Davey,0,0,"",""
ball,1,24.3,Sri Lanka,KC Sangakkara,TM Dilshan,JH Davey,1,0,"",""
ball,1,24.4,Sri Lanka,TM Dilshan,KC Sangakkara,JH Davey,4,0,"",""
ball,1,24.5,Sri Lanka,TM Dilshan,KC Sangakkara,JH Davey,4,0,"",""
ball,1,24.6,Sri Lanka,TM Dilshan,KC Sangakkara,JH Davey,6,0,"",""
ball,1,24.7,Sri Lanka,TM Dilshan,KC Sangakkara,JH Davey,0,0,"",""
ball,1,25.1,Sri Lanka,KC Sangakkara,TM Dilshan,MA Leask,1,0,"",""
ball,1,25.2,Sri Lanka,TM Dilshan,KC Sangakkara,MA Leask,1,0,"",""
ball,1,25.3,Sri Lanka,KC Sangakkara,TM Dilshan,MA Leask,1,0,"",""
ball,1,25.4,Sri Lanka,TM Dilshan,KC Sangakkara,MA Leask,1,0,"",""
ball,1,25.5,Sri Lanka,KC Sangakkara,TM Dilshan,MA Leask,4,0,"",""
ball,1,25.6,Sri Lanka,KC Sangakkara,TM Dilshan,MA Leask,0,0,"",""
ball,1,26.1,Sri Lanka,TM Dilshan,KC Sangakkara,RD Berrington,4,0,"",""
ball,1,26.2,Sri Lanka,TM Dilshan,KC Sangakkara,RD Berrington,1,0,"",""
ball,1,26.3,Sri Lanka,KC Sangakkara,TM Dilshan,RD Berrington,6,0,"",""
ball,1,26.4,Sri Lanka,KC Sangakkara,TM Dilshan,RD Berrington,0,0,"",""
ball,1,26.5,Sri Lanka,KC Sangakkara,TM Dilshan,RD Berrington,2,0,"",""
ball,1,26.6,Sri Lanka,KC Sangakkara,TM Dilshan,RD Berrington,2,0,"",""
ball,1,27.1,Sri Lanka,TM Dilshan,KC Sangakkara,MA Leask,0,0,"",""
ball,1,27.2,Sri Lanka,TM Dilshan,KC Sangakkara,MA Leask,3,0,"",""
ball,1,27.3,Sri Lanka,KC Sangakkara,TM Dilshan,MA Leask,1,0,"",""
ball,1,27.4,Sri Lanka,TM Dilshan,KC Sangakkara,MA Leask,1,0,"",""
ball,1,27.5,Sri Lanka,KC Sangakkara,TM Dilshan,MA Leask,6,0,"",""
ball,1,27.6,Sri Lanka,KC Sangakkara,TM Dilshan,MA Leask,0,0,"",""
ball,1,28.1,Sri Lanka,TM Dilshan,KC Sangakkara,MW Machan,1,0,"",""
ball,1,28.2,Sri Lanka,KC Sangakkara,TM Dilshan,MW Machan,0,0,"",""
ball,1,28.3,Sri Lanka,KC Sangakkara,TM Dilshan,MW Machan,1,0,"",""
ball,1,28.4,Sri Lanka,TM Dilshan,KC Sangakkara,MW Machan,0,0,"",""
ball,1,28.5,Sri Lanka,TM Dilshan,KC Sangakkara,MW Machan,1,0,"",""
ball,1,28.6,Sri Lanka,KC Sangakkara,TM Dilshan,MW Machan,0,0,"",""
ball,1,29.1,Sri Lanka,TM Dilshan,KC Sangakkara,MA Leask,1,0,"",""
ball,1,29.2,Sri Lanka,KC Sangakkara,TM Dilshan,MA Leask,0,0,"",""
ball,1,29.3,Sri Lanka,KC Sangakkara,TM Dilshan,MA Leask,0,0,"",""
ball,1,29.4,Sri Lanka,KC Sangakkara,TM Dilshan,MA Leask,4,0,"",""
ball,1,29.5,Sri Lanka,KC Sangakkara,TM Dilshan,MA Leask,1,0,"",""
ball,1,29.6,Sri Lanka,TM Dilshan,KC Sangakkara,MA Leask,1,0,"",""
ball,1,30.1,Sri Lanka,TM Dilshan,KC Sangakkara,MW Machan,1,0,"",""
ball,1,30.2,Sri Lanka,KC Sangakkara,TM Dilshan,MW Machan,1,0,"",""
ball,1,30.3,Sri Lanka,TM Dilshan,KC Sangakkara,MW Machan,1,0,"",""
ball,1,30.4,Sri Lanka,KC Sangakkara,TM Dilshan,MW Machan,6,0,"",""
ball,1,30.5,Sri Lanka,KC Sangakkara,TM Dilshan,MW Machan,0,0,"",""
ball,1,30.6,Sri Lanka,KC Sangakkara,TM Dilshan,MW Machan,0,1,"",""
ball,1,30.7,Sri Lanka,KC Sangakkara,TM Dilshan,MW Machan,4,0,"",""
ball,1,31.1,Sri Lanka,TM Dilshan,KC Sangakkara,KJ Coetzer,2,0,"",""
ball,1,31.2,Sri Lanka,TM Dilshan,KC Sangakkara,KJ Coetzer,0,0,"",""
ball,1,31.3,Sri Lanka,TM Dilshan,KC Sangakkara,KJ Coetzer,1,0,"",""
ball,1,31.4,Sri Lanka,KC Sangakkara,TM Dilshan,KJ Coetzer,0,0,"",""
ball,1,31.5,Sri Lanka,KC Sangakkara,TM Dilshan,KJ Coetzer,0,0,"",""
ball,1,31.6,Sri Lanka,KC Sangakkara,TM Dilshan,KJ Coetzer,4,0,"",""
ball,1,32.1,Sri Lanka,TM Dilshan,KC Sangakkara,RML Taylor,0,0,"",""
ball,1,32.2,Sri Lanka,TM Dilshan,KC Sangakkara,RML Taylor,1,0,"",""
ball,1,32.3,Sri Lanka,KC Sangakkara,TM Dilshan,RML Taylor,0,0,"",""
ball,1,32.4,Sri Lanka,KC Sangakkara,TM Dilshan,RML Taylor,0,0,"",""
ball,1,32.5,Sri Lanka,KC Sangakkara,TM Dilshan,RML Taylor,1,0,"",""
ball,1,32.6,Sri Lanka,TM Dilshan,KC Sangakkara,RML Taylor,0,0,"",""
ball,1,33.1,Sri Lanka,KC Sangakkara,TM Dilshan,KJ Coetzer,4,0,"",""
ball,1,33.2,Sri Lanka,KC Sangakkara,TM Dilshan,KJ Coetzer,1,0,"",""
ball,1,33.3,Sri Lanka,TM Dilshan,KC Sangakkara,KJ Coetzer,1,0,"",""
ball,1,33.4,Sri Lanka,KC Sangakkara,TM Dilshan,KJ Coetzer,1,0,"",""
ball,1,33.5,Sri Lanka,TM Dilshan,KC Sangakkara,KJ Coetzer,1,0,"",""
ball,1,33.6,Sri Lanka,KC Sangakkara,TM Dilshan,KJ Coetzer,2,0,"",""
ball,1,34.1,Sri Lanka,TM Dilshan,KC Sangakkara,JH Davey,0,1,"",""
ball,1,34.2,Sri Lanka,TM Dilshan,KC Sangakkara,JH Davey,4,0,"",""
ball,1,34.3,Sri Lanka,TM Dilshan,KC Sangakkara,JH Davey,0,0,caught,TM Dilshan
ball,1,34.4,Sri Lanka,DPMD Jayawardene,KC Sangakkara,JH Davey,2,0,"",""
ball,1,34.5,Sri Lanka,DPMD Jayawardene,KC Sangakkara,JH Davey,0,0,"",""
ball,1,34.6,Sri Lanka,DPMD Jayawardene,KC Sangakkara,JH Davey,0,0,"",""
ball,1,34.7,Sri Lanka,DPMD Jayawardene,KC Sangakkara,JH Davey,0,0,"",""
ball,1,35.1,Sri Lanka,KC Sangakkara,DPMD Jayawardene,AC Evans,6,0,"",""
ball,1,35.2,Sri Lanka,KC Sangakkara,DPMD Jayawardene,AC Evans,4,0,"",""
ball,1,35.3,Sri Lanka,KC Sangakkara,DPMD Jayawardene,AC Evans,4,0,"",""
ball,1,35.4,Sri Lanka,KC Sangakkara,DPMD Jayawardene,AC Evans,4,0,"",""
ball,1,35.5,Sri Lanka,KC Sangakkara,DPMD Jayawardene,AC Evans,0,1,"",""
ball,1,35.6,Sri Lanka,KC Sangakkara,DPMD Jayawardene,AC Evans,4,0,"",""
ball,1,35.7,Sri Lanka,KC Sangakkara,DPMD Jayawardene,AC Evans,1,0,"",""
ball,1,36.1,Sri Lanka,KC Sangakkara,DPMD Jayawardene,JH Davey,0,1,"",""
ball,1,36.2,Sri Lanka,KC Sangakkara,DPMD Jayawardene,JH Davey,0,0,"",""
ball,1,36.3,Sri Lanka,KC Sangakkara,DPMD Jayawardene,JH Davey,0,1,"",""
ball,1,36.4,Sri Lanka,DPMD Jayawardene,KC Sangakkara,JH Davey,0,0,"",""
ball,1,36.5,Sri Lanka,DPMD Jayawardene,KC Sangakkara,JH Davey,0,0,caught,DPMD Jayawardene
ball,1,36.6,Sri Lanka,KC Sangakkara,AD Mathews,JH Davey,0,0,caught,KC Sangakkara
ball,1,36.7,Sri Lanka,MDKJ Perera,AD Mathews,JH Davey,1,0,"",""
ball,1,37.1,Sri Lanka,MDKJ Perera,AD Mathews,MA Leask,0,0,"",""
ball,1,37.2,Sri Lanka,MDKJ Perera,AD Mathews,MA Leask,1,0,"",""
ball,1,37.3,Sri Lanka,AD Mathews,MDKJ Perera,MA Leask,0,0,"",""
ball,1,37.4,Sri Lanka,AD Mathews,MDKJ Perera,MA Leask,6,0,"",""
ball,1,37.5,Sri Lanka,AD Mathews,MDKJ Perera,MA Leask,4,0,"",""
ball,1,37.6,Sri Lanka,AD Mathews,MDKJ Perera,MA Leask,6,0,"",""
ball,1,38.1,Sri Lanka,MDKJ Perera,AD Mathews,JH Davey,4,0,"",""
ball,1,38.2,Sri Lanka,MDKJ Perera,AD Mathews,JH Davey,1,0,"",""
ball,1,38.3,Sri Lanka,AD Mathews,MDKJ Perera,JH Davey,0,0,"",""
ball,1,38.4,Sri Lanka,AD Mathews,MDKJ Perera,JH Davey,0,0,"",""
ball,1,38.5,Sri Lanka,AD Mathews,MDKJ Perera,JH Davey,1,0,"",""
ball,1,38.6,Sri Lanka,MDKJ Perera,AD Mathews,JH Davey,0,0,"",""
ball,1,39.1,Sri Lanka,AD Mathews,MDKJ Perera,AC Evans,1,0,"",""
ball,1,39.2,Sri Lanka,MDKJ Perera,AD Mathews,AC Evans,1,0,"",""
ball,1,39.3,Sri Lanka,AD Mathews,MDKJ Perera,AC Evans,1,0,"",""
ball,1,39.4,Sri Lanka,MDKJ Perera,AD Mathews,AC Evans,6,0,"",""
ball,1,39.5,Sri Lanka,MDKJ Perera,AD Mathews,AC Evans,4,0,"",""
ball,1,39.6,Sri Lanka,MDKJ Perera,AD Mathews,AC Evans,0,1,"",""
ball,1,39.7,Sri Lanka,MDKJ Perera,AD Mathews,AC Evans,0,0,"",""
ball,1,40.1,Sri Lanka,AD Mathews,MDKJ Perera,RML Taylor,1,0,"",""
ball,1,40.2,Sri Lanka,MDKJ Perera,AD Mathews,RML Taylor,6,0,"",""
ball,1,40.3,Sri Lanka,MDKJ Perera,AD Mathews,RML Taylor,0,0,"",""
ball,1,40.4,Sri Lanka,MDKJ Perera,AD Mathews,RML Taylor,0,0,caught,MDKJ Perera
ball,1,40.5,Sri Lanka,AD Mathews,NLTC Perera,RML Taylor,1,0,"",""
ball,1,40.6,Sri Lanka,NLTC Perera,AD Mathews,RML Taylor,1,0,"",""
ball,1,41.1,Sri Lanka,NLTC Perera,AD Mathews,MW Machan,0,0,"",""
ball,1,41.2,Sri Lanka,NLTC Perera,AD Mathews,MW Machan,1,0,"",""
ball,1,41.3,Sri Lanka,AD Mathews,NLTC Perera,MW Machan,2,0,"",""
ball,1,41.4,Sri Lanka,AD Mathews,NLTC Perera,MW Machan,1,0,"",""
ball,1,41.5,Sri Lanka,NLTC Perera,AD Mathews,MW Machan,0,0,"",""
ball,1,41.6,Sri Lanka,NLTC Perera,AD Mathews,MW Machan,0,0,"",""
ball,1,42.1,Sri Lanka,AD Mathews,NLTC Perera,RML Taylor,1,0,"",""
ball,1,42.2,Sri Lanka,NLTC Perera,AD Mathews,RML Taylor,1,0,"",""
ball,1,42.3,Sri Lanka,AD Mathews,NLTC Perera,RML Taylor,1,0,"",""
ball,1,42.4,Sri Lanka,NLTC Perera,AD Mathews,RML Taylor,1,0,"",""
ball,1,42.5,Sri Lanka,AD Mathews,NLTC Perera,RML Taylor,1,0,"",""
ball,1,42.6,Sri Lanka,NLTC Perera,AD Mathews,RML Taylor,1,0,"",""
ball,1,43.1,Sri Lanka,NLTC Perera,AD Mathews,MW Machan,1,0,"",""
ball,1,43.2,Sri Lanka,AD Mathews,NLTC Perera,MW Machan,6,0,"",""
ball,1,43.3,Sri Lanka,AD Mathews,NLTC Perera,MW Machan,6,0,"",""
ball,1,43.4,Sri Lanka,AD Mathews,NLTC Perera,MW Machan,6,0,"",""
ball,1,43.5,Sri Lanka,AD Mathews,NLTC Perera,MW Machan,6,0,"",""
ball,1,43.6,Sri Lanka,AD Mathews,NLTC Perera,MW Machan,0,0,caught,AD Mathews
ball,1,44.1,Sri Lanka,NLTC Perera,S Prasanna,RD Berrington,1,0,"",""
ball,1,44.2,Sri Lanka,S Prasanna,NLTC Perera,RD Berrington,0,0,"",""
ball,1,44.3,Sri Lanka,S Prasanna,NLTC Perera,RD Berrington,1,0,"",""
ball,1,44.4,Sri Lanka,NLTC Perera,S Prasanna,RD Berrington,0,0,caught,NLTC Perera
ball,1,44.5,Sri Lanka,S Prasanna,KMDN Kulasekara,RD Berrington,1,0,"",""
ball,1,44.6,Sri Lanka,KMDN Kulasekara,S Prasanna,RD Berrington,0,0,"",""
ball,1,45.1,Sri Lanka,S Prasanna,KMDN Kulasekara,AC Evans,1,0,"",""
ball,1,45.2,Sri Lanka,KMDN Kulasekara,S Prasanna,AC Evans,0,0,"",""
ball,1,45.3,Sri Lanka,KMDN Kulasekara,S Prasanna,AC Evans,0,1,"",""
ball,1,45.4,Sri Lanka,S Prasanna,KMDN Kulasekara,AC Evans,0,0,caught,S Prasanna
ball,1,45.5,Sri Lanka,KMDN Kulasekara,SL Malinga,AC Evans,0,1,"",""
ball,1,45.6,Sri Lanka,KMDN Kulasekara,SL Malinga,AC Evans,0,0,"",""
ball,1,45.7,Sri Lanka,KMDN Kulasekara,SL Malinga,AC Evans,1,0,"",""
ball,1,46.1,Sri Lanka,KMDN Kulasekara,SL Malinga,RD Berrington,1,0,"",""
ball,1,46.2,Sri Lanka,SL Malinga,KMDN Kulasekara,RD Berrington,0,0,"",""
ball,1,46.3,Sri Lanka,SL Malinga,KMDN Kulasekara,RD Berrington,1,0,"",""
ball,1,46.4,Sri Lanka,KMDN Kulasekara,SL Malinga,RD Berrington,1,0,"",""
ball,1,46.5,Sri Lanka,SL Malinga,KMDN Kulasekara,RD Berrington,0,0,caught,SL Malinga
ball,1,46.6,Sri Lanka,KMDN Kulasekara,PVD Chameera,RD Berrington,1,0,"",""
ball,1,47.1,Sri Lanka,KMDN Kulasekara,PVD Chameera,AC Evans,1,0,"",""
ball,1,47.2,Sri Lanka,PVD Chameera,KMDN Kulasekara,AC Evans,0,0,"",""
ball,1,47.3,Sri Lanka,PVD Chameera,KMDN Kulasekara,AC Evans,0,0,"",""
ball,1,47.4,Sri Lanka,PVD Chameera,KMDN Kulasekara,AC Evans,2,0,"",""
ball,1,47.5,Sri Lanka,PVD Chameera,KMDN Kulasekara,AC Evans,2,0,"",""
ball,1,47.6,Sri Lanka,PVD Chameera,KMDN Kulasekara,AC Evans,0,0,"",""
ball,1,48.1,Sri Lanka,KMDN Kulasekara,PVD Chameera,RD Berrington,1,0,"",""
ball,1,48.2,Sri Lanka,PVD Chameera,KMDN Kulasekara,KJ Coetzer,1,0,"",""
ball,1,48.3,Sri Lanka,KMDN Kulasekara,PVD Chameera,KJ Coetzer,0,0,"",""
ball,1,48.4,Sri Lanka,KMDN Kulasekara,PVD Chameera,KJ Coetzer,4,0,"",""
ball,1,48.5,Sri Lanka,KMDN Kulasekara,PVD Chameera,KJ Coetzer,6,0,"",""
ball,1,48.6,Sri Lanka,KMDN Kulasekara,PVD Chameera,KJ Coetzer,1,0,"",""
ball,1,49.1,Sri Lanka,KMDN Kulasekara,PVD Chameera,RML Taylor,0,0,"",""
ball,1,49.2,Sri Lanka,KMDN Kulasekara,PVD Chameera,RML Taylor,1,0,"",""
ball,1,49.3,Sri Lanka,PVD Chameera,KMDN Kulasekara,RML Taylor,2,0,"",""
ball,1,49.4,Sri Lanka,PVD Chameera,KMDN Kulasekara,RML Taylor,4,0,"",""
ball,1,49.5,Sri Lanka,PVD Chameera,KMDN Kulasekara,RML Taylor,1,0,"",""
ball,1,49.6,Sri Lanka,KMDN Kulasekara,PVD Chameera,RML Taylor,0,0,"",""
ball,2,0.1,Scotland,KJ Coetzer,CS MacLeod,SL Malinga,0,0,"",""
ball,2,0.2,Scotland,KJ Coetzer,CS MacLeod,SL Malinga,0,0,caught and bowled,KJ Coetzer
ball,2,0.3,Scotland,MW Machan,CS MacLeod,SL Malinga,0,0,"",""
ball,2,0.4,Scotland,MW Machan,CS MacLeod,SL Malinga,0,0,"",""
ball,2,0.5,Scotland,MW Machan,CS MacLeod,SL Malinga,2,0,"",""
ball,2,0.6,Scotland,MW Machan,CS MacLeod,SL Malinga,1,0,"",""
ball,2,1.1,Scotland,MW Machan,CS MacLeod,KMDN Kulasekara,0,0,"",""
ball,2,1.2,Scotland,MW Machan,CS MacLeod,KMDN Kulasekara,0,0,"",""
ball,2,1.3,Scotland,MW Machan,CS MacLeod,KMDN Kulasekara,0,0,"",""
ball,2,1.4,Scotland,MW Machan,CS MacLeod,KMDN Kulasekara,2,0,"",""
ball,2,1.5,Scotland,MW Machan,CS MacLeod,KMDN Kulasekara,0,0,"",""
ball,2,1.6,Scotland,MW Machan,CS MacLeod,KMDN Kulasekara,0,0,"",""
ball,2,2.1,Scotland,CS MacLeod,MW Machan,SL Malinga,0,0,"",""
ball,2,2.2,Scotland,CS MacLeod,MW Machan,SL Malinga,2,0,"",""
ball,2,2.3,Scotland,CS MacLeod,MW Machan,SL Malinga,2,0,"",""
ball,2,2.4,Scotland,CS MacLeod,MW Machan,SL Malinga,2,0,"",""
ball,2,2.5,Scotland,CS MacLeod,MW Machan,SL Malinga,1,0,"",""
ball,2,2.6,Scotland,MW Machan,CS MacLeod,SL Malinga,0,0,"",""
ball,2,3.1,Scotland,CS MacLeod,MW Machan,KMDN Kulasekara,0,0,"",""
ball,2,3.2,Scotland,CS MacLeod,MW Machan,KMDN Kulasekara,0,0,"",""
ball,2,3.3,Scotland,CS MacLeod,MW Machan,KMDN Kulasekara,1,0,"",""
ball,2,3.4,Scotland,MW Machan,CS MacLeod,KMDN Kulasekara,0,0,"",""
ball,2,3.5,Scotland,MW Machan,CS MacLeod,KMDN Kulasekara,1,0,"",""
ball,2,3.6,Scotland,CS MacLeod,MW Machan,KMDN Kulasekara,1,0,"",""
ball,2,4.1,Scotland,CS MacLeod,MW Machan,SL Malinga,0,0,"",""
ball,2,4.2,Scotland,CS MacLeod,MW Machan,SL Malinga,0,0,"",""
ball,2,4.3,Scotland,CS MacLeod,MW Machan,SL Malinga,0,1,"",""
ball,2,4.4,Scotland,CS MacLeod,MW Machan,SL Malinga,0,0,"",""
ball,2,4.5,Scotland,CS MacLeod,MW Machan,SL Malinga,1,0,"",""
ball,2,4.6,Scotland,MW Machan,CS MacLeod,SL Malinga,0,0,"",""
ball,2,4.7,Scotland,MW Machan,CS MacLeod,SL Malinga,1,0,"",""
ball,2,5.1,Scotland,MW Machan,CS MacLeod,KMDN Kulasekara,0,0,"",""
ball,2,5.2,Scotland,MW Machan,CS MacLeod,KMDN Kulasekara,4,0,"",""
ball,2,5.3,Scotland,MW Machan,CS MacLeod,KMDN Kulasekara,0,0,"",""
ball,2,5.4,Scotland,MW Machan,CS MacLeod,KMDN Kulasekara,0,0,"",""
ball,2,5.5,Scotland,MW Machan,CS MacLeod,KMDN Kulasekara,0,0,"",""
ball,2,5.6,Scotland,MW Machan,CS MacLeod,KMDN Kulasekara,2,0,"",""
ball,2,6.1,Scotland,CS MacLeod,MW Machan,SL Malinga,0,0,"",""
ball,2,6.2,Scotland,CS MacLeod,MW Machan,SL Malinga,0,0,"",""
ball,2,6.3,Scotland,CS MacLeod,MW Machan,SL Malinga,0,0,"",""
ball,2,6.4,Scotland,CS MacLeod,MW Machan,SL Malinga,0,0,"",""
ball,2,6.5,Scotland,CS MacLeod,MW Machan,SL Malinga,0,1,"",""
ball,2,6.6,Scotland,CS MacLeod,MW Machan,SL Malinga,1,0,"",""
ball,2,6.7,Scotland,MW Machan,CS MacLeod,SL Malinga,0,0,"",""
ball,2,7.1,Scotland,CS MacLeod,MW Machan,KMDN Kulasekara,0,0,"",""
ball,2,7.2,Scotland,CS MacLeod,MW Machan,KMDN Kulasekara,0,0,"",""
ball,2,7.3,Scotland,CS MacLeod,MW Machan,KMDN Kulasekara,0,0,bowled,CS MacLeod
ball,2,7.4,Scotland,PL Mommsen,MW Machan,KMDN Kulasekara,0,0,"",""
ball,2,7.5,Scotland,PL Mommsen,MW Machan,KMDN Kulasekara,3,0,"",""
ball,2,7.6,Scotland,MW Machan,PL Mommsen,KMDN Kulasekara,0,0,"",""
ball,2,8.1,Scotland,PL Mommsen,MW Machan,NLTC Perera,0,0,"",""
ball,2,8.2,Scotland,PL Mommsen,MW Machan,NLTC Perera,0,0,"",""
ball,2,8.3,Scotland,PL Mommsen,MW Machan,NLTC Perera,0,0,"",""
ball,2,8.4,Scotland,PL Mommsen,MW Machan,NLTC Perera,4,0,"",""
ball,2,8.5,Scotland,PL Mommsen,MW Machan,NLTC Perera,0,0,"",""
ball,2,8.6,Scotland,PL Mommsen,MW Machan,NLTC Perera,0,0,"",""
ball,2,9.1,Scotland,MW Machan,PL Mommsen,KMDN Kulasekara,0,0,"",""
ball,2,9.2,Scotland,MW Machan,PL Mommsen,KMDN Kulasekara,1,0,"",""
ball,2,9.3,Scotland,PL Mommsen,MW Machan,KMDN Kulasekara,0,0,"",""
ball,2,9.4,Scotland,PL Mommsen,MW Machan,KMDN Kulasekara,0,1,"",""
ball,2,9.5,Scotland,PL Mommsen,MW Machan,KMDN Kulasekara,0,0,"",""
ball,2,9.6,Scotland,PL Mommsen,MW Machan,KMDN Kulasekara,0,0,"",""
ball,2,9.7,Scotland,PL Mommsen,MW Machan,KMDN Kulasekara,0,0,"",""
ball,2,10.1,Scotland,MW Machan,PL Mommsen,NLTC Perera,2,0,"",""
ball,2,10.2,Scotland,MW Machan,PL Mommsen,NLTC Perera,2,0,"",""
ball,2,10.3,Scotland,MW Machan,PL Mommsen,NLTC Perera,0,0,"",""
ball,2,10.4,Scotland,MW Machan,PL Mommsen,NLTC Perera,1,0,"",""
ball,2,10.5,Scotland,PL Mommsen,MW Machan,NLTC Perera,4,0,"",""
ball,2,10.6,Scotland,PL Mommsen,MW Machan,NLTC Perera,0,0,"",""
ball,2,11.1,Scotland,MW Machan,PL Mommsen,TM Dilshan,0,0,"",""
ball,2,11.2,Scotland,MW Machan,PL Mommsen,TM Dilshan,0,0,lbw,MW Machan
ball,2,11.3,Scotland,FRJ Coleman,PL Mommsen,TM Dilshan,0,0,"",""
ball,2,11.4,Scotland,FRJ Coleman,PL Mommsen,TM Dilshan,0,0,"",""
ball,2,11.5,Scotland,FRJ Coleman,PL Mommsen,TM Dilshan,1,0,"",""
ball,2,11.6,Scotland,PL Mommsen,FRJ Coleman,TM Dilshan,2,0,"",""
ball,2,12.1,Scotland,FRJ Coleman,PL Mommsen,S Prasanna,0,0,"",""
ball,2,12.2,Scotland,FRJ Coleman,PL Mommsen,S Prasanna,2,0,"",""
ball,2,12.3,Scotland,FRJ Coleman,PL Mommsen,S Prasanna,1,0,"",""
ball,2,12.4,Scotland,PL Mommsen,FRJ Coleman,S Prasanna,0,0,"",""
ball,2,12.5,Scotland,PL Mommsen,FRJ Coleman,S Prasanna,4,0,"",""
ball,2,12.6,Scotland,PL Mommsen,FRJ Coleman,S Prasanna,1,0,"",""
ball,2,13.1,Scotland,PL Mommsen,FRJ Coleman,TM Dilshan,0,0,"",""
ball,2,13.2,Scotland,PL Mommsen,FRJ Coleman,TM Dilshan,0,0,"",""
ball,2,13.3,Scotland,PL Mommsen,FRJ Coleman,TM Dilshan,0,0,"",""
ball,2,13.4,Scotland,PL Mommsen,FRJ Coleman,TM Dilshan,0,0,"",""
ball,2,13.5,Scotland,PL Mommsen,FRJ Coleman,TM Dilshan,1,0,"",""
ball,2,13.6,Scotland,FRJ Coleman,PL Mommsen,TM Dilshan,0,0,"",""
ball,2,14.1,Scotland,PL Mommsen,FRJ Coleman,S Prasanna,1,0,"",""
ball,2,14.2,Scotland,FRJ Coleman,PL Mommsen,S Prasanna,2,0,"",""
ball,2,14.3,Scotland,FRJ Coleman,PL Mommsen,S Prasanna,1,0,"",""
ball,2,14.4,Scotland,PL Mommsen,FRJ Coleman,S Prasanna,1,0,"",""
ball,2,14.5,Scotland,FRJ Coleman,PL Mommsen,S Prasanna,2,0,"",""
ball,2,14.6,Scotland,FRJ Coleman,PL Mommsen,S Prasanna,1,0,"",""
ball,2,15.1,Scotland,FRJ Coleman,PL Mommsen,TM Dilshan,0,0,"",""
ball,2,15.2,Scotland,FRJ Coleman,PL Mommsen,TM Dilshan,1,0,"",""
ball,2,15.3,Scotland,PL Mommsen,FRJ Coleman,TM Dilshan,1,0,"",""
ball,2,15.4,Scotland,FRJ Coleman,PL Mommsen,TM Dilshan,0,0,"",""
ball,2,15.5,Scotland,FRJ Coleman,PL Mommsen,TM Dilshan,0,0,"",""
ball,2,15.6,Scotland,FRJ Coleman,PL Mommsen,TM Dilshan,1,0,"",""
ball,2,16.1,Scotland,FRJ Coleman,PL Mommsen,S Prasanna,0,0,"",""
ball,2,16.2,Scotland,FRJ Coleman,PL Mommsen,S Prasanna,1,0,"",""
ball,2,16.3,Scotland,PL Mommsen,FRJ Coleman,S Prasanna,0,0,"",""
ball,2,16.4,Scotland,PL Mommsen,FRJ Coleman,S Prasanna,2,0,"",""
ball,2,16.5,Scotland,PL Mommsen,FRJ Coleman,S Prasanna,0,0,"",""
ball,2,16.6,Scotland,PL Mommsen,FRJ Coleman,S Prasanna,1,0,"",""
ball,2,17.1,Scotland,PL Mommsen,FRJ Coleman,TM Dilshan,0,0,"",""
ball,2,17.2,Scotland,PL Mommsen,FRJ Coleman,TM Dilshan,0,0,"",""
ball,2,17.3,Scotland,PL Mommsen,FRJ Coleman,TM Dilshan,1,0,"",""
ball,2,17.4,Scotland,FRJ Coleman,PL Mommsen,TM Dilshan,0,0,"",""
ball,2,17.5,Scotland,FRJ Coleman,PL Mommsen,TM Dilshan,0,0,"",""
ball,2,17.6,Scotland,FRJ Coleman,PL Mommsen,TM Dilshan,1,0,"",""
ball,2,18.1,Scotland,FRJ Coleman,PL Mommsen,S Prasanna,1,0,"",""
ball,2,18.2,Scotland,PL Mommsen,FRJ Coleman,S Prasanna,1,0,"",""
ball,2,18.3,Scotland,FRJ Coleman,PL Mommsen,S Prasanna,1,0,"",""
ball,2,18.4,Scotland,PL Mommsen,FRJ Coleman,S Prasanna,4,0,"",""
ball,2,18.5,Scotland,PL Mommsen,FRJ Coleman,S Prasanna,0,0,"",""
ball,2,18.6,Scotland,PL Mommsen,FRJ Coleman,S Prasanna,1,0,"",""
ball,2,19.1,Scotland,PL Mommsen,FRJ Coleman,TM Dilshan,0,0,"",""
ball,2,19.2,Scotland,PL Mommsen,FRJ Coleman,TM Dilshan,0,0,"",""
ball,2,19.3,Scotland,PL Mommsen,FRJ Coleman,TM Dilshan,1,0,"",""
ball,2,19.4,Scotland,FRJ Coleman,PL Mommsen,TM Dilshan,4,0,"",""
ball,2,19.5,Scotland,FRJ Coleman,PL Mommsen,TM Dilshan,0,0,"",""
ball,2,19.6,Scotland,FRJ Coleman,PL Mommsen,TM Dilshan,1,0,"",""
ball,2,20.1,Scotland,FRJ Coleman,PL Mommsen,NLTC Perera,2,0,"",""
ball,2,20.2,Scotland,FRJ Coleman,PL Mommsen,NLTC Perera,0,0,"",""
ball,2,20.3,Scotland,FRJ Coleman,PL Mommsen,NLTC Perera,1,0,"",""
ball,2,20.4,Scotland,PL Mommsen,FRJ Coleman,NLTC Perera,1,0,"",""
ball,2,20.5,Scotland,FRJ Coleman,PL Mommsen,NLTC Perera,0,0,"",""
ball,2,20.6,Scotland,FRJ Coleman,PL Mommsen,NLTC Perera,0,0,"",""
ball,2,21.1,Scotland,PL Mommsen,FRJ Coleman,PVD Chameera,0,1,"",""
ball,2,21.2,Scotland,FRJ Coleman,PL Mommsen,PVD Chameera,0,0,"",""
ball,2,21.3,Scotland,FRJ Coleman,PL Mommsen,PVD Chameera,4,0,"",""
ball,2,21.4,Scotland,FRJ Coleman,PL Mommsen,PVD Chameera,0,0,"",""
ball,2,21.5,Scotland,FRJ Coleman,PL Mommsen,PVD Chameera,4,0,"",""
ball,2,21.6,Scotland,FRJ Coleman,PL Mommsen,PVD Chameera,4,0,"",""
ball,2,22.1,Scotland,PL Mommsen,FRJ Coleman,NLTC Perera,1,0,"",""
ball,2,22.2,Scotland,FRJ Coleman,PL Mommsen,NLTC Perera,1,0,"",""
ball,2,22.3,Scotland,PL Mommsen,FRJ Coleman,NLTC Perera,0,0,"",""
ball,2,22.4,Scotland,PL Mommsen,FRJ Coleman,NLTC Perera,0,0,"",""
ball,2,22.5,Scotland,PL Mommsen,FRJ Coleman,NLTC Perera,0,0,"",""
ball,2,22.6,Scotland,PL Mommsen,FRJ Coleman,NLTC Perera,1,0,"",""
ball,2,23.1,Scotland,PL Mommsen,FRJ Coleman,PVD Chameera,1,0,"",""
ball,2,23.2,Scotland,FRJ Coleman,PL Mommsen,PVD Chameera,4,0,"",""
ball,2,23.3,Scotland,FRJ Coleman,PL Mommsen,PVD Chameera,3,0,"",""
ball,2,23.4,Scotland,PL Mommsen,FRJ Coleman,PVD Chameera,0,0,"",""
ball,2,23.5,Scotland,PL Mommsen,FRJ Coleman,PVD Chameera,0,0,"",""
ball,2,23.6,Scotland,PL Mommsen,FRJ Coleman,PVD Chameera,4,0,"",""
ball,2,24.1,Scotland,FRJ Coleman,PL Mommsen,NLTC Perera,0,0,"",""
ball,2,24.2,Scotland,FRJ Coleman,PL Mommsen,NLTC Perera,1,0,"",""
ball,2,24.3,Scotland,PL Mommsen,FRJ Coleman,NLTC Perera,1,0,"",""
ball,2,24.4,Scotland,FRJ Coleman,PL Mommsen,NLTC Perera,0,0,"",""
ball,2,24.5,Scotland,FRJ Coleman,PL Mommsen,NLTC Perera,4,0,"",""
ball,2,24.6,Scotland,FRJ Coleman,PL Mommsen,NLTC Perera,1,0,"",""
ball,2,25.1,Scotland,FRJ Coleman,PL Mommsen,PVD Chameera,1,0,"",""
ball,2,25.2,Scotland,PL Mommsen,FRJ Coleman,PVD Chameera,0,1,"",""
ball,2,25.3,Scotland,FRJ Coleman,PL Mommsen,PVD Chameera,1,0,"",""
ball,2,25.4,Scotland,PL Mommsen,FRJ Coleman,PVD Chameera,0,0,"",""
ball,2,25.5,Scotland,PL Mommsen,FRJ Coleman,PVD Chameera,0,0,"",""
ball,2,25.6,Scotland,PL Mommsen,FRJ Coleman,PVD Chameera,4,0,"",""
ball,2,26.1,Scotland,FRJ Coleman,PL Mommsen,SL Malinga,0,0,"",""
ball,2,26.2,Scotland,FRJ Coleman,PL Mommsen,SL Malinga,1,0,"",""
ball,2,26.3,Scotland,PL Mommsen,FRJ Coleman,SL Malinga,0,0,"",""
ball,2,26.4,Scotland,PL Mommsen,FRJ Coleman,SL Malinga,1,0,"",""
ball,2,26.5,Scotland,FRJ Coleman,PL Mommsen,SL Malinga,1,0,"",""
ball,2,26.6,Scotland,PL Mommsen,FRJ Coleman,SL Malinga,0,0,"",""
ball,2,27.1,Scotland,FRJ Coleman,PL Mommsen,PVD Chameera,1,0,"",""
ball,2,27.2,Scotland,PL Mommsen,FRJ Coleman,PVD Chameera,0,1,"",""
ball,2,27.3,Scotland,PL Mommsen,FRJ Coleman,PVD Chameera,1,0,"",""
ball,2,27.4,Scotland,FRJ Coleman,PL Mommsen,PVD Chameera,2,0,"",""
ball,2,27.5,Scotland,FRJ Coleman,PL Mommsen,PVD Chameera,1,0,"",""
ball,2,27.6,Scotland,PL Mommsen,FRJ Coleman,PVD Chameera,0,0,"",""
ball,2,27.7,Scotland,PL Mommsen,FRJ Coleman,PVD Chameera,0,0,"",""
ball,2,28.1,Scotland,FRJ Coleman,PL Mommsen,S Prasanna,0,0,"",""
ball,2,28.2,Scotland,FRJ Coleman,PL Mommsen,S Prasanna,0,0,"",""
ball,2,28.3,Scotland,FRJ Coleman,PL Mommsen,S Prasanna,0,0,"",""
ball,2,28.4,Scotland,FRJ Coleman,PL Mommsen,S Prasanna,1,0,"",""
ball,2,28.5,Scotland,PL Mommsen,FRJ Coleman,S Prasanna,0,0,"",""
ball,2,28.6,Scotland,PL Mommsen,FRJ Coleman,S Prasanna,1,0,"",""
ball,2,29.1,Scotland,PL Mommsen,FRJ Coleman,PVD Chameera,0,0,"",""
ball,2,29.2,Scotland,PL Mommsen,FRJ Coleman,PVD Chameera,1,0,"",""
ball,2,29.3,Scotland,FRJ Coleman,PL Mommsen,PVD Chameera,1,0,"",""
ball,2,29.4,Scotland,PL Mommsen,FRJ Coleman,PVD Chameera,1,0,"",""
ball,2,29.5,Scotland,FRJ Coleman,PL Mommsen,PVD Chameera,0,0,"",""
ball,2,29.6,Scotland,FRJ Coleman,PL Mommsen,PVD Chameera,0,0,"",""
ball,2,30.1,Scotland,PL Mommsen,FRJ Coleman,S Prasanna,0,0,"",""
ball,2,30.2,Scotland,PL Mommsen,FRJ Coleman,S Prasanna,1,0,"",""
ball,2,30.3,Scotland,FRJ Coleman,PL Mommsen,S Prasanna,1,0,"",""
ball,2,30.4,Scotland,PL Mommsen,FRJ Coleman,S Prasanna,2,0,"",""
ball,2,30.5,Scotland,PL Mommsen,FRJ Coleman,S Prasanna,1,0,"",""
ball,2,30.6,Scotland,FRJ Coleman,PL Mommsen,S Prasanna,1,0,"",""
ball,2,31.1,Scotland,FRJ Coleman,PL Mommsen,NLTC Perera,1,0,"",""
ball,2,31.2,Scotland,PL Mommsen,FRJ Coleman,NLTC Perera,0,1,"",""
ball,2,31.3,Scotland,PL Mommsen,FRJ Coleman,NLTC Perera,0,0,"",""
ball,2,31.4,Scotland,PL Mommsen,FRJ Coleman,NLTC Perera,4,0,"",""
ball,2,31.5,Scotland,PL Mommsen,FRJ Coleman,NLTC Perera,0,1,"",""
ball,2,31.6,Scotland,PL Mommsen,FRJ Coleman,NLTC Perera,1,0,"",""
ball,2,31.7,Scotland,FRJ Coleman,PL Mommsen,NLTC Perera,1,0,"",""
ball,2,31.8,Scotland,PL Mommsen,FRJ Coleman,NLTC Perera,0,0,caught,PL Mommsen
ball,2,32.1,Scotland,FRJ Coleman,RD Berrington,S Prasanna,1,0,"",""
ball,2,32.2,Scotland,RD Berrington,FRJ Coleman,S Prasanna,0,0,"",""
ball,2,32.3,Scotland,RD Berrington,FRJ Coleman,S Prasanna,4,0,"",""
ball,2,32.4,Scotland,RD Berrington,FRJ Coleman,S Prasanna,6,0,"",""
ball,2,32.5,Scotland,RD Berrington,FRJ Coleman,S Prasanna,0,0,"",""
ball,2,32.6,Scotland,RD Berrington,FRJ Coleman,S Prasanna,1,0,"",""
ball,2,33.1,Scotland,RD Berrington,FRJ Coleman,NLTC Perera,1,0,"",""
ball,2,33.2,Scotland,FRJ Coleman,RD Berrington,NLTC Perera,0,0,"",""
ball,2,33.3,Scotland,FRJ Coleman,RD Berrington,NLTC Perera,0,0,"",""
ball,2,33.4,Scotland,FRJ Coleman,RD Berrington,NLTC Perera,0,0,"",""
ball,2,33.5,Scotland,FRJ Coleman,RD Berrington,NLTC Perera,0,0,"",""
ball,2,33.6,Scotland,FRJ Coleman,RD Berrington,NLTC Perera,4,0,"",""
ball,2,34.1,Scotland,RD Berrington,FRJ Coleman,S Prasanna,1,0,"",""
ball,2,34.2,Scotland,FRJ Coleman,RD Berrington,S Prasanna,0,0,"",""
ball,2,34.3,Scotland,FRJ Coleman,RD Berrington,S Prasanna,1,0,"",""
ball,2,34.4,Scotland,RD Berrington,FRJ Coleman,S Prasanna,0,0,"",""
ball,2,34.5,Scotland,RD Berrington,FRJ Coleman,S Prasanna,6,0,"",""
ball,2,34.6,Scotland,RD Berrington,FRJ Coleman,S Prasanna,1,0,"",""
ball,2,35.1,Scotland,RD Berrington,FRJ Coleman,KMDN Kulasekara,0,0,"",""
ball,2,35.2,Scotland,RD Berrington,FRJ Coleman,KMDN Kulasekara,0,0,"",""
ball,2,35.3,Scotland,RD Berrington,FRJ Coleman,KMDN Kulasekara,1,0,"",""
ball,2,35.4,Scotland,FRJ Coleman,RD Berrington,KMDN Kulasekara,0,0,"",""
ball,2,35.5,Scotland,FRJ Coleman,RD Berrington,KMDN Kulasekara,0,0,"",""
ball,2,35.6,Scotland,FRJ Coleman,RD Berrington,KMDN Kulasekara,0,0,caught,FRJ Coleman
ball,2,36.1,Scotland,MA Leask,RD Berrington,SL Malinga,0,0,"",""
ball,2,36.2,Scotland,MA Leask,RD Berrington,SL Malinga,0,0,"",""
ball,2,36.3,Scotland,MA Leask,RD Berrington,SL Malinga,1,0,"",""
ball,2,36.4,Scotland,RD Berrington,MA Leask,SL Malinga,0,0,"",""
ball,2,36.5,Scotland,RD Berrington,MA Leask,SL Malinga,0,0,"",""
ball,2,36.6,Scotland,RD Berrington,MA Leask,SL Malinga,0,0,"",""
ball,2,37.1,Scotland,MA Leask,RD Berrington,KMDN Kulasekara,0,0,"",""
ball,2,37.2,Scotland,MA Leask,RD Berrington,KMDN Kulasekara,1,0,"",""
ball,2,37.3,Scotland,RD Berrington,MA Leask,KMDN Kulasekara,1,0,"",""
ball,2,37.4,Scotland,MA Leask,RD Berrington,KMDN Kulasekara,0,0,"",""
ball,2,37.5,Scotland,MA Leask,RD Berrington,KMDN Kulasekara,0,0,caught,MA Leask
ball,2,37.6,Scotland,MH Cross,RD Berrington,KMDN Kulasekara,1,0,"",""
ball,2,38.1,Scotland,MH Cross,RD Berrington,SL Malinga,0,0,"",""
ball,2,38.2,Scotland,MH Cross,RD Berrington,SL Malinga,0,0,"",""
ball,2,38.3,Scotland,MH Cross,RD Berrington,SL Malinga,0,0,"",""
ball,2,38.4,Scotland,MH Cross,RD Berrington,SL Malinga,0,0,"",""
ball,2,38.5,Scotland,MH Cross,RD Berrington,SL Malinga,2,0,"",""
ball,2,38.6,Scotland,MH Cross,RD Berrington,SL Malinga,2,0,"",""
ball,2,39.1,Scotland,RD Berrington,MH Cross,PVD Chameera,1,0,"",""
ball,2,39.2,Scotland,MH Cross,RD Berrington,PVD Chameera,2,0,"",""
ball,2,39.3,Scotland,MH Cross,RD Berrington,PVD Chameera,0,0,"",""
ball,2,39.4,Scotland,MH Cross,RD Berrington,PVD Chameera,0,0,caught,MH Cross
ball,2,39.5,Scotland,RD Berrington,RML Taylor,PVD Chameera,1,1,"",""
ball,2,39.6,Scotland,RML Taylor,RD Berrington,PVD Chameera,1,0,"",""
ball,2,39.7,Scotland,RD Berrington,RML Taylor,PVD Chameera,4,0,"",""
ball,2,40.1,Scotland,RML Taylor,RD Berrington,SL Malinga,0,0,"",""
ball,2,40.2,Scotland,RML Taylor,RD Berrington,SL Malinga,0,0,"",""
ball,2,40.3,Scotland,RML Taylor,RD Berrington,SL Malinga,0,0,"",""
ball,2,40.4,Scotland,RML Taylor,RD Berrington,SL Malinga,2,0,"",""
ball,2,40.5,Scotland,RML Taylor,RD Berrington,SL Malinga,0,0,caught,RML Taylor
ball,2,40.6,Scotland,RD Berrington,JH Davey,SL Malinga,1,0,"",""
ball,2,41.1,Scotland,RD Berrington,JH Davey,PVD Chameera,0,0,caught,RD Berrington
ball,2,41.2,Scotland,AC Evans,JH Davey,PVD Chameera,0,0,"",""
ball,2,41.3,Scotland,AC Evans,JH Davey,PVD Chameera,0,0,"",""
ball,2,41.4,Scotland,AC Evans,JH Davey,PVD Chameera,0,0,"",""
ball,2,41.5,Scotland,AC Evans,JH Davey,PVD Chameera,1,0,"",""
ball,2,41.6,Scotland,JH Davey,AC Evans,PVD Chameera,1,0,"",""
ball,2,42.1,Scotland,JH Davey,AC Evans,SL Malinga,0,0,"",""
ball,2,42.2,Scotland,JH Davey,AC Evans,SL Malinga,0,0,"",""
ball,2,42.3,Scotland,JH Davey,AC Evans,SL Malinga,2,0,"",""
ball,2,42.4,Scotland,JH Davey,AC Evans,SL Malinga,0,0,"",""
ball,2,42.5,Scotland,JH Davey,AC Evans,SL Malinga,1,0,"",""
ball,2,42.6,Scotland,AC Evans,JH Davey,SL Malinga,0,0,"",""
ball,2,43.1,Scotland,JH Davey,AC Evans,PVD Chameera,0,0,caught,JH Davey
