version,1.3.0
info,team,Ireland
info,team,Scotland
info,gender,male
info,season,2013
info,date,2013/09/06
info,competition,"ICC World Cricket League Championship, 2011-2013"
info,match_number,51
info,venue,"Civil Service Cricket Club, Stormont"
info,city,Belfast
info,toss_winner,Scotland
info,toss_decision,bat
info,umpire,JD Cloete
info,umpire,RP Smith
info,reserve_umpire,N McCarey
info,match_referee,DT Jukes
info,winner,Ireland
info,winner_wickets,1
ball,1,0.1,Scotland,HJW Gardiner,FRJ Coleman,TJ Murtagh,0,0,"",""
ball,1,0.2,Scotland,HJW Gardiner,FRJ Coleman,TJ Murtagh,3,0,"",""
ball,1,0.3,Scotland,FRJ Coleman,HJW Gardiner,TJ Murtagh,0,0,"",""
ball,1,0.4,Scotland,FRJ Coleman,HJW Gardiner,TJ Murtagh,0,0,"",""
ball,1,0.5,Scotland,FRJ Coleman,HJW Gardiner,TJ Murtagh,0,0,"",""
ball,1,0.6,Scotland,FRJ Coleman,HJW Gardiner,TJ Murtagh,0,0,"",""
ball,1,1.1,Scotland,HJW Gardiner,FRJ Coleman,DT Johnston,0,1,"",""
ball,1,1.2,Scotland,HJW Gardiner,FRJ Coleman,DT Johnston,0,1,"",""
ball,1,1.3,Scotland,HJW Gardiner,FRJ Coleman,DT Johnston,0,0,"",""
ball,1,1.4,Scotland,HJW Gardiner,FRJ Coleman,DT Johnston,0,0,"",""
ball,1,1.5,Scotland,HJW Gardiner,FRJ Coleman,DT Johnston,0,0,"",""
ball,1,1.6,Scotland,HJW Gardiner,FRJ Coleman,DT Johnston,1,0,"",""
ball,1,1.7,Scotland,FRJ Coleman,HJW Gardiner,DT Johnston,0,0,"",""
ball,1,1.8,Scotland,FRJ Coleman,HJW Gardiner,DT Johnston,0,1,"",""
ball,1,1.9,Scotland,FRJ Coleman,HJW Gardiner,DT Johnston,0,1,"",""
ball,1,1.1,Scotland,FRJ Coleman,HJW Gardiner,DT Johnston,0,0,"",""
ball,1,2.1,Scotland,HJW Gardiner,FRJ Coleman,TJ Murtagh,0,0,"",""
ball,1,2.2,Scotland,HJW Gardiner,FRJ Coleman,TJ Murtagh,1,0,"",""
ball,1,2.3,Scotland,FRJ Coleman,HJW Gardiner,TJ Murtagh,0,0,"",""
ball,1,2.4,Scotland,FRJ Coleman,HJW Gardiner,TJ Murtagh,2,0,"",""
ball,1,2.5,Scotland,FRJ Coleman,HJW Gardiner,TJ Murtagh,0,0,"",""
ball,1,2.6,Scotland,FRJ Coleman,HJW Gardiner,TJ Murtagh,0,0,"",""
ball,1,3.1,Scotland,HJW Gardiner,FRJ Coleman,DT Johnston,0,1,"",""
ball,1,3.2,Scotland,HJW Gardiner,FRJ Coleman,DT Johnston,0,0,"",""
ball,1,3.3,Scotland,HJW Gardiner,FRJ Coleman,DT Johnston,0,1,"",""
ball,1,3.4,Scotland,FRJ Coleman,HJW Gardiner,DT Johnston,0,1,"",""
ball,1,3.5,Scotland,HJW Gardiner,FRJ Coleman,DT Johnston,1,0,"",""
ball,1,3.6,Scotland,FRJ Coleman,HJW Gardiner,DT Johnston,0,0,"",""
ball,1,3.7,Scotland,FRJ Coleman,HJW Gardiner,DT Johnston,0,0,"",""
ball,1,4.1,Scotland,HJW Gardiner,FRJ Coleman,TJ Murtagh,0,0,"",""
ball,1,4.2,Scotland,HJW Gardiner,FRJ Coleman,TJ Murtagh,0,0,caught,HJW Gardiner
ball,1,4.3,Scotland,MW Machan,FRJ Coleman,TJ Murtagh,0,0,"",""
ball,1,4.4,Scotland,MW Machan,FRJ Coleman,TJ Murtagh,0,0,"",""
ball,1,4.5,Scotland,MW Machan,FRJ Coleman,TJ Murtagh,0,0,"",""
ball,1,4.6,Scotland,MW Machan,FRJ Coleman,TJ Murtagh,1,0,"",""
ball,1,5.1,Scotland,MW Machan,FRJ Coleman,DT Johnston,1,0,"",""
ball,1,5.2,Scotland,FRJ Coleman,MW Machan,DT Johnston,4,0,"",""
ball,1,5.3,Scotland,FRJ Coleman,MW Machan,DT Johnston,4,0,"",""
ball,1,5.4,Scotland,FRJ Coleman,MW Machan,DT Johnston,0,1,"",""
ball,1,5.5,Scotland,FRJ Coleman,MW Machan,DT Johnston,0,1,"",""
ball,1,5.6,Scotland,FRJ Coleman,MW Machan,DT Johnston,0,0,"",""
ball,1,5.7,Scotland,FRJ Coleman,MW Machan,DT Johnston,0,1,"",""
ball,1,5.8,Scotland,FRJ Coleman,MW Machan,DT Johnston,0,0,"",""
ball,1,5.9,Scotland,FRJ Coleman,MW Machan,DT Johnston,0,0,"",""
ball,1,6.1,Scotland,MW Machan,FRJ Coleman,TJ Murtagh,0,0,"",""
ball,1,6.2,Scotland,MW Machan,FRJ Coleman,TJ Murtagh,0,0,"",""
ball,1,6.3,Scotland,MW Machan,FRJ Coleman,TJ Murtagh,4,0,"",""
ball,1,6.4,Scotland,MW Machan,FRJ Coleman,TJ Murtagh,0,0,"",""
ball,1,6.5,Scotland,MW Machan,FRJ Coleman,TJ Murtagh,0,0,"",""
ball,1,6.6,Scotland,MW Machan,FRJ Coleman,TJ Murtagh,4,0,"",""
ball,1,7.1,Scotland,FRJ Coleman,MW Machan,MC Sorensen,0,0,bowled,FRJ Coleman
ball,1,7.2,Scotland,PL Mommsen,MW Machan,MC Sorensen,0,0,"",""
ball,1,7.3,Scotland,PL Mommsen,MW Machan,MC Sorensen,0,0,"",""
ball,1,7.4,Scotland,PL Mommsen,MW Machan,MC Sorensen,0,0,"",""
ball,1,7.5,Scotland,PL Mommsen,MW Machan,MC Sorensen,0,1,"",""
ball,1,7.6,Scotland,PL Mommsen,MW Machan,MC Sorensen,0,0,"",""
ball,1,7.7,Scotland,PL Mommsen,MW Machan,MC Sorensen,0,0,"",""
ball,1,8.1,Scotland,MW Machan,PL Mommsen,TJ Murtagh,0,0,"",""
ball,1,8.2,Scotland,MW Machan,PL Mommsen,TJ Murtagh,0,0,"",""
ball,1,8.3,Scotland,MW Machan,PL Mommsen,TJ Murtagh,6,0,"",""
ball,1,8.4,Scotland,MW Machan,PL Mommsen,TJ Murtagh,0,0,"",""
ball,1,8.5,Scotland,MW Machan,PL Mommsen,TJ Murtagh,0,0,"",""
ball,1,8.6,Scotland,MW Machan,PL Mommsen,TJ Murtagh,4,0,"",""
ball,1,9.1,Scotland,PL Mommsen,MW Machan,MC Sorensen,0,0,"",""
ball,1,9.2,Scotland,PL Mommsen,MW Machan,MC Sorensen,0,0,"",""
ball,1,9.3,Scotland,PL Mommsen,MW Machan,MC Sorensen,0,0,"",""
ball,1,9.4,Scotland,PL Mommsen,MW Machan,MC Sorensen,0,0,"",""
ball,1,9.5,Scotland,PL Mommsen,MW Machan,MC Sorensen,0,0,"",""
ball,1,9.6,Scotland,PL Mommsen,MW Machan,MC Sorensen,0,0,"",""
ball,1,10.1,Scotland,MW Machan,PL Mommsen,PR Stirling,0,0,"",""
ball,1,10.2,Scotland,MW Machan,PL Mommsen,PR Stirling,2,0,"",""
ball,1,10.3,Scotland,MW Machan,PL Mommsen,PR Stirling,0,0,"",""
ball,1,10.4,Scotland,MW Machan,PL Mommsen,PR Stirling,1,0,"",""
ball,1,10.5,Scotland,PL Mommsen,MW Machan,PR Stirling,0,0,"",""
ball,1,10.6,Scotland,PL Mommsen,MW Machan,PR Stirling,2,0,"",""
ball,1,11.1,Scotland,MW Machan,PL Mommsen,MC Sorensen,4,0,"",""
ball,1,11.2,Scotland,MW Machan,PL Mommsen,MC Sorensen,0,0,"",""
ball,1,11.3,Scotland,MW Machan,PL Mommsen,MC Sorensen,0,0,"",""
ball,1,11.4,Scotland,MW Machan,PL Mommsen,MC Sorensen,0,0,bowled,MW Machan
ball,1,11.5,Scotland,CS MacLeod,PL Mommsen,MC Sorensen,0,0,"",""
ball,1,11.6,Scotland,CS MacLeod,PL Mommsen,MC Sorensen,0,0,"",""
ball,1,12.1,Scotland,PL Mommsen,CS MacLeod,TJ Murtagh,0,0,"",""
ball,1,12.2,Scotland,PL Mommsen,CS MacLeod,TJ Murtagh,0,0,"",""
ball,1,12.3,Scotland,PL Mommsen,CS MacLeod,TJ Murtagh,0,0,"",""
ball,1,12.4,Scotland,PL Mommsen,CS MacLeod,TJ Murtagh,0,0,"",""
ball,1,12.5,Scotland,PL Mommsen,CS MacLeod,TJ Murtagh,1,0,"",""
ball,1,12.6,Scotland,CS MacLeod,PL Mommsen,TJ Murtagh,0,0,"",""
ball,1,13.1,Scotland,PL Mommsen,CS MacLeod,MC Sorensen,1,0,"",""
ball,1,13.2,Scotland,CS MacLeod,PL Mommsen,MC Sorensen,0,0,"",""
ball,1,13.3,Scotland,CS MacLeod,PL Mommsen,MC Sorensen,0,0,"",""
ball,1,13.4,Scotland,CS MacLeod,PL Mommsen,MC Sorensen,0,0,"",""
ball,1,13.5,Scotland,CS MacLeod,PL Mommsen,MC Sorensen,0,0,"",""
ball,1,13.6,Scotland,CS MacLeod,PL Mommsen,MC Sorensen,0,0,"",""
ball,1,14.1,Scotland,PL Mommsen,CS MacLeod,TJ Murtagh,0,0,"",""
ball,1,14.2,Scotland,PL Mommsen,CS MacLeod,TJ Murtagh,0,0,"",""
ball,1,14.3,Scotland,PL Mommsen,CS MacLeod,TJ Murtagh,0,0,"",""
ball,1,14.4,Scotland,PL Mommsen,CS MacLeod,TJ Murtagh,0,0,"",""
ball,1,14.5,Scotland,PL Mommsen,CS MacLeod,TJ Murtagh,0,0,"",""
ball,1,14.6,Scotland,PL Mommsen,CS MacLeod,TJ Murtagh,0,0,"",""
ball,1,15.1,Scotland,CS MacLeod,PL Mommsen,MC Sorensen,0,0,"",""
ball,1,15.2,Scotland,CS MacLeod,PL Mommsen,MC Sorensen,4,0,"",""
ball,1,15.3,Scotland,CS MacLeod,PL Mommsen,MC Sorensen,0,0,"",""
ball,1,15.4,Scotland,CS MacLeod,PL Mommsen,MC Sorensen,0,0,"",""
ball,1,15.5,Scotland,CS MacLeod,PL Mommsen,MC Sorensen,0,1,"",""
ball,1,15.6,Scotland,CS MacLeod,PL Mommsen,MC Sorensen,0,0,"",""
ball,1,15.7,Scotland,CS MacLeod,PL Mommsen,MC Sorensen,0,0,"",""
ball,1,16.1,Scotland,PL Mommsen,CS MacLeod,EJ Richardson,4,0,"",""
ball,1,16.2,Scotland,PL Mommsen,CS MacLeod,EJ Richardson,0,0,"",""
ball,1,16.3,Scotland,PL Mommsen,CS MacLeod,EJ Richardson,1,0,"",""
ball,1,16.4,Scotland,CS MacLeod,PL Mommsen,EJ Richardson,0,0,"",""
ball,1,16.5,Scotland,CS MacLeod,PL Mommsen,EJ Richardson,0,0,"",""
ball,1,16.6,Scotland,CS MacLeod,PL Mommsen,EJ Richardson,0,0,"",""
ball,1,17.1,Scotland,PL Mommsen,CS MacLeod,MC Sorensen,1,0,"",""
ball,1,17.2,Scotland,CS MacLeod,PL Mommsen,MC Sorensen,0,0,"",""
ball,1,17.3,Scotland,CS MacLeod,PL Mommsen,MC Sorensen,1,0,"",""
ball,1,17.4,Scotland,PL Mommsen,CS MacLeod,MC Sorensen,0,0,"",""
ball,1,17.5,Scotland,PL Mommsen,CS MacLeod,MC Sorensen,0,1,"",""
ball,1,17.6,Scotland,PL Mommsen,CS MacLeod,MC Sorensen,1,0,"",""
ball,1,17.7,Scotland,CS MacLeod,PL Mommsen,MC Sorensen,4,0,"",""
ball,1,18.1,Scotland,PL Mommsen,CS MacLeod,EJ Richardson,0,0,"",""
ball,1,18.2,Scotland,PL Mommsen,CS MacLeod,EJ Richardson,0,0,"",""
ball,1,18.3,Scotland,PL Mommsen,CS MacLeod,EJ Richardson,0,0,"",""
ball,1,18.4,Scotland,PL Mommsen,CS MacLeod,EJ Richardson,0,0,"",""
ball,1,18.5,Scotland,PL Mommsen,CS MacLeod,EJ Richardson,1,0,"",""
ball,1,18.6,Scotland,CS MacLeod,PL Mommsen,EJ Richardson,0,0,"",""
ball,1,19.1,Scotland,PL Mommsen,CS MacLeod,GH Dockrell,0,0,"",""
ball,1,19.2,Scotland,PL Mommsen,CS MacLeod,GH Dockrell,1,0,"",""
ball,1,19.3,Scotland,CS MacLeod,PL Mommsen,GH Dockrell,1,0,"",""
ball,1,19.4,Scotland,PL Mommsen,CS MacLeod,GH Dockrell,0,0,"",""
ball,1,19.5,Scotland,PL Mommsen,CS MacLeod,GH Dockrell,1,0,"",""
ball,1,19.6,Scotland,CS MacLeod,PL Mommsen,GH Dockrell,1,0,"",""
ball,1,20.1,Scotland,CS MacLeod,PL Mommsen,EJ Richardson,0,0,"",""
ball,1,20.2,Scotland,CS MacLeod,PL Mommsen,EJ Richardson,0,0,"",""
ball,1,20.3,Scotland,CS MacLeod,PL Mommsen,EJ Richardson,1,0,"",""
ball,1,20.4,Scotland,PL Mommsen,CS MacLeod,EJ Richardson,0,0,"",""
ball,1,20.5,Scotland,PL Mommsen,CS MacLeod,EJ Richardson,4,0,"",""
ball,1,20.6,Scotland,PL Mommsen,CS MacLeod,EJ Richardson,4,0,"",""
ball,1,21.1,Scotland,CS MacLeod,PL Mommsen,DT Johnston,1,0,"",""
ball,1,21.2,Scotland,PL Mommsen,CS MacLeod,DT Johnston,1,0,"",""
ball,1,21.3,Scotland,CS MacLeod,PL Mommsen,DT Johnston,0,0,"",""
ball,1,21.4,Scotland,CS MacLeod,PL Mommsen,DT Johnston,1,0,"",""
ball,1,21.5,Scotland,PL Mommsen,CS MacLeod,DT Johnston,1,0,"",""
ball,1,21.6,Scotland,CS MacLeod,PL Mommsen,DT Johnston,0,0,"",""
ball,1,22.1,Scotland,PL Mommsen,CS MacLeod,KJ O'Brien,1,0,"",""
ball,1,22.2,Scotland,CS MacLeod,PL Mommsen,KJ O'Brien,0,0,"",""
ball,1,22.3,Scotland,CS MacLeod,PL Mommsen,KJ O'Brien,0,0,"",""
ball,1,22.4,Scotland,CS MacLeod,PL Mommsen,KJ O'Brien,1,0,"",""
ball,1,22.5,Scotland,PL Mommsen,CS MacLeod,KJ O'Brien,0,0,"",""
ball,1,22.6,Scotland,PL Mommsen,CS MacLeod,KJ O'Brien,4,0,"",""
ball,1,23.1,Scotland,CS MacLeod,PL Mommsen,DT Johnston,1,0,"",""
ball,1,23.2,Scotland,PL Mommsen,CS MacLeod,DT Johnston,0,0,"",""
ball,1,23.3,Scotland,PL Mommsen,CS MacLeod,DT Johnston,1,0,"",""
ball,1,23.4,Scotland,CS MacLeod,PL Mommsen,DT Johnston,0,0,"",""
ball,1,23.5,Scotland,CS MacLeod,PL Mommsen,DT Johnston,0,0,"",""
ball,1,23.6,Scotland,CS MacLeod,PL Mommsen,DT Johnston,0,0,"",""
ball,1,24.1,Scotland,PL Mommsen,CS MacLeod,KJ O'Brien,1,0,"",""
ball,1,24.2,Scotland,CS MacLeod,PL Mommsen,KJ O'Brien,1,0,"",""
ball,1,24.3,Scotland,PL Mommsen,CS MacLeod,KJ O'Brien,0,0,"",""
ball,1,24.4,Scotland,PL Mommsen,CS MacLeod,KJ O'Brien,1,0,"",""
ball,1,24.5,Scotland,CS MacLeod,PL Mommsen,KJ O'Brien,0,0,"",""
ball,1,24.6,Scotland,CS MacLeod,PL Mommsen,KJ O'Brien,0,0,"",""
ball,1,25.1,Scotland,PL Mommsen,CS MacLeod,DT Johnston,1,0,"",""
ball,1,25.2,Scotland,CS MacLeod,PL Mommsen,DT Johnston,1,0,"",""
ball,1,25.3,Scotland,PL Mommsen,CS MacLeod,DT Johnston,1,0,"",""
ball,1,25.4,Scotland,CS MacLeod,PL Mommsen,DT Johnston,1,0,"",""
ball,1,25.5,Scotland,PL Mommsen,CS MacLeod,DT Johnston,1,0,"",""
ball,1,25.6,Scotland,CS MacLeod,PL Mommsen,DT Johnston,0,0,"",""
ball,1,26.1,Scotland,PL Mommsen,CS MacLeod,KJ O'Brien,1,0,"",""
ball,1,26.2,Scotland,CS MacLeod,PL Mommsen,KJ O'Brien,1,0,"",""
ball,1,26.3,Scotland,PL Mommsen,CS MacLeod,KJ O'Brien,2,0,"",""
ball,1,26.4,Scotland,PL Mommsen,CS MacLeod,KJ O'Brien,1,0,"",""
ball,1,26.5,Scotland,CS MacLeod,PL Mommsen,KJ O'Brien,0,0,"",""
ball,1,26.6,Scotland,CS MacLeod,PL Mommsen,KJ O'Brien,1,0,"",""
ball,1,27.1,Scotland,CS MacLeod,PL Mommsen,GH Dockrell,0,0,"",""
ball,1,27.2,Scotland,CS MacLeod,PL Mommsen,GH Dockrell,0,0,bowled,CS MacLeod
ball,1,27.3,Scotland,RML Taylor,PL Mommsen,GH Dockrell,0,0,"",""
ball,1,27.4,Scotland,RML Taylor,PL Mommsen,GH Dockrell,0,0,"",""
ball,1,27.5,Scotland,RML Taylor,PL Mommsen,GH Dockrell,2,0,"",""
ball,1,27.6,Scotland,RML Taylor,PL Mommsen,GH Dockrell,1,0,"",""
ball,1,28.1,Scotland,RML Taylor,PL Mommsen,KJ O'Brien,0,0,"",""
ball,1,28.2,Scotland,RML Taylor,PL Mommsen,KJ O'Brien,1,0,"",""
ball,1,28.3,Scotland,PL Mommsen,RML Taylor,KJ O'Brien,0,0,"",""
ball,1,28.4,Scotland,PL Mommsen,RML Taylor,KJ O'Brien,1,0,"",""
ball,1,28.5,Scotland,RML Taylor,PL Mommsen,KJ O'Brien,1,0,"",""
ball,1,28.6,Scotland,PL Mommsen,RML Taylor,KJ O'Brien,0,0,"",""
ball,1,29.1,Scotland,RML Taylor,PL Mommsen,GH Dockrell,0,0,"",""
ball,1,29.2,Scotland,RML Taylor,PL Mommsen,GH Dockrell,0,0,"",""
ball,1,29.3,Scotland,RML Taylor,PL Mommsen,GH Dockrell,0,0,"",""
ball,1,29.4,Scotland,RML Taylor,PL Mommsen,GH Dockrell,0,0,"",""
ball,1,29.5,Scotland,RML Taylor,PL Mommsen,GH Dockrell,1,0,"",""
ball,1,29.6,Scotland,PL Mommsen,RML Taylor,GH Dockrell,0,0,"",""
ball,1,30.1,Scotland,RML Taylor,PL Mommsen,PR Stirling,1,0,"",""
ball,1,30.2,Scotland,PL Mommsen,RML Taylor,PR Stirling,0,0,"",""
ball,1,30.3,Scotland,PL Mommsen,RML Taylor,PR Stirling,1,0,"",""
ball,1,30.4,Scotland,RML Taylor,PL Mommsen,PR Stirling,0,0,"",""
ball,1,30.5,Scotland,RML Taylor,PL Mommsen,PR Stirling,1,0,"",""
ball,1,30.6,Scotland,PL Mommsen,RML Taylor,PR Stirling,4,0,"",""
ball,1,31.1,Scotland,RML Taylor,PL Mommsen,GH Dockrell,1,0,"",""
ball,1,31.2,Scotland,PL Mommsen,RML Taylor,GH Dockrell,1,0,"",""
ball,1,31.3,Scotland,RML Taylor,PL Mommsen,GH Dockrell,0,0,"",""
ball,1,31.4,Scotland,RML Taylor,PL Mommsen,GH Dockrell,0,0,"",""
ball,1,31.5,Scotland,RML Taylor,PL Mommsen,GH Dockrell,0,0,"",""
ball,1,31.6,Scotland,RML Taylor,PL Mommsen,GH Dockrell,1,0,"",""
ball,1,32.1,Scotland,RML Taylor,PL Mommsen,PR Stirling,0,0,"",""
ball,1,32.2,Scotland,RML Taylor,PL Mommsen,PR Stirling,1,0,"",""
ball,1,32.3,Scotland,PL Mommsen,RML Taylor,PR Stirling,1,0,"",""
ball,1,32.4,Scotland,RML Taylor,PL Mommsen,PR Stirling,0,0,"",""
ball,1,32.5,Scotland,RML Taylor,PL Mommsen,PR Stirling,0,0,caught,RML Taylor
ball,1,32.6,Scotland,RD Berrington,PL Mommsen,PR Stirling,0,0,"",""
ball,1,33.1,Scotland,PL Mommsen,RD Berrington,GH Dockrell,0,0,"",""
ball,1,33.2,Scotland,PL Mommsen,RD Berrington,GH Dockrell,0,0,"",""
ball,1,33.3,Scotland,PL Mommsen,RD Berrington,GH Dockrell,0,0,"",""
ball,1,33.4,Scotland,PL Mommsen,RD Berrington,GH Dockrell,0,0,"",""
ball,1,33.5,Scotland,PL Mommsen,RD Berrington,GH Dockrell,0,0,"",""
ball,1,33.6,Scotland,PL Mommsen,RD Berrington,GH Dockrell,0,0,"",""
ball,1,34.1,Scotland,RD Berrington,PL Mommsen,PR Stirling,0,0,"",""
ball,1,34.2,Scotland,RD Berrington,PL Mommsen,PR Stirling,4,0,"",""
ball,1,34.3,Scotland,RD Berrington,PL Mommsen,PR Stirling,0,0,"",""
ball,1,34.4,Scotland,RD Berrington,PL Mommsen,PR Stirling,1,0,"",""
ball,1,34.5,Scotland,PL Mommsen,RD Berrington,PR Stirling,0,0,"",""
ball,1,34.6,Scotland,PL Mommsen,RD Berrington,PR Stirling,1,0,"",""
ball,1,35.1,Scotland,PL Mommsen,RD Berrington,GH Dockrell,1,0,"",""
ball,1,35.2,Scotland,RD Berrington,PL Mommsen,GH Dockrell,1,0,"",""
ball,1,35.3,Scotland,PL Mommsen,RD Berrington,GH Dockrell,0,0,"",""
ball,1,35.4,Scotland,PL Mommsen,RD Berrington,GH Dockrell,0,0,"",""
ball,1,35.5,Scotland,PL Mommsen,RD Berrington,GH Dockrell,1,0,"",""
ball,1,35.6,Scotland,RD Berrington,PL Mommsen,GH Dockrell,0,0,"",""
ball,1,36.1,Scotland,PL Mommsen,RD Berrington,MC Sorensen,0,0,"",""
ball,1,36.2,Scotland,PL Mommsen,RD Berrington,MC Sorensen,0,0,"",""
ball,1,36.3,Scotland,PL Mommsen,RD Berrington,MC Sorensen,0,0,"",""
ball,1,36.4,Scotland,PL Mommsen,RD Berrington,MC Sorensen,0,0,"",""
ball,1,36.5,Scotland,PL Mommsen,RD Berrington,MC Sorensen,0,0,"",""
ball,1,36.6,Scotland,PL Mommsen,RD Berrington,MC Sorensen,1,0,"",""
ball,1,37.1,Scotland,PL Mommsen,RD Berrington,GH Dockrell,4,0,"",""
ball,1,37.2,Scotland,PL Mommsen,RD Berrington,GH Dockrell,0,0,"",""
ball,1,37.3,Scotland,PL Mommsen,RD Berrington,GH Dockrell,0,0,"",""
ball,1,37.4,Scotland,PL Mommsen,RD Berrington,GH Dockrell,0,1,"",""
ball,1,37.5,Scotland,PL Mommsen,RD Berrington,GH Dockrell,0,0,"",""
ball,1,37.6,Scotland,PL Mommsen,RD Berrington,GH Dockrell,0,0,"",""
ball,1,37.7,Scotland,PL Mommsen,RD Berrington,GH Dockrell,0,0,"",""
ball,1,38.1,Scotland,RD Berrington,PL Mommsen,MC Sorensen,1,0,"",""
ball,1,38.2,Scotland,PL Mommsen,RD Berrington,MC Sorensen,4,0,"",""
ball,1,38.3,Scotland,PL Mommsen,RD Berrington,MC Sorensen,0,0,"",""
ball,1,38.4,Scotland,PL Mommsen,RD Berrington,MC Sorensen,4,0,"",""
ball,1,38.5,Scotland,PL Mommsen,RD Berrington,MC Sorensen,0,0,"",""
ball,1,38.6,Scotland,PL Mommsen,RD Berrington,MC Sorensen,1,0,"",""
ball,1,39.1,Scotland,PL Mommsen,RD Berrington,GH Dockrell,1,0,"",""
ball,1,39.2,Scotland,RD Berrington,PL Mommsen,GH Dockrell,0,0,"",""
ball,1,39.3,Scotland,RD Berrington,PL Mommsen,GH Dockrell,0,0,caught,RD Berrington
ball,1,39.4,Scotland,D Murphy,PL Mommsen,GH Dockrell,0,0,"",""
ball,1,39.5,Scotland,D Murphy,PL Mommsen,GH Dockrell,0,0,"",""
ball,1,39.6,Scotland,D Murphy,PL Mommsen,GH Dockrell,0,0,"",""
ball,1,40.1,Scotland,PL Mommsen,D Murphy,MC Sorensen,1,0,"",""
ball,1,40.2,Scotland,D Murphy,PL Mommsen,MC Sorensen,0,0,"",""
ball,1,40.3,Scotland,D Murphy,PL Mommsen,MC Sorensen,0,0,"",""
ball,1,40.4,Scotland,D Murphy,PL Mommsen,MC Sorensen,1,0,"",""
ball,1,40.5,Scotland,PL Mommsen,D Murphy,MC Sorensen,1,0,"",""
ball,1,40.6,Scotland,D Murphy,PL Mommsen,MC Sorensen,1,0,"",""
ball,1,41.1,Scotland,D Murphy,PL Mommsen,GH Dockrell,0,0,stumped,D Murphy
ball,1,41.2,Scotland,RM Haq,PL Mommsen,GH Dockrell,0,0,"",""
ball,1,41.3,Scotland,RM Haq,PL Mommsen,GH Dockrell,0,0,lbw,RM Haq
ball,1,41.4,Scotland,SM Sharif,PL Mommsen,GH Dockrell,0,0,"",""
ball,1,41.5,Scotland,SM Sharif,PL Mommsen,GH Dockrell,0,0,"",""
ball,1,41.6,Scotland,SM Sharif,PL Mommsen,GH Dockrell,0,0,"",""
ball,1,42.1,Scotland,PL Mommsen,SM Sharif,TJ Murtagh,4,0,"",""
ball,1,42.2,Scotland,PL Mommsen,SM Sharif,TJ Murtagh,1,0,"",""
ball,1,42.3,Scotland,SM Sharif,PL Mommsen,TJ Murtagh,0,0,"",""
ball,1,42.4,Scotland,SM Sharif,PL Mommsen,TJ Murtagh,0,0,"",""
ball,1,42.5,Scotland,SM Sharif,PL Mommsen,TJ Murtagh,0,0,"",""
ball,1,42.6,Scotland,SM Sharif,PL Mommsen,TJ Murtagh,4,0,"",""
ball,1,43.1,Scotland,PL Mommsen,SM Sharif,GH Dockrell,1,0,"",""
ball,1,43.2,Scotland,SM Sharif,PL Mommsen,GH Dockrell,0,0,"",""
ball,1,43.3,Scotland,SM Sharif,PL Mommsen,GH Dockrell,1,0,"",""
ball,1,43.4,Scotland,PL Mommsen,SM Sharif,GH Dockrell,0,0,"",""
ball,1,43.5,Scotland,PL Mommsen,SM Sharif,GH Dockrell,1,0,"",""
ball,1,43.6,Scotland,SM Sharif,PL Mommsen,GH Dockrell,1,0,"",""
ball,1,44.1,Scotland,SM Sharif,PL Mommsen,TJ Murtagh,1,0,"",""
ball,1,44.2,Scotland,PL Mommsen,SM Sharif,TJ Murtagh,0,0,"",""
ball,1,44.3,Scotland,PL Mommsen,SM Sharif,TJ Murtagh,0,0,"",""
ball,1,44.4,Scotland,PL Mommsen,SM Sharif,TJ Murtagh,2,0,"",""
ball,1,44.5,Scotland,PL Mommsen,SM Sharif,TJ Murtagh,1,0,"",""
ball,1,44.6,Scotland,SM Sharif,PL Mommsen,TJ Murtagh,4,0,"",""
ball,1,45.1,Scotland,PL Mommsen,SM Sharif,DT Johnston,1,0,"",""
ball,1,45.2,Scotland,SM Sharif,PL Mommsen,DT Johnston,1,0,"",""
ball,1,45.3,Scotland,PL Mommsen,SM Sharif,DT Johnston,1,0,"",""
ball,1,45.4,Scotland,SM Sharif,PL Mommsen,DT Johnston,1,0,"",""
ball,1,45.5,Scotland,PL Mommsen,SM Sharif,DT Johnston,1,0,"",""
ball,1,45.6,Scotland,SM Sharif,PL Mommsen,DT Johnston,0,1,"",""
ball,1,45.7,Scotland,SM Sharif,PL Mommsen,DT Johnston,1,0,"",""
ball,1,46.1,Scotland,SM Sharif,PL Mommsen,MC Sorensen,0,0,"",""
ball,1,46.2,Scotland,SM Sharif,PL Mommsen,MC Sorensen,1,0,"",""
ball,1,46.3,Scotland,PL Mommsen,SM Sharif,MC Sorensen,1,0,"",""
ball,1,46.4,Scotland,SM Sharif,PL Mommsen,MC Sorensen,0,0,"",""
ball,1,46.5,Scotland,SM Sharif,PL Mommsen,MC Sorensen,1,0,"",""
ball,1,46.6,Scotland,PL Mommsen,SM Sharif,MC Sorensen,0,0,"",""
ball,1,47.1,Scotland,SM Sharif,PL Mommsen,DT Johnston,0,0,"",""
ball,1,47.2,Scotland,SM Sharif,PL Mommsen,DT Johnston,1,0,"",""
ball,1,47.3,Scotland,PL Mommsen,SM Sharif,DT Johnston,0,0,"",""
ball,1,47.4,Scotland,PL Mommsen,SM Sharif,DT Johnston,1,0,"",""
ball,1,47.5,Scotland,SM Sharif,PL Mommsen,DT Johnston,4,0,"",""
ball,1,47.6,Scotland,SM Sharif,PL Mommsen,DT Johnston,4,0,"",""
ball,1,48.1,Scotland,PL Mommsen,SM Sharif,TJ Murtagh,1,0,"",""
ball,1,48.2,Scotland,SM Sharif,PL Mommsen,TJ Murtagh,1,0,"",""
ball,1,48.3,Scotland,PL Mommsen,SM Sharif,TJ Murtagh,1,0,"",""
ball,1,48.4,Scotland,SM Sharif,PL Mommsen,TJ Murtagh,0,0,run out,SM Sharif
ball,1,48.5,Scotland,PL Mommsen,I Wardlaw,TJ Murtagh,1,0,"",""
ball,1,48.6,Scotland,I Wardlaw,PL Mommsen,TJ Murtagh,0,0,"",""
ball,1,49.1,Scotland,PL Mommsen,I Wardlaw,DT Johnston,4,0,"",""
ball,1,49.2,Scotland,PL Mommsen,I Wardlaw,DT Johnston,1,0,"",""
ball,1,49.3,Scotland,I Wardlaw,PL Mommsen,DT Johnston,4,0,"",""
ball,1,49.4,Scotland,I Wardlaw,PL Mommsen,DT Johnston,2,0,"",""
ball,1,49.5,Scotland,I Wardlaw,PL Mommsen,DT Johnston,1,0,"",""
ball,1,49.6,Scotland,PL Mommsen,I Wardlaw,DT Johnston,1,0,"",""
ball,2,0.1,Ireland,WTS Porterfield,PR Stirling,I Wardlaw,0,0,"",""
ball,2,0.2,Ireland,WTS Porterfield,PR Stirling,I Wardlaw,0,0,"",""
ball,2,0.3,Ireland,WTS Porterfield,PR Stirling,I Wardlaw,1,0,"",""
ball,2,0.4,Ireland,PR Stirling,WTS Porterfield,I Wardlaw,1,0,"",""
ball,2,0.5,Ireland,WTS Porterfield,PR Stirling,I Wardlaw,0,0,"",""
ball,2,0.6,Ireland,WTS Porterfield,PR Stirling,I Wardlaw,0,0,"",""
ball,2,1.1,Ireland,PR Stirling,WTS Porterfield,SM Sharif,0,0,"",""
ball,2,1.2,Ireland,PR Stirling,WTS Porterfield,SM Sharif,0,0,"",""
ball,2,1.3,Ireland,PR Stirling,WTS Porterfield,SM Sharif,4,0,"",""
ball,2,1.4,Ireland,PR Stirling,WTS Porterfield,SM Sharif,2,0,"",""
ball,2,1.5,Ireland,PR Stirling,WTS Porterfield,SM Sharif,0,1,"",""
ball,2,1.6,Ireland,PR Stirling,WTS Porterfield,SM Sharif,0,0,"",""
ball,2,1.7,Ireland,PR Stirling,WTS Porterfield,SM Sharif,0,0,"",""
ball,2,2.1,Ireland,WTS Porterfield,PR Stirling,I Wardlaw,0,0,"",""
ball,2,2.2,Ireland,WTS Porterfield,PR Stirling,I Wardlaw,0,0,"",""
ball,2,2.3,Ireland,WTS Porterfield,PR Stirling,I Wardlaw,0,0,"",""
ball,2,2.4,Ireland,WTS Porterfield,PR Stirling,I Wardlaw,4,0,"",""
ball,2,2.5,Ireland,WTS Porterfield,PR Stirling,I Wardlaw,2,0,"",""
ball,2,2.6,Ireland,WTS Porterfield,PR Stirling,I Wardlaw,0,0,"",""
ball,2,3.1,Ireland,PR Stirling,WTS Porterfield,SM Sharif,0,0,"",""
ball,2,3.2,Ireland,PR Stirling,WTS Porterfield,SM Sharif,1,0,"",""
ball,2,3.3,Ireland,WTS Porterfield,PR Stirling,SM Sharif,4,0,"",""
ball,2,3.4,Ireland,WTS Porterfield,PR Stirling,SM Sharif,1,0,"",""
ball,2,3.5,Ireland,PR Stirling,WTS Porterfield,SM Sharif,0,0,"",""
ball,2,3.6,Ireland,PR Stirling,WTS Porterfield,SM Sharif,0,0,"",""
ball,2,4.1,Ireland,WTS Porterfield,PR Stirling,I Wardlaw,4,0,"",""
ball,2,4.2,Ireland,WTS Porterfield,PR Stirling,I Wardlaw,0,0,"",""
ball,2,4.3,Ireland,WTS Porterfield,PR Stirling,I Wardlaw,0,0,"",""
ball,2,4.4,Ireland,WTS Porterfield,PR Stirling,I Wardlaw,0,0,"",""
ball,2,4.5,Ireland,WTS Porterfield,PR Stirling,I Wardlaw,0,0,"",""
ball,2,4.6,Ireland,WTS Porterfield,PR Stirling,I Wardlaw,0,0,"",""
ball,2,5.1,Ireland,PR Stirling,WTS Porterfield,SM Sharif,4,0,"",""
ball,2,5.2,Ireland,PR Stirling,WTS Porterfield,SM Sharif,0,0,"",""
ball,2,5.3,Ireland,PR Stirling,WTS Porterfield,SM Sharif,1,0,"",""
ball,2,5.4,Ireland,WTS Porterfield,PR Stirling,SM Sharif,0,0,"",""
ball,2,5.5,Ireland,WTS Porterfield,PR Stirling,SM Sharif,4,0,"",""
ball,2,5.6,Ireland,WTS Porterfield,PR Stirling,SM Sharif,4,0,"",""
ball,2,6.1,Ireland,PR Stirling,WTS Porterfield,I Wardlaw,0,0,"",""
ball,2,6.2,Ireland,PR Stirling,WTS Porterfield,I Wardlaw,1,0,"",""
ball,2,6.3,Ireland,WTS Porterfield,PR Stirling,I Wardlaw,1,0,"",""
ball,2,6.4,Ireland,PR Stirling,WTS Porterfield,I Wardlaw,0,1,"",""
ball,2,6.5,Ireland,PR Stirling,WTS Porterfield,I Wardlaw,0,0,"",""
ball,2,6.6,Ireland,PR Stirling,WTS Porterfield,I Wardlaw,0,0,"",""
ball,2,6.7,Ireland,PR Stirling,WTS Porterfield,I Wardlaw,0,0,"",""
ball,2,7.1,Ireland,WTS Porterfield,PR Stirling,SM Sharif,4,0,"",""
ball,2,7.2,Ireland,WTS Porterfield,PR Stirling,SM Sharif,0,0,"",""
ball,2,7.3,Ireland,WTS Porterfield,PR Stirling,SM Sharif,0,0,"",""
ball,2,7.4,Ireland,WTS Porterfield,PR Stirling,SM Sharif,1,0,"",""
ball,2,7.5,Ireland,PR Stirling,WTS Porterfield,SM Sharif,0,0,"",""
ball,2,7.6,Ireland,PR Stirling,WTS Porterfield,SM Sharif,0,0,"",""
ball,2,8.1,Ireland,WTS Porterfield,PR Stirling,I Wardlaw,3,0,"",""
ball,2,8.2,Ireland,PR Stirling,WTS Porterfield,I Wardlaw,1,0,"",""
ball,2,8.3,Ireland,WTS Porterfield,PR Stirling,I Wardlaw,0,0,"",""
ball,2,8.4,Ireland,WTS Porterfield,PR Stirling,I Wardlaw,0,0,"",""
ball,2,8.5,Ireland,WTS Porterfield,PR Stirling,I Wardlaw,4,0,"",""
ball,2,8.6,Ireland,WTS Porterfield,PR Stirling,I Wardlaw,0,0,"",""
ball,2,9.1,Ireland,PR Stirling,WTS Porterfield,RML Taylor,0,0,"",""
ball,2,9.2,Ireland,PR Stirling,WTS Porterfield,RML Taylor,0,0,"",""
ball,2,9.3,Ireland,PR Stirling,WTS Porterfield,RML Taylor,1,0,"",""
ball,2,9.4,Ireland,WTS Porterfield,PR Stirling,RML Taylor,0,0,"",""
ball,2,9.5,Ireland,WTS Porterfield,PR Stirling,RML Taylor,0,0,"",""
ball,2,9.6,Ireland,WTS Porterfield,PR Stirling,RML Taylor,0,0,"",""
ball,2,10.1,Ireland,PR Stirling,WTS Porterfield,RM Haq,1,0,"",""
ball,2,10.2,Ireland,WTS Porterfield,PR Stirling,RM Haq,0,0,"",""
ball,2,10.3,Ireland,WTS Porterfield,PR Stirling,RM Haq,1,0,"",""
ball,2,10.4,Ireland,PR Stirling,WTS Porterfield,RM Haq,1,0,"",""
ball,2,10.5,Ireland,WTS Porterfield,PR Stirling,RM Haq,4,0,"",""
ball,2,10.6,Ireland,WTS Porterfield,PR Stirling,RM Haq,0,0,"",""
ball,2,11.1,Ireland,PR Stirling,WTS Porterfield,RML Taylor,1,0,"",""
ball,2,11.2,Ireland,WTS Porterfield,PR Stirling,RML Taylor,1,0,"",""
ball,2,11.3,Ireland,PR Stirling,WTS Porterfield,RML Taylor,0,0,"",""
ball,2,11.4,Ireland,PR Stirling,WTS Porterfield,RML Taylor,1,0,"",""
ball,2,11.5,Ireland,WTS Porterfield,PR Stirling,RML Taylor,0,2,"",""
ball,2,11.6,Ireland,PR Stirling,WTS Porterfield,RML Taylor,0,0,"",""
ball,2,11.7,Ireland,PR Stirling,WTS Porterfield,RML Taylor,0,0,"",""
ball,2,12.1,Ireland,WTS Porterfield,PR Stirling,RM Haq,0,0,"",""
ball,2,12.2,Ireland,WTS Porterfield,PR Stirling,RM Haq,1,0,"",""
ball,2,12.3,Ireland,PR Stirling,WTS Porterfield,RM Haq,1,0,"",""
ball,2,12.4,Ireland,WTS Porterfield,PR Stirling,RM Haq,0,0,"",""
ball,2,12.5,Ireland,WTS Porterfield,PR Stirling,RM Haq,0,0,"",""
ball,2,12.6,Ireland,WTS Porterfield,PR Stirling,RM Haq,1,0,"",""
ball,2,13.1,Ireland,WTS Porterfield,PR Stirling,RML Taylor,1,0,"",""
ball,2,13.2,Ireland,PR Stirling,WTS Porterfield,RML Taylor,1,0,"",""
ball,2,13.3,Ireland,WTS Porterfield,PR Stirling,RML Taylor,1,0,"",""
ball,2,13.4,Ireland,PR Stirling,WTS Porterfield,RML Taylor,0,0,"",""
ball,2,13.5,Ireland,PR Stirling,WTS Porterfield,RML Taylor,1,0,"",""
ball,2,13.6,Ireland,WTS Porterfield,PR Stirling,RML Taylor,4,0,"",""
ball,2,14.1,Ireland,PR Stirling,WTS Porterfield,RM Haq,0,0,"",""
ball,2,14.2,Ireland,PR Stirling,WTS Porterfield,RM Haq,0,0,"",""
ball,2,14.3,Ireland,PR Stirling,WTS Porterfield,RM Haq,0,0,"",""
ball,2,14.4,Ireland,PR Stirling,WTS Porterfield,RM Haq,0,0,"",""
ball,2,14.5,Ireland,PR Stirling,WTS Porterfield,RM Haq,2,0,"",""
ball,2,14.6,Ireland,PR Stirling,WTS Porterfield,RM Haq,0,0,"",""
ball,2,15.1,Ireland,WTS Porterfield,PR Stirling,RML Taylor,1,0,"",""
ball,2,15.2,Ireland,PR Stirling,WTS Porterfield,RML Taylor,0,0,"",""
ball,2,15.3,Ireland,PR Stirling,WTS Porterfield,RML Taylor,0,1,"",""
ball,2,15.4,Ireland,PR Stirling,WTS Porterfield,RML Taylor,4,0,"",""
ball,2,15.5,Ireland,PR Stirling,WTS Porterfield,RML Taylor,1,0,"",""
ball,2,15.6,Ireland,WTS Porterfield,PR Stirling,RML Taylor,0,0,"",""
ball,2,15.7,Ireland,WTS Porterfield,PR Stirling,RML Taylor,1,0,"",""
ball,2,16.1,Ireland,WTS Porterfield,PR Stirling,RM Haq,0,0,"",""
ball,2,16.2,Ireland,WTS Porterfield,PR Stirling,RM Haq,4,0,"",""
ball,2,16.3,Ireland,WTS Porterfield,PR Stirling,RM Haq,0,0,"",""
ball,2,16.4,Ireland,WTS Porterfield,PR Stirling,RM Haq,2,0,"",""
ball,2,16.5,Ireland,WTS Porterfield,PR Stirling,RM Haq,1,0,"",""
ball,2,16.6,Ireland,PR Stirling,WTS Porterfield,RM Haq,0,0,caught,PR Stirling
ball,2,17.1,Ireland,WTS Porterfield,EC Joyce,I Wardlaw,0,0,"",""
ball,2,17.2,Ireland,WTS Porterfield,EC Joyce,I Wardlaw,0,0,"",""
ball,2,17.3,Ireland,WTS Porterfield,EC Joyce,I Wardlaw,0,1,"",""
ball,2,17.4,Ireland,WTS Porterfield,EC Joyce,I Wardlaw,1,0,"",""
ball,2,17.5,Ireland,EC Joyce,WTS Porterfield,I Wardlaw,0,0,"",""
ball,2,17.6,Ireland,EC Joyce,WTS Porterfield,I Wardlaw,0,0,"",""
ball,2,17.7,Ireland,EC Joyce,WTS Porterfield,I Wardlaw,0,0,"",""
ball,2,18.1,Ireland,WTS Porterfield,EC Joyce,RM Haq,0,0,"",""
ball,2,18.2,Ireland,WTS Porterfield,EC Joyce,RM Haq,0,0,"",""
ball,2,18.3,Ireland,WTS Porterfield,EC Joyce,RM Haq,0,0,"",""
ball,2,18.4,Ireland,WTS Porterfield,EC Joyce,RM Haq,1,0,"",""
ball,2,18.5,Ireland,EC Joyce,WTS Porterfield,RM Haq,0,0,"",""
ball,2,18.6,Ireland,EC Joyce,WTS Porterfield,RM Haq,0,0,"",""
ball,2,19.1,Ireland,WTS Porterfield,EC Joyce,I Wardlaw,0,0,caught,WTS Porterfield
ball,2,19.2,Ireland,NJ O'Brien,EC Joyce,I Wardlaw,1,0,"",""
ball,2,19.3,Ireland,EC Joyce,NJ O'Brien,I Wardlaw,1,0,"",""
ball,2,19.4,Ireland,NJ O'Brien,EC Joyce,I Wardlaw,0,0,"",""
ball,2,19.5,Ireland,NJ O'Brien,EC Joyce,I Wardlaw,0,0,"",""
ball,2,19.6,Ireland,NJ O'Brien,EC Joyce,I Wardlaw,0,0,"",""
ball,2,20.1,Ireland,EC Joyce,NJ O'Brien,RM Haq,0,0,"",""
ball,2,20.2,Ireland,EC Joyce,NJ O'Brien,RM Haq,0,0,"",""
ball,2,20.3,Ireland,EC Joyce,NJ O'Brien,RM Haq,0,0,"",""
ball,2,20.4,Ireland,EC Joyce,NJ O'Brien,RM Haq,0,0,"",""
ball,2,20.5,Ireland,EC Joyce,NJ O'Brien,RM Haq,1,0,"",""
ball,2,20.6,Ireland,NJ O'Brien,EC Joyce,RM Haq,0,0,"",""
ball,2,21.1,Ireland,EC Joyce,NJ O'Brien,SM Sharif,0,0,"",""
ball,2,21.2,Ireland,EC Joyce,NJ O'Brien,SM Sharif,0,0,"",""
ball,2,21.3,Ireland,EC Joyce,NJ O'Brien,SM Sharif,1,0,"",""
ball,2,21.4,Ireland,NJ O'Brien,EC Joyce,SM Sharif,0,0,"",""
ball,2,21.5,Ireland,NJ O'Brien,EC Joyce,SM Sharif,0,0,"",""
ball,2,21.6,Ireland,NJ O'Brien,EC Joyce,SM Sharif,0,0,"",""
ball,2,22.1,Ireland,EC Joyce,NJ O'Brien,RM Haq,0,0,"",""
ball,2,22.2,Ireland,EC Joyce,NJ O'Brien,RM Haq,0,0,"",""
ball,2,22.3,Ireland,EC Joyce,NJ O'Brien,RM Haq,1,0,"",""
ball,2,22.4,Ireland,NJ O'Brien,EC Joyce,RM Haq,0,0,"",""
ball,2,22.5,Ireland,NJ O'Brien,EC Joyce,RM Haq,0,0,"",""
ball,2,22.6,Ireland,NJ O'Brien,EC Joyce,RM Haq,0,0,"",""
ball,2,23.1,Ireland,EC Joyce,NJ O'Brien,SM Sharif,1,0,"",""
ball,2,23.2,Ireland,NJ O'Brien,EC Joyce,SM Sharif,2,0,"",""
ball,2,23.3,Ireland,NJ O'Brien,EC Joyce,SM Sharif,1,0,"",""
ball,2,23.4,Ireland,EC Joyce,NJ O'Brien,SM Sharif,4,0,"",""
ball,2,23.5,Ireland,EC Joyce,NJ O'Brien,SM Sharif,0,0,"",""
ball,2,23.6,Ireland,EC Joyce,NJ O'Brien,SM Sharif,1,0,"",""
ball,2,24.1,Ireland,EC Joyce,NJ O'Brien,RM Haq,0,0,"",""
ball,2,24.2,Ireland,EC Joyce,NJ O'Brien,RM Haq,1,0,"",""
ball,2,24.3,Ireland,NJ O'Brien,EC Joyce,RM Haq,0,0,"",""
ball,2,24.4,Ireland,NJ O'Brien,EC Joyce,RM Haq,0,0,"",""
ball,2,24.5,Ireland,NJ O'Brien,EC Joyce,RM Haq,1,0,"",""
ball,2,24.6,Ireland,EC Joyce,NJ O'Brien,RM Haq,0,0,stumped,EC Joyce
ball,2,25.1,Ireland,NJ O'Brien,GC Wilson,SM Sharif,0,0,"",""
ball,2,25.2,Ireland,NJ O'Brien,GC Wilson,SM Sharif,0,0,"",""
ball,2,25.3,Ireland,NJ O'Brien,GC Wilson,SM Sharif,1,0,"",""
ball,2,25.4,Ireland,GC Wilson,NJ O'Brien,SM Sharif,0,1,"",""
ball,2,25.5,Ireland,NJ O'Brien,GC Wilson,SM Sharif,2,0,"",""
ball,2,25.6,Ireland,NJ O'Brien,GC Wilson,SM Sharif,0,0,"",""
ball,2,26.1,Ireland,GC Wilson,NJ O'Brien,RM Haq,0,0,"",""
ball,2,26.2,Ireland,GC Wilson,NJ O'Brien,RM Haq,0,0,"",""
ball,2,26.3,Ireland,GC Wilson,NJ O'Brien,RM Haq,2,0,"",""
ball,2,26.4,Ireland,GC Wilson,NJ O'Brien,RM Haq,0,0,caught,GC Wilson
ball,2,26.5,Ireland,KJ O'Brien,NJ O'Brien,RM Haq,0,0,"",""
ball,2,26.6,Ireland,KJ O'Brien,NJ O'Brien,RM Haq,0,0,"",""
ball,2,27.1,Ireland,NJ O'Brien,KJ O'Brien,RML Taylor,0,4,"",""
ball,2,27.2,Ireland,NJ O'Brien,KJ O'Brien,RML Taylor,0,0,"",""
ball,2,27.3,Ireland,NJ O'Brien,KJ O'Brien,RML Taylor,0,0,"",""
ball,2,27.4,Ireland,NJ O'Brien,KJ O'Brien,RML Taylor,0,0,"",""
ball,2,27.5,Ireland,NJ O'Brien,KJ O'Brien,RML Taylor,0,0,"",""
ball,2,27.6,Ireland,NJ O'Brien,KJ O'Brien,RML Taylor,1,0,"",""
ball,2,28.1,Ireland,NJ O'Brien,KJ O'Brien,RM Haq,0,0,"",""
ball,2,28.2,Ireland,NJ O'Brien,KJ O'Brien,RM Haq,0,0,"",""
ball,2,28.3,Ireland,NJ O'Brien,KJ O'Brien,RM Haq,0,0,"",""
ball,2,28.4,Ireland,NJ O'Brien,KJ O'Brien,RM Haq,0,0,"",""
ball,2,28.5,Ireland,NJ O'Brien,KJ O'Brien,RM Haq,0,0,"",""
ball,2,28.6,Ireland,NJ O'Brien,KJ O'Brien,RM Haq,0,0,"",""
ball,2,29.1,Ireland,KJ O'Brien,NJ O'Brien,RML Taylor,1,0,"",""
ball,2,29.2,Ireland,NJ O'Brien,KJ O'Brien,RML Taylor,1,0,"",""
ball,2,29.3,Ireland,KJ O'Brien,NJ O'Brien,RML Taylor,2,0,"",""
ball,2,29.4,Ireland,KJ O'Brien,NJ O'Brien,RML Taylor,0,0,caught,KJ O'Brien
ball,2,29.5,Ireland,DT Johnston,NJ O'Brien,RML Taylor,1,0,"",""
ball,2,29.6,Ireland,NJ O'Brien,DT Johnston,RML Taylor,0,0,"",""
ball,2,30.1,Ireland,DT Johnston,NJ O'Brien,CS MacLeod,0,0,"",""
ball,2,30.2,Ireland,DT Johnston,NJ O'Brien,CS MacLeod,1,0,"",""
ball,2,30.3,Ireland,NJ O'Brien,DT Johnston,CS MacLeod,0,0,caught,NJ O'Brien
ball,2,30.4,Ireland,EJ Richardson,DT Johnston,CS MacLeod,0,0,"",""
ball,2,30.5,Ireland,EJ Richardson,DT Johnston,CS MacLeod,0,0,"",""
ball,2,30.6,Ireland,EJ Richardson,DT Johnston,CS MacLeod,1,0,"",""
ball,2,31.1,Ireland,EJ Richardson,DT Johnston,RML Taylor,0,0,"",""
ball,2,31.2,Ireland,EJ Richardson,DT Johnston,RML Taylor,0,0,"",""
ball,2,31.3,Ireland,EJ Richardson,DT Johnston,RML Taylor,0,0,"",""
ball,2,31.4,Ireland,EJ Richardson,DT Johnston,RML Taylor,4,0,"",""
ball,2,31.5,Ireland,EJ Richardson,DT Johnston,RML Taylor,4,0,"",""
ball,2,31.6,Ireland,EJ Richardson,DT Johnston,RML Taylor,0,0,"",""
ball,2,32.1,Ireland,DT Johnston,EJ Richardson,CS MacLeod,0,0,"",""
ball,2,32.2,Ireland,DT Johnston,EJ Richardson,CS MacLeod,1,0,"",""
ball,2,32.3,Ireland,EJ Richardson,DT Johnston,CS MacLeod,0,0,"",""
ball,2,32.4,Ireland,EJ Richardson,DT Johnston,CS MacLeod,0,0,"",""
ball,2,32.5,Ireland,EJ Richardson,DT Johnston,CS MacLeod,2,0,"",""
ball,2,32.6,Ireland,EJ Richardson,DT Johnston,CS MacLeod,0,0,"",""
ball,2,33.1,Ireland,DT Johnston,EJ Richardson,I Wardlaw,0,0,"",""
ball,2,33.2,Ireland,DT Johnston,EJ Richardson,I Wardlaw,0,0,"",""
ball,2,33.3,Ireland,DT Johnston,EJ Richardson,I Wardlaw,0,0,"",""
ball,2,33.4,Ireland,DT Johnston,EJ Richardson,I Wardlaw,1,0,"",""
ball,2,33.5,Ireland,EJ Richardson,DT Johnston,I Wardlaw,0,0,"",""
ball,2,33.6,Ireland,EJ Richardson,DT Johnston,I Wardlaw,0,0,"",""
ball,2,34.1,Ireland,DT Johnston,EJ Richardson,CS MacLeod,0,0,"",""
ball,2,34.2,Ireland,DT Johnston,EJ Richardson,CS MacLeod,0,0,"",""
ball,2,34.3,Ireland,DT Johnston,EJ Richardson,CS MacLeod,0,0,"",""
ball,2,34.4,Ireland,DT Johnston,EJ Richardson,CS MacLeod,0,0,"",""
ball,2,34.5,Ireland,DT Johnston,EJ Richardson,CS MacLeod,0,0,"",""
ball,2,34.6,Ireland,DT Johnston,EJ Richardson,CS MacLeod,0,0,"",""
ball,2,35.1,Ireland,EJ Richardson,DT Johnston,SM Sharif,1,0,"",""
ball,2,35.2,Ireland,DT Johnston,EJ Richardson,SM Sharif,0,0,"",""
ball,2,35.3,Ireland,DT Johnston,EJ Richardson,SM Sharif,1,0,"",""
ball,2,35.4,Ireland,EJ Richardson,DT Johnston,SM Sharif,0,0,"",""
ball,2,35.5,Ireland,EJ Richardson,DT Johnston,SM Sharif,0,0,caught,EJ Richardson
ball,2,35.6,Ireland,MC Sorensen,DT Johnston,SM Sharif,0,0,"",""
ball,2,36.1,Ireland,DT Johnston,MC Sorensen,CS MacLeod,0,0,"",""
ball,2,36.2,Ireland,DT Johnston,MC Sorensen,CS MacLeod,0,0,"",""
ball,2,36.3,Ireland,DT Johnston,MC Sorensen,CS MacLeod,0,0,"",""
ball,2,36.4,Ireland,DT Johnston,MC Sorensen,CS MacLeod,0,0,"",""
ball,2,36.5,Ireland,DT Johnston,MC Sorensen,CS MacLeod,1,0,"",""
ball,2,36.6,Ireland,MC Sorensen,DT Johnston,CS MacLeod,0,0,"",""
ball,2,37.1,Ireland,DT Johnston,MC Sorensen,SM Sharif,1,0,"",""
ball,2,37.2,Ireland,MC Sorensen,DT Johnston,SM Sharif,0,0,"",""
ball,2,37.3,Ireland,MC Sorensen,DT Johnston,SM Sharif,0,0,"",""
ball,2,37.4,Ireland,MC Sorensen,DT Johnston,SM Sharif,0,0,"",""
ball,2,37.5,Ireland,MC Sorensen,DT Johnston,SM Sharif,0,0,"",""
ball,2,37.6,Ireland,MC Sorensen,DT Johnston,SM Sharif,0,0,"",""
ball,2,38.1,Ireland,DT Johnston,MC Sorensen,CS MacLeod,1,0,"",""
ball,2,38.2,Ireland,MC Sorensen,DT Johnston,CS MacLeod,4,0,"",""
ball,2,38.3,Ireland,MC Sorensen,DT Johnston,CS MacLeod,0,0,"",""
ball,2,38.4,Ireland,MC Sorensen,DT Johnston,CS MacLeod,2,0,"",""
ball,2,38.5,Ireland,MC Sorensen,DT Johnston,CS MacLeod,0,1,"",""
ball,2,38.6,Ireland,MC Sorensen,DT Johnston,CS MacLeod,0,0,"",""
ball,2,38.7,Ireland,MC Sorensen,DT Johnston,CS MacLeod,1,0,"",""
ball,2,39.1,Ireland,MC Sorensen,DT Johnston,I Wardlaw,1,0,"",""
ball,2,39.2,Ireland,DT Johnston,MC Sorensen,I Wardlaw,4,0,"",""
ball,2,39.3,Ireland,DT Johnston,MC Sorensen,I Wardlaw,4,0,"",""
ball,2,39.4,Ireland,DT Johnston,MC Sorensen,I Wardlaw,1,0,"",""
ball,2,39.5,Ireland,MC Sorensen,DT Johnston,I Wardlaw,4,0,"",""
ball,2,39.6,Ireland,MC Sorensen,DT Johnston,I Wardlaw,0,0,"",""
ball,2,40.1,Ireland,DT Johnston,MC Sorensen,CS MacLeod,0,0,"",""
ball,2,40.2,Ireland,DT Johnston,MC Sorensen,CS MacLeod,1,0,"",""
ball,2,40.3,Ireland,MC Sorensen,DT Johnston,CS MacLeod,0,0,"",""
ball,2,40.4,Ireland,MC Sorensen,DT Johnston,CS MacLeod,0,0,"",""
ball,2,40.5,Ireland,MC Sorensen,DT Johnston,CS MacLeod,1,0,"",""
ball,2,40.6,Ireland,DT Johnston,MC Sorensen,CS MacLeod,1,0,"",""
ball,2,41.1,Ireland,DT Johnston,MC Sorensen,I Wardlaw,1,0,"",""
ball,2,41.2,Ireland,MC Sorensen,DT Johnston,I Wardlaw,1,0,"",""
ball,2,41.3,Ireland,DT Johnston,MC Sorensen,I Wardlaw,0,0,"",""
ball,2,41.4,Ireland,DT Johnston,MC Sorensen,I Wardlaw,4,0,"",""
ball,2,41.5,Ireland,DT Johnston,MC Sorensen,I Wardlaw,0,0,caught,DT Johnston
ball,2,41.6,Ireland,TJ Murtagh,MC Sorensen,I Wardlaw,0,0,"",""
ball,2,42.1,Ireland,MC Sorensen,TJ Murtagh,MW Machan,0,0,"",""
ball,2,42.2,Ireland,MC Sorensen,TJ Murtagh,MW Machan,0,0,"",""
ball,2,42.3,Ireland,MC Sorensen,TJ Murtagh,MW Machan,0,0,"",""
ball,2,42.4,Ireland,MC Sorensen,TJ Murtagh,MW Machan,0,0,"",""
ball,2,42.5,Ireland,MC Sorensen,TJ Murtagh,MW Machan,1,0,"",""
ball,2,42.6,Ireland,TJ Murtagh,MC Sorensen,MW Machan,1,0,"",""
ball,2,43.1,Ireland,MC Sorensen,TJ Murtagh,RML Taylor,0,0,"",""
ball,2,43.2,Ireland,MC Sorensen,TJ Murtagh,RML Taylor,0,0,"",""
ball,2,43.3,Ireland,MC Sorensen,TJ Murtagh,RML Taylor,0,0,"",""
ball,2,43.4,Ireland,MC Sorensen,TJ Murtagh,RML Taylor,1,0,"",""
ball,2,43.5,Ireland,TJ Murtagh,MC Sorensen,RML Taylor,1,0,"",""
ball,2,43.6,Ireland,MC Sorensen,TJ Murtagh,RML Taylor,1,0,"",""
ball,2,44.1,Ireland,MC Sorensen,TJ Murtagh,MW Machan,1,0,"",""
ball,2,44.2,Ireland,TJ Murtagh,MC Sorensen,MW Machan,0,0,"",""
ball,2,44.3,Ireland,TJ Murtagh,MC Sorensen,MW Machan,0,0,"",""
ball,2,44.4,Ireland,TJ Murtagh,MC Sorensen,MW Machan,0,0,"",""
ball,2,44.5,Ireland,TJ Murtagh,MC Sorensen,MW Machan,1,0,"",""
ball,2,44.6,Ireland,MC Sorensen,TJ Murtagh,MW Machan,1,0,"",""
ball,2,45.1,Ireland,MC Sorensen,TJ Murtagh,SM Sharif,0,0,"",""
ball,2,45.2,Ireland,MC Sorensen,TJ Murtagh,SM Sharif,0,0,"",""
ball,2,45.3,Ireland,MC Sorensen,TJ Murtagh,SM Sharif,1,0,"",""
ball,2,45.4,Ireland,TJ Murtagh,MC Sorensen,SM Sharif,0,0,"",""
ball,2,45.5,Ireland,TJ Murtagh,MC Sorensen,SM Sharif,1,0,"",""
ball,2,45.6,Ireland,MC Sorensen,TJ Murtagh,SM Sharif,0,0,"",""
ball,2,46.1,Ireland,TJ Murtagh,MC Sorensen,MW Machan,1,0,"",""
ball,2,46.2,Ireland,MC Sorensen,TJ Murtagh,MW Machan,2,0,"",""
ball,2,46.3,Ireland,MC Sorensen,TJ Murtagh,MW Machan,1,0,"",""
ball,2,46.4,Ireland,TJ Murtagh,MC Sorensen,MW Machan,1,0,"",""
ball,2,46.5,Ireland,MC Sorensen,TJ Murtagh,MW Machan,1,0,"",""
ball,2,46.6,Ireland,TJ Murtagh,MC Sorensen,MW Machan,0,0,"",""
ball,2,47.1,Ireland,MC Sorensen,TJ Murtagh,RML Taylor,1,0,"",""
ball,2,47.2,Ireland,TJ Murtagh,MC Sorensen,RML Taylor,4,0,"",""
ball,2,47.3,Ireland,TJ Murtagh,MC Sorensen,RML Taylor,1,0,"",""
ball,2,47.4,Ireland,MC Sorensen,TJ Murtagh,RML Taylor,4,0,"",""
ball,2,47.5,Ireland,MC Sorensen,TJ Murtagh,RML Taylor,0,0,"",""
ball,2,47.6,Ireland,MC Sorensen,TJ Murtagh,RML Taylor,1,0,"",""
ball,2,48.1,Ireland,MC Sorensen,TJ Murtagh,MW Machan,1,0,"",""
ball,2,48.2,Ireland,TJ Murtagh,MC Sorensen,MW Machan,1,0,"",""
ball,2,48.3,Ireland,MC Sorensen,TJ Murtagh,MW Machan,0,0,stumped,MC Sorensen
ball,2,48.4,Ireland,GH Dockrell,TJ Murtagh,MW Machan,1,0,"",""
ball,2,48.5,Ireland,TJ Murtagh,GH Dockrell,MW Machan,0,1,"",""
ball,2,48.6,Ireland,GH Dockrell,TJ Murtagh,MW Machan,1,0,"",""
ball,2,49.1,Ireland,GH Dockrell,TJ Murtagh,RML Taylor,1,0,"",""
ball,2,49.2,Ireland,TJ Murtagh,GH Dockrell,RML Taylor,1,0,"",""
ball,2,49.3,Ireland,GH Dockrell,TJ Murtagh,RML Taylor,1,0,"",""
ball,2,49.4,Ireland,TJ Murtagh,GH Dockrell,RML Taylor,6,0,"",""
ball,2,49.5,Ireland,TJ Murtagh,GH Dockrell,RML Taylor,4,0,"",""
