version,1.3.0
info,team,Canada
info,team,Netherlands
info,gender,male
info,season,2013/14
info,date,2014/01/28
info,competition,ICC Cricket World Cup Qualifier
info,venue,Bay Oval
info,city,Mount Maunganui
info,neutralvenue,true
info,toss_winner,Canada
info,toss_decision,bat
info,player_of_match,MJG Rippon
info,umpire,RSA Palliyaguruge
info,umpire,RT Robinson
info,reserve_umpire,JM Dempsey
info,match_referee,D Govindjee
info,winner,Netherlands
info,winner_wickets,8
ball,1,0.1,Canada,R Gunasekera,NR Kumar,MR Swart,1,0,"",""
ball,1,0.2,Canada,NR Kumar,R Gunasekera,MR Swart,0,0,"",""
ball,1,0.3,Canada,NR Kumar,R Gunasekera,MR Swart,0,0,"",""
ball,1,0.4,Canada,NR Kumar,R Gunasekera,MR Swart,2,0,"",""
ball,1,0.5,Canada,NR Kumar,R Gunasekera,MR Swart,0,0,"",""
ball,1,0.6,Canada,NR Kumar,R Gunasekera,MR Swart,0,0,"",""
ball,1,1.1,Canada,R Gunasekera,NR Kumar,Mudassar Bukhari,4,0,"",""
ball,1,1.2,Canada,R Gunasekera,NR Kumar,Mudassar Bukhari,0,0,"",""
ball,1,1.3,Canada,R Gunasekera,NR Kumar,Mudassar Bukhari,0,0,"",""
ball,1,1.4,Canada,R Gunasekera,NR Kumar,Mudassar Bukhari,0,0,"",""
ball,1,1.5,Canada,R Gunasekera,NR Kumar,Mudassar Bukhari,0,0,"",""
ball,1,1.6,Canada,R Gunasekera,NR Kumar,Mudassar Bukhari,0,1,"",""
ball,1,1.7,Canada,R Gunasekera,NR Kumar,Mudassar Bukhari,0,0,"",""
ball,1,2.1,Canada,NR Kumar,R Gunasekera,MR Swart,0,0,"",""
ball,1,2.2,Canada,NR Kumar,R Gunasekera,MR Swart,0,0,"",""
ball,1,2.3,Canada,NR Kumar,R Gunasekera,MR Swart,0,0,"",""
ball,1,2.4,Canada,NR Kumar,R Gunasekera,MR Swart,0,0,"",""
ball,1,2.5,Canada,NR Kumar,R Gunasekera,MR Swart,1,0,"",""
ball,1,2.6,Canada,R Gunasekera,NR Kumar,MR Swart,4,0,"",""
ball,1,3.1,Canada,NR Kumar,R Gunasekera,Mudassar Bukhari,1,0,"",""
ball,1,3.2,Canada,R Gunasekera,NR Kumar,Mudassar Bukhari,0,0,"",""
ball,1,3.3,Canada,R Gunasekera,NR Kumar,Mudassar Bukhari,0,0,"",""
ball,1,3.4,Canada,R Gunasekera,NR Kumar,Mudassar Bukhari,2,0,"",""
ball,1,3.5,Canada,R Gunasekera,NR Kumar,Mudassar Bukhari,0,0,"",""
ball,1,3.6,Canada,R Gunasekera,NR Kumar,Mudassar Bukhari,0,0,"",""
ball,1,4.1,Canada,NR Kumar,R Gunasekera,MR Swart,0,0,"",""
ball,1,4.2,Canada,NR Kumar,R Gunasekera,MR Swart,1,0,"",""
ball,1,4.3,Canada,R Gunasekera,NR Kumar,MR Swart,1,0,"",""
ball,1,4.4,Canada,NR Kumar,R Gunasekera,MR Swart,0,0,"",""
ball,1,4.5,Canada,NR Kumar,R Gunasekera,MR Swart,1,0,"",""
ball,1,4.6,Canada,R Gunasekera,NR Kumar,MR Swart,0,0,"",""
ball,1,5.1,Canada,NR Kumar,R Gunasekera,Mudassar Bukhari,4,0,"",""
ball,1,5.2,Canada,NR Kumar,R Gunasekera,Mudassar Bukhari,0,1,"",""
ball,1,5.3,Canada,NR Kumar,R Gunasekera,Mudassar Bukhari,0,0,"",""
ball,1,5.4,Canada,NR Kumar,R Gunasekera,Mudassar Bukhari,0,0,"",""
ball,1,5.5,Canada,NR Kumar,R Gunasekera,Mudassar Bukhari,0,0,"",""
ball,1,5.6,Canada,NR Kumar,R Gunasekera,Mudassar Bukhari,1,0,"",""
ball,1,5.7,Canada,R Gunasekera,NR Kumar,Mudassar Bukhari,0,0,"",""
ball,1,6.1,Canada,NR Kumar,R Gunasekera,MR Swart,1,0,"",""
ball,1,6.2,Canada,R Gunasekera,NR Kumar,MR Swart,0,0,"",""
ball,1,6.3,Canada,R Gunasekera,NR Kumar,MR Swart,0,0,"",""
ball,1,6.4,Canada,R Gunasekera,NR Kumar,MR Swart,0,0,"",""
ball,1,6.5,Canada,R Gunasekera,NR Kumar,MR Swart,0,0,"",""
ball,1,6.6,Canada,R Gunasekera,NR Kumar,MR Swart,4,0,"",""
ball,1,7.1,Canada,NR Kumar,R Gunasekera,Mudassar Bukhari,1,0,"",""
ball,1,7.2,Canada,R Gunasekera,NR Kumar,Mudassar Bukhari,3,0,"",""
ball,1,7.3,Canada,NR Kumar,R Gunasekera,Mudassar Bukhari,1,0,"",""
ball,1,7.4,Canada,R Gunasekera,NR Kumar,Mudassar Bukhari,0,0,"",""
ball,1,7.5,Canada,R Gunasekera,NR Kumar,Mudassar Bukhari,4,0,"",""
ball,1,7.6,Canada,R Gunasekera,NR Kumar,Mudassar Bukhari,0,0,"",""
ball,1,8.1,Canada,NR Kumar,R Gunasekera,MR Swart,0,0,"",""
ball,1,8.2,Canada,NR Kumar,R Gunasekera,MR Swart,0,0,"",""
ball,1,8.3,Canada,NR Kumar,R Gunasekera,MR Swart,0,0,"",""
ball,1,8.4,Canada,NR Kumar,R Gunasekera,MR Swart,1,0,"",""
ball,1,8.5,Canada,R Gunasekera,NR Kumar,MR Swart,0,0,"",""
ball,1,8.6,Canada,R Gunasekera,NR Kumar,MR Swart,1,0,"",""
ball,1,9.1,Canada,R Gunasekera,NR Kumar,VJ Kingma,0,0,"",""
ball,1,9.2,Canada,R Gunasekera,NR Kumar,VJ Kingma,0,0,"",""
ball,1,9.3,Canada,R Gunasekera,NR Kumar,VJ Kingma,0,0,"",""
ball,1,9.4,Canada,R Gunasekera,NR Kumar,VJ Kingma,0,0,"",""
ball,1,9.5,Canada,R Gunasekera,NR Kumar,VJ Kingma,4,0,"",""
ball,1,9.6,Canada,R Gunasekera,NR Kumar,VJ Kingma,0,0,"",""
ball,1,10.1,Canada,NR Kumar,R Gunasekera,MR Swart,1,0,"",""
ball,1,10.2,Canada,R Gunasekera,NR Kumar,MR Swart,0,0,"",""
ball,1,10.3,Canada,R Gunasekera,NR Kumar,MR Swart,0,0,"",""
ball,1,10.4,Canada,R Gunasekera,NR Kumar,MR Swart,0,0,"",""
ball,1,10.5,Canada,R Gunasekera,NR Kumar,MR Swart,0,0,"",""
ball,1,10.6,Canada,R Gunasekera,NR Kumar,MR Swart,0,0,"",""
ball,1,11.1,Canada,NR Kumar,R Gunasekera,VJ Kingma,2,0,"",""
ball,1,11.2,Canada,NR Kumar,R Gunasekera,VJ Kingma,2,0,"",""
ball,1,11.3,Canada,NR Kumar,R Gunasekera,VJ Kingma,1,0,"",""
ball,1,11.4,Canada,R Gunasekera,NR Kumar,VJ Kingma,0,0,"",""
ball,1,11.5,Canada,R Gunasekera,NR Kumar,VJ Kingma,0,0,"",""
ball,1,11.6,Canada,R Gunasekera,NR Kumar,VJ Kingma,2,0,"",""
ball,1,12.1,Canada,NR Kumar,R Gunasekera,PM Seelaar,0,0,"",""
ball,1,12.2,Canada,NR Kumar,R Gunasekera,PM Seelaar,0,0,"",""
ball,1,12.3,Canada,NR Kumar,R Gunasekera,PM Seelaar,1,0,"",""
ball,1,12.4,Canada,R Gunasekera,NR Kumar,PM Seelaar,0,0,"",""
ball,1,12.5,Canada,R Gunasekera,NR Kumar,PM Seelaar,1,0,"",""
ball,1,12.6,Canada,NR Kumar,R Gunasekera,PM Seelaar,0,0,caught,NR Kumar
ball,1,13.1,Canada,AS Hansra,R Gunasekera,MJG Rippon,0,0,"",""
ball,1,13.2,Canada,AS Hansra,R Gunasekera,MJG Rippon,0,0,"",""
ball,1,13.3,Canada,AS Hansra,R Gunasekera,MJG Rippon,0,0,"",""
ball,1,13.4,Canada,AS Hansra,R Gunasekera,MJG Rippon,0,0,"",""
ball,1,13.5,Canada,AS Hansra,R Gunasekera,MJG Rippon,0,0,lbw,AS Hansra
ball,1,13.6,Canada,Raza-ur-Rehman,R Gunasekera,MJG Rippon,0,0,"",""
ball,1,14.1,Canada,R Gunasekera,Raza-ur-Rehman,PM Seelaar,0,0,"",""
ball,1,14.2,Canada,R Gunasekera,Raza-ur-Rehman,PM Seelaar,1,0,"",""
ball,1,14.3,Canada,Raza-ur-Rehman,R Gunasekera,PM Seelaar,0,0,"",""
ball,1,14.4,Canada,Raza-ur-Rehman,R Gunasekera,PM Seelaar,0,0,"",""
ball,1,14.5,Canada,Raza-ur-Rehman,R Gunasekera,PM Seelaar,0,0,"",""
ball,1,14.6,Canada,Raza-ur-Rehman,R Gunasekera,PM Seelaar,4,0,"",""
ball,1,15.1,Canada,R Gunasekera,Raza-ur-Rehman,MJG Rippon,1,0,"",""
ball,1,15.2,Canada,Raza-ur-Rehman,R Gunasekera,MJG Rippon,0,0,"",""
ball,1,15.3,Canada,Raza-ur-Rehman,R Gunasekera,MJG Rippon,0,0,"",""
ball,1,15.4,Canada,Raza-ur-Rehman,R Gunasekera,MJG Rippon,2,0,"",""
ball,1,15.5,Canada,Raza-ur-Rehman,R Gunasekera,MJG Rippon,2,0,"",""
ball,1,15.6,Canada,Raza-ur-Rehman,R Gunasekera,MJG Rippon,2,0,"",""
ball,1,16.1,Canada,R Gunasekera,Raza-ur-Rehman,PM Seelaar,1,0,"",""
ball,1,16.2,Canada,Raza-ur-Rehman,R Gunasekera,PM Seelaar,4,0,"",""
ball,1,16.3,Canada,Raza-ur-Rehman,R Gunasekera,PM Seelaar,0,0,"",""
ball,1,16.4,Canada,Raza-ur-Rehman,R Gunasekera,PM Seelaar,0,0,"",""
ball,1,16.5,Canada,Raza-ur-Rehman,R Gunasekera,PM Seelaar,0,0,"",""
ball,1,16.6,Canada,Raza-ur-Rehman,R Gunasekera,PM Seelaar,0,0,"",""
ball,1,17.1,Canada,R Gunasekera,Raza-ur-Rehman,MJG Rippon,0,0,"",""
ball,1,17.2,Canada,R Gunasekera,Raza-ur-Rehman,MJG Rippon,0,0,"",""
ball,1,17.3,Canada,R Gunasekera,Raza-ur-Rehman,MJG Rippon,6,0,"",""
ball,1,17.4,Canada,R Gunasekera,Raza-ur-Rehman,MJG Rippon,1,0,"",""
ball,1,17.5,Canada,Raza-ur-Rehman,R Gunasekera,MJG Rippon,0,0,"",""
ball,1,17.6,Canada,Raza-ur-Rehman,R Gunasekera,MJG Rippon,1,0,"",""
ball,1,18.1,Canada,Raza-ur-Rehman,R Gunasekera,PM Seelaar,0,0,"",""
ball,1,18.2,Canada,Raza-ur-Rehman,R Gunasekera,PM Seelaar,0,0,"",""
ball,1,18.3,Canada,Raza-ur-Rehman,R Gunasekera,PM Seelaar,4,0,"",""
ball,1,18.4,Canada,Raza-ur-Rehman,R Gunasekera,PM Seelaar,0,0,"",""
ball,1,18.5,Canada,Raza-ur-Rehman,R Gunasekera,PM Seelaar,0,0,"",""
ball,1,18.6,Canada,Raza-ur-Rehman,R Gunasekera,PM Seelaar,0,0,"",""
ball,1,19.1,Canada,R Gunasekera,Raza-ur-Rehman,MJG Rippon,0,0,"",""
ball,1,19.2,Canada,R Gunasekera,Raza-ur-Rehman,MJG Rippon,0,0,"",""
ball,1,19.3,Canada,R Gunasekera,Raza-ur-Rehman,MJG Rippon,1,0,"",""
ball,1,19.4,Canada,Raza-ur-Rehman,R Gunasekera,MJG Rippon,0,0,"",""
ball,1,19.5,Canada,Raza-ur-Rehman,R Gunasekera,MJG Rippon,1,0,"",""
ball,1,19.6,Canada,R Gunasekera,Raza-ur-Rehman,MJG Rippon,0,0,"",""
ball,1,20.1,Canada,Raza-ur-Rehman,R Gunasekera,PM Seelaar,2,0,"",""
ball,1,20.2,Canada,Raza-ur-Rehman,R Gunasekera,PM Seelaar,3,0,"",""
ball,1,20.3,Canada,R Gunasekera,Raza-ur-Rehman,PM Seelaar,1,0,"",""
ball,1,20.4,Canada,Raza-ur-Rehman,R Gunasekera,PM Seelaar,0,0,"",""
ball,1,20.5,Canada,Raza-ur-Rehman,R Gunasekera,PM Seelaar,0,0,"",""
ball,1,20.6,Canada,Raza-ur-Rehman,R Gunasekera,PM Seelaar,0,0,"",""
ball,1,21.1,Canada,R Gunasekera,Raza-ur-Rehman,MR Swart,0,0,"",""
ball,1,21.2,Canada,R Gunasekera,Raza-ur-Rehman,MR Swart,0,0,"",""
ball,1,21.3,Canada,R Gunasekera,Raza-ur-Rehman,MR Swart,0,0,"",""
ball,1,21.4,Canada,R Gunasekera,Raza-ur-Rehman,MR Swart,1,0,"",""
ball,1,21.5,Canada,Raza-ur-Rehman,R Gunasekera,MR Swart,0,0,"",""
ball,1,21.6,Canada,Raza-ur-Rehman,R Gunasekera,MR Swart,1,0,"",""
ball,1,22.1,Canada,Raza-ur-Rehman,R Gunasekera,PM Seelaar,1,0,"",""
ball,1,22.2,Canada,R Gunasekera,Raza-ur-Rehman,PM Seelaar,0,0,"",""
ball,1,22.3,Canada,R Gunasekera,Raza-ur-Rehman,PM Seelaar,1,0,"",""
ball,1,22.4,Canada,Raza-ur-Rehman,R Gunasekera,PM Seelaar,1,0,"",""
ball,1,22.5,Canada,R Gunasekera,Raza-ur-Rehman,PM Seelaar,1,0,"",""
ball,1,22.6,Canada,Raza-ur-Rehman,R Gunasekera,PM Seelaar,4,0,"",""
ball,1,23.1,Canada,R Gunasekera,Raza-ur-Rehman,MJG Rippon,2,0,"",""
ball,1,23.2,Canada,R Gunasekera,Raza-ur-Rehman,MJG Rippon,2,0,"",""
ball,1,23.3,Canada,R Gunasekera,Raza-ur-Rehman,MJG Rippon,1,0,"",""
ball,1,23.4,Canada,Raza-ur-Rehman,R Gunasekera,MJG Rippon,0,0,"",""
ball,1,23.5,Canada,Raza-ur-Rehman,R Gunasekera,MJG Rippon,0,0,"",""
ball,1,23.6,Canada,Raza-ur-Rehman,R Gunasekera,MJG Rippon,0,0,"",""
ball,1,24.1,Canada,R Gunasekera,Raza-ur-Rehman,Ahsan Malik,0,0,"",""
ball,1,24.2,Canada,R Gunasekera,Raza-ur-Rehman,Ahsan Malik,0,0,"",""
ball,1,24.3,Canada,R Gunasekera,Raza-ur-Rehman,Ahsan Malik,3,0,"",""
ball,1,24.4,Canada,Raza-ur-Rehman,R Gunasekera,Ahsan Malik,0,0,"",""
ball,1,24.5,Canada,Raza-ur-Rehman,R Gunasekera,Ahsan Malik,1,0,"",""
ball,1,24.6,Canada,R Gunasekera,Raza-ur-Rehman,Ahsan Malik,0,0,"",""
ball,1,25.1,Canada,Raza-ur-Rehman,R Gunasekera,MJG Rippon,0,0,"",""
ball,1,25.2,Canada,Raza-ur-Rehman,R Gunasekera,MJG Rippon,1,0,"",""
ball,1,25.3,Canada,R Gunasekera,Raza-ur-Rehman,MJG Rippon,0,0,"",""
ball,1,25.4,Canada,R Gunasekera,Raza-ur-Rehman,MJG Rippon,0,0,"",""
ball,1,25.5,Canada,R Gunasekera,Raza-ur-Rehman,MJG Rippon,0,0,caught,R Gunasekera
ball,1,25.6,Canada,TC Bastiampillai,Raza-ur-Rehman,MJG Rippon,0,0,"",""
ball,1,26.1,Canada,Raza-ur-Rehman,TC Bastiampillai,Ahsan Malik,0,0,"",""
ball,1,26.2,Canada,Raza-ur-Rehman,TC Bastiampillai,Ahsan Malik,0,0,"",""
ball,1,26.3,Canada,Raza-ur-Rehman,TC Bastiampillai,Ahsan Malik,0,0,"",""
ball,1,26.4,Canada,Raza-ur-Rehman,TC Bastiampillai,Ahsan Malik,4,0,"",""
ball,1,26.5,Canada,Raza-ur-Rehman,TC Bastiampillai,Ahsan Malik,4,0,"",""
ball,1,26.6,Canada,Raza-ur-Rehman,TC Bastiampillai,Ahsan Malik,0,0,"",""
ball,1,27.1,Canada,TC Bastiampillai,Raza-ur-Rehman,MJG Rippon,0,0,"",""
ball,1,27.2,Canada,TC Bastiampillai,Raza-ur-Rehman,MJG Rippon,0,0,"",""
ball,1,27.3,Canada,TC Bastiampillai,Raza-ur-Rehman,MJG Rippon,1,0,"",""
ball,1,27.4,Canada,Raza-ur-Rehman,TC Bastiampillai,MJG Rippon,4,0,"",""
ball,1,27.5,Canada,Raza-ur-Rehman,TC Bastiampillai,MJG Rippon,0,0,"",""
ball,1,27.6,Canada,Raza-ur-Rehman,TC Bastiampillai,MJG Rippon,0,0,"",""
ball,1,28.1,Canada,TC Bastiampillai,Raza-ur-Rehman,PW Borren,0,0,"",""
ball,1,28.2,Canada,TC Bastiampillai,Raza-ur-Rehman,PW Borren,0,0,"",""
ball,1,28.3,Canada,TC Bastiampillai,Raza-ur-Rehman,PW Borren,0,0,"",""
ball,1,28.4,Canada,TC Bastiampillai,Raza-ur-Rehman,PW Borren,0,0,"",""
ball,1,28.5,Canada,TC Bastiampillai,Raza-ur-Rehman,PW Borren,0,0,"",""
ball,1,28.6,Canada,TC Bastiampillai,Raza-ur-Rehman,PW Borren,0,0,"",""
ball,1,29.1,Canada,Raza-ur-Rehman,TC Bastiampillai,MJG Rippon,0,0,"",""
ball,1,29.2,Canada,Raza-ur-Rehman,TC Bastiampillai,MJG Rippon,0,0,"",""
ball,1,29.3,Canada,Raza-ur-Rehman,TC Bastiampillai,MJG Rippon,0,0,"",""
ball,1,29.4,Canada,Raza-ur-Rehman,TC Bastiampillai,MJG Rippon,1,0,"",""
ball,1,29.5,Canada,TC Bastiampillai,Raza-ur-Rehman,MJG Rippon,0,0,caught,TC Bastiampillai
ball,1,29.6,Canada,Hamza Tariq,Raza-ur-Rehman,MJG Rippon,0,0,"",""
ball,1,30.1,Canada,Raza-ur-Rehman,Hamza Tariq,PW Borren,2,0,"",""
ball,1,30.2,Canada,Raza-ur-Rehman,Hamza Tariq,PW Borren,0,0,"",""
ball,1,30.3,Canada,Raza-ur-Rehman,Hamza Tariq,PW Borren,0,0,"",""
ball,1,30.4,Canada,Raza-ur-Rehman,Hamza Tariq,PW Borren,0,1,"",""
ball,1,30.5,Canada,Raza-ur-Rehman,Hamza Tariq,PW Borren,0,0,"",""
ball,1,30.6,Canada,Raza-ur-Rehman,Hamza Tariq,PW Borren,0,0,"",""
ball,1,30.7,Canada,Raza-ur-Rehman,Hamza Tariq,PW Borren,1,0,"",""
ball,1,31.1,Canada,Raza-ur-Rehman,Hamza Tariq,MJG Rippon,1,0,"",""
ball,1,31.2,Canada,Hamza Tariq,Raza-ur-Rehman,MJG Rippon,0,0,"",""
ball,1,31.3,Canada,Hamza Tariq,Raza-ur-Rehman,MJG Rippon,0,0,"",""
ball,1,31.4,Canada,Hamza Tariq,Raza-ur-Rehman,MJG Rippon,0,0,"",""
ball,1,31.5,Canada,Hamza Tariq,Raza-ur-Rehman,MJG Rippon,0,0,lbw,Hamza Tariq
ball,1,31.6,Canada,Usman Limbada,Raza-ur-Rehman,MJG Rippon,0,0,"",""
ball,1,32.1,Canada,Raza-ur-Rehman,Usman Limbada,PW Borren,0,0,"",""
ball,1,32.2,Canada,Raza-ur-Rehman,Usman Limbada,PW Borren,0,0,"",""
ball,1,32.3,Canada,Raza-ur-Rehman,Usman Limbada,PW Borren,2,0,"",""
ball,1,32.4,Canada,Raza-ur-Rehman,Usman Limbada,PW Borren,0,0,"",""
ball,1,32.5,Canada,Raza-ur-Rehman,Usman Limbada,PW Borren,0,0,"",""
ball,1,32.6,Canada,Raza-ur-Rehman,Usman Limbada,PW Borren,1,0,"",""
ball,1,33.1,Canada,Raza-ur-Rehman,Usman Limbada,MJG Rippon,4,0,"",""
ball,1,33.2,Canada,Raza-ur-Rehman,Usman Limbada,MJG Rippon,0,0,"",""
ball,1,33.3,Canada,Raza-ur-Rehman,Usman Limbada,MJG Rippon,1,0,"",""
ball,1,33.4,Canada,Usman Limbada,Raza-ur-Rehman,MJG Rippon,0,0,"",""
ball,1,33.5,Canada,Usman Limbada,Raza-ur-Rehman,MJG Rippon,0,0,"",""
ball,1,33.6,Canada,Usman Limbada,Raza-ur-Rehman,MJG Rippon,2,0,"",""
ball,1,34.1,Canada,Raza-ur-Rehman,Usman Limbada,PW Borren,1,0,"",""
ball,1,34.2,Canada,Usman Limbada,Raza-ur-Rehman,PW Borren,0,0,"",""
ball,1,34.3,Canada,Usman Limbada,Raza-ur-Rehman,PW Borren,0,0,"",""
ball,1,34.4,Canada,Usman Limbada,Raza-ur-Rehman,PW Borren,0,0,"",""
ball,1,34.5,Canada,Usman Limbada,Raza-ur-Rehman,PW Borren,1,0,"",""
ball,1,34.6,Canada,Raza-ur-Rehman,Usman Limbada,PW Borren,0,1,"",""
ball,1,34.7,Canada,Raza-ur-Rehman,Usman Limbada,PW Borren,0,0,"",""
ball,1,35.1,Canada,Usman Limbada,Raza-ur-Rehman,PM Seelaar,1,0,"",""
ball,1,35.2,Canada,Raza-ur-Rehman,Usman Limbada,PM Seelaar,0,0,"",""
ball,1,35.3,Canada,Raza-ur-Rehman,Usman Limbada,PM Seelaar,0,0,"",""
ball,1,35.4,Canada,Raza-ur-Rehman,Usman Limbada,PM Seelaar,1,0,"",""
ball,1,35.5,Canada,Usman Limbada,Raza-ur-Rehman,PM Seelaar,0,0,"",""
ball,1,35.6,Canada,Usman Limbada,Raza-ur-Rehman,PM Seelaar,0,0,"",""
ball,1,36.1,Canada,Raza-ur-Rehman,Usman Limbada,PW Borren,0,0,"",""
ball,1,36.2,Canada,Raza-ur-Rehman,Usman Limbada,PW Borren,1,0,"",""
ball,1,36.3,Canada,Usman Limbada,Raza-ur-Rehman,PW Borren,3,0,"",""
ball,1,36.4,Canada,Raza-ur-Rehman,Usman Limbada,PW Borren,0,0,"",""
ball,1,36.5,Canada,Raza-ur-Rehman,Usman Limbada,PW Borren,0,0,"",""
ball,1,36.6,Canada,Raza-ur-Rehman,Usman Limbada,PW Borren,1,0,"",""
ball,1,37.1,Canada,Raza-ur-Rehman,Usman Limbada,PM Seelaar,0,0,"",""
ball,1,37.2,Canada,Raza-ur-Rehman,Usman Limbada,PM Seelaar,4,0,"",""
ball,1,37.3,Canada,Raza-ur-Rehman,Usman Limbada,PM Seelaar,0,0,"",""
ball,1,37.4,Canada,Raza-ur-Rehman,Usman Limbada,PM Seelaar,0,0,"",""
ball,1,37.5,Canada,Raza-ur-Rehman,Usman Limbada,PM Seelaar,0,0,"",""
ball,1,37.6,Canada,Raza-ur-Rehman,Usman Limbada,PM Seelaar,0,0,"",""
ball,1,38.1,Canada,Usman Limbada,Raza-ur-Rehman,PW Borren,0,0,"",""
ball,1,38.2,Canada,Usman Limbada,Raza-ur-Rehman,PW Borren,0,0,"",""
ball,1,38.3,Canada,Usman Limbada,Raza-ur-Rehman,PW Borren,0,0,"",""
ball,1,38.4,Canada,Usman Limbada,Raza-ur-Rehman,PW Borren,1,0,"",""
ball,1,38.5,Canada,Raza-ur-Rehman,Usman Limbada,PW Borren,1,0,"",""
ball,1,38.6,Canada,Usman Limbada,Raza-ur-Rehman,PW Borren,0,0,"",""
ball,1,39.1,Canada,Raza-ur-Rehman,Usman Limbada,MR Swart,4,0,"",""
ball,1,39.2,Canada,Raza-ur-Rehman,Usman Limbada,MR Swart,1,0,"",""
ball,1,39.3,Canada,Usman Limbada,Raza-ur-Rehman,MR Swart,0,0,"",""
ball,1,39.4,Canada,Usman Limbada,Raza-ur-Rehman,MR Swart,0,0,"",""
ball,1,39.5,Canada,Usman Limbada,Raza-ur-Rehman,MR Swart,0,0,"",""
ball,1,39.6,Canada,Usman Limbada,Raza-ur-Rehman,MR Swart,1,0,"",""
ball,1,40.1,Canada,Usman Limbada,Raza-ur-Rehman,PW Borren,1,0,"",""
ball,1,40.2,Canada,Raza-ur-Rehman,Usman Limbada,PW Borren,1,0,"",""
ball,1,40.3,Canada,Usman Limbada,Raza-ur-Rehman,PW Borren,4,0,"",""
ball,1,40.4,Canada,Usman Limbada,Raza-ur-Rehman,PW Borren,0,0,"",""
ball,1,40.5,Canada,Usman Limbada,Raza-ur-Rehman,PW Borren,0,0,"",""
ball,1,40.6,Canada,Usman Limbada,Raza-ur-Rehman,PW Borren,1,0,"",""
ball,1,41.1,Canada,Usman Limbada,Raza-ur-Rehman,MR Swart,0,0,"",""
ball,1,41.2,Canada,Usman Limbada,Raza-ur-Rehman,MR Swart,1,0,"",""
ball,1,41.3,Canada,Raza-ur-Rehman,Usman Limbada,MR Swart,2,0,"",""
ball,1,41.4,Canada,Raza-ur-Rehman,Usman Limbada,MR Swart,1,0,"",""
ball,1,41.5,Canada,Usman Limbada,Raza-ur-Rehman,MR Swart,0,0,"",""
ball,1,41.6,Canada,Usman Limbada,Raza-ur-Rehman,MR Swart,0,0,"",""
ball,1,42.1,Canada,Raza-ur-Rehman,Usman Limbada,PM Seelaar,1,0,"",""
ball,1,42.2,Canada,Usman Limbada,Raza-ur-Rehman,PM Seelaar,1,0,"",""
ball,1,42.3,Canada,Raza-ur-Rehman,Usman Limbada,PM Seelaar,0,0,"",""
ball,1,42.4,Canada,Raza-ur-Rehman,Usman Limbada,PM Seelaar,1,0,"",""
ball,1,42.5,Canada,Usman Limbada,Raza-ur-Rehman,PM Seelaar,0,0,"",""
ball,1,42.6,Canada,Usman Limbada,Raza-ur-Rehman,PM Seelaar,0,0,"",""
ball,1,43.1,Canada,Raza-ur-Rehman,Usman Limbada,MR Swart,0,0,"",""
ball,1,43.2,Canada,Raza-ur-Rehman,Usman Limbada,MR Swart,2,0,"",""
ball,1,43.3,Canada,Raza-ur-Rehman,Usman Limbada,MR Swart,0,0,"",""
ball,1,43.4,Canada,Raza-ur-Rehman,Usman Limbada,MR Swart,4,0,"",""
ball,1,43.5,Canada,Raza-ur-Rehman,Usman Limbada,MR Swart,1,0,"",""
ball,1,43.6,Canada,Usman Limbada,Raza-ur-Rehman,MR Swart,1,0,"",""
ball,1,44.1,Canada,Usman Limbada,Raza-ur-Rehman,PM Seelaar,1,0,"",""
ball,1,44.2,Canada,Raza-ur-Rehman,Usman Limbada,PM Seelaar,0,0,"",""
ball,1,44.3,Canada,Raza-ur-Rehman,Usman Limbada,PM Seelaar,1,0,"",""
ball,1,44.4,Canada,Usman Limbada,Raza-ur-Rehman,PM Seelaar,0,0,"",""
ball,1,44.5,Canada,Usman Limbada,Raza-ur-Rehman,PM Seelaar,0,0,caught,Usman Limbada
ball,1,44.6,Canada,Khurram Chohan,Raza-ur-Rehman,PM Seelaar,0,0,"",""
ball,1,45.1,Canada,Raza-ur-Rehman,Khurram Chohan,Ahsan Malik,1,0,"",""
ball,1,45.2,Canada,Khurram Chohan,Raza-ur-Rehman,Ahsan Malik,0,0,"",""
ball,1,45.3,Canada,Khurram Chohan,Raza-ur-Rehman,Ahsan Malik,1,0,"",""
ball,1,45.4,Canada,Raza-ur-Rehman,Khurram Chohan,Ahsan Malik,0,0,bowled,Raza-ur-Rehman
ball,1,45.5,Canada,HS Baidwan,Khurram Chohan,Ahsan Malik,1,0,"",""
ball,1,45.6,Canada,Khurram Chohan,HS Baidwan,Ahsan Malik,1,0,"",""
ball,1,46.1,Canada,Khurram Chohan,HS Baidwan,PW Borren,1,0,"",""
ball,1,46.2,Canada,HS Baidwan,Khurram Chohan,PW Borren,1,0,"",""
ball,1,46.3,Canada,Khurram Chohan,HS Baidwan,PW Borren,1,0,"",""
ball,1,46.4,Canada,HS Baidwan,Khurram Chohan,PW Borren,0,0,run out,HS Baidwan
ball,1,46.5,Canada,JOA Gordon,Khurram Chohan,PW Borren,1,0,"",""
ball,1,46.6,Canada,Khurram Chohan,JOA Gordon,PW Borren,1,0,"",""
ball,1,47.1,Canada,Khurram Chohan,JOA Gordon,Ahsan Malik,0,0,"",""
ball,1,47.2,Canada,Khurram Chohan,JOA Gordon,Ahsan Malik,0,0,"",""
ball,1,47.3,Canada,Khurram Chohan,JOA Gordon,Ahsan Malik,1,0,"",""
ball,1,47.4,Canada,JOA Gordon,Khurram Chohan,Ahsan Malik,0,0,"",""
ball,1,47.5,Canada,JOA Gordon,Khurram Chohan,Ahsan Malik,1,0,"",""
ball,1,47.6,Canada,Khurram Chohan,JOA Gordon,Ahsan Malik,1,0,"",""
ball,1,48.1,Canada,Khurram Chohan,JOA Gordon,PW Borren,0,1,"",""
ball,1,48.2,Canada,Khurram Chohan,JOA Gordon,PW Borren,1,0,"",""
ball,1,48.3,Canada,JOA Gordon,Khurram Chohan,PW Borren,1,0,"",""
ball,1,48.4,Canada,Khurram Chohan,JOA Gordon,PW Borren,2,0,"",""
ball,1,48.5,Canada,Khurram Chohan,JOA Gordon,PW Borren,1,0,"",""
ball,1,48.6,Canada,JOA Gordon,Khurram Chohan,PW Borren,1,0,"",""
ball,1,48.7,Canada,Khurram Chohan,JOA Gordon,PW Borren,1,0,"",""
ball,1,49.1,Canada,Khurram Chohan,JOA Gordon,Ahsan Malik,1,0,"",""
ball,1,49.2,Canada,JOA Gordon,Khurram Chohan,Ahsan Malik,0,1,"",""
ball,1,49.3,Canada,Khurram Chohan,JOA Gordon,Ahsan Malik,0,0,"",""
ball,1,49.4,Canada,Khurram Chohan,JOA Gordon,Ahsan Malik,1,0,"",""
ball,1,49.5,Canada,JOA Gordon,Khurram Chohan,Ahsan Malik,0,0,run out,JOA Gordon
ball,1,49.6,Canada,Khurram Chohan,PA Desai,Ahsan Malik,0,0,caught,Khurram Chohan
ball,2,0.1,Netherlands,SJ Myburgh,ES Szwarczynski,JOA Gordon,0,0,"",""
ball,2,0.2,Netherlands,SJ Myburgh,ES Szwarczynski,JOA Gordon,3,0,"",""
ball,2,0.3,Netherlands,ES Szwarczynski,SJ Myburgh,JOA Gordon,0,0,"",""
ball,2,0.4,Netherlands,ES Szwarczynski,SJ Myburgh,JOA Gordon,0,0,"",""
ball,2,0.5,Netherlands,ES Szwarczynski,SJ Myburgh,JOA Gordon,0,0,"",""
ball,2,0.6,Netherlands,ES Szwarczynski,SJ Myburgh,JOA Gordon,0,0,"",""
ball,2,1.1,Netherlands,SJ Myburgh,ES Szwarczynski,Raza-ur-Rehman,0,0,"",""
ball,2,1.2,Netherlands,SJ Myburgh,ES Szwarczynski,Raza-ur-Rehman,0,0,"",""
ball,2,1.3,Netherlands,SJ Myburgh,ES Szwarczynski,Raza-ur-Rehman,1,0,"",""
ball,2,1.4,Netherlands,ES Szwarczynski,SJ Myburgh,Raza-ur-Rehman,0,0,"",""
ball,2,1.5,Netherlands,ES Szwarczynski,SJ Myburgh,Raza-ur-Rehman,0,1,"",""
ball,2,1.6,Netherlands,ES Szwarczynski,SJ Myburgh,Raza-ur-Rehman,1,0,"",""
ball,2,1.7,Netherlands,SJ Myburgh,ES Szwarczynski,Raza-ur-Rehman,1,0,"",""
ball,2,2.1,Netherlands,SJ Myburgh,ES Szwarczynski,JOA Gordon,4,0,"",""
ball,2,2.2,Netherlands,SJ Myburgh,ES Szwarczynski,JOA Gordon,1,0,"",""
ball,2,2.3,Netherlands,ES Szwarczynski,SJ Myburgh,JOA Gordon,0,0,"",""
ball,2,2.4,Netherlands,ES Szwarczynski,SJ Myburgh,JOA Gordon,4,0,"",""
ball,2,2.5,Netherlands,ES Szwarczynski,SJ Myburgh,JOA Gordon,0,0,"",""
ball,2,2.6,Netherlands,ES Szwarczynski,SJ Myburgh,JOA Gordon,0,0,"",""
ball,2,3.1,Netherlands,SJ Myburgh,ES Szwarczynski,Raza-ur-Rehman,0,0,"",""
ball,2,3.2,Netherlands,SJ Myburgh,ES Szwarczynski,Raza-ur-Rehman,0,0,"",""
ball,2,3.3,Netherlands,SJ Myburgh,ES Szwarczynski,Raza-ur-Rehman,0,0,"",""
ball,2,3.4,Netherlands,SJ Myburgh,ES Szwarczynski,Raza-ur-Rehman,0,0,"",""
ball,2,3.5,Netherlands,SJ Myburgh,ES Szwarczynski,Raza-ur-Rehman,0,0,"",""
ball,2,3.6,Netherlands,SJ Myburgh,ES Szwarczynski,Raza-ur-Rehman,0,0,"",""
ball,2,4.1,Netherlands,ES Szwarczynski,SJ Myburgh,NR Kumar,4,0,"",""
ball,2,4.2,Netherlands,ES Szwarczynski,SJ Myburgh,NR Kumar,0,4,"",""
ball,2,4.3,Netherlands,ES Szwarczynski,SJ Myburgh,NR Kumar,1,0,"",""
ball,2,4.4,Netherlands,SJ Myburgh,ES Szwarczynski,NR Kumar,1,0,"",""
ball,2,4.5,Netherlands,ES Szwarczynski,SJ Myburgh,NR Kumar,0,0,"",""
ball,2,4.6,Netherlands,ES Szwarczynski,SJ Myburgh,NR Kumar,0,1,"",""
ball,2,4.7,Netherlands,ES Szwarczynski,SJ Myburgh,NR Kumar,1,0,"",""
ball,2,5.1,Netherlands,ES Szwarczynski,SJ Myburgh,Raza-ur-Rehman,0,0,"",""
ball,2,5.2,Netherlands,ES Szwarczynski,SJ Myburgh,Raza-ur-Rehman,0,0,"",""
ball,2,5.3,Netherlands,ES Szwarczynski,SJ Myburgh,Raza-ur-Rehman,0,0,"",""
ball,2,5.4,Netherlands,ES Szwarczynski,SJ Myburgh,Raza-ur-Rehman,2,0,"",""
ball,2,5.5,Netherlands,ES Szwarczynski,SJ Myburgh,Raza-ur-Rehman,1,0,"",""
ball,2,5.6,Netherlands,SJ Myburgh,ES Szwarczynski,Raza-ur-Rehman,0,1,"",""
ball,2,5.7,Netherlands,SJ Myburgh,ES Szwarczynski,Raza-ur-Rehman,1,0,"",""
ball,2,6.1,Netherlands,SJ Myburgh,ES Szwarczynski,NR Kumar,1,0,"",""
ball,2,6.2,Netherlands,ES Szwarczynski,SJ Myburgh,NR Kumar,1,0,"",""
ball,2,6.3,Netherlands,SJ Myburgh,ES Szwarczynski,NR Kumar,0,0,"",""
ball,2,6.4,Netherlands,SJ Myburgh,ES Szwarczynski,NR Kumar,0,0,"",""
ball,2,6.5,Netherlands,SJ Myburgh,ES Szwarczynski,NR Kumar,1,0,"",""
ball,2,6.6,Netherlands,ES Szwarczynski,SJ Myburgh,NR Kumar,0,0,"",""
ball,2,7.1,Netherlands,SJ Myburgh,ES Szwarczynski,PA Desai,0,0,"",""
ball,2,7.2,Netherlands,SJ Myburgh,ES Szwarczynski,PA Desai,1,0,"",""
ball,2,7.3,Netherlands,ES Szwarczynski,SJ Myburgh,PA Desai,0,0,"",""
ball,2,7.4,Netherlands,ES Szwarczynski,SJ Myburgh,PA Desai,0,0,"",""
ball,2,7.5,Netherlands,ES Szwarczynski,SJ Myburgh,PA Desai,0,0,"",""
ball,2,7.6,Netherlands,ES Szwarczynski,SJ Myburgh,PA Desai,1,0,"",""
ball,2,8.1,Netherlands,ES Szwarczynski,SJ Myburgh,Khurram Chohan,0,1,"",""
ball,2,8.2,Netherlands,ES Szwarczynski,SJ Myburgh,Khurram Chohan,0,0,"",""
ball,2,8.3,Netherlands,ES Szwarczynski,SJ Myburgh,Khurram Chohan,1,0,"",""
ball,2,8.4,Netherlands,SJ Myburgh,ES Szwarczynski,Khurram Chohan,0,0,"",""
ball,2,8.5,Netherlands,SJ Myburgh,ES Szwarczynski,Khurram Chohan,0,0,"",""
ball,2,8.6,Netherlands,SJ Myburgh,ES Szwarczynski,Khurram Chohan,1,0,"",""
ball,2,8.7,Netherlands,ES Szwarczynski,SJ Myburgh,Khurram Chohan,0,0,"",""
ball,2,9.1,Netherlands,SJ Myburgh,ES Szwarczynski,PA Desai,0,0,"",""
ball,2,9.2,Netherlands,SJ Myburgh,ES Szwarczynski,PA Desai,0,0,"",""
ball,2,9.3,Netherlands,SJ Myburgh,ES Szwarczynski,PA Desai,0,0,"",""
ball,2,9.4,Netherlands,SJ Myburgh,ES Szwarczynski,PA Desai,0,0,"",""
ball,2,9.5,Netherlands,SJ Myburgh,ES Szwarczynski,PA Desai,0,0,"",""
ball,2,9.6,Netherlands,SJ Myburgh,ES Szwarczynski,PA Desai,4,0,"",""
ball,2,10.1,Netherlands,ES Szwarczynski,SJ Myburgh,Khurram Chohan,0,1,"",""
ball,2,10.2,Netherlands,ES Szwarczynski,SJ Myburgh,Khurram Chohan,0,0,"",""
ball,2,10.3,Netherlands,ES Szwarczynski,SJ Myburgh,Khurram Chohan,0,0,"",""
ball,2,10.4,Netherlands,ES Szwarczynski,SJ Myburgh,Khurram Chohan,0,0,"",""
ball,2,10.5,Netherlands,ES Szwarczynski,SJ Myburgh,Khurram Chohan,0,0,"",""
ball,2,10.6,Netherlands,ES Szwarczynski,SJ Myburgh,Khurram Chohan,1,0,"",""
ball,2,10.7,Netherlands,SJ Myburgh,ES Szwarczynski,Khurram Chohan,6,0,"",""
ball,2,11.1,Netherlands,ES Szwarczynski,SJ Myburgh,PA Desai,0,0,"",""
ball,2,11.2,Netherlands,ES Szwarczynski,SJ Myburgh,PA Desai,4,0,"",""
ball,2,11.3,Netherlands,ES Szwarczynski,SJ Myburgh,PA Desai,0,0,"",""
ball,2,11.4,Netherlands,ES Szwarczynski,SJ Myburgh,PA Desai,1,0,"",""
ball,2,11.5,Netherlands,SJ Myburgh,ES Szwarczynski,PA Desai,0,0,"",""
ball,2,11.6,Netherlands,SJ Myburgh,ES Szwarczynski,PA Desai,1,0,"",""
ball,2,12.1,Netherlands,SJ Myburgh,ES Szwarczynski,Khurram Chohan,0,0,"",""
ball,2,12.2,Netherlands,SJ Myburgh,ES Szwarczynski,Khurram Chohan,1,0,"",""
ball,2,12.3,Netherlands,ES Szwarczynski,SJ Myburgh,Khurram Chohan,0,0,"",""
ball,2,12.4,Netherlands,ES Szwarczynski,SJ Myburgh,Khurram Chohan,1,0,"",""
ball,2,12.5,Netherlands,SJ Myburgh,ES Szwarczynski,Khurram Chohan,4,0,"",""
ball,2,12.6,Netherlands,SJ Myburgh,ES Szwarczynski,Khurram Chohan,0,0,"",""
ball,2,13.1,Netherlands,ES Szwarczynski,SJ Myburgh,PA Desai,0,0,"",""
ball,2,13.2,Netherlands,ES Szwarczynski,SJ Myburgh,PA Desai,0,0,"",""
ball,2,13.3,Netherlands,ES Szwarczynski,SJ Myburgh,PA Desai,0,0,"",""
ball,2,13.4,Netherlands,ES Szwarczynski,SJ Myburgh,PA Desai,0,0,"",""
ball,2,13.5,Netherlands,ES Szwarczynski,SJ Myburgh,PA Desai,1,0,"",""
ball,2,13.6,Netherlands,SJ Myburgh,ES Szwarczynski,PA Desai,0,0,"",""
ball,2,14.1,Netherlands,ES Szwarczynski,SJ Myburgh,NR Kumar,1,0,"",""
ball,2,14.2,Netherlands,SJ Myburgh,ES Szwarczynski,NR Kumar,1,0,"",""
ball,2,14.3,Netherlands,ES Szwarczynski,SJ Myburgh,NR Kumar,4,0,"",""
ball,2,14.4,Netherlands,ES Szwarczynski,SJ Myburgh,NR Kumar,0,0,"",""
ball,2,14.5,Netherlands,ES Szwarczynski,SJ Myburgh,NR Kumar,0,0,"",""
ball,2,14.6,Netherlands,ES Szwarczynski,SJ Myburgh,NR Kumar,0,0,"",""
ball,2,15.1,Netherlands,SJ Myburgh,ES Szwarczynski,PA Desai,0,0,"",""
ball,2,15.2,Netherlands,SJ Myburgh,ES Szwarczynski,PA Desai,0,0,"",""
ball,2,15.3,Netherlands,SJ Myburgh,ES Szwarczynski,PA Desai,0,0,"",""
ball,2,15.4,Netherlands,SJ Myburgh,ES Szwarczynski,PA Desai,0,0,"",""
ball,2,15.5,Netherlands,SJ Myburgh,ES Szwarczynski,PA Desai,0,0,"",""
ball,2,15.6,Netherlands,SJ Myburgh,ES Szwarczynski,PA Desai,1,0,"",""
ball,2,16.1,Netherlands,SJ Myburgh,ES Szwarczynski,NR Kumar,0,0,"",""
ball,2,16.2,Netherlands,SJ Myburgh,ES Szwarczynski,NR Kumar,1,0,"",""
ball,2,16.3,Netherlands,ES Szwarczynski,SJ Myburgh,NR Kumar,0,0,"",""
ball,2,16.4,Netherlands,ES Szwarczynski,SJ Myburgh,NR Kumar,4,0,"",""
ball,2,16.5,Netherlands,ES Szwarczynski,SJ Myburgh,NR Kumar,0,0,"",""
ball,2,16.6,Netherlands,ES Szwarczynski,SJ Myburgh,NR Kumar,1,0,"",""
ball,2,17.1,Netherlands,ES Szwarczynski,SJ Myburgh,PA Desai,1,0,"",""
ball,2,17.2,Netherlands,SJ Myburgh,ES Szwarczynski,PA Desai,1,0,"",""
ball,2,17.3,Netherlands,ES Szwarczynski,SJ Myburgh,PA Desai,0,0,"",""
ball,2,17.4,Netherlands,ES Szwarczynski,SJ Myburgh,PA Desai,0,0,"",""
ball,2,17.5,Netherlands,ES Szwarczynski,SJ Myburgh,PA Desai,0,0,"",""
ball,2,17.6,Netherlands,ES Szwarczynski,SJ Myburgh,PA Desai,0,0,"",""
ball,2,18.1,Netherlands,SJ Myburgh,ES Szwarczynski,Raza-ur-Rehman,0,0,"",""
ball,2,18.2,Netherlands,SJ Myburgh,ES Szwarczynski,Raza-ur-Rehman,0,0,bowled,SJ Myburgh
ball,2,18.3,Netherlands,W Barresi,ES Szwarczynski,Raza-ur-Rehman,1,0,"",""
ball,2,18.4,Netherlands,ES Szwarczynski,W Barresi,Raza-ur-Rehman,0,0,"",""
ball,2,18.5,Netherlands,ES Szwarczynski,W Barresi,Raza-ur-Rehman,2,0,"",""
ball,2,18.6,Netherlands,ES Szwarczynski,W Barresi,Raza-ur-Rehman,0,0,"",""
ball,2,19.1,Netherlands,W Barresi,ES Szwarczynski,HS Baidwan,1,0,"",""
ball,2,19.2,Netherlands,ES Szwarczynski,W Barresi,HS Baidwan,1,0,"",""
ball,2,19.3,Netherlands,W Barresi,ES Szwarczynski,HS Baidwan,0,0,"",""
ball,2,19.4,Netherlands,W Barresi,ES Szwarczynski,HS Baidwan,0,0,"",""
ball,2,19.5,Netherlands,W Barresi,ES Szwarczynski,HS Baidwan,4,0,"",""
ball,2,19.6,Netherlands,W Barresi,ES Szwarczynski,HS Baidwan,0,0,"",""
ball,2,20.1,Netherlands,ES Szwarczynski,W Barresi,Raza-ur-Rehman,0,0,"",""
ball,2,20.2,Netherlands,ES Szwarczynski,W Barresi,Raza-ur-Rehman,1,0,"",""
ball,2,20.3,Netherlands,W Barresi,ES Szwarczynski,Raza-ur-Rehman,0,0,"",""
ball,2,20.4,Netherlands,W Barresi,ES Szwarczynski,Raza-ur-Rehman,4,0,"",""
ball,2,20.5,Netherlands,W Barresi,ES Szwarczynski,Raza-ur-Rehman,0,0,"",""
ball,2,20.6,Netherlands,W Barresi,ES Szwarczynski,Raza-ur-Rehman,0,0,"",""
ball,2,21.1,Netherlands,ES Szwarczynski,W Barresi,HS Baidwan,4,0,"",""
ball,2,21.2,Netherlands,ES Szwarczynski,W Barresi,HS Baidwan,0,0,"",""
ball,2,21.3,Netherlands,ES Szwarczynski,W Barresi,HS Baidwan,0,0,"",""
ball,2,21.4,Netherlands,ES Szwarczynski,W Barresi,HS Baidwan,0,0,"",""
ball,2,21.5,Netherlands,ES Szwarczynski,W Barresi,HS Baidwan,1,0,"",""
ball,2,21.6,Netherlands,W Barresi,ES Szwarczynski,HS Baidwan,1,0,"",""
ball,2,22.1,Netherlands,W Barresi,ES Szwarczynski,Raza-ur-Rehman,4,0,"",""
ball,2,22.2,Netherlands,W Barresi,ES Szwarczynski,Raza-ur-Rehman,6,0,"",""
ball,2,22.3,Netherlands,W Barresi,ES Szwarczynski,Raza-ur-Rehman,0,0,"",""
ball,2,22.4,Netherlands,W Barresi,ES Szwarczynski,Raza-ur-Rehman,4,0,"",""
ball,2,22.5,Netherlands,W Barresi,ES Szwarczynski,Raza-ur-Rehman,1,0,"",""
ball,2,22.6,Netherlands,ES Szwarczynski,W Barresi,Raza-ur-Rehman,1,0,"",""
ball,2,23.1,Netherlands,ES Szwarczynski,W Barresi,HS Baidwan,1,0,"",""
ball,2,23.2,Netherlands,W Barresi,ES Szwarczynski,HS Baidwan,1,0,"",""
ball,2,23.3,Netherlands,ES Szwarczynski,W Barresi,HS Baidwan,0,0,"",""
ball,2,23.4,Netherlands,ES Szwarczynski,W Barresi,HS Baidwan,0,0,"",""
ball,2,23.5,Netherlands,ES Szwarczynski,W Barresi,HS Baidwan,0,0,"",""
ball,2,23.6,Netherlands,ES Szwarczynski,W Barresi,HS Baidwan,0,0,"",""
ball,2,24.1,Netherlands,W Barresi,ES Szwarczynski,PA Desai,0,0,"",""
ball,2,24.2,Netherlands,W Barresi,ES Szwarczynski,PA Desai,0,0,"",""
ball,2,24.3,Netherlands,W Barresi,ES Szwarczynski,PA Desai,1,0,"",""
ball,2,24.4,Netherlands,ES Szwarczynski,W Barresi,PA Desai,0,0,"",""
ball,2,24.5,Netherlands,ES Szwarczynski,W Barresi,PA Desai,1,0,"",""
ball,2,24.6,Netherlands,W Barresi,ES Szwarczynski,PA Desai,0,0,lbw,W Barresi
ball,2,25.1,Netherlands,ES Szwarczynski,PW Borren,HS Baidwan,0,0,"",""
ball,2,25.2,Netherlands,ES Szwarczynski,PW Borren,HS Baidwan,1,0,"",""
ball,2,25.3,Netherlands,PW Borren,ES Szwarczynski,HS Baidwan,1,0,"",""
ball,2,25.4,Netherlands,ES Szwarczynski,PW Borren,HS Baidwan,1,0,"",""
ball,2,25.5,Netherlands,PW Borren,ES Szwarczynski,HS Baidwan,2,0,"",""
ball,2,25.6,Netherlands,PW Borren,ES Szwarczynski,HS Baidwan,0,0,"",""
ball,2,26.1,Netherlands,ES Szwarczynski,PW Borren,PA Desai,0,0,"",""
ball,2,26.2,Netherlands,ES Szwarczynski,PW Borren,PA Desai,0,0,"",""
ball,2,26.3,Netherlands,ES Szwarczynski,PW Borren,PA Desai,0,0,"",""
ball,2,26.4,Netherlands,ES Szwarczynski,PW Borren,PA Desai,1,0,"",""
ball,2,26.5,Netherlands,PW Borren,ES Szwarczynski,PA Desai,0,0,"",""
ball,2,26.6,Netherlands,PW Borren,ES Szwarczynski,PA Desai,1,0,"",""
ball,2,27.1,Netherlands,PW Borren,ES Szwarczynski,Khurram Chohan,0,0,"",""
ball,2,27.2,Netherlands,PW Borren,ES Szwarczynski,Khurram Chohan,0,0,"",""
ball,2,27.3,Netherlands,PW Borren,ES Szwarczynski,Khurram Chohan,1,0,"",""
ball,2,27.4,Netherlands,ES Szwarczynski,PW Borren,Khurram Chohan,0,0,"",""
ball,2,27.5,Netherlands,ES Szwarczynski,PW Borren,Khurram Chohan,2,0,"",""
ball,2,27.6,Netherlands,ES Szwarczynski,PW Borren,Khurram Chohan,1,0,"",""
ball,2,28.1,Netherlands,ES Szwarczynski,PW Borren,PA Desai,0,0,"",""
ball,2,28.2,Netherlands,ES Szwarczynski,PW Borren,PA Desai,2,0,"",""
ball,2,28.3,Netherlands,ES Szwarczynski,PW Borren,PA Desai,1,0,"",""
ball,2,28.4,Netherlands,PW Borren,ES Szwarczynski,PA Desai,4,0,"",""
ball,2,28.5,Netherlands,PW Borren,ES Szwarczynski,PA Desai,0,0,"",""
ball,2,28.6,Netherlands,PW Borren,ES Szwarczynski,PA Desai,4,0,"",""
ball,2,29.1,Netherlands,ES Szwarczynski,PW Borren,Khurram Chohan,0,0,"",""
ball,2,29.2,Netherlands,ES Szwarczynski,PW Borren,Khurram Chohan,3,0,"",""
ball,2,29.3,Netherlands,PW Borren,ES Szwarczynski,Khurram Chohan,4,1,"",""
ball,2,29.4,Netherlands,PW Borren,ES Szwarczynski,Khurram Chohan,4,0,"",""
ball,2,29.5,Netherlands,PW Borren,ES Szwarczynski,Khurram Chohan,1,0,"",""
ball,2,29.6,Netherlands,ES Szwarczynski,PW Borren,Khurram Chohan,0,0,"",""
ball,2,29.7,Netherlands,ES Szwarczynski,PW Borren,Khurram Chohan,0,0,"",""
ball,2,30.1,Netherlands,PW Borren,ES Szwarczynski,PA Desai,1,0,"",""
ball,2,30.2,Netherlands,ES Szwarczynski,PW Borren,PA Desai,1,0,"",""
ball,2,30.3,Netherlands,PW Borren,ES Szwarczynski,PA Desai,0,0,"",""
ball,2,30.4,Netherlands,PW Borren,ES Szwarczynski,PA Desai,1,0,"",""
ball,2,30.5,Netherlands,ES Szwarczynski,PW Borren,PA Desai,0,0,"",""
ball,2,30.6,Netherlands,ES Szwarczynski,PW Borren,PA Desai,0,0,"",""
ball,2,31.1,Netherlands,PW Borren,ES Szwarczynski,AS Hansra,4,0,"",""
ball,2,31.2,Netherlands,PW Borren,ES Szwarczynski,AS Hansra,6,0,"",""
ball,2,31.3,Netherlands,PW Borren,ES Szwarczynski,AS Hansra,4,0,"",""
ball,2,31.4,Netherlands,PW Borren,ES Szwarczynski,AS Hansra,1,0,"",""
ball,2,31.5,Netherlands,ES Szwarczynski,PW Borren,AS Hansra,0,0,"",""
ball,2,31.6,Netherlands,ES Szwarczynski,PW Borren,AS Hansra,1,0,"",""
ball,2,32.1,Netherlands,ES Szwarczynski,PW Borren,Raza-ur-Rehman,0,0,"",""
ball,2,32.2,Netherlands,ES Szwarczynski,PW Borren,Raza-ur-Rehman,1,0,"",""
ball,2,32.3,Netherlands,PW Borren,ES Szwarczynski,Raza-ur-Rehman,0,1,"",""
ball,2,32.4,Netherlands,PW Borren,ES Szwarczynski,Raza-ur-Rehman,1,0,"",""
ball,2,32.5,Netherlands,ES Szwarczynski,PW Borren,Raza-ur-Rehman,1,0,"",""
ball,2,32.6,Netherlands,PW Borren,ES Szwarczynski,Raza-ur-Rehman,2,0,"",""
ball,2,32.7,Netherlands,PW Borren,ES Szwarczynski,Raza-ur-Rehman,2,0,"",""
ball,2,33.1,Netherlands,ES Szwarczynski,PW Borren,JOA Gordon,1,0,"",""
ball,2,33.2,Netherlands,PW Borren,ES Szwarczynski,JOA Gordon,1,1,"",""
ball,2,33.3,Netherlands,ES Szwarczynski,PW Borren,JOA Gordon,0,0,"",""
ball,2,33.4,Netherlands,ES Szwarczynski,PW Borren,JOA Gordon,0,0,"",""
ball,2,33.5,Netherlands,ES Szwarczynski,PW Borren,JOA Gordon,0,0,"",""
ball,2,33.6,Netherlands,ES Szwarczynski,PW Borren,JOA Gordon,0,0,"",""
ball,2,33.7,Netherlands,ES Szwarczynski,PW Borren,JOA Gordon,0,0,"",""
ball,2,34.1,Netherlands,PW Borren,ES Szwarczynski,Raza-ur-Rehman,0,0,"",""
ball,2,34.2,Netherlands,PW Borren,ES Szwarczynski,Raza-ur-Rehman,0,0,"",""
ball,2,34.3,Netherlands,PW Borren,ES Szwarczynski,Raza-ur-Rehman,1,0,"",""
ball,2,34.4,Netherlands,ES Szwarczynski,PW Borren,Raza-ur-Rehman,2,0,"",""
ball,2,34.5,Netherlands,ES Szwarczynski,PW Borren,Raza-ur-Rehman,2,0,"",""
ball,2,34.6,Netherlands,ES Szwarczynski,PW Borren,Raza-ur-Rehman,4,0,"",""
ball,2,35.1,Netherlands,PW Borren,ES Szwarczynski,JOA Gordon,0,0,"",""
ball,2,35.2,Netherlands,PW Borren,ES Szwarczynski,JOA Gordon,0,0,"",""
ball,2,35.3,Netherlands,PW Borren,ES Szwarczynski,JOA Gordon,1,0,"",""
ball,2,35.4,Netherlands,ES Szwarczynski,PW Borren,JOA Gordon,0,0,"",""
ball,2,35.5,Netherlands,ES Szwarczynski,PW Borren,JOA Gordon,1,0,"",""
ball,2,35.6,Netherlands,PW Borren,ES Szwarczynski,JOA Gordon,6,0,"",""
ball,2,36.1,Netherlands,ES Szwarczynski,PW Borren,Raza-ur-Rehman,0,0,"",""
ball,2,36.2,Netherlands,ES Szwarczynski,PW Borren,Raza-ur-Rehman,1,0,"",""
ball,2,36.3,Netherlands,PW Borren,ES Szwarczynski,Raza-ur-Rehman,4,0,"",""
ball,2,36.4,Netherlands,PW Borren,ES Szwarczynski,Raza-ur-Rehman,4,0,"",""
