version,1.3.0
info,team,Afghanistan
info,team,Pakistan
info,gender,male
info,season,2013/14
info,date,2014/02/27
info,competition,Asia Cup
info,match_number,3
info,venue,Khan Shaheb Osman Ali Stadium
info,city,Fatullah
info,neutralvenue,true
info,toss_winner,Afghanistan
info,toss_decision,field
info,player_of_match,Umar Akmal
info,umpire,BF Bowden
info,umpire,JD Cloete
info,reserve_umpire,Masudur Rahman
info,tv_umpire,CK Nandan
info,match_referee,BC Broad
info,winner,Pakistan
info,winner_runs,72
ball,1,0.1,Pakistan,Sharjeel Khan,Ahmed Shehzad,Shapoor Zadran,0,0,"",""
ball,1,0.2,Pakistan,Sharjeel Khan,Ahmed Shehzad,Shapoor Zadran,0,0,"",""
ball,1,0.3,Pakistan,Sharjeel Khan,Ahmed Shehzad,Shapoor Zadran,0,0,"",""
ball,1,0.4,Pakistan,Sharjeel Khan,Ahmed Shehzad,Shapoor Zadran,0,0,"",""
ball,1,0.5,Pakistan,Sharjeel Khan,Ahmed Shehzad,Shapoor Zadran,0,0,"",""
ball,1,0.6,Pakistan,Sharjeel Khan,Ahmed Shehzad,Shapoor Zadran,1,0,"",""
ball,1,1.1,Pakistan,Sharjeel Khan,Ahmed Shehzad,Dawlat Zadran,0,0,"",""
ball,1,1.2,Pakistan,Sharjeel Khan,Ahmed Shehzad,Dawlat Zadran,0,0,"",""
ball,1,1.3,Pakistan,Sharjeel Khan,Ahmed Shehzad,Dawlat Zadran,0,0,"",""
ball,1,1.4,Pakistan,Sharjeel Khan,Ahmed Shehzad,Dawlat Zadran,0,0,"",""
ball,1,1.5,Pakistan,Sharjeel Khan,Ahmed Shehzad,Dawlat Zadran,0,0,"",""
ball,1,1.6,Pakistan,Sharjeel Khan,Ahmed Shehzad,Dawlat Zadran,4,0,"",""
ball,1,2.1,Pakistan,Ahmed Shehzad,Sharjeel Khan,Shapoor Zadran,0,0,"",""
ball,1,2.2,Pakistan,Ahmed Shehzad,Sharjeel Khan,Shapoor Zadran,0,0,"",""
ball,1,2.3,Pakistan,Ahmed Shehzad,Sharjeel Khan,Shapoor Zadran,0,0,"",""
ball,1,2.4,Pakistan,Ahmed Shehzad,Sharjeel Khan,Shapoor Zadran,0,0,"",""
ball,1,2.5,Pakistan,Ahmed Shehzad,Sharjeel Khan,Shapoor Zadran,0,0,"",""
ball,1,2.6,Pakistan,Ahmed Shehzad,Sharjeel Khan,Shapoor Zadran,0,0,"",""
ball,1,3.1,Pakistan,Sharjeel Khan,Ahmed Shehzad,Dawlat Zadran,0,0,"",""
ball,1,3.2,Pakistan,Sharjeel Khan,Ahmed Shehzad,Dawlat Zadran,0,0,"",""
ball,1,3.3,Pakistan,Sharjeel Khan,Ahmed Shehzad,Dawlat Zadran,1,0,"",""
ball,1,3.4,Pakistan,Ahmed Shehzad,Sharjeel Khan,Dawlat Zadran,0,0,"",""
ball,1,3.5,Pakistan,Ahmed Shehzad,Sharjeel Khan,Dawlat Zadran,0,0,"",""
ball,1,3.6,Pakistan,Ahmed Shehzad,Sharjeel Khan,Dawlat Zadran,1,0,"",""
ball,1,4.1,Pakistan,Ahmed Shehzad,Sharjeel Khan,Shapoor Zadran,0,0,"",""
ball,1,4.2,Pakistan,Ahmed Shehzad,Sharjeel Khan,Shapoor Zadran,1,0,"",""
ball,1,4.3,Pakistan,Sharjeel Khan,Ahmed Shehzad,Shapoor Zadran,1,0,"",""
ball,1,4.4,Pakistan,Ahmed Shehzad,Sharjeel Khan,Shapoor Zadran,0,0,"",""
ball,1,4.5,Pakistan,Ahmed Shehzad,Sharjeel Khan,Shapoor Zadran,4,0,"",""
ball,1,4.6,Pakistan,Ahmed Shehzad,Sharjeel Khan,Shapoor Zadran,1,0,"",""
ball,1,5.1,Pakistan,Ahmed Shehzad,Sharjeel Khan,Dawlat Zadran,0,0,"",""
ball,1,5.2,Pakistan,Ahmed Shehzad,Sharjeel Khan,Dawlat Zadran,0,0,"",""
ball,1,5.3,Pakistan,Ahmed Shehzad,Sharjeel Khan,Dawlat Zadran,4,0,"",""
ball,1,5.4,Pakistan,Ahmed Shehzad,Sharjeel Khan,Dawlat Zadran,0,0,"",""
ball,1,5.5,Pakistan,Ahmed Shehzad,Sharjeel Khan,Dawlat Zadran,0,0,"",""
ball,1,5.6,Pakistan,Ahmed Shehzad,Sharjeel Khan,Dawlat Zadran,0,0,"",""
ball,1,6.1,Pakistan,Sharjeel Khan,Ahmed Shehzad,Shapoor Zadran,0,1,"",""
ball,1,6.2,Pakistan,Sharjeel Khan,Ahmed Shehzad,Shapoor Zadran,0,0,"",""
ball,1,6.3,Pakistan,Sharjeel Khan,Ahmed Shehzad,Shapoor Zadran,0,1,"",""
ball,1,6.4,Pakistan,Ahmed Shehzad,Sharjeel Khan,Shapoor Zadran,1,0,"",""
ball,1,6.5,Pakistan,Sharjeel Khan,Ahmed Shehzad,Shapoor Zadran,0,0,"",""
ball,1,6.6,Pakistan,Sharjeel Khan,Ahmed Shehzad,Shapoor Zadran,0,0,"",""
ball,1,6.7,Pakistan,Sharjeel Khan,Ahmed Shehzad,Shapoor Zadran,2,0,"",""
ball,1,7.1,Pakistan,Ahmed Shehzad,Sharjeel Khan,Dawlat Zadran,4,0,"",""
ball,1,7.2,Pakistan,Ahmed Shehzad,Sharjeel Khan,Dawlat Zadran,0,0,"",""
ball,1,7.3,Pakistan,Ahmed Shehzad,Sharjeel Khan,Dawlat Zadran,0,0,"",""
ball,1,7.4,Pakistan,Ahmed Shehzad,Sharjeel Khan,Dawlat Zadran,0,0,"",""
ball,1,7.5,Pakistan,Ahmed Shehzad,Sharjeel Khan,Dawlat Zadran,4,0,"",""
ball,1,7.6,Pakistan,Ahmed Shehzad,Sharjeel Khan,Dawlat Zadran,4,0,"",""
ball,1,8.1,Pakistan,Sharjeel Khan,Ahmed Shehzad,Mohammad Nabi,1,0,"",""
ball,1,8.2,Pakistan,Ahmed Shehzad,Sharjeel Khan,Mohammad Nabi,0,0,"",""
ball,1,8.3,Pakistan,Ahmed Shehzad,Sharjeel Khan,Mohammad Nabi,0,0,"",""
ball,1,8.4,Pakistan,Ahmed Shehzad,Sharjeel Khan,Mohammad Nabi,1,0,"",""
ball,1,8.5,Pakistan,Sharjeel Khan,Ahmed Shehzad,Mohammad Nabi,0,0,"",""
ball,1,8.6,Pakistan,Sharjeel Khan,Ahmed Shehzad,Mohammad Nabi,0,0,"",""
ball,1,9.1,Pakistan,Ahmed Shehzad,Sharjeel Khan,Amir Hamza,0,0,"",""
ball,1,9.2,Pakistan,Ahmed Shehzad,Sharjeel Khan,Amir Hamza,0,0,"",""
ball,1,9.3,Pakistan,Ahmed Shehzad,Sharjeel Khan,Amir Hamza,0,0,"",""
ball,1,9.4,Pakistan,Ahmed Shehzad,Sharjeel Khan,Amir Hamza,0,0,"",""
ball,1,9.5,Pakistan,Ahmed Shehzad,Sharjeel Khan,Amir Hamza,0,0,"",""
ball,1,9.6,Pakistan,Ahmed Shehzad,Sharjeel Khan,Amir Hamza,2,0,"",""
ball,1,10.1,Pakistan,Sharjeel Khan,Ahmed Shehzad,Mohammad Nabi,1,0,"",""
ball,1,10.2,Pakistan,Ahmed Shehzad,Sharjeel Khan,Mohammad Nabi,0,0,"",""
ball,1,10.3,Pakistan,Ahmed Shehzad,Sharjeel Khan,Mohammad Nabi,1,0,"",""
ball,1,10.4,Pakistan,Sharjeel Khan,Ahmed Shehzad,Mohammad Nabi,4,0,"",""
ball,1,10.5,Pakistan,Sharjeel Khan,Ahmed Shehzad,Mohammad Nabi,6,0,"",""
ball,1,10.6,Pakistan,Sharjeel Khan,Ahmed Shehzad,Mohammad Nabi,1,0,"",""
ball,1,11.1,Pakistan,Sharjeel Khan,Ahmed Shehzad,Mirwais Ashraf,0,0,"",""
ball,1,11.2,Pakistan,Sharjeel Khan,Ahmed Shehzad,Mirwais Ashraf,0,0,"",""
ball,1,11.3,Pakistan,Sharjeel Khan,Ahmed Shehzad,Mirwais Ashraf,0,0,"",""
ball,1,11.4,Pakistan,Sharjeel Khan,Ahmed Shehzad,Mirwais Ashraf,0,0,"",""
ball,1,11.5,Pakistan,Sharjeel Khan,Ahmed Shehzad,Mirwais Ashraf,0,0,"",""
ball,1,11.6,Pakistan,Sharjeel Khan,Ahmed Shehzad,Mirwais Ashraf,1,0,"",""
ball,1,12.1,Pakistan,Sharjeel Khan,Ahmed Shehzad,Amir Hamza,0,0,"",""
ball,1,12.2,Pakistan,Sharjeel Khan,Ahmed Shehzad,Amir Hamza,2,0,"",""
ball,1,12.3,Pakistan,Sharjeel Khan,Ahmed Shehzad,Amir Hamza,0,0,caught,Sharjeel Khan
ball,1,12.4,Pakistan,Mohammad Hafeez,Ahmed Shehzad,Amir Hamza,1,0,"",""
ball,1,12.5,Pakistan,Ahmed Shehzad,Mohammad Hafeez,Amir Hamza,0,0,"",""
ball,1,12.6,Pakistan,Ahmed Shehzad,Mohammad Hafeez,Amir Hamza,1,0,"",""
ball,1,13.1,Pakistan,Ahmed Shehzad,Mohammad Hafeez,Mirwais Ashraf,1,0,"",""
ball,1,13.2,Pakistan,Mohammad Hafeez,Ahmed Shehzad,Mirwais Ashraf,0,0,"",""
ball,1,13.3,Pakistan,Mohammad Hafeez,Ahmed Shehzad,Mirwais Ashraf,1,0,"",""
ball,1,13.4,Pakistan,Ahmed Shehzad,Mohammad Hafeez,Mirwais Ashraf,0,0,"",""
ball,1,13.5,Pakistan,Ahmed Shehzad,Mohammad Hafeez,Mirwais Ashraf,0,0,"",""
ball,1,13.6,Pakistan,Ahmed Shehzad,Mohammad Hafeez,Mirwais Ashraf,0,0,"",""
ball,1,14.1,Pakistan,Mohammad Hafeez,Ahmed Shehzad,Amir Hamza,1,0,"",""
ball,1,14.2,Pakistan,Ahmed Shehzad,Mohammad Hafeez,Amir Hamza,0,0,"",""
ball,1,14.3,Pakistan,Ahmed Shehzad,Mohammad Hafeez,Amir Hamza,0,0,"",""
ball,1,14.4,Pakistan,Ahmed Shehzad,Mohammad Hafeez,Amir Hamza,0,0,"",""
ball,1,14.5,Pakistan,Ahmed Shehzad,Mohammad Hafeez,Amir Hamza,1,0,"",""
ball,1,14.6,Pakistan,Mohammad Hafeez,Ahmed Shehzad,Amir Hamza,0,0,"",""
ball,1,15.1,Pakistan,Ahmed Shehzad,Mohammad Hafeez,Mirwais Ashraf,1,0,"",""
ball,1,15.2,Pakistan,Mohammad Hafeez,Ahmed Shehzad,Mirwais Ashraf,0,0,"",""
ball,1,15.3,Pakistan,Mohammad Hafeez,Ahmed Shehzad,Mirwais Ashraf,0,0,"",""
ball,1,15.4,Pakistan,Mohammad Hafeez,Ahmed Shehzad,Mirwais Ashraf,0,0,"",""
ball,1,15.5,Pakistan,Mohammad Hafeez,Ahmed Shehzad,Mirwais Ashraf,1,0,"",""
ball,1,15.6,Pakistan,Ahmed Shehzad,Mohammad Hafeez,Mirwais Ashraf,1,0,"",""
ball,1,16.1,Pakistan,Ahmed Shehzad,Mohammad Hafeez,Amir Hamza,0,0,"",""
ball,1,16.2,Pakistan,Ahmed Shehzad,Mohammad Hafeez,Amir Hamza,0,0,"",""
ball,1,16.3,Pakistan,Ahmed Shehzad,Mohammad Hafeez,Amir Hamza,0,0,"",""
ball,1,16.4,Pakistan,Ahmed Shehzad,Mohammad Hafeez,Amir Hamza,0,0,"",""
ball,1,16.5,Pakistan,Ahmed Shehzad,Mohammad Hafeez,Amir Hamza,0,0,"",""
ball,1,16.6,Pakistan,Ahmed Shehzad,Mohammad Hafeez,Amir Hamza,0,0,"",""
ball,1,17.1,Pakistan,Mohammad Hafeez,Ahmed Shehzad,Mirwais Ashraf,1,0,"",""
ball,1,17.2,Pakistan,Ahmed Shehzad,Mohammad Hafeez,Mirwais Ashraf,0,0,"",""
ball,1,17.3,Pakistan,Ahmed Shehzad,Mohammad Hafeez,Mirwais Ashraf,0,0,"",""
ball,1,17.4,Pakistan,Ahmed Shehzad,Mohammad Hafeez,Mirwais Ashraf,0,0,"",""
ball,1,17.5,Pakistan,Ahmed Shehzad,Mohammad Hafeez,Mirwais Ashraf,1,0,"",""
ball,1,17.6,Pakistan,Mohammad Hafeez,Ahmed Shehzad,Mirwais Ashraf,0,0,"",""
ball,1,18.1,Pakistan,Ahmed Shehzad,Mohammad Hafeez,Amir Hamza,1,0,"",""
ball,1,18.2,Pakistan,Mohammad Hafeez,Ahmed Shehzad,Amir Hamza,1,0,"",""
ball,1,18.3,Pakistan,Ahmed Shehzad,Mohammad Hafeez,Amir Hamza,0,0,"",""
ball,1,18.4,Pakistan,Ahmed Shehzad,Mohammad Hafeez,Amir Hamza,1,0,"",""
ball,1,18.5,Pakistan,Mohammad Hafeez,Ahmed Shehzad,Amir Hamza,0,0,"",""
ball,1,18.6,Pakistan,Mohammad Hafeez,Ahmed Shehzad,Amir Hamza,0,0,"",""
ball,1,19.1,Pakistan,Ahmed Shehzad,Mohammad Hafeez,Mirwais Ashraf,4,0,"",""
ball,1,19.2,Pakistan,Ahmed Shehzad,Mohammad Hafeez,Mirwais Ashraf,0,0,"",""
ball,1,19.3,Pakistan,Ahmed Shehzad,Mohammad Hafeez,Mirwais Ashraf,1,0,"",""
ball,1,19.4,Pakistan,Mohammad Hafeez,Ahmed Shehzad,Mirwais Ashraf,4,0,"",""
ball,1,19.5,Pakistan,Mohammad Hafeez,Ahmed Shehzad,Mirwais Ashraf,0,0,caught,Mohammad Hafeez
ball,1,19.6,Pakistan,Ahmed Shehzad,Sohaib Maqsood,Mirwais Ashraf,2,0,"",""
ball,1,20.1,Pakistan,Sohaib Maqsood,Ahmed Shehzad,Amir Hamza,1,0,"",""
ball,1,20.2,Pakistan,Ahmed Shehzad,Sohaib Maqsood,Amir Hamza,1,0,"",""
ball,1,20.3,Pakistan,Sohaib Maqsood,Ahmed Shehzad,Amir Hamza,0,0,"",""
ball,1,20.4,Pakistan,Sohaib Maqsood,Ahmed Shehzad,Amir Hamza,0,0,"",""
ball,1,20.5,Pakistan,Sohaib Maqsood,Ahmed Shehzad,Amir Hamza,0,0,"",""
ball,1,20.6,Pakistan,Sohaib Maqsood,Ahmed Shehzad,Amir Hamza,1,0,"",""
ball,1,21.1,Pakistan,Sohaib Maqsood,Ahmed Shehzad,Mirwais Ashraf,0,0,"",""
ball,1,21.2,Pakistan,Sohaib Maqsood,Ahmed Shehzad,Mirwais Ashraf,0,0,"",""
ball,1,21.3,Pakistan,Sohaib Maqsood,Ahmed Shehzad,Mirwais Ashraf,0,0,"",""
ball,1,21.4,Pakistan,Sohaib Maqsood,Ahmed Shehzad,Mirwais Ashraf,0,0,"",""
ball,1,21.5,Pakistan,Sohaib Maqsood,Ahmed Shehzad,Mirwais Ashraf,0,0,"",""
ball,1,21.6,Pakistan,Sohaib Maqsood,Ahmed Shehzad,Mirwais Ashraf,0,0,"",""
ball,1,22.1,Pakistan,Ahmed Shehzad,Sohaib Maqsood,Samiullah Shenwari,0,0,"",""
ball,1,22.2,Pakistan,Ahmed Shehzad,Sohaib Maqsood,Samiullah Shenwari,4,0,"",""
ball,1,22.3,Pakistan,Ahmed Shehzad,Sohaib Maqsood,Samiullah Shenwari,2,0,"",""
ball,1,22.4,Pakistan,Ahmed Shehzad,Sohaib Maqsood,Samiullah Shenwari,0,0,"",""
ball,1,22.5,Pakistan,Ahmed Shehzad,Sohaib Maqsood,Samiullah Shenwari,0,0,"",""
ball,1,22.6,Pakistan,Ahmed Shehzad,Sohaib Maqsood,Samiullah Shenwari,0,0,bowled,Ahmed Shehzad
ball,1,23.1,Pakistan,Sohaib Maqsood,Misbah-ul-Haq,Mohammad Nabi,0,0,run out,Misbah-ul-Haq
ball,1,23.2,Pakistan,Sohaib Maqsood,Umar Akmal,Mohammad Nabi,1,0,"",""
ball,1,23.3,Pakistan,Umar Akmal,Sohaib Maqsood,Mohammad Nabi,0,0,"",""
ball,1,23.4,Pakistan,Umar Akmal,Sohaib Maqsood,Mohammad Nabi,0,0,"",""
ball,1,23.5,Pakistan,Umar Akmal,Sohaib Maqsood,Mohammad Nabi,1,0,"",""
ball,1,23.6,Pakistan,Sohaib Maqsood,Umar Akmal,Mohammad Nabi,0,0,"",""
ball,1,24.1,Pakistan,Umar Akmal,Sohaib Maqsood,Samiullah Shenwari,1,0,"",""
ball,1,24.2,Pakistan,Sohaib Maqsood,Umar Akmal,Samiullah Shenwari,4,0,"",""
ball,1,24.3,Pakistan,Sohaib Maqsood,Umar Akmal,Samiullah Shenwari,1,0,"",""
ball,1,24.4,Pakistan,Umar Akmal,Sohaib Maqsood,Samiullah Shenwari,1,0,"",""
ball,1,24.5,Pakistan,Sohaib Maqsood,Umar Akmal,Samiullah Shenwari,0,0,"",""
ball,1,24.6,Pakistan,Sohaib Maqsood,Umar Akmal,Samiullah Shenwari,0,0,"",""
ball,1,25.1,Pakistan,Umar Akmal,Sohaib Maqsood,Mohammad Nabi,3,0,"",""
ball,1,25.2,Pakistan,Sohaib Maqsood,Umar Akmal,Mohammad Nabi,1,0,"",""
ball,1,25.3,Pakistan,Umar Akmal,Sohaib Maqsood,Mohammad Nabi,1,0,"",""
ball,1,25.4,Pakistan,Sohaib Maqsood,Umar Akmal,Mohammad Nabi,0,0,"",""
ball,1,25.5,Pakistan,Sohaib Maqsood,Umar Akmal,Mohammad Nabi,4,0,"",""
ball,1,25.6,Pakistan,Sohaib Maqsood,Umar Akmal,Mohammad Nabi,0,0,"",""
ball,1,26.1,Pakistan,Umar Akmal,Sohaib Maqsood,Samiullah Shenwari,0,0,"",""
ball,1,26.2,Pakistan,Umar Akmal,Sohaib Maqsood,Samiullah Shenwari,1,0,"",""
ball,1,26.3,Pakistan,Sohaib Maqsood,Umar Akmal,Samiullah Shenwari,0,0,"",""
ball,1,26.4,Pakistan,Sohaib Maqsood,Umar Akmal,Samiullah Shenwari,0,0,"",""
ball,1,26.5,Pakistan,Sohaib Maqsood,Umar Akmal,Samiullah Shenwari,0,0,caught,Sohaib Maqsood
ball,1,26.6,Pakistan,Shahid Afridi,Umar Akmal,Samiullah Shenwari,1,0,"",""
ball,1,27.1,Pakistan,Shahid Afridi,Umar Akmal,Dawlat Zadran,0,0,"",""
ball,1,27.2,Pakistan,Shahid Afridi,Umar Akmal,Dawlat Zadran,2,0,"",""
ball,1,27.3,Pakistan,Shahid Afridi,Umar Akmal,Dawlat Zadran,0,0,"",""
ball,1,27.4,Pakistan,Shahid Afridi,Umar Akmal,Dawlat Zadran,1,0,"",""
ball,1,27.5,Pakistan,Umar Akmal,Shahid Afridi,Dawlat Zadran,0,0,"",""
ball,1,27.6,Pakistan,Umar Akmal,Shahid Afridi,Dawlat Zadran,0,0,"",""
ball,1,28.1,Pakistan,Shahid Afridi,Umar Akmal,Samiullah Shenwari,0,0,"",""
ball,1,28.2,Pakistan,Shahid Afridi,Umar Akmal,Samiullah Shenwari,1,0,"",""
ball,1,28.3,Pakistan,Umar Akmal,Shahid Afridi,Samiullah Shenwari,1,0,"",""
ball,1,28.4,Pakistan,Shahid Afridi,Umar Akmal,Samiullah Shenwari,0,0,"",""
ball,1,28.5,Pakistan,Shahid Afridi,Umar Akmal,Samiullah Shenwari,1,0,"",""
ball,1,28.6,Pakistan,Umar Akmal,Shahid Afridi,Samiullah Shenwari,1,0,"",""
ball,1,29.1,Pakistan,Umar Akmal,Shahid Afridi,Dawlat Zadran,1,0,"",""
ball,1,29.2,Pakistan,Shahid Afridi,Umar Akmal,Dawlat Zadran,0,0,"",""
ball,1,29.3,Pakistan,Shahid Afridi,Umar Akmal,Dawlat Zadran,0,0,bowled,Shahid Afridi
ball,1,29.4,Pakistan,Anwar Ali,Umar Akmal,Dawlat Zadran,0,0,"",""
ball,1,29.5,Pakistan,Anwar Ali,Umar Akmal,Dawlat Zadran,1,0,"",""
ball,1,29.6,Pakistan,Umar Akmal,Anwar Ali,Dawlat Zadran,1,0,"",""
ball,1,30.1,Pakistan,Umar Akmal,Anwar Ali,Samiullah Shenwari,0,1,"",""
ball,1,30.2,Pakistan,Umar Akmal,Anwar Ali,Samiullah Shenwari,0,0,"",""
ball,1,30.3,Pakistan,Umar Akmal,Anwar Ali,Samiullah Shenwari,1,0,"",""
ball,1,30.4,Pakistan,Anwar Ali,Umar Akmal,Samiullah Shenwari,1,0,"",""
ball,1,30.5,Pakistan,Umar Akmal,Anwar Ali,Samiullah Shenwari,1,0,"",""
ball,1,30.6,Pakistan,Anwar Ali,Umar Akmal,Samiullah Shenwari,0,0,"",""
ball,1,30.7,Pakistan,Anwar Ali,Umar Akmal,Samiullah Shenwari,0,0,"",""
ball,1,31.1,Pakistan,Umar Akmal,Anwar Ali,Amir Hamza,0,0,"",""
ball,1,31.2,Pakistan,Umar Akmal,Anwar Ali,Amir Hamza,1,0,"",""
ball,1,31.3,Pakistan,Anwar Ali,Umar Akmal,Amir Hamza,0,0,"",""
ball,1,31.4,Pakistan,Anwar Ali,Umar Akmal,Amir Hamza,1,0,"",""
ball,1,31.5,Pakistan,Umar Akmal,Anwar Ali,Amir Hamza,0,0,"",""
ball,1,31.6,Pakistan,Umar Akmal,Anwar Ali,Amir Hamza,1,0,"",""
ball,1,32.1,Pakistan,Umar Akmal,Anwar Ali,Samiullah Shenwari,0,0,"",""
ball,1,32.2,Pakistan,Umar Akmal,Anwar Ali,Samiullah Shenwari,1,0,"",""
ball,1,32.3,Pakistan,Anwar Ali,Umar Akmal,Samiullah Shenwari,1,0,"",""
ball,1,32.4,Pakistan,Umar Akmal,Anwar Ali,Samiullah Shenwari,1,0,"",""
ball,1,32.5,Pakistan,Anwar Ali,Umar Akmal,Samiullah Shenwari,0,0,"",""
ball,1,32.6,Pakistan,Anwar Ali,Umar Akmal,Samiullah Shenwari,0,0,"",""
ball,1,33.1,Pakistan,Umar Akmal,Anwar Ali,Amir Hamza,0,0,"",""
ball,1,33.2,Pakistan,Umar Akmal,Anwar Ali,Amir Hamza,0,0,"",""
ball,1,33.3,Pakistan,Umar Akmal,Anwar Ali,Amir Hamza,1,0,"",""
ball,1,33.4,Pakistan,Anwar Ali,Umar Akmal,Amir Hamza,4,0,"",""
ball,1,33.5,Pakistan,Anwar Ali,Umar Akmal,Amir Hamza,0,0,"",""
ball,1,33.6,Pakistan,Anwar Ali,Umar Akmal,Amir Hamza,0,0,"",""
ball,1,34.1,Pakistan,Umar Akmal,Anwar Ali,Samiullah Shenwari,0,0,"",""
ball,1,34.2,Pakistan,Umar Akmal,Anwar Ali,Samiullah Shenwari,6,0,"",""
ball,1,34.3,Pakistan,Umar Akmal,Anwar Ali,Samiullah Shenwari,1,0,"",""
ball,1,34.4,Pakistan,Anwar Ali,Umar Akmal,Samiullah Shenwari,0,0,"",""
ball,1,34.5,Pakistan,Anwar Ali,Umar Akmal,Samiullah Shenwari,0,0,"",""
ball,1,34.6,Pakistan,Anwar Ali,Umar Akmal,Samiullah Shenwari,1,0,"",""
ball,1,35.1,Pakistan,Anwar Ali,Umar Akmal,Mohammad Nabi,0,0,"",""
ball,1,35.2,Pakistan,Anwar Ali,Umar Akmal,Mohammad Nabi,1,0,"",""
ball,1,35.3,Pakistan,Umar Akmal,Anwar Ali,Mohammad Nabi,0,0,"",""
ball,1,35.4,Pakistan,Umar Akmal,Anwar Ali,Mohammad Nabi,0,0,"",""
ball,1,35.5,Pakistan,Umar Akmal,Anwar Ali,Mohammad Nabi,0,0,"",""
ball,1,35.6,Pakistan,Umar Akmal,Anwar Ali,Mohammad Nabi,1,0,"",""
ball,1,36.1,Pakistan,Umar Akmal,Anwar Ali,Shapoor Zadran,1,0,"",""
ball,1,36.2,Pakistan,Anwar Ali,Umar Akmal,Shapoor Zadran,0,0,"",""
ball,1,36.3,Pakistan,Anwar Ali,Umar Akmal,Shapoor Zadran,0,0,"",""
ball,1,36.4,Pakistan,Anwar Ali,Umar Akmal,Shapoor Zadran,1,0,"",""
ball,1,36.5,Pakistan,Umar Akmal,Anwar Ali,Shapoor Zadran,1,0,"",""
ball,1,36.6,Pakistan,Anwar Ali,Umar Akmal,Shapoor Zadran,0,0,"",""
ball,1,37.1,Pakistan,Umar Akmal,Anwar Ali,Mohammad Nabi,1,0,"",""
ball,1,37.2,Pakistan,Anwar Ali,Umar Akmal,Mohammad Nabi,0,0,"",""
ball,1,37.3,Pakistan,Anwar Ali,Umar Akmal,Mohammad Nabi,0,0,"",""
ball,1,37.4,Pakistan,Anwar Ali,Umar Akmal,Mohammad Nabi,1,0,"",""
ball,1,37.5,Pakistan,Umar Akmal,Anwar Ali,Mohammad Nabi,4,0,"",""
ball,1,37.6,Pakistan,Umar Akmal,Anwar Ali,Mohammad Nabi,2,0,"",""
ball,1,38.1,Pakistan,Anwar Ali,Umar Akmal,Shapoor Zadran,0,0,"",""
ball,1,38.2,Pakistan,Anwar Ali,Umar Akmal,Shapoor Zadran,1,0,"",""
ball,1,38.3,Pakistan,Umar Akmal,Anwar Ali,Shapoor Zadran,0,0,"",""
ball,1,38.4,Pakistan,Umar Akmal,Anwar Ali,Shapoor Zadran,0,0,"",""
ball,1,38.5,Pakistan,Umar Akmal,Anwar Ali,Shapoor Zadran,0,0,"",""
ball,1,38.6,Pakistan,Umar Akmal,Anwar Ali,Shapoor Zadran,1,0,"",""
ball,1,39.1,Pakistan,Umar Akmal,Anwar Ali,Mohammad Nabi,0,0,"",""
ball,1,39.2,Pakistan,Umar Akmal,Anwar Ali,Mohammad Nabi,1,0,"",""
ball,1,39.3,Pakistan,Anwar Ali,Umar Akmal,Mohammad Nabi,0,0,"",""
ball,1,39.4,Pakistan,Anwar Ali,Umar Akmal,Mohammad Nabi,1,0,"",""
ball,1,39.5,Pakistan,Umar Akmal,Anwar Ali,Mohammad Nabi,1,0,"",""
ball,1,39.6,Pakistan,Anwar Ali,Umar Akmal,Mohammad Nabi,4,0,"",""
ball,1,40.1,Pakistan,Umar Akmal,Anwar Ali,Mirwais Ashraf,0,0,"",""
ball,1,40.2,Pakistan,Umar Akmal,Anwar Ali,Mirwais Ashraf,2,0,"",""
ball,1,40.3,Pakistan,Umar Akmal,Anwar Ali,Mirwais Ashraf,4,0,"",""
ball,1,40.4,Pakistan,Umar Akmal,Anwar Ali,Mirwais Ashraf,1,0,"",""
ball,1,40.5,Pakistan,Anwar Ali,Umar Akmal,Mirwais Ashraf,0,0,"",""
ball,1,40.6,Pakistan,Anwar Ali,Umar Akmal,Mirwais Ashraf,0,0,"",""
ball,1,41.1,Pakistan,Umar Akmal,Anwar Ali,Mohammad Nabi,0,0,"",""
ball,1,41.2,Pakistan,Umar Akmal,Anwar Ali,Mohammad Nabi,0,0,"",""
ball,1,41.3,Pakistan,Umar Akmal,Anwar Ali,Mohammad Nabi,1,0,"",""
ball,1,41.4,Pakistan,Anwar Ali,Umar Akmal,Mohammad Nabi,1,0,"",""
ball,1,41.5,Pakistan,Umar Akmal,Anwar Ali,Mohammad Nabi,0,0,"",""
ball,1,41.6,Pakistan,Umar Akmal,Anwar Ali,Mohammad Nabi,1,0,"",""
ball,1,42.1,Pakistan,Umar Akmal,Anwar Ali,Mirwais Ashraf,1,0,"",""
ball,1,42.2,Pakistan,Anwar Ali,Umar Akmal,Mirwais Ashraf,2,0,"",""
ball,1,42.3,Pakistan,Anwar Ali,Umar Akmal,Mirwais Ashraf,0,0,"",""
ball,1,42.4,Pakistan,Anwar Ali,Umar Akmal,Mirwais Ashraf,0,0,caught,Anwar Ali
ball,1,42.5,Pakistan,Umar Akmal,Umar Gul,Mirwais Ashraf,0,0,"",""
ball,1,42.6,Pakistan,Umar Akmal,Umar Gul,Mirwais Ashraf,0,0,"",""
ball,1,43.1,Pakistan,Umar Gul,Umar Akmal,Dawlat Zadran,1,0,"",""
ball,1,43.2,Pakistan,Umar Akmal,Umar Gul,Dawlat Zadran,1,0,"",""
ball,1,43.3,Pakistan,Umar Gul,Umar Akmal,Dawlat Zadran,0,0,"",""
ball,1,43.4,Pakistan,Umar Gul,Umar Akmal,Dawlat Zadran,0,0,"",""
ball,1,43.5,Pakistan,Umar Gul,Umar Akmal,Dawlat Zadran,0,1,"",""
ball,1,43.6,Pakistan,Umar Akmal,Umar Gul,Dawlat Zadran,2,0,"",""
ball,1,44.1,Pakistan,Umar Gul,Umar Akmal,Shapoor Zadran,1,0,"",""
ball,1,44.2,Pakistan,Umar Akmal,Umar Gul,Shapoor Zadran,0,0,"",""
ball,1,44.3,Pakistan,Umar Akmal,Umar Gul,Shapoor Zadran,4,0,"",""
ball,1,44.4,Pakistan,Umar Akmal,Umar Gul,Shapoor Zadran,1,0,"",""
ball,1,44.5,Pakistan,Umar Gul,Umar Akmal,Shapoor Zadran,0,0,"",""
ball,1,44.6,Pakistan,Umar Gul,Umar Akmal,Shapoor Zadran,1,0,"",""
ball,1,45.1,Pakistan,Umar Gul,Umar Akmal,Dawlat Zadran,1,0,"",""
ball,1,45.2,Pakistan,Umar Akmal,Umar Gul,Dawlat Zadran,4,0,"",""
ball,1,45.3,Pakistan,Umar Akmal,Umar Gul,Dawlat Zadran,2,0,"",""
ball,1,45.4,Pakistan,Umar Akmal,Umar Gul,Dawlat Zadran,0,0,"",""
ball,1,45.5,Pakistan,Umar Akmal,Umar Gul,Dawlat Zadran,2,0,"",""
ball,1,45.6,Pakistan,Umar Akmal,Umar Gul,Dawlat Zadran,1,0,"",""
ball,1,46.1,Pakistan,Umar Akmal,Umar Gul,Shapoor Zadran,0,0,"",""
ball,1,46.2,Pakistan,Umar Akmal,Umar Gul,Shapoor Zadran,2,0,"",""
ball,1,46.3,Pakistan,Umar Akmal,Umar Gul,Shapoor Zadran,1,0,"",""
ball,1,46.4,Pakistan,Umar Gul,Umar Akmal,Shapoor Zadran,1,0,"",""
ball,1,46.5,Pakistan,Umar Akmal,Umar Gul,Shapoor Zadran,0,0,"",""
ball,1,46.6,Pakistan,Umar Akmal,Umar Gul,Shapoor Zadran,1,0,"",""
ball,1,47.1,Pakistan,Umar Akmal,Umar Gul,Dawlat Zadran,0,0,"",""
ball,1,47.2,Pakistan,Umar Akmal,Umar Gul,Dawlat Zadran,2,0,"",""
ball,1,47.3,Pakistan,Umar Akmal,Umar Gul,Dawlat Zadran,1,0,"",""
ball,1,47.4,Pakistan,Umar Gul,Umar Akmal,Dawlat Zadran,6,0,"",""
ball,1,47.5,Pakistan,Umar Gul,Umar Akmal,Dawlat Zadran,4,0,"",""
ball,1,47.6,Pakistan,Umar Gul,Umar Akmal,Dawlat Zadran,0,0,bowled,Umar Gul
ball,1,48.1,Pakistan,Umar Akmal,Saeed Ajmal,Shapoor Zadran,6,0,"",""
ball,1,48.2,Pakistan,Umar Akmal,Saeed Ajmal,Shapoor Zadran,4,0,"",""
ball,1,48.3,Pakistan,Umar Akmal,Saeed Ajmal,Shapoor Zadran,1,0,"",""
ball,1,48.4,Pakistan,Saeed Ajmal,Umar Akmal,Shapoor Zadran,1,0,"",""
ball,1,48.5,Pakistan,Umar Akmal,Saeed Ajmal,Shapoor Zadran,0,0,"",""
ball,1,48.6,Pakistan,Umar Akmal,Saeed Ajmal,Shapoor Zadran,1,0,"",""
ball,1,49.1,Pakistan,Umar Akmal,Saeed Ajmal,Dawlat Zadran,2,0,"",""
ball,1,49.2,Pakistan,Umar Akmal,Saeed Ajmal,Dawlat Zadran,4,0,"",""
ball,1,49.3,Pakistan,Umar Akmal,Saeed Ajmal,Dawlat Zadran,4,1,"",""
ball,1,49.4,Pakistan,Umar Akmal,Saeed Ajmal,Dawlat Zadran,0,0,"",""
ball,1,49.5,Pakistan,Umar Akmal,Saeed Ajmal,Dawlat Zadran,0,0,"",""
ball,1,49.6,Pakistan,Umar Akmal,Saeed Ajmal,Dawlat Zadran,6,0,"",""
ball,1,49.7,Pakistan,Umar Akmal,Saeed Ajmal,Dawlat Zadran,1,0,"",""
ball,2,0.1,Afghanistan,Mohammad Shahzad,Noor Ali Zadran,Umar Gul,4,0,"",""
ball,2,0.2,Afghanistan,Mohammad Shahzad,Noor Ali Zadran,Umar Gul,0,0,"",""
ball,2,0.3,Afghanistan,Mohammad Shahzad,Noor Ali Zadran,Umar Gul,0,0,"",""
ball,2,0.4,Afghanistan,Mohammad Shahzad,Noor Ali Zadran,Umar Gul,0,0,"",""
ball,2,0.5,Afghanistan,Mohammad Shahzad,Noor Ali Zadran,Umar Gul,0,0,"",""
ball,2,0.6,Afghanistan,Mohammad Shahzad,Noor Ali Zadran,Umar Gul,2,0,"",""
ball,2,1.1,Afghanistan,Noor Ali Zadran,Mohammad Shahzad,Anwar Ali,4,0,"",""
ball,2,1.2,Afghanistan,Noor Ali Zadran,Mohammad Shahzad,Anwar Ali,0,0,"",""
ball,2,1.3,Afghanistan,Noor Ali Zadran,Mohammad Shahzad,Anwar Ali,4,0,"",""
ball,2,1.4,Afghanistan,Noor Ali Zadran,Mohammad Shahzad,Anwar Ali,0,0,"",""
ball,2,1.5,Afghanistan,Noor Ali Zadran,Mohammad Shahzad,Anwar Ali,1,0,"",""
ball,2,1.6,Afghanistan,Mohammad Shahzad,Noor Ali Zadran,Anwar Ali,2,0,"",""
ball,2,2.1,Afghanistan,Noor Ali Zadran,Mohammad Shahzad,Umar Gul,0,0,"",""
ball,2,2.2,Afghanistan,Noor Ali Zadran,Mohammad Shahzad,Umar Gul,0,0,"",""
ball,2,2.3,Afghanistan,Noor Ali Zadran,Mohammad Shahzad,Umar Gul,4,0,"",""
ball,2,2.4,Afghanistan,Noor Ali Zadran,Mohammad Shahzad,Umar Gul,0,0,"",""
ball,2,2.5,Afghanistan,Noor Ali Zadran,Mohammad Shahzad,Umar Gul,0,0,"",""
ball,2,2.6,Afghanistan,Noor Ali Zadran,Mohammad Shahzad,Umar Gul,0,0,"",""
ball,2,3.1,Afghanistan,Mohammad Shahzad,Noor Ali Zadran,Junaid Khan,1,0,"",""
ball,2,3.2,Afghanistan,Noor Ali Zadran,Mohammad Shahzad,Junaid Khan,0,0,"",""
ball,2,3.3,Afghanistan,Noor Ali Zadran,Mohammad Shahzad,Junaid Khan,1,0,"",""
ball,2,3.4,Afghanistan,Mohammad Shahzad,Noor Ali Zadran,Junaid Khan,0,0,"",""
ball,2,3.5,Afghanistan,Mohammad Shahzad,Noor Ali Zadran,Junaid Khan,0,0,"",""
ball,2,3.6,Afghanistan,Mohammad Shahzad,Noor Ali Zadran,Junaid Khan,0,0,"",""
ball,2,4.1,Afghanistan,Noor Ali Zadran,Mohammad Shahzad,Umar Gul,0,0,"",""
ball,2,4.2,Afghanistan,Noor Ali Zadran,Mohammad Shahzad,Umar Gul,4,0,"",""
ball,2,4.3,Afghanistan,Noor Ali Zadran,Mohammad Shahzad,Umar Gul,0,0,"",""
ball,2,4.4,Afghanistan,Noor Ali Zadran,Mohammad Shahzad,Umar Gul,4,0,"",""
ball,2,4.5,Afghanistan,Noor Ali Zadran,Mohammad Shahzad,Umar Gul,1,0,"",""
ball,2,4.6,Afghanistan,Mohammad Shahzad,Noor Ali Zadran,Umar Gul,0,0,caught,Mohammad Shahzad
ball,2,5.1,Afghanistan,Noor Ali Zadran,Asghar Stanikzai,Junaid Khan,0,0,"",""
ball,2,5.2,Afghanistan,Noor Ali Zadran,Asghar Stanikzai,Junaid Khan,0,0,"",""
ball,2,5.3,Afghanistan,Noor Ali Zadran,Asghar Stanikzai,Junaid Khan,0,0,"",""
ball,2,5.4,Afghanistan,Noor Ali Zadran,Asghar Stanikzai,Junaid Khan,1,0,"",""
ball,2,5.5,Afghanistan,Asghar Stanikzai,Noor Ali Zadran,Junaid Khan,0,0,"",""
ball,2,5.6,Afghanistan,Asghar Stanikzai,Noor Ali Zadran,Junaid Khan,0,0,"",""
ball,2,6.1,Afghanistan,Noor Ali Zadran,Asghar Stanikzai,Umar Gul,0,0,"",""
ball,2,6.2,Afghanistan,Noor Ali Zadran,Asghar Stanikzai,Umar Gul,1,0,"",""
ball,2,6.3,Afghanistan,Asghar Stanikzai,Noor Ali Zadran,Umar Gul,0,0,"",""
ball,2,6.4,Afghanistan,Asghar Stanikzai,Noor Ali Zadran,Umar Gul,0,0,"",""
ball,2,6.5,Afghanistan,Asghar Stanikzai,Noor Ali Zadran,Umar Gul,0,0,"",""
ball,2,6.6,Afghanistan,Asghar Stanikzai,Noor Ali Zadran,Umar Gul,0,0,"",""
ball,2,7.1,Afghanistan,Noor Ali Zadran,Asghar Stanikzai,Junaid Khan,0,0,"",""
ball,2,7.2,Afghanistan,Noor Ali Zadran,Asghar Stanikzai,Junaid Khan,4,0,"",""
ball,2,7.3,Afghanistan,Noor Ali Zadran,Asghar Stanikzai,Junaid Khan,1,0,"",""
ball,2,7.4,Afghanistan,Asghar Stanikzai,Noor Ali Zadran,Junaid Khan,0,0,"",""
ball,2,7.5,Afghanistan,Asghar Stanikzai,Noor Ali Zadran,Junaid Khan,0,0,"",""
ball,2,7.6,Afghanistan,Asghar Stanikzai,Noor Ali Zadran,Junaid Khan,0,0,"",""
ball,2,8.1,Afghanistan,Noor Ali Zadran,Asghar Stanikzai,Umar Gul,0,0,"",""
ball,2,8.2,Afghanistan,Noor Ali Zadran,Asghar Stanikzai,Umar Gul,1,0,"",""
ball,2,8.3,Afghanistan,Asghar Stanikzai,Noor Ali Zadran,Umar Gul,0,0,"",""
ball,2,8.4,Afghanistan,Asghar Stanikzai,Noor Ali Zadran,Umar Gul,0,0,"",""
ball,2,8.5,Afghanistan,Asghar Stanikzai,Noor Ali Zadran,Umar Gul,1,0,"",""
ball,2,8.6,Afghanistan,Noor Ali Zadran,Asghar Stanikzai,Umar Gul,1,0,"",""
ball,2,9.1,Afghanistan,Noor Ali Zadran,Asghar Stanikzai,Junaid Khan,0,0,"",""
ball,2,9.2,Afghanistan,Noor Ali Zadran,Asghar Stanikzai,Junaid Khan,0,0,"",""
ball,2,9.3,Afghanistan,Noor Ali Zadran,Asghar Stanikzai,Junaid Khan,0,0,"",""
ball,2,9.4,Afghanistan,Noor Ali Zadran,Asghar Stanikzai,Junaid Khan,0,0,"",""
ball,2,9.5,Afghanistan,Noor Ali Zadran,Asghar Stanikzai,Junaid Khan,0,0,"",""
ball,2,9.6,Afghanistan,Noor Ali Zadran,Asghar Stanikzai,Junaid Khan,0,0,"",""
ball,2,10.1,Afghanistan,Asghar Stanikzai,Noor Ali Zadran,Umar Gul,0,0,"",""
ball,2,10.2,Afghanistan,Asghar Stanikzai,Noor Ali Zadran,Umar Gul,0,0,"",""
ball,2,10.3,Afghanistan,Asghar Stanikzai,Noor Ali Zadran,Umar Gul,0,0,"",""
ball,2,10.4,Afghanistan,Asghar Stanikzai,Noor Ali Zadran,Umar Gul,0,0,"",""
ball,2,10.5,Afghanistan,Asghar Stanikzai,Noor Ali Zadran,Umar Gul,0,0,"",""
ball,2,10.6,Afghanistan,Asghar Stanikzai,Noor Ali Zadran,Umar Gul,1,0,"",""
ball,2,11.1,Afghanistan,Asghar Stanikzai,Noor Ali Zadran,Shahid Afridi,1,0,"",""
ball,2,11.2,Afghanistan,Noor Ali Zadran,Asghar Stanikzai,Shahid Afridi,0,0,"",""
ball,2,11.3,Afghanistan,Noor Ali Zadran,Asghar Stanikzai,Shahid Afridi,1,0,"",""
ball,2,11.4,Afghanistan,Asghar Stanikzai,Noor Ali Zadran,Shahid Afridi,0,0,"",""
ball,2,11.5,Afghanistan,Asghar Stanikzai,Noor Ali Zadran,Shahid Afridi,0,0,"",""
ball,2,11.6,Afghanistan,Asghar Stanikzai,Noor Ali Zadran,Shahid Afridi,0,0,"",""
ball,2,12.1,Afghanistan,Noor Ali Zadran,Asghar Stanikzai,Anwar Ali,0,0,"",""
ball,2,12.2,Afghanistan,Noor Ali Zadran,Asghar Stanikzai,Anwar Ali,4,0,"",""
ball,2,12.3,Afghanistan,Noor Ali Zadran,Asghar Stanikzai,Anwar Ali,0,0,"",""
ball,2,12.4,Afghanistan,Noor Ali Zadran,Asghar Stanikzai,Anwar Ali,0,0,"",""
ball,2,12.5,Afghanistan,Noor Ali Zadran,Asghar Stanikzai,Anwar Ali,0,0,"",""
ball,2,12.6,Afghanistan,Noor Ali Zadran,Asghar Stanikzai,Anwar Ali,0,0,"",""
ball,2,13.1,Afghanistan,Asghar Stanikzai,Noor Ali Zadran,Shahid Afridi,1,0,"",""
ball,2,13.2,Afghanistan,Noor Ali Zadran,Asghar Stanikzai,Shahid Afridi,1,0,"",""
ball,2,13.3,Afghanistan,Asghar Stanikzai,Noor Ali Zadran,Shahid Afridi,1,0,"",""
ball,2,13.4,Afghanistan,Noor Ali Zadran,Asghar Stanikzai,Shahid Afridi,1,0,"",""
ball,2,13.5,Afghanistan,Asghar Stanikzai,Noor Ali Zadran,Shahid Afridi,1,0,"",""
ball,2,13.6,Afghanistan,Noor Ali Zadran,Asghar Stanikzai,Shahid Afridi,1,0,"",""
ball,2,14.1,Afghanistan,Noor Ali Zadran,Asghar Stanikzai,Anwar Ali,2,0,"",""
ball,2,14.2,Afghanistan,Noor Ali Zadran,Asghar Stanikzai,Anwar Ali,0,0,"",""
ball,2,14.3,Afghanistan,Noor Ali Zadran,Asghar Stanikzai,Anwar Ali,1,0,"",""
ball,2,14.4,Afghanistan,Asghar Stanikzai,Noor Ali Zadran,Anwar Ali,1,0,"",""
ball,2,14.5,Afghanistan,Noor Ali Zadran,Asghar Stanikzai,Anwar Ali,0,0,"",""
ball,2,14.6,Afghanistan,Noor Ali Zadran,Asghar Stanikzai,Anwar Ali,0,0,"",""
ball,2,15.1,Afghanistan,Asghar Stanikzai,Noor Ali Zadran,Shahid Afridi,0,0,"",""
ball,2,15.2,Afghanistan,Asghar Stanikzai,Noor Ali Zadran,Shahid Afridi,0,0,"",""
ball,2,15.3,Afghanistan,Asghar Stanikzai,Noor Ali Zadran,Shahid Afridi,0,0,"",""
ball,2,15.4,Afghanistan,Asghar Stanikzai,Noor Ali Zadran,Shahid Afridi,0,0,"",""
ball,2,15.5,Afghanistan,Asghar Stanikzai,Noor Ali Zadran,Shahid Afridi,1,0,"",""
ball,2,15.6,Afghanistan,Noor Ali Zadran,Asghar Stanikzai,Shahid Afridi,0,0,"",""
ball,2,16.1,Afghanistan,Asghar Stanikzai,Noor Ali Zadran,Anwar Ali,0,0,"",""
ball,2,16.2,Afghanistan,Asghar Stanikzai,Noor Ali Zadran,Anwar Ali,0,0,"",""
ball,2,16.3,Afghanistan,Asghar Stanikzai,Noor Ali Zadran,Anwar Ali,0,0,"",""
ball,2,16.4,Afghanistan,Asghar Stanikzai,Noor Ali Zadran,Anwar Ali,0,0,"",""
ball,2,16.5,Afghanistan,Asghar Stanikzai,Noor Ali Zadran,Anwar Ali,0,0,"",""
ball,2,16.6,Afghanistan,Asghar Stanikzai,Noor Ali Zadran,Anwar Ali,4,0,"",""
ball,2,17.1,Afghanistan,Noor Ali Zadran,Asghar Stanikzai,Shahid Afridi,0,0,"",""
ball,2,17.2,Afghanistan,Noor Ali Zadran,Asghar Stanikzai,Shahid Afridi,0,0,"",""
ball,2,17.3,Afghanistan,Noor Ali Zadran,Asghar Stanikzai,Shahid Afridi,0,0,"",""
ball,2,17.4,Afghanistan,Noor Ali Zadran,Asghar Stanikzai,Shahid Afridi,0,0,"",""
ball,2,17.5,Afghanistan,Noor Ali Zadran,Asghar Stanikzai,Shahid Afridi,1,0,"",""
ball,2,17.6,Afghanistan,Asghar Stanikzai,Noor Ali Zadran,Shahid Afridi,0,0,"",""
ball,2,18.1,Afghanistan,Noor Ali Zadran,Asghar Stanikzai,Saeed Ajmal,0,0,"",""
ball,2,18.2,Afghanistan,Noor Ali Zadran,Asghar Stanikzai,Saeed Ajmal,0,0,"",""
ball,2,18.3,Afghanistan,Noor Ali Zadran,Asghar Stanikzai,Saeed Ajmal,0,0,"",""
ball,2,18.4,Afghanistan,Noor Ali Zadran,Asghar Stanikzai,Saeed Ajmal,0,0,"",""
ball,2,18.5,Afghanistan,Noor Ali Zadran,Asghar Stanikzai,Saeed Ajmal,0,0,lbw,Noor Ali Zadran
ball,2,18.6,Afghanistan,Nawroz Mangal,Asghar Stanikzai,Saeed Ajmal,0,0,"",""
ball,2,19.1,Afghanistan,Asghar Stanikzai,Nawroz Mangal,Shahid Afridi,0,0,"",""
ball,2,19.2,Afghanistan,Asghar Stanikzai,Nawroz Mangal,Shahid Afridi,0,0,"",""
ball,2,19.3,Afghanistan,Asghar Stanikzai,Nawroz Mangal,Shahid Afridi,0,0,"",""
ball,2,19.4,Afghanistan,Asghar Stanikzai,Nawroz Mangal,Shahid Afridi,0,0,"",""
ball,2,19.5,Afghanistan,Asghar Stanikzai,Nawroz Mangal,Shahid Afridi,1,0,"",""
ball,2,19.6,Afghanistan,Nawroz Mangal,Asghar Stanikzai,Shahid Afridi,0,0,"",""
ball,2,20.1,Afghanistan,Asghar Stanikzai,Nawroz Mangal,Saeed Ajmal,1,0,"",""
ball,2,20.2,Afghanistan,Nawroz Mangal,Asghar Stanikzai,Saeed Ajmal,0,0,"",""
ball,2,20.3,Afghanistan,Nawroz Mangal,Asghar Stanikzai,Saeed Ajmal,0,0,"",""
ball,2,20.4,Afghanistan,Nawroz Mangal,Asghar Stanikzai,Saeed Ajmal,0,0,"",""
ball,2,20.5,Afghanistan,Nawroz Mangal,Asghar Stanikzai,Saeed Ajmal,1,0,"",""
ball,2,20.6,Afghanistan,Asghar Stanikzai,Nawroz Mangal,Saeed Ajmal,1,0,"",""
ball,2,21.1,Afghanistan,Asghar Stanikzai,Nawroz Mangal,Shahid Afridi,0,0,"",""
ball,2,21.2,Afghanistan,Asghar Stanikzai,Nawroz Mangal,Shahid Afridi,0,0,"",""
ball,2,21.3,Afghanistan,Asghar Stanikzai,Nawroz Mangal,Shahid Afridi,0,0,"",""
ball,2,21.4,Afghanistan,Asghar Stanikzai,Nawroz Mangal,Shahid Afridi,0,0,"",""
ball,2,21.5,Afghanistan,Asghar Stanikzai,Nawroz Mangal,Shahid Afridi,0,0,"",""
ball,2,21.6,Afghanistan,Asghar Stanikzai,Nawroz Mangal,Shahid Afridi,1,0,"",""
ball,2,22.1,Afghanistan,Asghar Stanikzai,Nawroz Mangal,Saeed Ajmal,1,0,"",""
ball,2,22.2,Afghanistan,Nawroz Mangal,Asghar Stanikzai,Saeed Ajmal,1,0,"",""
ball,2,22.3,Afghanistan,Asghar Stanikzai,Nawroz Mangal,Saeed Ajmal,0,0,"",""
ball,2,22.4,Afghanistan,Asghar Stanikzai,Nawroz Mangal,Saeed Ajmal,0,1,"",""
ball,2,22.5,Afghanistan,Asghar Stanikzai,Nawroz Mangal,Saeed Ajmal,0,0,"",""
ball,2,22.6,Afghanistan,Asghar Stanikzai,Nawroz Mangal,Saeed Ajmal,0,0,"",""
ball,2,22.7,Afghanistan,Asghar Stanikzai,Nawroz Mangal,Saeed Ajmal,0,0,"",""
ball,2,23.1,Afghanistan,Nawroz Mangal,Asghar Stanikzai,Shahid Afridi,0,0,"",""
ball,2,23.2,Afghanistan,Nawroz Mangal,Asghar Stanikzai,Shahid Afridi,0,0,"",""
ball,2,23.3,Afghanistan,Nawroz Mangal,Asghar Stanikzai,Shahid Afridi,0,0,"",""
ball,2,23.4,Afghanistan,Nawroz Mangal,Asghar Stanikzai,Shahid Afridi,0,0,"",""
ball,2,23.5,Afghanistan,Nawroz Mangal,Asghar Stanikzai,Shahid Afridi,1,0,"",""
ball,2,23.6,Afghanistan,Asghar Stanikzai,Nawroz Mangal,Shahid Afridi,0,0,"",""
ball,2,24.1,Afghanistan,Nawroz Mangal,Asghar Stanikzai,Saeed Ajmal,0,0,"",""
ball,2,24.2,Afghanistan,Nawroz Mangal,Asghar Stanikzai,Saeed Ajmal,1,0,"",""
ball,2,24.3,Afghanistan,Asghar Stanikzai,Nawroz Mangal,Saeed Ajmal,0,0,"",""
ball,2,24.4,Afghanistan,Asghar Stanikzai,Nawroz Mangal,Saeed Ajmal,1,0,"",""
ball,2,24.5,Afghanistan,Nawroz Mangal,Asghar Stanikzai,Saeed Ajmal,0,0,"",""
ball,2,24.6,Afghanistan,Nawroz Mangal,Asghar Stanikzai,Saeed Ajmal,1,0,"",""
ball,2,25.1,Afghanistan,Nawroz Mangal,Asghar Stanikzai,Mohammad Hafeez,0,0,"",""
ball,2,25.2,Afghanistan,Nawroz Mangal,Asghar Stanikzai,Mohammad Hafeez,1,0,"",""
ball,2,25.3,Afghanistan,Asghar Stanikzai,Nawroz Mangal,Mohammad Hafeez,1,0,"",""
ball,2,25.4,Afghanistan,Nawroz Mangal,Asghar Stanikzai,Mohammad Hafeez,0,0,"",""
ball,2,25.5,Afghanistan,Nawroz Mangal,Asghar Stanikzai,Mohammad Hafeez,0,0,"",""
ball,2,25.6,Afghanistan,Nawroz Mangal,Asghar Stanikzai,Mohammad Hafeez,1,0,"",""
ball,2,26.1,Afghanistan,Nawroz Mangal,Asghar Stanikzai,Umar Gul,0,0,"",""
ball,2,26.2,Afghanistan,Nawroz Mangal,Asghar Stanikzai,Umar Gul,0,0,"",""
ball,2,26.3,Afghanistan,Nawroz Mangal,Asghar Stanikzai,Umar Gul,4,0,"",""
ball,2,26.4,Afghanistan,Nawroz Mangal,Asghar Stanikzai,Umar Gul,0,0,"",""
ball,2,26.5,Afghanistan,Nawroz Mangal,Asghar Stanikzai,Umar Gul,0,0,"",""
ball,2,26.6,Afghanistan,Nawroz Mangal,Asghar Stanikzai,Umar Gul,0,0,"",""
ball,2,27.1,Afghanistan,Asghar Stanikzai,Nawroz Mangal,Mohammad Hafeez,0,0,"",""
ball,2,27.2,Afghanistan,Asghar Stanikzai,Nawroz Mangal,Mohammad Hafeez,0,4,"",""
ball,2,27.3,Afghanistan,Asghar Stanikzai,Nawroz Mangal,Mohammad Hafeez,0,0,"",""
ball,2,27.4,Afghanistan,Asghar Stanikzai,Nawroz Mangal,Mohammad Hafeez,1,0,"",""
ball,2,27.5,Afghanistan,Nawroz Mangal,Asghar Stanikzai,Mohammad Hafeez,1,0,"",""
ball,2,27.6,Afghanistan,Asghar Stanikzai,Nawroz Mangal,Mohammad Hafeez,0,0,"",""
ball,2,28.1,Afghanistan,Nawroz Mangal,Asghar Stanikzai,Umar Gul,0,0,"",""
ball,2,28.2,Afghanistan,Nawroz Mangal,Asghar Stanikzai,Umar Gul,2,0,"",""
ball,2,28.3,Afghanistan,Nawroz Mangal,Asghar Stanikzai,Umar Gul,1,0,"",""
ball,2,28.4,Afghanistan,Asghar Stanikzai,Nawroz Mangal,Umar Gul,0,0,"",""
ball,2,28.5,Afghanistan,Asghar Stanikzai,Nawroz Mangal,Umar Gul,1,0,"",""
ball,2,28.6,Afghanistan,Nawroz Mangal,Asghar Stanikzai,Umar Gul,4,0,"",""
ball,2,29.1,Afghanistan,Asghar Stanikzai,Nawroz Mangal,Mohammad Hafeez,0,0,"",""
ball,2,29.2,Afghanistan,Asghar Stanikzai,Nawroz Mangal,Mohammad Hafeez,1,0,"",""
ball,2,29.3,Afghanistan,Nawroz Mangal,Asghar Stanikzai,Mohammad Hafeez,1,0,"",""
ball,2,29.4,Afghanistan,Asghar Stanikzai,Nawroz Mangal,Mohammad Hafeez,1,0,"",""
ball,2,29.5,Afghanistan,Nawroz Mangal,Asghar Stanikzai,Mohammad Hafeez,0,0,"",""
ball,2,29.6,Afghanistan,Nawroz Mangal,Asghar Stanikzai,Mohammad Hafeez,0,1,"",""
ball,2,29.7,Afghanistan,Nawroz Mangal,Asghar Stanikzai,Mohammad Hafeez,1,0,"",""
ball,2,30.1,Afghanistan,Nawroz Mangal,Asghar Stanikzai,Junaid Khan,0,0,"",""
ball,2,30.2,Afghanistan,Nawroz Mangal,Asghar Stanikzai,Junaid Khan,1,0,"",""
ball,2,30.3,Afghanistan,Asghar Stanikzai,Nawroz Mangal,Junaid Khan,0,0,"",""
ball,2,30.4,Afghanistan,Asghar Stanikzai,Nawroz Mangal,Junaid Khan,4,0,"",""
ball,2,30.5,Afghanistan,Asghar Stanikzai,Nawroz Mangal,Junaid Khan,0,0,"",""
ball,2,30.6,Afghanistan,Asghar Stanikzai,Nawroz Mangal,Junaid Khan,0,0,"",""
ball,2,31.1,Afghanistan,Nawroz Mangal,Asghar Stanikzai,Mohammad Hafeez,1,0,"",""
ball,2,31.2,Afghanistan,Asghar Stanikzai,Nawroz Mangal,Mohammad Hafeez,1,0,"",""
ball,2,31.3,Afghanistan,Nawroz Mangal,Asghar Stanikzai,Mohammad Hafeez,0,1,"",""
ball,2,31.4,Afghanistan,Nawroz Mangal,Asghar Stanikzai,Mohammad Hafeez,1,0,"",""
ball,2,31.5,Afghanistan,Asghar Stanikzai,Nawroz Mangal,Mohammad Hafeez,1,0,"",""
ball,2,31.6,Afghanistan,Nawroz Mangal,Asghar Stanikzai,Mohammad Hafeez,1,0,"",""
ball,2,31.7,Afghanistan,Asghar Stanikzai,Nawroz Mangal,Mohammad Hafeez,0,0,"",""
ball,2,32.1,Afghanistan,Nawroz Mangal,Asghar Stanikzai,Junaid Khan,1,0,"",""
ball,2,32.2,Afghanistan,Asghar Stanikzai,Nawroz Mangal,Junaid Khan,1,0,"",""
ball,2,32.3,Afghanistan,Nawroz Mangal,Asghar Stanikzai,Junaid Khan,1,0,"",""
ball,2,32.4,Afghanistan,Asghar Stanikzai,Nawroz Mangal,Junaid Khan,0,0,"",""
ball,2,32.5,Afghanistan,Asghar Stanikzai,Nawroz Mangal,Junaid Khan,0,0,"",""
ball,2,32.6,Afghanistan,Asghar Stanikzai,Nawroz Mangal,Junaid Khan,0,4,"",""
ball,2,33.1,Afghanistan,Nawroz Mangal,Asghar Stanikzai,Mohammad Hafeez,0,0,"",""
ball,2,33.2,Afghanistan,Nawroz Mangal,Asghar Stanikzai,Mohammad Hafeez,1,0,"",""
ball,2,33.3,Afghanistan,Asghar Stanikzai,Nawroz Mangal,Mohammad Hafeez,1,0,"",""
ball,2,33.4,Afghanistan,Nawroz Mangal,Asghar Stanikzai,Mohammad Hafeez,1,0,"",""
ball,2,33.5,Afghanistan,Asghar Stanikzai,Nawroz Mangal,Mohammad Hafeez,0,0,"",""
ball,2,33.6,Afghanistan,Asghar Stanikzai,Nawroz Mangal,Mohammad Hafeez,0,0,"",""
ball,2,34.1,Afghanistan,Nawroz Mangal,Asghar Stanikzai,Shahid Afridi,0,0,"",""
ball,2,34.2,Afghanistan,Nawroz Mangal,Asghar Stanikzai,Shahid Afridi,1,0,"",""
ball,2,34.3,Afghanistan,Asghar Stanikzai,Nawroz Mangal,Shahid Afridi,0,0,"",""
ball,2,34.4,Afghanistan,Asghar Stanikzai,Nawroz Mangal,Shahid Afridi,2,0,"",""
ball,2,34.5,Afghanistan,Asghar Stanikzai,Nawroz Mangal,Shahid Afridi,1,0,"",""
ball,2,34.6,Afghanistan,Nawroz Mangal,Asghar Stanikzai,Shahid Afridi,0,0,"",""
ball,2,35.1,Afghanistan,Asghar Stanikzai,Nawroz Mangal,Saeed Ajmal,1,0,"",""
ball,2,35.2,Afghanistan,Nawroz Mangal,Asghar Stanikzai,Saeed Ajmal,4,0,"",""
ball,2,35.3,Afghanistan,Nawroz Mangal,Asghar Stanikzai,Saeed Ajmal,0,0,"",""
ball,2,35.4,Afghanistan,Nawroz Mangal,Asghar Stanikzai,Saeed Ajmal,0,0,"",""
ball,2,35.5,Afghanistan,Nawroz Mangal,Asghar Stanikzai,Saeed Ajmal,0,0,"",""
ball,2,35.6,Afghanistan,Nawroz Mangal,Asghar Stanikzai,Saeed Ajmal,0,0,"",""
ball,2,36.1,Afghanistan,Asghar Stanikzai,Nawroz Mangal,Shahid Afridi,4,0,"",""
ball,2,36.2,Afghanistan,Asghar Stanikzai,Nawroz Mangal,Shahid Afridi,1,0,"",""
ball,2,36.3,Afghanistan,Nawroz Mangal,Asghar Stanikzai,Shahid Afridi,0,0,"",""
ball,2,36.4,Afghanistan,Nawroz Mangal,Asghar Stanikzai,Shahid Afridi,0,0,"",""
ball,2,36.5,Afghanistan,Nawroz Mangal,Asghar Stanikzai,Shahid Afridi,1,0,"",""
ball,2,36.6,Afghanistan,Asghar Stanikzai,Nawroz Mangal,Shahid Afridi,0,0,caught,Asghar Stanikzai
ball,2,37.1,Afghanistan,Nawroz Mangal,Mohammad Nabi,Saeed Ajmal,0,0,"",""
ball,2,37.2,Afghanistan,Nawroz Mangal,Mohammad Nabi,Saeed Ajmal,0,1,run out,Nawroz Mangal
ball,2,37.3,Afghanistan,Mohammad Nabi,Najibullah Zadran,Saeed Ajmal,0,0,"",""
ball,2,37.4,Afghanistan,Mohammad Nabi,Najibullah Zadran,Saeed Ajmal,1,0,"",""
ball,2,37.5,Afghanistan,Najibullah Zadran,Mohammad Nabi,Saeed Ajmal,0,0,"",""
ball,2,37.6,Afghanistan,Najibullah Zadran,Mohammad Nabi,Saeed Ajmal,0,0,"",""
ball,2,37.7,Afghanistan,Najibullah Zadran,Mohammad Nabi,Saeed Ajmal,0,0,"",""
ball,2,38.1,Afghanistan,Mohammad Nabi,Najibullah Zadran,Shahid Afridi,0,0,"",""
ball,2,38.2,Afghanistan,Mohammad Nabi,Najibullah Zadran,Shahid Afridi,0,0,"",""
ball,2,38.3,Afghanistan,Mohammad Nabi,Najibullah Zadran,Shahid Afridi,0,0,"",""
ball,2,38.4,Afghanistan,Mohammad Nabi,Najibullah Zadran,Shahid Afridi,0,0,"",""
ball,2,38.5,Afghanistan,Mohammad Nabi,Najibullah Zadran,Shahid Afridi,4,0,"",""
ball,2,38.6,Afghanistan,Mohammad Nabi,Najibullah Zadran,Shahid Afridi,4,0,"",""
ball,2,39.1,Afghanistan,Najibullah Zadran,Mohammad Nabi,Mohammad Hafeez,0,0,"",""
ball,2,39.2,Afghanistan,Najibullah Zadran,Mohammad Nabi,Mohammad Hafeez,1,0,"",""
ball,2,39.3,Afghanistan,Mohammad Nabi,Najibullah Zadran,Mohammad Hafeez,0,0,"",""
ball,2,39.4,Afghanistan,Mohammad Nabi,Najibullah Zadran,Mohammad Hafeez,1,0,"",""
ball,2,39.5,Afghanistan,Najibullah Zadran,Mohammad Nabi,Mohammad Hafeez,0,0,bowled,Najibullah Zadran
ball,2,39.6,Afghanistan,Samiullah Shenwari,Mohammad Nabi,Mohammad Hafeez,2,0,"",""
ball,2,40.1,Afghanistan,Mohammad Nabi,Samiullah Shenwari,Umar Gul,4,0,"",""
ball,2,40.2,Afghanistan,Mohammad Nabi,Samiullah Shenwari,Umar Gul,1,0,"",""
ball,2,40.3,Afghanistan,Samiullah Shenwari,Mohammad Nabi,Umar Gul,1,0,"",""
ball,2,40.4,Afghanistan,Mohammad Nabi,Samiullah Shenwari,Umar Gul,0,0,lbw,Mohammad Nabi
ball,2,40.5,Afghanistan,Mirwais Ashraf,Samiullah Shenwari,Umar Gul,1,0,"",""
ball,2,40.6,Afghanistan,Samiullah Shenwari,Mirwais Ashraf,Umar Gul,1,0,"",""
ball,2,41.1,Afghanistan,Samiullah Shenwari,Mirwais Ashraf,Mohammad Hafeez,1,0,"",""
ball,2,41.2,Afghanistan,Mirwais Ashraf,Samiullah Shenwari,Mohammad Hafeez,0,0,"",""
ball,2,41.3,Afghanistan,Mirwais Ashraf,Samiullah Shenwari,Mohammad Hafeez,0,0,"",""
ball,2,41.4,Afghanistan,Mirwais Ashraf,Samiullah Shenwari,Mohammad Hafeez,1,0,"",""
ball,2,41.5,Afghanistan,Samiullah Shenwari,Mirwais Ashraf,Mohammad Hafeez,0,0,"",""
ball,2,41.6,Afghanistan,Samiullah Shenwari,Mirwais Ashraf,Mohammad Hafeez,1,0,"",""
ball,2,42.1,Afghanistan,Samiullah Shenwari,Mirwais Ashraf,Saeed Ajmal,4,0,"",""
ball,2,42.2,Afghanistan,Samiullah Shenwari,Mirwais Ashraf,Saeed Ajmal,1,0,"",""
ball,2,42.3,Afghanistan,Mirwais Ashraf,Samiullah Shenwari,Saeed Ajmal,0,0,"",""
ball,2,42.4,Afghanistan,Mirwais Ashraf,Samiullah Shenwari,Saeed Ajmal,0,0,"",""
ball,2,42.5,Afghanistan,Mirwais Ashraf,Samiullah Shenwari,Saeed Ajmal,1,0,"",""
ball,2,42.6,Afghanistan,Samiullah Shenwari,Mirwais Ashraf,Saeed Ajmal,0,0,"",""
ball,2,43.1,Afghanistan,Mirwais Ashraf,Samiullah Shenwari,Mohammad Hafeez,0,0,"",""
ball,2,43.2,Afghanistan,Mirwais Ashraf,Samiullah Shenwari,Mohammad Hafeez,0,0,"",""
ball,2,43.3,Afghanistan,Mirwais Ashraf,Samiullah Shenwari,Mohammad Hafeez,0,0,"",""
ball,2,43.4,Afghanistan,Mirwais Ashraf,Samiullah Shenwari,Mohammad Hafeez,0,0,"",""
ball,2,43.5,Afghanistan,Mirwais Ashraf,Samiullah Shenwari,Mohammad Hafeez,1,0,"",""
ball,2,43.6,Afghanistan,Samiullah Shenwari,Mirwais Ashraf,Mohammad Hafeez,0,1,"",""
ball,2,43.7,Afghanistan,Samiullah Shenwari,Mirwais Ashraf,Mohammad Hafeez,0,0,run out,Mirwais Ashraf
ball,2,44.1,Afghanistan,Dawlat Zadran,Samiullah Shenwari,Saeed Ajmal,0,0,bowled,Dawlat Zadran
ball,2,44.2,Afghanistan,Shapoor Zadran,Samiullah Shenwari,Saeed Ajmal,0,0,"",""
ball,2,44.3,Afghanistan,Shapoor Zadran,Samiullah Shenwari,Saeed Ajmal,0,0,"",""
ball,2,44.4,Afghanistan,Shapoor Zadran,Samiullah Shenwari,Saeed Ajmal,1,0,"",""
ball,2,44.5,Afghanistan,Samiullah Shenwari,Shapoor Zadran,Saeed Ajmal,1,0,"",""
ball,2,44.6,Afghanistan,Shapoor Zadran,Samiullah Shenwari,Saeed Ajmal,0,0,"",""
ball,2,45.1,Afghanistan,Samiullah Shenwari,Shapoor Zadran,Mohammad Hafeez,0,0,"",""
ball,2,45.2,Afghanistan,Samiullah Shenwari,Shapoor Zadran,Mohammad Hafeez,0,0,"",""
ball,2,45.3,Afghanistan,Samiullah Shenwari,Shapoor Zadran,Mohammad Hafeez,1,0,"",""
ball,2,45.4,Afghanistan,Shapoor Zadran,Samiullah Shenwari,Mohammad Hafeez,0,0,"",""
ball,2,45.5,Afghanistan,Shapoor Zadran,Samiullah Shenwari,Mohammad Hafeez,0,0,"",""
ball,2,45.6,Afghanistan,Shapoor Zadran,Samiullah Shenwari,Mohammad Hafeez,0,0,caught,Shapoor Zadran
ball,2,46.1,Afghanistan,Samiullah Shenwari,Amir Hamza,Saeed Ajmal,0,0,"",""
ball,2,46.2,Afghanistan,Samiullah Shenwari,Amir Hamza,Saeed Ajmal,0,0,"",""
ball,2,46.3,Afghanistan,Samiullah Shenwari,Amir Hamza,Saeed Ajmal,0,0,"",""
ball,2,46.4,Afghanistan,Samiullah Shenwari,Amir Hamza,Saeed Ajmal,1,0,"",""
ball,2,46.5,Afghanistan,Amir Hamza,Samiullah Shenwari,Saeed Ajmal,0,0,"",""
ball,2,46.6,Afghanistan,Amir Hamza,Samiullah Shenwari,Saeed Ajmal,0,0,"",""
ball,2,47.1,Afghanistan,Samiullah Shenwari,Amir Hamza,Mohammad Hafeez,0,0,"",""
ball,2,47.2,Afghanistan,Samiullah Shenwari,Amir Hamza,Mohammad Hafeez,0,0,bowled,Samiullah Shenwari
