version,1.3.0
info,team,Bangladesh
info,team,Sri Lanka
info,gender,male
info,season,2013/14
info,date,2014/03/06
info,competition,Asia Cup
info,match_number,10
info,venue,Shere Bangla National Stadium
info,city,Mirpur
info,toss_winner,Bangladesh
info,toss_decision,bat
info,player_of_match,AD Mathews
info,umpire,BF Bowden
info,umpire,BNJ Oxenford
info,reserve_umpire,Tanvir Ahmed
info,tv_umpire,Ahsan Raza
info,match_referee,JJ Crowe
info,winner,Sri Lanka
info,winner_wickets,3
ball,1,0.1,Bangladesh,Anamul Haque,Shamsur Rahman,RAS Lakmal,0,0,"",""
ball,1,0.2,Bangladesh,Anamul Haque,Shamsur Rahman,RAS Lakmal,1,0,"",""
ball,1,0.3,Bangladesh,Shamsur Rahman,Anamul Haque,RAS Lakmal,0,0,"",""
ball,1,0.4,Bangladesh,Shamsur Rahman,Anamul Haque,RAS Lakmal,0,0,"",""
ball,1,0.5,Bangladesh,Shamsur Rahman,Anamul Haque,RAS Lakmal,4,0,"",""
ball,1,0.6,Bangladesh,Shamsur Rahman,Anamul Haque,RAS Lakmal,1,0,"",""
ball,1,1.1,Bangladesh,Shamsur Rahman,Anamul Haque,NLTC Perera,0,0,"",""
ball,1,1.2,Bangladesh,Shamsur Rahman,Anamul Haque,NLTC Perera,1,0,"",""
ball,1,1.3,Bangladesh,Anamul Haque,Shamsur Rahman,NLTC Perera,0,0,"",""
ball,1,1.4,Bangladesh,Anamul Haque,Shamsur Rahman,NLTC Perera,0,0,"",""
ball,1,1.5,Bangladesh,Anamul Haque,Shamsur Rahman,NLTC Perera,0,0,"",""
ball,1,1.6,Bangladesh,Anamul Haque,Shamsur Rahman,NLTC Perera,4,0,"",""
ball,1,2.1,Bangladesh,Shamsur Rahman,Anamul Haque,RAS Lakmal,0,0,"",""
ball,1,2.2,Bangladesh,Shamsur Rahman,Anamul Haque,RAS Lakmal,1,0,"",""
ball,1,2.3,Bangladesh,Anamul Haque,Shamsur Rahman,RAS Lakmal,0,0,"",""
ball,1,2.4,Bangladesh,Anamul Haque,Shamsur Rahman,RAS Lakmal,0,0,"",""
ball,1,2.5,Bangladesh,Anamul Haque,Shamsur Rahman,RAS Lakmal,0,0,"",""
ball,1,2.6,Bangladesh,Anamul Haque,Shamsur Rahman,RAS Lakmal,1,0,"",""
ball,1,3.1,Bangladesh,Anamul Haque,Shamsur Rahman,NLTC Perera,0,0,"",""
ball,1,3.2,Bangladesh,Anamul Haque,Shamsur Rahman,NLTC Perera,0,0,"",""
ball,1,3.3,Bangladesh,Anamul Haque,Shamsur Rahman,NLTC Perera,1,0,"",""
ball,1,3.4,Bangladesh,Shamsur Rahman,Anamul Haque,NLTC Perera,0,0,"",""
ball,1,3.5,Bangladesh,Shamsur Rahman,Anamul Haque,NLTC Perera,0,0,"",""
ball,1,3.6,Bangladesh,Shamsur Rahman,Anamul Haque,NLTC Perera,1,0,"",""
ball,1,4.1,Bangladesh,Shamsur Rahman,Anamul Haque,RAS Lakmal,0,0,"",""
ball,1,4.2,Bangladesh,Shamsur Rahman,Anamul Haque,RAS Lakmal,0,0,"",""
ball,1,4.3,Bangladesh,Shamsur Rahman,Anamul Haque,RAS Lakmal,0,0,"",""
ball,1,4.4,Bangladesh,Shamsur Rahman,Anamul Haque,RAS Lakmal,0,0,"",""
ball,1,4.5,Bangladesh,Shamsur Rahman,Anamul Haque,RAS Lakmal,1,0,"",""
ball,1,4.6,Bangladesh,Anamul Haque,Shamsur Rahman,RAS Lakmal,0,0,"",""
ball,1,5.1,Bangladesh,Shamsur Rahman,Anamul Haque,NLTC Perera,0,1,"",""
ball,1,5.2,Bangladesh,Shamsur Rahman,Anamul Haque,NLTC Perera,1,0,"",""
ball,1,5.3,Bangladesh,Anamul Haque,Shamsur Rahman,NLTC Perera,4,0,"",""
ball,1,5.4,Bangladesh,Anamul Haque,Shamsur Rahman,NLTC Perera,0,0,"",""
ball,1,5.5,Bangladesh,Anamul Haque,Shamsur Rahman,NLTC Perera,0,0,"",""
ball,1,5.6,Bangladesh,Anamul Haque,Shamsur Rahman,NLTC Perera,0,0,"",""
ball,1,5.7,Bangladesh,Anamul Haque,Shamsur Rahman,NLTC Perera,1,0,"",""
ball,1,6.1,Bangladesh,Anamul Haque,Shamsur Rahman,RAS Lakmal,1,0,"",""
ball,1,6.2,Bangladesh,Shamsur Rahman,Anamul Haque,RAS Lakmal,0,0,"",""
ball,1,6.3,Bangladesh,Shamsur Rahman,Anamul Haque,RAS Lakmal,0,0,"",""
ball,1,6.4,Bangladesh,Shamsur Rahman,Anamul Haque,RAS Lakmal,0,0,"",""
ball,1,6.5,Bangladesh,Shamsur Rahman,Anamul Haque,RAS Lakmal,4,0,"",""
ball,1,6.6,Bangladesh,Shamsur Rahman,Anamul Haque,RAS Lakmal,0,0,"",""
ball,1,7.1,Bangladesh,Anamul Haque,Shamsur Rahman,SMSM Senanayake,0,0,"",""
ball,1,7.2,Bangladesh,Anamul Haque,Shamsur Rahman,SMSM Senanayake,1,0,"",""
ball,1,7.3,Bangladesh,Shamsur Rahman,Anamul Haque,SMSM Senanayake,0,0,"",""
ball,1,7.4,Bangladesh,Shamsur Rahman,Anamul Haque,SMSM Senanayake,0,0,"",""
ball,1,7.5,Bangladesh,Shamsur Rahman,Anamul Haque,SMSM Senanayake,0,0,"",""
ball,1,7.6,Bangladesh,Shamsur Rahman,Anamul Haque,SMSM Senanayake,0,0,"",""
ball,1,8.1,Bangladesh,Anamul Haque,Shamsur Rahman,RAS Lakmal,0,0,"",""
ball,1,8.2,Bangladesh,Anamul Haque,Shamsur Rahman,RAS Lakmal,0,0,"",""
ball,1,8.3,Bangladesh,Anamul Haque,Shamsur Rahman,RAS Lakmal,1,0,"",""
ball,1,8.4,Bangladesh,Shamsur Rahman,Anamul Haque,RAS Lakmal,0,0,"",""
ball,1,8.5,Bangladesh,Shamsur Rahman,Anamul Haque,RAS Lakmal,0,0,"",""
ball,1,8.6,Bangladesh,Shamsur Rahman,Anamul Haque,RAS Lakmal,1,0,"",""
ball,1,9.1,Bangladesh,Shamsur Rahman,Anamul Haque,SMSM Senanayake,0,0,"",""
ball,1,9.2,Bangladesh,Shamsur Rahman,Anamul Haque,SMSM Senanayake,0,0,"",""
ball,1,9.3,Bangladesh,Shamsur Rahman,Anamul Haque,SMSM Senanayake,4,0,"",""
ball,1,9.4,Bangladesh,Shamsur Rahman,Anamul Haque,SMSM Senanayake,4,0,"",""
ball,1,9.5,Bangladesh,Shamsur Rahman,Anamul Haque,SMSM Senanayake,0,0,"",""
ball,1,9.6,Bangladesh,Shamsur Rahman,Anamul Haque,SMSM Senanayake,0,0,"",""
ball,1,10.1,Bangladesh,Anamul Haque,Shamsur Rahman,NLTC Perera,0,0,"",""
ball,1,10.2,Bangladesh,Anamul Haque,Shamsur Rahman,NLTC Perera,1,0,"",""
ball,1,10.3,Bangladesh,Shamsur Rahman,Anamul Haque,NLTC Perera,1,0,"",""
ball,1,10.4,Bangladesh,Anamul Haque,Shamsur Rahman,NLTC Perera,0,0,"",""
ball,1,10.5,Bangladesh,Anamul Haque,Shamsur Rahman,NLTC Perera,2,0,"",""
ball,1,10.6,Bangladesh,Anamul Haque,Shamsur Rahman,NLTC Perera,0,0,"",""
ball,1,11.1,Bangladesh,Shamsur Rahman,Anamul Haque,PC de Silva,0,0,"",""
ball,1,11.2,Bangladesh,Shamsur Rahman,Anamul Haque,PC de Silva,0,0,"",""
ball,1,11.3,Bangladesh,Shamsur Rahman,Anamul Haque,PC de Silva,0,0,"",""
ball,1,11.4,Bangladesh,Shamsur Rahman,Anamul Haque,PC de Silva,1,0,"",""
ball,1,11.5,Bangladesh,Anamul Haque,Shamsur Rahman,PC de Silva,1,0,"",""
ball,1,11.6,Bangladesh,Shamsur Rahman,Anamul Haque,PC de Silva,0,0,"",""
ball,1,12.1,Bangladesh,Anamul Haque,Shamsur Rahman,NLTC Perera,0,0,"",""
ball,1,12.2,Bangladesh,Anamul Haque,Shamsur Rahman,NLTC Perera,0,0,"",""
ball,1,12.3,Bangladesh,Anamul Haque,Shamsur Rahman,NLTC Perera,2,0,"",""
ball,1,12.4,Bangladesh,Anamul Haque,Shamsur Rahman,NLTC Perera,0,0,"",""
ball,1,12.5,Bangladesh,Anamul Haque,Shamsur Rahman,NLTC Perera,1,0,"",""
ball,1,12.6,Bangladesh,Shamsur Rahman,Anamul Haque,NLTC Perera,0,0,"",""
ball,1,13.1,Bangladesh,Anamul Haque,Shamsur Rahman,PC de Silva,1,0,"",""
ball,1,13.2,Bangladesh,Shamsur Rahman,Anamul Haque,PC de Silva,0,0,"",""
ball,1,13.3,Bangladesh,Shamsur Rahman,Anamul Haque,PC de Silva,0,0,"",""
ball,1,13.4,Bangladesh,Shamsur Rahman,Anamul Haque,PC de Silva,0,0,"",""
ball,1,13.5,Bangladesh,Shamsur Rahman,Anamul Haque,PC de Silva,4,0,"",""
ball,1,13.6,Bangladesh,Shamsur Rahman,Anamul Haque,PC de Silva,0,0,"",""
ball,1,14.1,Bangladesh,Anamul Haque,Shamsur Rahman,BAW Mendis,1,0,"",""
ball,1,14.2,Bangladesh,Shamsur Rahman,Anamul Haque,BAW Mendis,1,0,"",""
ball,1,14.3,Bangladesh,Anamul Haque,Shamsur Rahman,BAW Mendis,1,0,"",""
ball,1,14.4,Bangladesh,Shamsur Rahman,Anamul Haque,BAW Mendis,1,0,"",""
ball,1,14.5,Bangladesh,Anamul Haque,Shamsur Rahman,BAW Mendis,1,0,"",""
ball,1,14.6,Bangladesh,Shamsur Rahman,Anamul Haque,BAW Mendis,4,0,"",""
ball,1,15.1,Bangladesh,Anamul Haque,Shamsur Rahman,PC de Silva,6,0,"",""
ball,1,15.2,Bangladesh,Anamul Haque,Shamsur Rahman,PC de Silva,0,0,"",""
ball,1,15.3,Bangladesh,Anamul Haque,Shamsur Rahman,PC de Silva,0,0,"",""
ball,1,15.4,Bangladesh,Anamul Haque,Shamsur Rahman,PC de Silva,0,0,"",""
ball,1,15.5,Bangladesh,Anamul Haque,Shamsur Rahman,PC de Silva,0,0,"",""
ball,1,15.6,Bangladesh,Anamul Haque,Shamsur Rahman,PC de Silva,0,0,"",""
ball,1,16.1,Bangladesh,Shamsur Rahman,Anamul Haque,BAW Mendis,1,0,"",""
ball,1,16.2,Bangladesh,Anamul Haque,Shamsur Rahman,BAW Mendis,0,0,"",""
ball,1,16.3,Bangladesh,Anamul Haque,Shamsur Rahman,BAW Mendis,1,0,"",""
ball,1,16.4,Bangladesh,Shamsur Rahman,Anamul Haque,BAW Mendis,1,0,"",""
ball,1,16.5,Bangladesh,Anamul Haque,Shamsur Rahman,BAW Mendis,0,0,"",""
ball,1,16.6,Bangladesh,Anamul Haque,Shamsur Rahman,BAW Mendis,0,0,"",""
ball,1,17.1,Bangladesh,Shamsur Rahman,Anamul Haque,PC de Silva,1,0,"",""
ball,1,17.2,Bangladesh,Anamul Haque,Shamsur Rahman,PC de Silva,1,0,"",""
ball,1,17.3,Bangladesh,Shamsur Rahman,Anamul Haque,PC de Silva,0,0,"",""
ball,1,17.4,Bangladesh,Shamsur Rahman,Anamul Haque,PC de Silva,1,0,"",""
ball,1,17.5,Bangladesh,Anamul Haque,Shamsur Rahman,PC de Silva,0,0,"",""
ball,1,17.6,Bangladesh,Anamul Haque,Shamsur Rahman,PC de Silva,0,0,"",""
ball,1,18.1,Bangladesh,Shamsur Rahman,Anamul Haque,BAW Mendis,0,0,"",""
ball,1,18.2,Bangladesh,Shamsur Rahman,Anamul Haque,BAW Mendis,0,0,lbw,Shamsur Rahman
ball,1,18.3,Bangladesh,Mominul Haque,Anamul Haque,BAW Mendis,1,0,"",""
ball,1,18.4,Bangladesh,Anamul Haque,Mominul Haque,BAW Mendis,0,0,"",""
ball,1,18.5,Bangladesh,Anamul Haque,Mominul Haque,BAW Mendis,1,0,"",""
ball,1,18.6,Bangladesh,Mominul Haque,Anamul Haque,BAW Mendis,0,0,bowled,Mominul Haque
ball,1,19.1,Bangladesh,Anamul Haque,Mushfiqur Rahim,PC de Silva,0,0,"",""
ball,1,19.2,Bangladesh,Anamul Haque,Mushfiqur Rahim,PC de Silva,0,0,"",""
ball,1,19.3,Bangladesh,Anamul Haque,Mushfiqur Rahim,PC de Silva,1,0,"",""
ball,1,19.4,Bangladesh,Mushfiqur Rahim,Anamul Haque,PC de Silva,1,0,"",""
ball,1,19.5,Bangladesh,Anamul Haque,Mushfiqur Rahim,PC de Silva,1,0,"",""
ball,1,19.6,Bangladesh,Mushfiqur Rahim,Anamul Haque,PC de Silva,0,0,"",""
ball,1,20.1,Bangladesh,Anamul Haque,Mushfiqur Rahim,BAW Mendis,1,0,"",""
ball,1,20.2,Bangladesh,Mushfiqur Rahim,Anamul Haque,BAW Mendis,1,0,"",""
ball,1,20.3,Bangladesh,Anamul Haque,Mushfiqur Rahim,BAW Mendis,1,0,"",""
ball,1,20.4,Bangladesh,Mushfiqur Rahim,Anamul Haque,BAW Mendis,1,0,"",""
ball,1,20.5,Bangladesh,Anamul Haque,Mushfiqur Rahim,BAW Mendis,0,0,"",""
ball,1,20.6,Bangladesh,Anamul Haque,Mushfiqur Rahim,BAW Mendis,1,0,"",""
ball,1,21.1,Bangladesh,Anamul Haque,Mushfiqur Rahim,PC de Silva,0,0,"",""
ball,1,21.2,Bangladesh,Anamul Haque,Mushfiqur Rahim,PC de Silva,1,0,"",""
ball,1,21.3,Bangladesh,Mushfiqur Rahim,Anamul Haque,PC de Silva,1,0,"",""
ball,1,21.4,Bangladesh,Anamul Haque,Mushfiqur Rahim,PC de Silva,1,0,"",""
ball,1,21.5,Bangladesh,Mushfiqur Rahim,Anamul Haque,PC de Silva,0,0,lbw,Mushfiqur Rahim
ball,1,21.6,Bangladesh,Shakib Al Hasan,Anamul Haque,PC de Silva,0,0,"",""
ball,1,22.1,Bangladesh,Anamul Haque,Shakib Al Hasan,BAW Mendis,0,0,"",""
ball,1,22.2,Bangladesh,Anamul Haque,Shakib Al Hasan,BAW Mendis,1,0,"",""
ball,1,22.3,Bangladesh,Shakib Al Hasan,Anamul Haque,BAW Mendis,4,0,"",""
ball,1,22.4,Bangladesh,Shakib Al Hasan,Anamul Haque,BAW Mendis,1,0,"",""
ball,1,22.5,Bangladesh,Anamul Haque,Shakib Al Hasan,BAW Mendis,0,0,"",""
ball,1,22.6,Bangladesh,Anamul Haque,Shakib Al Hasan,BAW Mendis,0,0,"",""
ball,1,23.1,Bangladesh,Shakib Al Hasan,Anamul Haque,PC de Silva,0,0,"",""
ball,1,23.2,Bangladesh,Shakib Al Hasan,Anamul Haque,PC de Silva,1,0,"",""
ball,1,23.3,Bangladesh,Anamul Haque,Shakib Al Hasan,PC de Silva,0,0,"",""
ball,1,23.4,Bangladesh,Anamul Haque,Shakib Al Hasan,PC de Silva,0,0,"",""
ball,1,23.5,Bangladesh,Anamul Haque,Shakib Al Hasan,PC de Silva,1,0,"",""
ball,1,23.6,Bangladesh,Shakib Al Hasan,Anamul Haque,PC de Silva,0,0,"",""
ball,1,24.1,Bangladesh,Anamul Haque,Shakib Al Hasan,NLTC Perera,0,0,"",""
ball,1,24.2,Bangladesh,Anamul Haque,Shakib Al Hasan,NLTC Perera,1,0,"",""
ball,1,24.3,Bangladesh,Shakib Al Hasan,Anamul Haque,NLTC Perera,0,0,"",""
ball,1,24.4,Bangladesh,Shakib Al Hasan,Anamul Haque,NLTC Perera,0,0,"",""
ball,1,24.5,Bangladesh,Shakib Al Hasan,Anamul Haque,NLTC Perera,0,0,"",""
ball,1,24.6,Bangladesh,Shakib Al Hasan,Anamul Haque,NLTC Perera,1,0,"",""
ball,1,25.1,Bangladesh,Shakib Al Hasan,Anamul Haque,SMSM Senanayake,0,0,"",""
ball,1,25.2,Bangladesh,Shakib Al Hasan,Anamul Haque,SMSM Senanayake,0,0,"",""
ball,1,25.3,Bangladesh,Shakib Al Hasan,Anamul Haque,SMSM Senanayake,0,0,"",""
ball,1,25.4,Bangladesh,Shakib Al Hasan,Anamul Haque,SMSM Senanayake,0,1,"",""
ball,1,25.5,Bangladesh,Anamul Haque,Shakib Al Hasan,SMSM Senanayake,0,0,"",""
ball,1,25.6,Bangladesh,Anamul Haque,Shakib Al Hasan,SMSM Senanayake,0,0,"",""
ball,1,26.1,Bangladesh,Shakib Al Hasan,Anamul Haque,NLTC Perera,0,0,"",""
ball,1,26.2,Bangladesh,Shakib Al Hasan,Anamul Haque,NLTC Perera,0,0,"",""
ball,1,26.3,Bangladesh,Shakib Al Hasan,Anamul Haque,NLTC Perera,0,0,"",""
ball,1,26.4,Bangladesh,Shakib Al Hasan,Anamul Haque,NLTC Perera,1,0,"",""
ball,1,26.5,Bangladesh,Anamul Haque,Shakib Al Hasan,NLTC Perera,1,0,"",""
ball,1,26.6,Bangladesh,Shakib Al Hasan,Anamul Haque,NLTC Perera,0,0,"",""
ball,1,27.1,Bangladesh,Anamul Haque,Shakib Al Hasan,SMSM Senanayake,0,0,"",""
ball,1,27.2,Bangladesh,Anamul Haque,Shakib Al Hasan,SMSM Senanayake,1,0,"",""
ball,1,27.3,Bangladesh,Shakib Al Hasan,Anamul Haque,SMSM Senanayake,0,0,"",""
ball,1,27.4,Bangladesh,Shakib Al Hasan,Anamul Haque,SMSM Senanayake,1,0,"",""
ball,1,27.5,Bangladesh,Anamul Haque,Shakib Al Hasan,SMSM Senanayake,0,0,"",""
ball,1,27.6,Bangladesh,Anamul Haque,Shakib Al Hasan,SMSM Senanayake,0,0,"",""
ball,1,28.1,Bangladesh,Shakib Al Hasan,Anamul Haque,RAS Lakmal,1,0,"",""
ball,1,28.2,Bangladesh,Anamul Haque,Shakib Al Hasan,RAS Lakmal,1,0,"",""
ball,1,28.3,Bangladesh,Shakib Al Hasan,Anamul Haque,RAS Lakmal,0,0,"",""
ball,1,28.4,Bangladesh,Shakib Al Hasan,Anamul Haque,RAS Lakmal,1,0,"",""
ball,1,28.5,Bangladesh,Anamul Haque,Shakib Al Hasan,RAS Lakmal,0,0,"",""
ball,1,28.6,Bangladesh,Anamul Haque,Shakib Al Hasan,RAS Lakmal,1,0,"",""
ball,1,29.1,Bangladesh,Anamul Haque,Shakib Al Hasan,SMA Priyanjan,0,0,caught,Anamul Haque
ball,1,29.2,Bangladesh,Nasir Hossain,Shakib Al Hasan,SMA Priyanjan,1,0,"",""
ball,1,29.3,Bangladesh,Shakib Al Hasan,Nasir Hossain,SMA Priyanjan,1,0,"",""
ball,1,29.4,Bangladesh,Nasir Hossain,Shakib Al Hasan,SMA Priyanjan,0,0,"",""
ball,1,29.5,Bangladesh,Nasir Hossain,Shakib Al Hasan,SMA Priyanjan,0,0,"",""
ball,1,29.6,Bangladesh,Nasir Hossain,Shakib Al Hasan,SMA Priyanjan,0,0,"",""
ball,1,30.1,Bangladesh,Shakib Al Hasan,Nasir Hossain,PC de Silva,1,0,"",""
ball,1,30.2,Bangladesh,Nasir Hossain,Shakib Al Hasan,PC de Silva,1,0,"",""
ball,1,30.3,Bangladesh,Shakib Al Hasan,Nasir Hossain,PC de Silva,1,0,"",""
ball,1,30.4,Bangladesh,Nasir Hossain,Shakib Al Hasan,PC de Silva,0,0,"",""
ball,1,30.5,Bangladesh,Nasir Hossain,Shakib Al Hasan,PC de Silva,0,0,"",""
ball,1,30.6,Bangladesh,Nasir Hossain,Shakib Al Hasan,PC de Silva,0,0,"",""
ball,1,31.1,Bangladesh,Shakib Al Hasan,Nasir Hossain,SMA Priyanjan,1,0,"",""
ball,1,31.2,Bangladesh,Nasir Hossain,Shakib Al Hasan,SMA Priyanjan,0,0,"",""
ball,1,31.3,Bangladesh,Nasir Hossain,Shakib Al Hasan,SMA Priyanjan,0,0,"",""
ball,1,31.4,Bangladesh,Nasir Hossain,Shakib Al Hasan,SMA Priyanjan,2,0,"",""
ball,1,31.5,Bangladesh,Nasir Hossain,Shakib Al Hasan,SMA Priyanjan,0,0,"",""
ball,1,31.6,Bangladesh,Nasir Hossain,Shakib Al Hasan,SMA Priyanjan,0,0,"",""
ball,1,32.1,Bangladesh,Shakib Al Hasan,Nasir Hossain,PC de Silva,0,0,"",""
ball,1,32.2,Bangladesh,Shakib Al Hasan,Nasir Hossain,PC de Silva,1,0,"",""
ball,1,32.3,Bangladesh,Nasir Hossain,Shakib Al Hasan,PC de Silva,0,0,"",""
ball,1,32.4,Bangladesh,Nasir Hossain,Shakib Al Hasan,PC de Silva,0,0,"",""
ball,1,32.5,Bangladesh,Nasir Hossain,Shakib Al Hasan,PC de Silva,0,0,"",""
ball,1,32.6,Bangladesh,Nasir Hossain,Shakib Al Hasan,PC de Silva,0,0,"",""
ball,1,33.1,Bangladesh,Shakib Al Hasan,Nasir Hossain,SMA Priyanjan,4,0,"",""
ball,1,33.2,Bangladesh,Shakib Al Hasan,Nasir Hossain,SMA Priyanjan,0,0,caught,Shakib Al Hasan
ball,1,33.3,Bangladesh,Mahmudullah,Nasir Hossain,SMA Priyanjan,1,0,"",""
ball,1,33.4,Bangladesh,Nasir Hossain,Mahmudullah,SMA Priyanjan,1,0,"",""
ball,1,33.5,Bangladesh,Mahmudullah,Nasir Hossain,SMA Priyanjan,0,0,"",""
ball,1,33.6,Bangladesh,Mahmudullah,Nasir Hossain,SMA Priyanjan,0,0,"",""
ball,1,34.1,Bangladesh,Nasir Hossain,Mahmudullah,PC de Silva,1,0,"",""
ball,1,34.2,Bangladesh,Mahmudullah,Nasir Hossain,PC de Silva,0,0,"",""
ball,1,34.3,Bangladesh,Mahmudullah,Nasir Hossain,PC de Silva,2,0,"",""
ball,1,34.4,Bangladesh,Mahmudullah,Nasir Hossain,PC de Silva,0,0,"",""
ball,1,34.5,Bangladesh,Mahmudullah,Nasir Hossain,PC de Silva,1,0,"",""
ball,1,34.6,Bangladesh,Nasir Hossain,Mahmudullah,PC de Silva,1,0,"",""
ball,1,35.1,Bangladesh,Nasir Hossain,Mahmudullah,SMSM Senanayake,1,0,"",""
ball,1,35.2,Bangladesh,Mahmudullah,Nasir Hossain,SMSM Senanayake,0,0,"",""
ball,1,35.3,Bangladesh,Mahmudullah,Nasir Hossain,SMSM Senanayake,0,0,"",""
ball,1,35.4,Bangladesh,Mahmudullah,Nasir Hossain,SMSM Senanayake,0,0,"",""
ball,1,35.5,Bangladesh,Mahmudullah,Nasir Hossain,SMSM Senanayake,0,0,"",""
ball,1,35.6,Bangladesh,Mahmudullah,Nasir Hossain,SMSM Senanayake,1,0,"",""
ball,1,36.1,Bangladesh,Mahmudullah,Nasir Hossain,RAS Lakmal,0,1,"",""
ball,1,36.2,Bangladesh,Mahmudullah,Nasir Hossain,RAS Lakmal,0,0,"",""
ball,1,36.3,Bangladesh,Mahmudullah,Nasir Hossain,RAS Lakmal,2,0,"",""
ball,1,36.4,Bangladesh,Mahmudullah,Nasir Hossain,RAS Lakmal,0,0,"",""
ball,1,36.5,Bangladesh,Mahmudullah,Nasir Hossain,RAS Lakmal,1,0,"",""
ball,1,36.6,Bangladesh,Nasir Hossain,Mahmudullah,RAS Lakmal,0,0,"",""
ball,1,36.7,Bangladesh,Nasir Hossain,Mahmudullah,RAS Lakmal,0,0,"",""
ball,1,37.1,Bangladesh,Mahmudullah,Nasir Hossain,SMSM Senanayake,0,0,"",""
ball,1,37.2,Bangladesh,Mahmudullah,Nasir Hossain,SMSM Senanayake,0,0,"",""
ball,1,37.3,Bangladesh,Mahmudullah,Nasir Hossain,SMSM Senanayake,1,0,"",""
ball,1,37.4,Bangladesh,Nasir Hossain,Mahmudullah,SMSM Senanayake,0,0,"",""
ball,1,37.5,Bangladesh,Nasir Hossain,Mahmudullah,SMSM Senanayake,1,0,"",""
ball,1,37.6,Bangladesh,Mahmudullah,Nasir Hossain,SMSM Senanayake,0,0,"",""
ball,1,38.1,Bangladesh,Nasir Hossain,Mahmudullah,BAW Mendis,0,0,"",""
ball,1,38.2,Bangladesh,Nasir Hossain,Mahmudullah,BAW Mendis,1,0,"",""
ball,1,38.3,Bangladesh,Mahmudullah,Nasir Hossain,BAW Mendis,0,0,"",""
ball,1,38.4,Bangladesh,Mahmudullah,Nasir Hossain,BAW Mendis,1,0,"",""
ball,1,38.5,Bangladesh,Nasir Hossain,Mahmudullah,BAW Mendis,0,0,"",""
ball,1,38.6,Bangladesh,Nasir Hossain,Mahmudullah,BAW Mendis,1,0,"",""
ball,1,39.1,Bangladesh,Nasir Hossain,Mahmudullah,SMSM Senanayake,1,0,"",""
ball,1,39.2,Bangladesh,Mahmudullah,Nasir Hossain,SMSM Senanayake,0,0,"",""
ball,1,39.3,Bangladesh,Mahmudullah,Nasir Hossain,SMSM Senanayake,0,0,"",""
ball,1,39.4,Bangladesh,Mahmudullah,Nasir Hossain,SMSM Senanayake,4,0,"",""
ball,1,39.5,Bangladesh,Mahmudullah,Nasir Hossain,SMSM Senanayake,1,0,"",""
ball,1,39.6,Bangladesh,Nasir Hossain,Mahmudullah,SMSM Senanayake,1,0,"",""
ball,1,40.1,Bangladesh,Nasir Hossain,Mahmudullah,BAW Mendis,0,0,"",""
ball,1,40.2,Bangladesh,Nasir Hossain,Mahmudullah,BAW Mendis,4,0,"",""
ball,1,40.3,Bangladesh,Nasir Hossain,Mahmudullah,BAW Mendis,1,0,"",""
ball,1,40.4,Bangladesh,Mahmudullah,Nasir Hossain,BAW Mendis,2,0,"",""
ball,1,40.5,Bangladesh,Mahmudullah,Nasir Hossain,BAW Mendis,0,0,"",""
ball,1,40.6,Bangladesh,Mahmudullah,Nasir Hossain,BAW Mendis,2,0,"",""
ball,1,41.1,Bangladesh,Nasir Hossain,Mahmudullah,SMSM Senanayake,1,0,"",""
ball,1,41.2,Bangladesh,Mahmudullah,Nasir Hossain,SMSM Senanayake,1,0,"",""
ball,1,41.3,Bangladesh,Nasir Hossain,Mahmudullah,SMSM Senanayake,2,0,"",""
ball,1,41.4,Bangladesh,Nasir Hossain,Mahmudullah,SMSM Senanayake,0,0,"",""
ball,1,41.5,Bangladesh,Nasir Hossain,Mahmudullah,SMSM Senanayake,1,0,"",""
ball,1,41.6,Bangladesh,Mahmudullah,Nasir Hossain,SMSM Senanayake,1,0,"",""
ball,1,42.1,Bangladesh,Mahmudullah,Nasir Hossain,BAW Mendis,4,0,"",""
ball,1,42.2,Bangladesh,Mahmudullah,Nasir Hossain,BAW Mendis,0,0,"",""
ball,1,42.3,Bangladesh,Mahmudullah,Nasir Hossain,BAW Mendis,1,0,"",""
ball,1,42.4,Bangladesh,Nasir Hossain,Mahmudullah,BAW Mendis,1,0,"",""
ball,1,42.5,Bangladesh,Mahmudullah,Nasir Hossain,BAW Mendis,2,0,"",""
ball,1,42.6,Bangladesh,Mahmudullah,Nasir Hossain,BAW Mendis,1,0,"",""
ball,1,43.1,Bangladesh,Mahmudullah,Nasir Hossain,SMSM Senanayake,1,0,"",""
ball,1,43.2,Bangladesh,Nasir Hossain,Mahmudullah,SMSM Senanayake,1,0,"",""
ball,1,43.3,Bangladesh,Mahmudullah,Nasir Hossain,SMSM Senanayake,0,0,"",""
ball,1,43.4,Bangladesh,Mahmudullah,Nasir Hossain,SMSM Senanayake,0,0,"",""
ball,1,43.5,Bangladesh,Mahmudullah,Nasir Hossain,SMSM Senanayake,0,0,"",""
ball,1,43.6,Bangladesh,Mahmudullah,Nasir Hossain,SMSM Senanayake,0,2,"",""
ball,1,43.7,Bangladesh,Nasir Hossain,Mahmudullah,SMSM Senanayake,1,0,"",""
ball,1,44.1,Bangladesh,Nasir Hossain,Mahmudullah,RAS Lakmal,0,0,"",""
ball,1,44.2,Bangladesh,Nasir Hossain,Mahmudullah,RAS Lakmal,1,0,"",""
ball,1,44.3,Bangladesh,Mahmudullah,Nasir Hossain,RAS Lakmal,0,0,bowled,Mahmudullah
ball,1,44.4,Bangladesh,Ziaur Rahman,Nasir Hossain,RAS Lakmal,1,0,"",""
ball,1,44.5,Bangladesh,Nasir Hossain,Ziaur Rahman,RAS Lakmal,0,1,"",""
ball,1,44.6,Bangladesh,Ziaur Rahman,Nasir Hossain,RAS Lakmal,1,0,"",""
ball,1,45.1,Bangladesh,Ziaur Rahman,Nasir Hossain,SMSM Senanayake,0,0,"",""
ball,1,45.2,Bangladesh,Ziaur Rahman,Nasir Hossain,SMSM Senanayake,1,0,"",""
ball,1,45.3,Bangladesh,Nasir Hossain,Ziaur Rahman,SMSM Senanayake,2,0,"",""
ball,1,45.4,Bangladesh,Nasir Hossain,Ziaur Rahman,SMSM Senanayake,0,0,"",""
ball,1,45.5,Bangladesh,Nasir Hossain,Ziaur Rahman,SMSM Senanayake,1,0,"",""
ball,1,45.6,Bangladesh,Ziaur Rahman,Nasir Hossain,SMSM Senanayake,0,0,"",""
ball,1,46.1,Bangladesh,Nasir Hossain,Ziaur Rahman,RAS Lakmal,1,0,"",""
ball,1,46.2,Bangladesh,Ziaur Rahman,Nasir Hossain,RAS Lakmal,1,0,"",""
ball,1,46.3,Bangladesh,Nasir Hossain,Ziaur Rahman,RAS Lakmal,0,0,caught,Nasir Hossain
ball,1,46.4,Bangladesh,Arafat Sunny,Ziaur Rahman,RAS Lakmal,0,0,"",""
ball,1,46.5,Bangladesh,Arafat Sunny,Ziaur Rahman,RAS Lakmal,0,0,"",""
ball,1,46.6,Bangladesh,Arafat Sunny,Ziaur Rahman,RAS Lakmal,0,0,"",""
ball,1,47.1,Bangladesh,Ziaur Rahman,Arafat Sunny,BAW Mendis,1,0,"",""
ball,1,47.2,Bangladesh,Arafat Sunny,Ziaur Rahman,BAW Mendis,1,0,"",""
ball,1,47.3,Bangladesh,Ziaur Rahman,Arafat Sunny,BAW Mendis,1,0,"",""
ball,1,47.4,Bangladesh,Arafat Sunny,Ziaur Rahman,BAW Mendis,0,1,"",""
ball,1,47.5,Bangladesh,Arafat Sunny,Ziaur Rahman,BAW Mendis,0,5,"",""
ball,1,47.6,Bangladesh,Arafat Sunny,Ziaur Rahman,BAW Mendis,0,0,"",""
ball,1,47.7,Bangladesh,Arafat Sunny,Ziaur Rahman,BAW Mendis,0,0,"",""
ball,1,47.8,Bangladesh,Arafat Sunny,Ziaur Rahman,BAW Mendis,0,0,"",""
ball,1,48.1,Bangladesh,Ziaur Rahman,Arafat Sunny,RAS Lakmal,0,0,"",""
ball,1,48.2,Bangladesh,Ziaur Rahman,Arafat Sunny,RAS Lakmal,1,0,"",""
ball,1,48.3,Bangladesh,Arafat Sunny,Ziaur Rahman,RAS Lakmal,0,4,"",""
ball,1,48.4,Bangladesh,Arafat Sunny,Ziaur Rahman,RAS Lakmal,1,0,"",""
ball,1,48.5,Bangladesh,Ziaur Rahman,Arafat Sunny,RAS Lakmal,0,0,"",""
ball,1,48.6,Bangladesh,Ziaur Rahman,Arafat Sunny,RAS Lakmal,1,0,"",""
ball,1,49.1,Bangladesh,Ziaur Rahman,Arafat Sunny,NLTC Perera,4,0,"",""
ball,1,49.2,Bangladesh,Ziaur Rahman,Arafat Sunny,NLTC Perera,0,0,bowled,Ziaur Rahman
ball,1,49.3,Bangladesh,Rubel Hossain,Arafat Sunny,NLTC Perera,0,0,bowled,Rubel Hossain
ball,1,49.4,Bangladesh,Al-Amin Hossain,Arafat Sunny,NLTC Perera,0,0,"",""
ball,1,49.5,Bangladesh,Al-Amin Hossain,Arafat Sunny,NLTC Perera,0,1,"",""
ball,1,49.6,Bangladesh,Arafat Sunny,Al-Amin Hossain,NLTC Perera,0,0,"",""
ball,2,0.1,Sri Lanka,MDKJ Perera,HDRL Thirimanne,Al-Amin Hossain,0,0,"",""
ball,2,0.2,Sri Lanka,MDKJ Perera,HDRL Thirimanne,Al-Amin Hossain,0,0,caught,MDKJ Perera
ball,2,0.3,Sri Lanka,KC Sangakkara,HDRL Thirimanne,Al-Amin Hossain,2,0,"",""
ball,2,0.4,Sri Lanka,KC Sangakkara,HDRL Thirimanne,Al-Amin Hossain,0,0,"",""
ball,2,0.5,Sri Lanka,KC Sangakkara,HDRL Thirimanne,Al-Amin Hossain,0,0,"",""
ball,2,0.6,Sri Lanka,KC Sangakkara,HDRL Thirimanne,Al-Amin Hossain,0,0,"",""
ball,2,1.1,Sri Lanka,HDRL Thirimanne,KC Sangakkara,Rubel Hossain,0,0,"",""
ball,2,1.2,Sri Lanka,HDRL Thirimanne,KC Sangakkara,Rubel Hossain,4,0,"",""
ball,2,1.3,Sri Lanka,HDRL Thirimanne,KC Sangakkara,Rubel Hossain,0,0,"",""
ball,2,1.4,Sri Lanka,HDRL Thirimanne,KC Sangakkara,Rubel Hossain,0,0,"",""
ball,2,1.5,Sri Lanka,HDRL Thirimanne,KC Sangakkara,Rubel Hossain,0,0,"",""
ball,2,1.6,Sri Lanka,HDRL Thirimanne,KC Sangakkara,Rubel Hossain,0,0,"",""
ball,2,2.1,Sri Lanka,KC Sangakkara,HDRL Thirimanne,Al-Amin Hossain,0,0,caught,KC Sangakkara
ball,2,2.2,Sri Lanka,DPMD Jayawardene,HDRL Thirimanne,Al-Amin Hossain,0,0,"",""
ball,2,2.3,Sri Lanka,DPMD Jayawardene,HDRL Thirimanne,Al-Amin Hossain,0,0,"",""
ball,2,2.4,Sri Lanka,DPMD Jayawardene,HDRL Thirimanne,Al-Amin Hossain,0,0,"",""
ball,2,2.5,Sri Lanka,DPMD Jayawardene,HDRL Thirimanne,Al-Amin Hossain,0,0,"",""
ball,2,2.6,Sri Lanka,DPMD Jayawardene,HDRL Thirimanne,Al-Amin Hossain,0,0,"",""
ball,2,3.1,Sri Lanka,HDRL Thirimanne,DPMD Jayawardene,Rubel Hossain,2,0,"",""
ball,2,3.2,Sri Lanka,HDRL Thirimanne,DPMD Jayawardene,Rubel Hossain,0,0,"",""
ball,2,3.3,Sri Lanka,HDRL Thirimanne,DPMD Jayawardene,Rubel Hossain,0,0,run out,DPMD Jayawardene
ball,2,3.4,Sri Lanka,HDRL Thirimanne,SMA Priyanjan,Rubel Hossain,0,0,"",""
ball,2,3.5,Sri Lanka,HDRL Thirimanne,SMA Priyanjan,Rubel Hossain,0,0,"",""
ball,2,3.6,Sri Lanka,HDRL Thirimanne,SMA Priyanjan,Rubel Hossain,0,0,"",""
ball,2,4.1,Sri Lanka,SMA Priyanjan,HDRL Thirimanne,Al-Amin Hossain,2,0,"",""
ball,2,4.2,Sri Lanka,SMA Priyanjan,HDRL Thirimanne,Al-Amin Hossain,4,0,"",""
ball,2,4.3,Sri Lanka,SMA Priyanjan,HDRL Thirimanne,Al-Amin Hossain,0,0,"",""
ball,2,4.4,Sri Lanka,SMA Priyanjan,HDRL Thirimanne,Al-Amin Hossain,0,0,"",""
ball,2,4.5,Sri Lanka,SMA Priyanjan,HDRL Thirimanne,Al-Amin Hossain,0,0,"",""
ball,2,4.6,Sri Lanka,SMA Priyanjan,HDRL Thirimanne,Al-Amin Hossain,0,1,"",""
ball,2,4.7,Sri Lanka,SMA Priyanjan,HDRL Thirimanne,Al-Amin Hossain,1,0,"",""
ball,2,5.1,Sri Lanka,SMA Priyanjan,HDRL Thirimanne,Rubel Hossain,0,0,"",""
ball,2,5.2,Sri Lanka,SMA Priyanjan,HDRL Thirimanne,Rubel Hossain,0,0,"",""
ball,2,5.3,Sri Lanka,SMA Priyanjan,HDRL Thirimanne,Rubel Hossain,0,0,"",""
ball,2,5.4,Sri Lanka,SMA Priyanjan,HDRL Thirimanne,Rubel Hossain,1,0,"",""
ball,2,5.5,Sri Lanka,HDRL Thirimanne,SMA Priyanjan,Rubel Hossain,2,0,"",""
ball,2,5.6,Sri Lanka,HDRL Thirimanne,SMA Priyanjan,Rubel Hossain,0,0,"",""
ball,2,6.1,Sri Lanka,SMA Priyanjan,HDRL Thirimanne,Al-Amin Hossain,1,0,"",""
ball,2,6.2,Sri Lanka,HDRL Thirimanne,SMA Priyanjan,Al-Amin Hossain,0,0,"",""
ball,2,6.3,Sri Lanka,HDRL Thirimanne,SMA Priyanjan,Al-Amin Hossain,0,0,"",""
ball,2,6.4,Sri Lanka,HDRL Thirimanne,SMA Priyanjan,Al-Amin Hossain,0,0,"",""
ball,2,6.5,Sri Lanka,HDRL Thirimanne,SMA Priyanjan,Al-Amin Hossain,0,0,"",""
ball,2,6.6,Sri Lanka,HDRL Thirimanne,SMA Priyanjan,Al-Amin Hossain,4,0,"",""
ball,2,7.1,Sri Lanka,SMA Priyanjan,HDRL Thirimanne,Rubel Hossain,0,0,"",""
ball,2,7.2,Sri Lanka,SMA Priyanjan,HDRL Thirimanne,Rubel Hossain,0,0,"",""
ball,2,7.3,Sri Lanka,SMA Priyanjan,HDRL Thirimanne,Rubel Hossain,0,0,"",""
ball,2,7.4,Sri Lanka,SMA Priyanjan,HDRL Thirimanne,Rubel Hossain,0,0,"",""
ball,2,7.5,Sri Lanka,SMA Priyanjan,HDRL Thirimanne,Rubel Hossain,0,0,"",""
ball,2,7.6,Sri Lanka,SMA Priyanjan,HDRL Thirimanne,Rubel Hossain,4,0,"",""
ball,2,8.1,Sri Lanka,HDRL Thirimanne,SMA Priyanjan,Al-Amin Hossain,0,0,"",""
ball,2,8.2,Sri Lanka,HDRL Thirimanne,SMA Priyanjan,Al-Amin Hossain,0,0,"",""
ball,2,8.3,Sri Lanka,HDRL Thirimanne,SMA Priyanjan,Al-Amin Hossain,0,0,"",""
ball,2,8.4,Sri Lanka,HDRL Thirimanne,SMA Priyanjan,Al-Amin Hossain,0,0,"",""
ball,2,8.5,Sri Lanka,HDRL Thirimanne,SMA Priyanjan,Al-Amin Hossain,0,0,"",""
ball,2,8.6,Sri Lanka,HDRL Thirimanne,SMA Priyanjan,Al-Amin Hossain,0,0,"",""
ball,2,9.1,Sri Lanka,SMA Priyanjan,HDRL Thirimanne,Shakib Al Hasan,0,0,"",""
ball,2,9.2,Sri Lanka,SMA Priyanjan,HDRL Thirimanne,Shakib Al Hasan,0,0,"",""
ball,2,9.3,Sri Lanka,SMA Priyanjan,HDRL Thirimanne,Shakib Al Hasan,0,0,"",""
ball,2,9.4,Sri Lanka,SMA Priyanjan,HDRL Thirimanne,Shakib Al Hasan,0,0,"",""
ball,2,9.5,Sri Lanka,SMA Priyanjan,HDRL Thirimanne,Shakib Al Hasan,0,0,"",""
ball,2,9.6,Sri Lanka,SMA Priyanjan,HDRL Thirimanne,Shakib Al Hasan,2,0,"",""
ball,2,10.1,Sri Lanka,HDRL Thirimanne,SMA Priyanjan,Al-Amin Hossain,0,0,"",""
ball,2,10.2,Sri Lanka,HDRL Thirimanne,SMA Priyanjan,Al-Amin Hossain,0,0,"",""
ball,2,10.3,Sri Lanka,HDRL Thirimanne,SMA Priyanjan,Al-Amin Hossain,1,0,"",""
ball,2,10.4,Sri Lanka,SMA Priyanjan,HDRL Thirimanne,Al-Amin Hossain,0,0,"",""
ball,2,10.5,Sri Lanka,SMA Priyanjan,HDRL Thirimanne,Al-Amin Hossain,4,0,"",""
ball,2,10.6,Sri Lanka,SMA Priyanjan,HDRL Thirimanne,Al-Amin Hossain,2,0,"",""
ball,2,11.1,Sri Lanka,HDRL Thirimanne,SMA Priyanjan,Shakib Al Hasan,1,0,"",""
ball,2,11.2,Sri Lanka,SMA Priyanjan,HDRL Thirimanne,Shakib Al Hasan,0,0,"",""
ball,2,11.3,Sri Lanka,SMA Priyanjan,HDRL Thirimanne,Shakib Al Hasan,0,0,"",""
ball,2,11.4,Sri Lanka,SMA Priyanjan,HDRL Thirimanne,Shakib Al Hasan,1,0,"",""
ball,2,11.5,Sri Lanka,HDRL Thirimanne,SMA Priyanjan,Shakib Al Hasan,1,0,"",""
ball,2,11.6,Sri Lanka,SMA Priyanjan,HDRL Thirimanne,Shakib Al Hasan,0,0,"",""
ball,2,12.1,Sri Lanka,HDRL Thirimanne,SMA Priyanjan,Ziaur Rahman,0,0,"",""
ball,2,12.2,Sri Lanka,HDRL Thirimanne,SMA Priyanjan,Ziaur Rahman,0,0,"",""
ball,2,12.3,Sri Lanka,HDRL Thirimanne,SMA Priyanjan,Ziaur Rahman,0,0,"",""
ball,2,12.4,Sri Lanka,HDRL Thirimanne,SMA Priyanjan,Ziaur Rahman,2,0,"",""
ball,2,12.5,Sri Lanka,HDRL Thirimanne,SMA Priyanjan,Ziaur Rahman,1,0,"",""
ball,2,12.6,Sri Lanka,SMA Priyanjan,HDRL Thirimanne,Ziaur Rahman,0,0,"",""
ball,2,13.1,Sri Lanka,HDRL Thirimanne,SMA Priyanjan,Shakib Al Hasan,0,0,"",""
ball,2,13.2,Sri Lanka,HDRL Thirimanne,SMA Priyanjan,Shakib Al Hasan,1,0,"",""
ball,2,13.3,Sri Lanka,SMA Priyanjan,HDRL Thirimanne,Shakib Al Hasan,0,0,"",""
ball,2,13.4,Sri Lanka,SMA Priyanjan,HDRL Thirimanne,Shakib Al Hasan,0,0,"",""
ball,2,13.5,Sri Lanka,SMA Priyanjan,HDRL Thirimanne,Shakib Al Hasan,0,0,"",""
ball,2,13.6,Sri Lanka,SMA Priyanjan,HDRL Thirimanne,Shakib Al Hasan,1,0,"",""
ball,2,14.1,Sri Lanka,SMA Priyanjan,HDRL Thirimanne,Ziaur Rahman,1,0,"",""
ball,2,14.2,Sri Lanka,HDRL Thirimanne,SMA Priyanjan,Ziaur Rahman,1,0,"",""
ball,2,14.3,Sri Lanka,SMA Priyanjan,HDRL Thirimanne,Ziaur Rahman,0,0,"",""
ball,2,14.4,Sri Lanka,SMA Priyanjan,HDRL Thirimanne,Ziaur Rahman,0,0,caught,SMA Priyanjan
ball,2,14.5,Sri Lanka,AD Mathews,HDRL Thirimanne,Ziaur Rahman,0,0,"",""
ball,2,14.6,Sri Lanka,AD Mathews,HDRL Thirimanne,Ziaur Rahman,1,0,"",""
ball,2,15.1,Sri Lanka,AD Mathews,HDRL Thirimanne,Shakib Al Hasan,0,0,"",""
ball,2,15.2,Sri Lanka,AD Mathews,HDRL Thirimanne,Shakib Al Hasan,0,0,"",""
ball,2,15.3,Sri Lanka,AD Mathews,HDRL Thirimanne,Shakib Al Hasan,0,0,"",""
ball,2,15.4,Sri Lanka,AD Mathews,HDRL Thirimanne,Shakib Al Hasan,0,0,"",""
ball,2,15.5,Sri Lanka,AD Mathews,HDRL Thirimanne,Shakib Al Hasan,2,0,"",""
ball,2,15.6,Sri Lanka,AD Mathews,HDRL Thirimanne,Shakib Al Hasan,0,0,"",""
ball,2,16.1,Sri Lanka,HDRL Thirimanne,AD Mathews,Ziaur Rahman,0,0,"",""
ball,2,16.2,Sri Lanka,HDRL Thirimanne,AD Mathews,Ziaur Rahman,0,0,"",""
ball,2,16.3,Sri Lanka,HDRL Thirimanne,AD Mathews,Ziaur Rahman,0,0,"",""
ball,2,16.4,Sri Lanka,HDRL Thirimanne,AD Mathews,Ziaur Rahman,0,0,"",""
ball,2,16.5,Sri Lanka,HDRL Thirimanne,AD Mathews,Ziaur Rahman,1,0,"",""
ball,2,16.6,Sri Lanka,AD Mathews,HDRL Thirimanne,Ziaur Rahman,0,0,"",""
ball,2,17.1,Sri Lanka,HDRL Thirimanne,AD Mathews,Shakib Al Hasan,1,0,"",""
ball,2,17.2,Sri Lanka,AD Mathews,HDRL Thirimanne,Shakib Al Hasan,0,0,"",""
ball,2,17.3,Sri Lanka,AD Mathews,HDRL Thirimanne,Shakib Al Hasan,0,0,"",""
ball,2,17.4,Sri Lanka,AD Mathews,HDRL Thirimanne,Shakib Al Hasan,1,0,"",""
ball,2,17.5,Sri Lanka,HDRL Thirimanne,AD Mathews,Shakib Al Hasan,0,0,"",""
ball,2,17.6,Sri Lanka,HDRL Thirimanne,AD Mathews,Shakib Al Hasan,1,0,"",""
ball,2,18.1,Sri Lanka,HDRL Thirimanne,AD Mathews,Ziaur Rahman,0,0,"",""
ball,2,18.2,Sri Lanka,HDRL Thirimanne,AD Mathews,Ziaur Rahman,1,0,"",""
ball,2,18.3,Sri Lanka,AD Mathews,HDRL Thirimanne,Ziaur Rahman,0,0,"",""
ball,2,18.4,Sri Lanka,AD Mathews,HDRL Thirimanne,Ziaur Rahman,1,0,"",""
ball,2,18.5,Sri Lanka,HDRL Thirimanne,AD Mathews,Ziaur Rahman,0,0,"",""
ball,2,18.6,Sri Lanka,HDRL Thirimanne,AD Mathews,Ziaur Rahman,0,0,"",""
ball,2,19.1,Sri Lanka,AD Mathews,HDRL Thirimanne,Arafat Sunny,1,0,"",""
ball,2,19.2,Sri Lanka,HDRL Thirimanne,AD Mathews,Arafat Sunny,2,0,"",""
ball,2,19.3,Sri Lanka,HDRL Thirimanne,AD Mathews,Arafat Sunny,0,0,"",""
ball,2,19.4,Sri Lanka,HDRL Thirimanne,AD Mathews,Arafat Sunny,4,0,"",""
ball,2,19.5,Sri Lanka,HDRL Thirimanne,AD Mathews,Arafat Sunny,0,0,"",""
ball,2,19.6,Sri Lanka,HDRL Thirimanne,AD Mathews,Arafat Sunny,0,0,"",""
ball,2,20.1,Sri Lanka,AD Mathews,HDRL Thirimanne,Ziaur Rahman,6,0,"",""
ball,2,20.2,Sri Lanka,AD Mathews,HDRL Thirimanne,Ziaur Rahman,0,0,"",""
ball,2,20.3,Sri Lanka,AD Mathews,HDRL Thirimanne,Ziaur Rahman,0,0,"",""
ball,2,20.4,Sri Lanka,AD Mathews,HDRL Thirimanne,Ziaur Rahman,0,0,"",""
ball,2,20.5,Sri Lanka,AD Mathews,HDRL Thirimanne,Ziaur Rahman,1,0,"",""
ball,2,20.6,Sri Lanka,HDRL Thirimanne,AD Mathews,Ziaur Rahman,0,0,"",""
ball,2,21.1,Sri Lanka,AD Mathews,HDRL Thirimanne,Arafat Sunny,1,0,"",""
ball,2,21.2,Sri Lanka,HDRL Thirimanne,AD Mathews,Arafat Sunny,1,0,"",""
ball,2,21.3,Sri Lanka,AD Mathews,HDRL Thirimanne,Arafat Sunny,0,0,"",""
ball,2,21.4,Sri Lanka,AD Mathews,HDRL Thirimanne,Arafat Sunny,0,0,"",""
ball,2,21.5,Sri Lanka,AD Mathews,HDRL Thirimanne,Arafat Sunny,0,0,"",""
ball,2,21.6,Sri Lanka,AD Mathews,HDRL Thirimanne,Arafat Sunny,0,0,"",""
ball,2,22.1,Sri Lanka,HDRL Thirimanne,AD Mathews,Ziaur Rahman,1,0,"",""
ball,2,22.2,Sri Lanka,AD Mathews,HDRL Thirimanne,Ziaur Rahman,0,0,"",""
ball,2,22.3,Sri Lanka,AD Mathews,HDRL Thirimanne,Ziaur Rahman,0,0,"",""
ball,2,22.4,Sri Lanka,AD Mathews,HDRL Thirimanne,Ziaur Rahman,1,0,"",""
ball,2,22.5,Sri Lanka,HDRL Thirimanne,AD Mathews,Ziaur Rahman,1,0,"",""
ball,2,22.6,Sri Lanka,AD Mathews,HDRL Thirimanne,Ziaur Rahman,0,0,"",""
ball,2,23.1,Sri Lanka,HDRL Thirimanne,AD Mathews,Arafat Sunny,0,0,caught,HDRL Thirimanne
ball,2,23.2,Sri Lanka,PC de Silva,AD Mathews,Arafat Sunny,1,0,"",""
ball,2,23.3,Sri Lanka,AD Mathews,PC de Silva,Arafat Sunny,0,1,"",""
ball,2,23.4,Sri Lanka,AD Mathews,PC de Silva,Arafat Sunny,1,0,"",""
ball,2,23.5,Sri Lanka,PC de Silva,AD Mathews,Arafat Sunny,1,0,"",""
ball,2,23.6,Sri Lanka,AD Mathews,PC de Silva,Arafat Sunny,0,0,"",""
ball,2,23.7,Sri Lanka,AD Mathews,PC de Silva,Arafat Sunny,0,0,"",""
ball,2,24.1,Sri Lanka,PC de Silva,AD Mathews,Ziaur Rahman,1,0,"",""
ball,2,24.2,Sri Lanka,AD Mathews,PC de Silva,Ziaur Rahman,0,0,"",""
ball,2,24.3,Sri Lanka,AD Mathews,PC de Silva,Ziaur Rahman,0,0,"",""
ball,2,24.4,Sri Lanka,AD Mathews,PC de Silva,Ziaur Rahman,0,0,"",""
ball,2,24.5,Sri Lanka,AD Mathews,PC de Silva,Ziaur Rahman,0,0,"",""
ball,2,24.6,Sri Lanka,AD Mathews,PC de Silva,Ziaur Rahman,0,0,"",""
ball,2,25.1,Sri Lanka,PC de Silva,AD Mathews,Arafat Sunny,0,0,"",""
ball,2,25.2,Sri Lanka,PC de Silva,AD Mathews,Arafat Sunny,1,0,"",""
ball,2,25.3,Sri Lanka,AD Mathews,PC de Silva,Arafat Sunny,0,0,"",""
ball,2,25.4,Sri Lanka,AD Mathews,PC de Silva,Arafat Sunny,4,0,"",""
ball,2,25.5,Sri Lanka,AD Mathews,PC de Silva,Arafat Sunny,1,0,"",""
ball,2,25.6,Sri Lanka,PC de Silva,AD Mathews,Arafat Sunny,0,0,"",""
ball,2,26.1,Sri Lanka,AD Mathews,PC de Silva,Ziaur Rahman,0,0,"",""
ball,2,26.2,Sri Lanka,AD Mathews,PC de Silva,Ziaur Rahman,0,0,"",""
ball,2,26.3,Sri Lanka,AD Mathews,PC de Silva,Ziaur Rahman,0,0,"",""
ball,2,26.4,Sri Lanka,AD Mathews,PC de Silva,Ziaur Rahman,4,0,"",""
ball,2,26.5,Sri Lanka,AD Mathews,PC de Silva,Ziaur Rahman,1,0,"",""
ball,2,26.6,Sri Lanka,PC de Silva,AD Mathews,Ziaur Rahman,0,0,"",""
ball,2,27.1,Sri Lanka,AD Mathews,PC de Silva,Rubel Hossain,0,0,"",""
ball,2,27.2,Sri Lanka,AD Mathews,PC de Silva,Rubel Hossain,4,0,"",""
ball,2,27.3,Sri Lanka,AD Mathews,PC de Silva,Rubel Hossain,0,0,"",""
ball,2,27.4,Sri Lanka,AD Mathews,PC de Silva,Rubel Hossain,0,0,"",""
ball,2,27.5,Sri Lanka,AD Mathews,PC de Silva,Rubel Hossain,0,0,"",""
ball,2,27.6,Sri Lanka,AD Mathews,PC de Silva,Rubel Hossain,0,0,"",""
ball,2,28.1,Sri Lanka,PC de Silva,AD Mathews,Ziaur Rahman,0,0,"",""
ball,2,28.2,Sri Lanka,PC de Silva,AD Mathews,Ziaur Rahman,0,0,"",""
ball,2,28.3,Sri Lanka,PC de Silva,AD Mathews,Ziaur Rahman,0,0,"",""
ball,2,28.4,Sri Lanka,PC de Silva,AD Mathews,Ziaur Rahman,0,0,"",""
ball,2,28.5,Sri Lanka,PC de Silva,AD Mathews,Ziaur Rahman,0,0,"",""
ball,2,28.6,Sri Lanka,PC de Silva,AD Mathews,Ziaur Rahman,1,0,"",""
ball,2,29.1,Sri Lanka,PC de Silva,AD Mathews,Rubel Hossain,0,0,"",""
ball,2,29.2,Sri Lanka,PC de Silva,AD Mathews,Rubel Hossain,4,0,"",""
ball,2,29.3,Sri Lanka,PC de Silva,AD Mathews,Rubel Hossain,1,0,"",""
ball,2,29.4,Sri Lanka,AD Mathews,PC de Silva,Rubel Hossain,1,0,"",""
ball,2,29.5,Sri Lanka,PC de Silva,AD Mathews,Rubel Hossain,2,0,"",""
ball,2,29.6,Sri Lanka,PC de Silva,AD Mathews,Rubel Hossain,0,0,"",""
ball,2,30.1,Sri Lanka,AD Mathews,PC de Silva,Ziaur Rahman,0,0,"",""
ball,2,30.2,Sri Lanka,AD Mathews,PC de Silva,Ziaur Rahman,1,0,"",""
ball,2,30.3,Sri Lanka,PC de Silva,AD Mathews,Ziaur Rahman,0,0,"",""
ball,2,30.4,Sri Lanka,PC de Silva,AD Mathews,Ziaur Rahman,4,0,"",""
ball,2,30.5,Sri Lanka,PC de Silva,AD Mathews,Ziaur Rahman,2,0,"",""
ball,2,30.6,Sri Lanka,PC de Silva,AD Mathews,Ziaur Rahman,1,0,"",""
ball,2,31.1,Sri Lanka,PC de Silva,AD Mathews,Al-Amin Hossain,0,0,"",""
ball,2,31.2,Sri Lanka,PC de Silva,AD Mathews,Al-Amin Hossain,0,0,"",""
ball,2,31.3,Sri Lanka,PC de Silva,AD Mathews,Al-Amin Hossain,0,0,"",""
ball,2,31.4,Sri Lanka,PC de Silva,AD Mathews,Al-Amin Hossain,4,0,"",""
ball,2,31.5,Sri Lanka,PC de Silva,AD Mathews,Al-Amin Hossain,0,0,"",""
ball,2,31.6,Sri Lanka,PC de Silva,AD Mathews,Al-Amin Hossain,1,0,"",""
ball,2,32.1,Sri Lanka,PC de Silva,AD Mathews,Mahmudullah,1,0,"",""
ball,2,32.2,Sri Lanka,AD Mathews,PC de Silva,Mahmudullah,1,0,"",""
ball,2,32.3,Sri Lanka,PC de Silva,AD Mathews,Mahmudullah,1,0,"",""
ball,2,32.4,Sri Lanka,AD Mathews,PC de Silva,Mahmudullah,0,0,"",""
ball,2,32.5,Sri Lanka,AD Mathews,PC de Silva,Mahmudullah,0,0,"",""
ball,2,32.6,Sri Lanka,AD Mathews,PC de Silva,Mahmudullah,0,0,"",""
ball,2,33.1,Sri Lanka,PC de Silva,AD Mathews,Al-Amin Hossain,2,0,"",""
ball,2,33.2,Sri Lanka,PC de Silva,AD Mathews,Al-Amin Hossain,1,0,"",""
ball,2,33.3,Sri Lanka,AD Mathews,PC de Silva,Al-Amin Hossain,1,0,"",""
ball,2,33.4,Sri Lanka,PC de Silva,AD Mathews,Al-Amin Hossain,0,0,"",""
ball,2,33.5,Sri Lanka,PC de Silva,AD Mathews,Al-Amin Hossain,0,0,"",""
ball,2,33.6,Sri Lanka,PC de Silva,AD Mathews,Al-Amin Hossain,4,0,"",""
ball,2,34.1,Sri Lanka,AD Mathews,PC de Silva,Mahmudullah,2,0,"",""
ball,2,34.2,Sri Lanka,AD Mathews,PC de Silva,Mahmudullah,0,0,"",""
ball,2,34.3,Sri Lanka,AD Mathews,PC de Silva,Mahmudullah,1,0,"",""
ball,2,34.4,Sri Lanka,PC de Silva,AD Mathews,Mahmudullah,1,0,"",""
ball,2,34.5,Sri Lanka,AD Mathews,PC de Silva,Mahmudullah,0,0,"",""
ball,2,34.6,Sri Lanka,AD Mathews,PC de Silva,Mahmudullah,0,0,"",""
ball,2,35.1,Sri Lanka,PC de Silva,AD Mathews,Arafat Sunny,0,4,"",""
ball,2,35.2,Sri Lanka,PC de Silva,AD Mathews,Arafat Sunny,1,0,"",""
ball,2,35.3,Sri Lanka,AD Mathews,PC de Silva,Arafat Sunny,0,0,"",""
ball,2,35.4,Sri Lanka,AD Mathews,PC de Silva,Arafat Sunny,0,0,"",""
ball,2,35.5,Sri Lanka,AD Mathews,PC de Silva,Arafat Sunny,0,0,"",""
ball,2,35.6,Sri Lanka,AD Mathews,PC de Silva,Arafat Sunny,2,0,"",""
ball,2,36.1,Sri Lanka,PC de Silva,AD Mathews,Shakib Al Hasan,0,0,"",""
ball,2,36.2,Sri Lanka,PC de Silva,AD Mathews,Shakib Al Hasan,0,0,"",""
ball,2,36.3,Sri Lanka,PC de Silva,AD Mathews,Shakib Al Hasan,0,0,"",""
ball,2,36.4,Sri Lanka,PC de Silva,AD Mathews,Shakib Al Hasan,1,0,"",""
ball,2,36.5,Sri Lanka,AD Mathews,PC de Silva,Shakib Al Hasan,0,0,"",""
ball,2,36.6,Sri Lanka,AD Mathews,PC de Silva,Shakib Al Hasan,0,0,"",""
ball,2,37.1,Sri Lanka,PC de Silva,AD Mathews,Arafat Sunny,1,0,"",""
ball,2,37.2,Sri Lanka,AD Mathews,PC de Silva,Arafat Sunny,4,0,"",""
ball,2,37.3,Sri Lanka,AD Mathews,PC de Silva,Arafat Sunny,1,0,"",""
ball,2,37.4,Sri Lanka,PC de Silva,AD Mathews,Arafat Sunny,1,0,"",""
ball,2,37.5,Sri Lanka,AD Mathews,PC de Silva,Arafat Sunny,1,0,"",""
ball,2,37.6,Sri Lanka,PC de Silva,AD Mathews,Arafat Sunny,4,0,"",""
ball,2,38.1,Sri Lanka,AD Mathews,PC de Silva,Shakib Al Hasan,1,0,"",""
ball,2,38.2,Sri Lanka,PC de Silva,AD Mathews,Shakib Al Hasan,1,0,"",""
ball,2,38.3,Sri Lanka,AD Mathews,PC de Silva,Shakib Al Hasan,1,0,"",""
ball,2,38.4,Sri Lanka,PC de Silva,AD Mathews,Shakib Al Hasan,0,1,"",""
ball,2,38.5,Sri Lanka,PC de Silva,AD Mathews,Shakib Al Hasan,0,0,"",""
ball,2,38.6,Sri Lanka,PC de Silva,AD Mathews,Shakib Al Hasan,0,0,"",""
ball,2,38.7,Sri Lanka,PC de Silva,AD Mathews,Shakib Al Hasan,1,0,"",""
ball,2,39.1,Sri Lanka,PC de Silva,AD Mathews,Mahmudullah,0,0,"",""
ball,2,39.2,Sri Lanka,PC de Silva,AD Mathews,Mahmudullah,0,0,"",""
ball,2,39.3,Sri Lanka,PC de Silva,AD Mathews,Mahmudullah,0,0,caught,PC de Silva
ball,2,39.4,Sri Lanka,NLTC Perera,AD Mathews,Mahmudullah,0,0,"",""
ball,2,39.5,Sri Lanka,NLTC Perera,AD Mathews,Mahmudullah,0,0,"",""
ball,2,39.6,Sri Lanka,NLTC Perera,AD Mathews,Mahmudullah,0,0,"",""
ball,2,40.1,Sri Lanka,AD Mathews,NLTC Perera,Shakib Al Hasan,0,0,"",""
ball,2,40.2,Sri Lanka,AD Mathews,NLTC Perera,Shakib Al Hasan,0,0,"",""
ball,2,40.3,Sri Lanka,AD Mathews,NLTC Perera,Shakib Al Hasan,0,0,"",""
ball,2,40.4,Sri Lanka,AD Mathews,NLTC Perera,Shakib Al Hasan,0,0,"",""
ball,2,40.5,Sri Lanka,AD Mathews,NLTC Perera,Shakib Al Hasan,1,0,"",""
ball,2,40.6,Sri Lanka,NLTC Perera,AD Mathews,Shakib Al Hasan,1,0,"",""
ball,2,41.1,Sri Lanka,NLTC Perera,AD Mathews,Mahmudullah,1,0,"",""
ball,2,41.2,Sri Lanka,AD Mathews,NLTC Perera,Mahmudullah,1,0,"",""
ball,2,41.3,Sri Lanka,NLTC Perera,AD Mathews,Mahmudullah,0,0,"",""
ball,2,41.4,Sri Lanka,NLTC Perera,AD Mathews,Mahmudullah,0,0,"",""
ball,2,41.5,Sri Lanka,NLTC Perera,AD Mathews,Mahmudullah,2,0,"",""
ball,2,41.6,Sri Lanka,NLTC Perera,AD Mathews,Mahmudullah,0,0,"",""
ball,2,42.1,Sri Lanka,AD Mathews,NLTC Perera,Shakib Al Hasan,1,0,"",""
ball,2,42.2,Sri Lanka,NLTC Perera,AD Mathews,Shakib Al Hasan,0,0,"",""
ball,2,42.3,Sri Lanka,NLTC Perera,AD Mathews,Shakib Al Hasan,1,0,"",""
ball,2,42.4,Sri Lanka,AD Mathews,NLTC Perera,Shakib Al Hasan,0,0,"",""
ball,2,42.5,Sri Lanka,AD Mathews,NLTC Perera,Shakib Al Hasan,0,0,"",""
ball,2,42.6,Sri Lanka,AD Mathews,NLTC Perera,Shakib Al Hasan,0,0,"",""
ball,2,43.1,Sri Lanka,NLTC Perera,AD Mathews,Mahmudullah,1,0,"",""
ball,2,43.2,Sri Lanka,AD Mathews,NLTC Perera,Mahmudullah,0,0,"",""
ball,2,43.3,Sri Lanka,AD Mathews,NLTC Perera,Mahmudullah,4,0,"",""
ball,2,43.4,Sri Lanka,AD Mathews,NLTC Perera,Mahmudullah,4,0,"",""
ball,2,43.5,Sri Lanka,AD Mathews,NLTC Perera,Mahmudullah,1,0,"",""
ball,2,43.6,Sri Lanka,NLTC Perera,AD Mathews,Mahmudullah,1,0,"",""
ball,2,44.1,Sri Lanka,NLTC Perera,AD Mathews,Shakib Al Hasan,1,0,"",""
ball,2,44.2,Sri Lanka,AD Mathews,NLTC Perera,Shakib Al Hasan,0,0,"",""
ball,2,44.3,Sri Lanka,AD Mathews,NLTC Perera,Shakib Al Hasan,1,0,"",""
ball,2,44.4,Sri Lanka,NLTC Perera,AD Mathews,Shakib Al Hasan,1,0,"",""
ball,2,44.5,Sri Lanka,AD Mathews,NLTC Perera,Shakib Al Hasan,1,0,"",""
ball,2,44.6,Sri Lanka,NLTC Perera,AD Mathews,Shakib Al Hasan,0,1,"",""
ball,2,44.7,Sri Lanka,NLTC Perera,AD Mathews,Shakib Al Hasan,0,0,"",""
ball,2,45.1,Sri Lanka,AD Mathews,NLTC Perera,Al-Amin Hossain,2,0,"",""
ball,2,45.2,Sri Lanka,AD Mathews,NLTC Perera,Al-Amin Hossain,0,0,"",""
ball,2,45.3,Sri Lanka,AD Mathews,NLTC Perera,Al-Amin Hossain,0,0,"",""
ball,2,45.4,Sri Lanka,AD Mathews,NLTC Perera,Al-Amin Hossain,1,0,"",""
ball,2,45.5,Sri Lanka,NLTC Perera,AD Mathews,Al-Amin Hossain,0,0,"",""
ball,2,45.6,Sri Lanka,NLTC Perera,AD Mathews,Al-Amin Hossain,1,0,"",""
ball,2,46.1,Sri Lanka,NLTC Perera,AD Mathews,Mahmudullah,1,0,"",""
ball,2,46.2,Sri Lanka,AD Mathews,NLTC Perera,Mahmudullah,0,1,"",""
ball,2,46.3,Sri Lanka,AD Mathews,NLTC Perera,Mahmudullah,1,0,"",""
ball,2,46.4,Sri Lanka,NLTC Perera,AD Mathews,Mahmudullah,1,0,"",""
ball,2,46.5,Sri Lanka,AD Mathews,NLTC Perera,Mahmudullah,1,0,"",""
ball,2,46.6,Sri Lanka,NLTC Perera,AD Mathews,Mahmudullah,2,0,"",""
ball,2,46.7,Sri Lanka,NLTC Perera,AD Mathews,Mahmudullah,1,0,"",""
ball,2,47.1,Sri Lanka,NLTC Perera,AD Mathews,Al-Amin Hossain,0,0,run out,NLTC Perera
ball,2,47.2,Sri Lanka,AD Mathews,SMSM Senanayake,Al-Amin Hossain,1,0,"",""
ball,2,47.3,Sri Lanka,SMSM Senanayake,AD Mathews,Al-Amin Hossain,0,0,"",""
ball,2,47.4,Sri Lanka,SMSM Senanayake,AD Mathews,Al-Amin Hossain,0,0,"",""
ball,2,47.5,Sri Lanka,SMSM Senanayake,AD Mathews,Al-Amin Hossain,1,0,"",""
ball,2,47.6,Sri Lanka,AD Mathews,SMSM Senanayake,Al-Amin Hossain,1,0,"",""
ball,2,48.1,Sri Lanka,AD Mathews,SMSM Senanayake,Arafat Sunny,1,0,"",""
ball,2,48.2,Sri Lanka,SMSM Senanayake,AD Mathews,Arafat Sunny,4,0,"",""
ball,2,48.3,Sri Lanka,SMSM Senanayake,AD Mathews,Arafat Sunny,1,0,"",""
ball,2,48.4,Sri Lanka,AD Mathews,SMSM Senanayake,Arafat Sunny,1,0,"",""
ball,2,48.5,Sri Lanka,SMSM Senanayake,AD Mathews,Arafat Sunny,1,0,"",""
ball,2,48.6,Sri Lanka,AD Mathews,SMSM Senanayake,Arafat Sunny,4,0,"",""
