version,1.3.0
info,team,South Africa
info,team,West Indies
info,gender,male
info,season,2014/15
info,date,2015/01/25
info,series,West Indies in South Africa ODI Series
info,match_number,4
info,venue,St George's Park
info,city,Port Elizabeth
info,toss_winner,West Indies
info,toss_decision,field
info,player_of_match,AD Russell
info,umpire,SJ Davis
info,umpire,S George
info,reserve_umpire,JD Cloete
info,tv_umpire,S Ravi
info,match_referee,BC Broad
info,winner,West Indies
info,winner_wickets,1
ball,1,0.1,South Africa,MN van Wyk,RR Rossouw,SS Cottrell,0,0,"",""
ball,1,0.2,South Africa,MN van Wyk,RR Rossouw,SS Cottrell,0,0,"",""
ball,1,0.3,South Africa,MN van Wyk,RR Rossouw,SS Cottrell,0,0,"",""
ball,1,0.4,South Africa,MN van Wyk,RR Rossouw,SS Cottrell,4,0,"",""
ball,1,0.5,South Africa,MN van Wyk,RR Rossouw,SS Cottrell,1,0,"",""
ball,1,0.6,South Africa,RR Rossouw,MN van Wyk,SS Cottrell,4,0,"",""
ball,1,1.1,South Africa,MN van Wyk,RR Rossouw,JO Holder,0,0,"",""
ball,1,1.2,South Africa,MN van Wyk,RR Rossouw,JO Holder,0,0,"",""
ball,1,1.3,South Africa,MN van Wyk,RR Rossouw,JO Holder,0,0,"",""
ball,1,1.4,South Africa,MN van Wyk,RR Rossouw,JO Holder,0,0,"",""
ball,1,1.5,South Africa,MN van Wyk,RR Rossouw,JO Holder,0,0,"",""
ball,1,1.6,South Africa,MN van Wyk,RR Rossouw,JO Holder,4,0,"",""
ball,1,2.1,South Africa,RR Rossouw,MN van Wyk,SS Cottrell,0,0,"",""
ball,1,2.2,South Africa,RR Rossouw,MN van Wyk,SS Cottrell,0,5,"",""
ball,1,2.3,South Africa,RR Rossouw,MN van Wyk,SS Cottrell,0,0,caught,RR Rossouw
ball,1,2.4,South Africa,F du Plessis,MN van Wyk,SS Cottrell,0,0,"",""
ball,1,2.5,South Africa,F du Plessis,MN van Wyk,SS Cottrell,0,1,"",""
ball,1,2.6,South Africa,F du Plessis,MN van Wyk,SS Cottrell,0,0,"",""
ball,1,2.7,South Africa,F du Plessis,MN van Wyk,SS Cottrell,0,0,"",""
ball,1,2.8,South Africa,F du Plessis,MN van Wyk,SS Cottrell,0,0,"",""
ball,1,3.1,South Africa,MN van Wyk,F du Plessis,JO Holder,0,0,"",""
ball,1,3.2,South Africa,MN van Wyk,F du Plessis,JO Holder,0,0,"",""
ball,1,3.3,South Africa,MN van Wyk,F du Plessis,JO Holder,0,0,"",""
ball,1,3.4,South Africa,MN van Wyk,F du Plessis,JO Holder,4,0,"",""
ball,1,3.5,South Africa,MN van Wyk,F du Plessis,JO Holder,0,0,"",""
ball,1,3.6,South Africa,MN van Wyk,F du Plessis,JO Holder,0,0,"",""
ball,1,4.1,South Africa,F du Plessis,MN van Wyk,SS Cottrell,0,0,"",""
ball,1,4.2,South Africa,F du Plessis,MN van Wyk,SS Cottrell,0,0,"",""
ball,1,4.3,South Africa,F du Plessis,MN van Wyk,SS Cottrell,0,0,"",""
ball,1,4.4,South Africa,F du Plessis,MN van Wyk,SS Cottrell,0,0,"",""
ball,1,4.5,South Africa,F du Plessis,MN van Wyk,SS Cottrell,0,0,"",""
ball,1,4.6,South Africa,F du Plessis,MN van Wyk,SS Cottrell,4,0,"",""
ball,1,5.1,South Africa,MN van Wyk,F du Plessis,JO Holder,0,0,"",""
ball,1,5.2,South Africa,MN van Wyk,F du Plessis,JO Holder,0,0,"",""
ball,1,5.3,South Africa,MN van Wyk,F du Plessis,JO Holder,4,0,"",""
ball,1,5.4,South Africa,MN van Wyk,F du Plessis,JO Holder,0,0,"",""
ball,1,5.5,South Africa,MN van Wyk,F du Plessis,JO Holder,1,0,"",""
ball,1,5.6,South Africa,F du Plessis,MN van Wyk,JO Holder,0,0,caught,F du Plessis
ball,1,6.1,South Africa,MN van Wyk,AB de Villiers,SS Cottrell,0,0,"",""
ball,1,6.2,South Africa,MN van Wyk,AB de Villiers,SS Cottrell,0,0,caught,MN van Wyk
ball,1,6.3,South Africa,DA Miller,AB de Villiers,SS Cottrell,0,5,"",""
ball,1,6.4,South Africa,DA Miller,AB de Villiers,SS Cottrell,4,0,"",""
ball,1,6.5,South Africa,DA Miller,AB de Villiers,SS Cottrell,0,0,"",""
ball,1,6.6,South Africa,DA Miller,AB de Villiers,SS Cottrell,0,0,"",""
ball,1,6.7,South Africa,DA Miller,AB de Villiers,SS Cottrell,0,0,"",""
ball,1,7.1,South Africa,AB de Villiers,DA Miller,JO Holder,0,0,"",""
ball,1,7.2,South Africa,AB de Villiers,DA Miller,JO Holder,0,0,"",""
ball,1,7.3,South Africa,AB de Villiers,DA Miller,JO Holder,0,0,"",""
ball,1,7.4,South Africa,AB de Villiers,DA Miller,JO Holder,0,0,"",""
ball,1,7.5,South Africa,AB de Villiers,DA Miller,JO Holder,0,0,"",""
ball,1,7.6,South Africa,AB de Villiers,DA Miller,JO Holder,0,0,"",""
ball,1,8.1,South Africa,DA Miller,AB de Villiers,SS Cottrell,0,0,"",""
ball,1,8.2,South Africa,DA Miller,AB de Villiers,SS Cottrell,0,0,"",""
ball,1,8.3,South Africa,DA Miller,AB de Villiers,SS Cottrell,0,0,"",""
ball,1,8.4,South Africa,DA Miller,AB de Villiers,SS Cottrell,0,0,"",""
ball,1,8.5,South Africa,DA Miller,AB de Villiers,SS Cottrell,0,0,"",""
ball,1,8.6,South Africa,DA Miller,AB de Villiers,SS Cottrell,2,0,"",""
ball,1,9.1,South Africa,AB de Villiers,DA Miller,JO Holder,4,0,"",""
ball,1,9.2,South Africa,AB de Villiers,DA Miller,JO Holder,0,0,"",""
ball,1,9.3,South Africa,AB de Villiers,DA Miller,JO Holder,0,0,"",""
ball,1,9.4,South Africa,AB de Villiers,DA Miller,JO Holder,1,0,"",""
ball,1,9.5,South Africa,DA Miller,AB de Villiers,JO Holder,1,0,"",""
ball,1,9.6,South Africa,AB de Villiers,DA Miller,JO Holder,0,0,"",""
ball,1,10.1,South Africa,DA Miller,AB de Villiers,AD Russell,0,0,"",""
ball,1,10.2,South Africa,DA Miller,AB de Villiers,AD Russell,0,0,"",""
ball,1,10.3,South Africa,DA Miller,AB de Villiers,AD Russell,0,0,"",""
ball,1,10.4,South Africa,DA Miller,AB de Villiers,AD Russell,0,0,"",""
ball,1,10.5,South Africa,DA Miller,AB de Villiers,AD Russell,0,0,"",""
ball,1,10.6,South Africa,DA Miller,AB de Villiers,AD Russell,0,0,"",""
ball,1,11.1,South Africa,AB de Villiers,DA Miller,DJG Sammy,1,0,"",""
ball,1,11.2,South Africa,DA Miller,AB de Villiers,DJG Sammy,0,0,"",""
ball,1,11.3,South Africa,DA Miller,AB de Villiers,DJG Sammy,4,0,"",""
ball,1,11.4,South Africa,DA Miller,AB de Villiers,DJG Sammy,1,0,"",""
ball,1,11.5,South Africa,AB de Villiers,DA Miller,DJG Sammy,0,0,"",""
ball,1,11.6,South Africa,AB de Villiers,DA Miller,DJG Sammy,4,0,"",""
ball,1,12.1,South Africa,DA Miller,AB de Villiers,AD Russell,1,0,"",""
ball,1,12.2,South Africa,AB de Villiers,DA Miller,AD Russell,1,0,"",""
ball,1,12.3,South Africa,DA Miller,AB de Villiers,AD Russell,4,0,"",""
ball,1,12.4,South Africa,DA Miller,AB de Villiers,AD Russell,1,0,"",""
ball,1,12.5,South Africa,AB de Villiers,DA Miller,AD Russell,0,0,"",""
ball,1,12.6,South Africa,AB de Villiers,DA Miller,AD Russell,1,0,"",""
ball,1,13.1,South Africa,AB de Villiers,DA Miller,DJG Sammy,0,0,"",""
ball,1,13.2,South Africa,AB de Villiers,DA Miller,DJG Sammy,1,0,"",""
ball,1,13.3,South Africa,DA Miller,AB de Villiers,DJG Sammy,1,0,"",""
ball,1,13.4,South Africa,AB de Villiers,DA Miller,DJG Sammy,1,0,"",""
ball,1,13.5,South Africa,DA Miller,AB de Villiers,DJG Sammy,1,0,"",""
ball,1,13.6,South Africa,AB de Villiers,DA Miller,DJG Sammy,1,0,"",""
ball,1,14.1,South Africa,AB de Villiers,DA Miller,AD Russell,0,0,"",""
ball,1,14.2,South Africa,AB de Villiers,DA Miller,AD Russell,0,0,"",""
ball,1,14.3,South Africa,AB de Villiers,DA Miller,AD Russell,4,0,"",""
ball,1,14.4,South Africa,AB de Villiers,DA Miller,AD Russell,0,0,caught,AB de Villiers
ball,1,14.5,South Africa,JP Duminy,DA Miller,AD Russell,0,0,"",""
ball,1,14.6,South Africa,JP Duminy,DA Miller,AD Russell,0,0,"",""
ball,1,15.1,South Africa,DA Miller,JP Duminy,CR Brathwaite,0,0,"",""
ball,1,15.2,South Africa,DA Miller,JP Duminy,CR Brathwaite,0,0,"",""
ball,1,15.3,South Africa,DA Miller,JP Duminy,CR Brathwaite,0,0,"",""
ball,1,15.4,South Africa,DA Miller,JP Duminy,CR Brathwaite,1,0,"",""
ball,1,15.5,South Africa,JP Duminy,DA Miller,CR Brathwaite,0,0,"",""
ball,1,15.6,South Africa,JP Duminy,DA Miller,CR Brathwaite,0,0,"",""
ball,1,16.1,South Africa,DA Miller,JP Duminy,AD Russell,0,0,"",""
ball,1,16.2,South Africa,DA Miller,JP Duminy,AD Russell,1,0,"",""
ball,1,16.3,South Africa,JP Duminy,DA Miller,AD Russell,0,0,"",""
ball,1,16.4,South Africa,JP Duminy,DA Miller,AD Russell,0,0,"",""
ball,1,16.5,South Africa,JP Duminy,DA Miller,AD Russell,0,1,"",""
ball,1,16.6,South Africa,DA Miller,JP Duminy,AD Russell,0,0,"",""
ball,1,17.1,South Africa,JP Duminy,DA Miller,CR Brathwaite,0,0,"",""
ball,1,17.2,South Africa,JP Duminy,DA Miller,CR Brathwaite,0,0,"",""
ball,1,17.3,South Africa,JP Duminy,DA Miller,CR Brathwaite,0,0,"",""
ball,1,17.4,South Africa,JP Duminy,DA Miller,CR Brathwaite,0,0,"",""
ball,1,17.5,South Africa,JP Duminy,DA Miller,CR Brathwaite,0,0,"",""
ball,1,17.6,South Africa,JP Duminy,DA Miller,CR Brathwaite,1,0,"",""
ball,1,18.1,South Africa,JP Duminy,DA Miller,AD Russell,1,0,"",""
ball,1,18.2,South Africa,DA Miller,JP Duminy,AD Russell,4,0,"",""
ball,1,18.3,South Africa,DA Miller,JP Duminy,AD Russell,0,0,"",""
ball,1,18.4,South Africa,DA Miller,JP Duminy,AD Russell,4,0,"",""
ball,1,18.5,South Africa,DA Miller,JP Duminy,AD Russell,0,0,"",""
ball,1,18.6,South Africa,DA Miller,JP Duminy,AD Russell,0,0,"",""
ball,1,19.1,South Africa,JP Duminy,DA Miller,CR Brathwaite,0,0,"",""
ball,1,19.2,South Africa,JP Duminy,DA Miller,CR Brathwaite,1,0,"",""
ball,1,19.3,South Africa,DA Miller,JP Duminy,CR Brathwaite,1,0,"",""
ball,1,19.4,South Africa,JP Duminy,DA Miller,CR Brathwaite,1,0,"",""
ball,1,19.5,South Africa,DA Miller,JP Duminy,CR Brathwaite,0,0,"",""
ball,1,19.6,South Africa,DA Miller,JP Duminy,CR Brathwaite,0,0,"",""
ball,1,20.1,South Africa,JP Duminy,DA Miller,MN Samuels,1,0,"",""
ball,1,20.2,South Africa,DA Miller,JP Duminy,MN Samuels,1,0,"",""
ball,1,20.3,South Africa,JP Duminy,DA Miller,MN Samuels,1,0,"",""
ball,1,20.4,South Africa,DA Miller,JP Duminy,MN Samuels,0,0,"",""
ball,1,20.5,South Africa,DA Miller,JP Duminy,MN Samuels,1,0,"",""
ball,1,20.6,South Africa,JP Duminy,DA Miller,MN Samuels,0,0,"",""
ball,1,21.1,South Africa,DA Miller,JP Duminy,CR Brathwaite,1,0,"",""
ball,1,21.2,South Africa,JP Duminy,DA Miller,CR Brathwaite,1,0,"",""
ball,1,21.3,South Africa,DA Miller,JP Duminy,CR Brathwaite,1,0,"",""
ball,1,21.4,South Africa,JP Duminy,DA Miller,CR Brathwaite,1,0,"",""
ball,1,21.5,South Africa,DA Miller,JP Duminy,CR Brathwaite,0,0,"",""
ball,1,21.6,South Africa,DA Miller,JP Duminy,CR Brathwaite,1,0,"",""
ball,1,22.1,South Africa,DA Miller,JP Duminy,MN Samuels,1,0,"",""
ball,1,22.2,South Africa,JP Duminy,DA Miller,MN Samuels,2,0,"",""
ball,1,22.3,South Africa,JP Duminy,DA Miller,MN Samuels,1,0,"",""
ball,1,22.4,South Africa,DA Miller,JP Duminy,MN Samuels,0,0,"",""
ball,1,22.5,South Africa,DA Miller,JP Duminy,MN Samuels,0,0,"",""
ball,1,22.6,South Africa,DA Miller,JP Duminy,MN Samuels,1,0,"",""
ball,1,23.1,South Africa,DA Miller,JP Duminy,CR Brathwaite,0,0,"",""
ball,1,23.2,South Africa,DA Miller,JP Duminy,CR Brathwaite,0,0,"",""
ball,1,23.3,South Africa,DA Miller,JP Duminy,CR Brathwaite,0,0,"",""
ball,1,23.4,South Africa,DA Miller,JP Duminy,CR Brathwaite,0,0,"",""
ball,1,23.5,South Africa,DA Miller,JP Duminy,CR Brathwaite,0,0,"",""
ball,1,23.6,South Africa,DA Miller,JP Duminy,CR Brathwaite,0,0,"",""
ball,1,24.1,South Africa,JP Duminy,DA Miller,MN Samuels,0,0,"",""
ball,1,24.2,South Africa,JP Duminy,DA Miller,MN Samuels,0,0,"",""
ball,1,24.3,South Africa,JP Duminy,DA Miller,MN Samuels,2,0,"",""
ball,1,24.4,South Africa,JP Duminy,DA Miller,MN Samuels,4,0,"",""
ball,1,24.5,South Africa,JP Duminy,DA Miller,MN Samuels,4,0,"",""
ball,1,24.6,South Africa,JP Duminy,DA Miller,MN Samuels,0,0,"",""
ball,1,25.1,South Africa,DA Miller,JP Duminy,CR Brathwaite,0,0,"",""
ball,1,25.2,South Africa,DA Miller,JP Duminy,CR Brathwaite,4,0,"",""
ball,1,25.3,South Africa,DA Miller,JP Duminy,CR Brathwaite,1,0,"",""
ball,1,25.4,South Africa,JP Duminy,DA Miller,CR Brathwaite,0,0,"",""
ball,1,25.5,South Africa,JP Duminy,DA Miller,CR Brathwaite,0,0,"",""
ball,1,25.6,South Africa,JP Duminy,DA Miller,CR Brathwaite,1,0,"",""
ball,1,26.1,South Africa,JP Duminy,DA Miller,DJG Sammy,0,0,"",""
ball,1,26.2,South Africa,JP Duminy,DA Miller,DJG Sammy,0,0,"",""
ball,1,26.3,South Africa,JP Duminy,DA Miller,DJG Sammy,1,0,"",""
ball,1,26.4,South Africa,DA Miller,JP Duminy,DJG Sammy,0,0,"",""
ball,1,26.5,South Africa,DA Miller,JP Duminy,DJG Sammy,1,0,"",""
ball,1,26.6,South Africa,JP Duminy,DA Miller,DJG Sammy,1,0,"",""
ball,1,27.1,South Africa,JP Duminy,DA Miller,CR Brathwaite,4,0,"",""
ball,1,27.2,South Africa,JP Duminy,DA Miller,CR Brathwaite,0,0,"",""
ball,1,27.3,South Africa,JP Duminy,DA Miller,CR Brathwaite,0,0,"",""
ball,1,27.4,South Africa,JP Duminy,DA Miller,CR Brathwaite,0,0,"",""
ball,1,27.5,South Africa,JP Duminy,DA Miller,CR Brathwaite,0,0,"",""
ball,1,27.6,South Africa,JP Duminy,DA Miller,CR Brathwaite,2,0,"",""
ball,1,28.1,South Africa,DA Miller,JP Duminy,DJG Sammy,1,0,"",""
ball,1,28.2,South Africa,JP Duminy,DA Miller,DJG Sammy,0,0,"",""
ball,1,28.3,South Africa,JP Duminy,DA Miller,DJG Sammy,0,0,"",""
ball,1,28.4,South Africa,JP Duminy,DA Miller,DJG Sammy,0,0,"",""
ball,1,28.5,South Africa,JP Duminy,DA Miller,DJG Sammy,1,0,"",""
ball,1,28.6,South Africa,DA Miller,JP Duminy,DJG Sammy,1,0,"",""
ball,1,29.1,South Africa,DA Miller,JP Duminy,JO Holder,1,0,"",""
ball,1,29.2,South Africa,JP Duminy,DA Miller,JO Holder,1,0,"",""
ball,1,29.3,South Africa,DA Miller,JP Duminy,JO Holder,1,0,"",""
ball,1,29.4,South Africa,JP Duminy,DA Miller,JO Holder,0,0,"",""
ball,1,29.5,South Africa,JP Duminy,DA Miller,JO Holder,1,0,"",""
ball,1,29.6,South Africa,DA Miller,JP Duminy,JO Holder,1,0,"",""
ball,1,30.1,South Africa,DA Miller,JP Duminy,DJG Sammy,0,0,"",""
ball,1,30.2,South Africa,DA Miller,JP Duminy,DJG Sammy,0,0,"",""
ball,1,30.3,South Africa,DA Miller,JP Duminy,DJG Sammy,0,0,"",""
ball,1,30.4,South Africa,DA Miller,JP Duminy,DJG Sammy,0,0,"",""
ball,1,30.5,South Africa,DA Miller,JP Duminy,DJG Sammy,0,0,"",""
ball,1,30.6,South Africa,DA Miller,JP Duminy,DJG Sammy,0,0,"",""
ball,1,31.1,South Africa,JP Duminy,DA Miller,SS Cottrell,0,0,"",""
ball,1,31.2,South Africa,JP Duminy,DA Miller,SS Cottrell,0,0,"",""
ball,1,31.3,South Africa,JP Duminy,DA Miller,SS Cottrell,1,0,"",""
ball,1,31.4,South Africa,DA Miller,JP Duminy,SS Cottrell,0,0,"",""
ball,1,31.5,South Africa,DA Miller,JP Duminy,SS Cottrell,4,0,"",""
ball,1,31.6,South Africa,DA Miller,JP Duminy,SS Cottrell,4,0,"",""
ball,1,32.1,South Africa,JP Duminy,DA Miller,DJG Sammy,1,0,"",""
ball,1,32.2,South Africa,DA Miller,JP Duminy,DJG Sammy,1,0,"",""
ball,1,32.3,South Africa,JP Duminy,DA Miller,DJG Sammy,1,0,"",""
ball,1,32.4,South Africa,DA Miller,JP Duminy,DJG Sammy,1,0,"",""
ball,1,32.5,South Africa,JP Duminy,DA Miller,DJG Sammy,1,0,"",""
ball,1,32.6,South Africa,DA Miller,JP Duminy,DJG Sammy,0,0,"",""
ball,1,33.1,South Africa,JP Duminy,DA Miller,CH Gayle,1,0,"",""
ball,1,33.2,South Africa,DA Miller,JP Duminy,CH Gayle,1,0,"",""
ball,1,33.3,South Africa,JP Duminy,DA Miller,CH Gayle,0,0,"",""
ball,1,33.4,South Africa,JP Duminy,DA Miller,CH Gayle,0,0,"",""
ball,1,33.5,South Africa,JP Duminy,DA Miller,CH Gayle,1,0,"",""
ball,1,33.6,South Africa,DA Miller,JP Duminy,CH Gayle,1,0,"",""
ball,1,34.1,South Africa,DA Miller,JP Duminy,DJG Sammy,1,0,"",""
ball,1,34.2,South Africa,JP Duminy,DA Miller,DJG Sammy,2,0,"",""
ball,1,34.3,South Africa,JP Duminy,DA Miller,DJG Sammy,1,0,"",""
ball,1,34.4,South Africa,DA Miller,JP Duminy,DJG Sammy,0,0,"",""
ball,1,34.5,South Africa,DA Miller,JP Duminy,DJG Sammy,0,0,"",""
ball,1,34.6,South Africa,DA Miller,JP Duminy,DJG Sammy,1,0,"",""
ball,1,35.1,South Africa,DA Miller,JP Duminy,AD Russell,0,0,"",""
ball,1,35.2,South Africa,DA Miller,JP Duminy,AD Russell,0,0,"",""
ball,1,35.3,South Africa,DA Miller,JP Duminy,AD Russell,2,0,"",""
ball,1,35.4,South Africa,DA Miller,JP Duminy,AD Russell,1,0,"",""
ball,1,35.5,South Africa,JP Duminy,DA Miller,AD Russell,0,0,"",""
ball,1,35.6,South Africa,JP Duminy,DA Miller,AD Russell,1,0,"",""
ball,1,36.1,South Africa,JP Duminy,DA Miller,DJG Sammy,0,0,"",""
ball,1,36.2,South Africa,JP Duminy,DA Miller,DJG Sammy,0,0,"",""
ball,1,36.3,South Africa,JP Duminy,DA Miller,DJG Sammy,0,0,"",""
ball,1,36.4,South Africa,JP Duminy,DA Miller,DJG Sammy,0,0,caught and bowled,JP Duminy
ball,1,36.5,South Africa,F Behardien,DA Miller,DJG Sammy,1,0,"",""
ball,1,36.6,South Africa,DA Miller,F Behardien,DJG Sammy,1,0,"",""
ball,1,37.1,South Africa,DA Miller,F Behardien,AD Russell,4,0,"",""
ball,1,37.2,South Africa,DA Miller,F Behardien,AD Russell,0,0,"",""
ball,1,37.3,South Africa,DA Miller,F Behardien,AD Russell,1,0,"",""
ball,1,37.4,South Africa,F Behardien,DA Miller,AD Russell,0,0,"",""
ball,1,37.5,South Africa,F Behardien,DA Miller,AD Russell,0,0,"",""
ball,1,37.6,South Africa,F Behardien,DA Miller,AD Russell,2,0,"",""
ball,1,38.1,South Africa,DA Miller,F Behardien,DJG Sammy,2,0,"",""
ball,1,38.2,South Africa,DA Miller,F Behardien,DJG Sammy,1,0,"",""
ball,1,38.3,South Africa,F Behardien,DA Miller,DJG Sammy,1,0,"",""
ball,1,38.4,South Africa,DA Miller,F Behardien,DJG Sammy,1,0,"",""
ball,1,38.5,South Africa,F Behardien,DA Miller,DJG Sammy,1,0,"",""
ball,1,38.6,South Africa,DA Miller,F Behardien,DJG Sammy,0,0,"",""
ball,1,39.1,South Africa,F Behardien,DA Miller,AD Russell,0,0,"",""
ball,1,39.2,South Africa,F Behardien,DA Miller,AD Russell,0,0,"",""
ball,1,39.3,South Africa,F Behardien,DA Miller,AD Russell,1,0,"",""
ball,1,39.4,South Africa,DA Miller,F Behardien,AD Russell,0,0,"",""
ball,1,39.5,South Africa,DA Miller,F Behardien,AD Russell,1,0,"",""
ball,1,39.6,South Africa,F Behardien,DA Miller,AD Russell,1,0,"",""
ball,1,40.1,South Africa,F Behardien,DA Miller,DJG Sammy,0,0,"",""
ball,1,40.2,South Africa,F Behardien,DA Miller,DJG Sammy,0,1,"",""
ball,1,40.3,South Africa,F Behardien,DA Miller,DJG Sammy,1,0,"",""
ball,1,40.4,South Africa,DA Miller,F Behardien,DJG Sammy,1,0,"",""
ball,1,40.5,South Africa,F Behardien,DA Miller,DJG Sammy,3,0,"",""
ball,1,40.6,South Africa,DA Miller,F Behardien,DJG Sammy,0,0,"",""
ball,1,40.7,South Africa,DA Miller,F Behardien,DJG Sammy,1,0,"",""
ball,1,41.1,South Africa,DA Miller,F Behardien,CR Brathwaite,0,0,"",""
ball,1,41.2,South Africa,DA Miller,F Behardien,CR Brathwaite,2,0,"",""
ball,1,41.3,South Africa,DA Miller,F Behardien,CR Brathwaite,0,0,"",""
ball,1,41.4,South Africa,DA Miller,F Behardien,CR Brathwaite,1,0,"",""
ball,1,41.5,South Africa,F Behardien,DA Miller,CR Brathwaite,0,0,"",""
ball,1,41.6,South Africa,F Behardien,DA Miller,CR Brathwaite,0,1,"",""
ball,1,41.7,South Africa,F Behardien,DA Miller,CR Brathwaite,1,0,"",""
ball,1,42.1,South Africa,F Behardien,DA Miller,JO Holder,0,0,bowled,F Behardien
ball,1,42.2,South Africa,WD Parnell,DA Miller,JO Holder,0,1,"",""
ball,1,42.3,South Africa,WD Parnell,DA Miller,JO Holder,0,0,"",""
ball,1,42.4,South Africa,WD Parnell,DA Miller,JO Holder,1,0,"",""
ball,1,42.5,South Africa,DA Miller,WD Parnell,JO Holder,2,0,"",""
ball,1,42.6,South Africa,DA Miller,WD Parnell,JO Holder,1,0,"",""
ball,1,42.7,South Africa,WD Parnell,DA Miller,JO Holder,0,0,"",""
ball,1,43.1,South Africa,DA Miller,WD Parnell,CR Brathwaite,1,0,"",""
ball,1,43.2,South Africa,WD Parnell,DA Miller,CR Brathwaite,0,0,"",""
ball,1,43.3,South Africa,WD Parnell,DA Miller,CR Brathwaite,1,0,"",""
ball,1,43.4,South Africa,DA Miller,WD Parnell,CR Brathwaite,1,0,"",""
ball,1,43.5,South Africa,WD Parnell,DA Miller,CR Brathwaite,0,1,"",""
ball,1,43.6,South Africa,WD Parnell,DA Miller,CR Brathwaite,1,0,"",""
ball,1,43.7,South Africa,DA Miller,WD Parnell,CR Brathwaite,0,1,"",""
ball,1,43.8,South Africa,DA Miller,WD Parnell,CR Brathwaite,0,0,"",""
ball,1,44.1,South Africa,WD Parnell,DA Miller,JO Holder,1,0,"",""
ball,1,44.2,South Africa,DA Miller,WD Parnell,JO Holder,2,0,"",""
ball,1,44.3,South Africa,DA Miller,WD Parnell,JO Holder,0,0,"",""
ball,1,44.4,South Africa,DA Miller,WD Parnell,JO Holder,1,0,"",""
ball,1,44.5,South Africa,WD Parnell,DA Miller,JO Holder,2,0,"",""
ball,1,44.6,South Africa,WD Parnell,DA Miller,JO Holder,1,0,"",""
ball,1,45.1,South Africa,WD Parnell,DA Miller,CR Brathwaite,0,0,"",""
ball,1,45.2,South Africa,WD Parnell,DA Miller,CR Brathwaite,1,0,"",""
ball,1,45.3,South Africa,DA Miller,WD Parnell,CR Brathwaite,2,0,"",""
ball,1,45.4,South Africa,DA Miller,WD Parnell,CR Brathwaite,1,0,"",""
ball,1,45.5,South Africa,WD Parnell,DA Miller,CR Brathwaite,1,0,"",""
ball,1,45.6,South Africa,DA Miller,WD Parnell,CR Brathwaite,1,0,"",""
ball,1,46.1,South Africa,DA Miller,WD Parnell,AD Russell,1,0,"",""
ball,1,46.2,South Africa,WD Parnell,DA Miller,AD Russell,1,0,"",""
ball,1,46.3,South Africa,DA Miller,WD Parnell,AD Russell,2,0,"",""
ball,1,46.4,South Africa,DA Miller,WD Parnell,AD Russell,0,1,"",""
ball,1,46.5,South Africa,WD Parnell,DA Miller,AD Russell,1,0,"",""
ball,1,46.6,South Africa,DA Miller,WD Parnell,AD Russell,1,0,"",""
ball,1,47.1,South Africa,DA Miller,WD Parnell,JO Holder,2,0,"",""
ball,1,47.2,South Africa,DA Miller,WD Parnell,JO Holder,0,0,"",""
ball,1,47.3,South Africa,DA Miller,WD Parnell,JO Holder,0,1,"",""
ball,1,47.4,South Africa,DA Miller,WD Parnell,JO Holder,4,0,"",""
ball,1,47.5,South Africa,DA Miller,WD Parnell,JO Holder,6,0,"",""
ball,1,47.6,South Africa,DA Miller,WD Parnell,JO Holder,0,0,"",""
ball,1,47.7,South Africa,DA Miller,WD Parnell,JO Holder,1,0,"",""
ball,1,48.1,South Africa,DA Miller,WD Parnell,AD Russell,6,0,"",""
ball,1,48.2,South Africa,DA Miller,WD Parnell,AD Russell,4,0,"",""
ball,1,48.3,South Africa,DA Miller,WD Parnell,AD Russell,6,0,"",""
ball,1,48.4,South Africa,DA Miller,WD Parnell,AD Russell,0,0,"",""
ball,1,48.5,South Africa,DA Miller,WD Parnell,AD Russell,1,0,"",""
ball,1,48.6,South Africa,WD Parnell,DA Miller,AD Russell,1,0,"",""
ball,1,49.1,South Africa,WD Parnell,DA Miller,JO Holder,0,0,"",""
ball,1,49.2,South Africa,WD Parnell,DA Miller,JO Holder,0,0,bowled,WD Parnell
ball,1,49.3,South Africa,AM Phangiso,DA Miller,JO Holder,0,0,caught,AM Phangiso
ball,1,49.4,South Africa,KJ Abbott,DA Miller,JO Holder,0,0,"",""
ball,1,49.5,South Africa,KJ Abbott,DA Miller,JO Holder,1,0,"",""
ball,1,49.6,South Africa,DA Miller,KJ Abbott,JO Holder,2,0,"",""
ball,2,0.1,West Indies,DR Smith,CH Gayle,M Morkel,0,0,"",""
ball,2,0.2,West Indies,DR Smith,CH Gayle,M Morkel,0,0,"",""
ball,2,0.3,West Indies,DR Smith,CH Gayle,M Morkel,0,0,bowled,DR Smith
ball,2,0.4,West Indies,LR Johnson,CH Gayle,M Morkel,0,0,"",""
ball,2,0.5,West Indies,LR Johnson,CH Gayle,M Morkel,0,0,"",""
ball,2,0.6,West Indies,LR Johnson,CH Gayle,M Morkel,0,0,"",""
ball,2,1.1,West Indies,CH Gayle,LR Johnson,KJ Abbott,0,0,"",""
ball,2,1.2,West Indies,CH Gayle,LR Johnson,KJ Abbott,2,0,"",""
ball,2,1.3,West Indies,CH Gayle,LR Johnson,KJ Abbott,0,0,"",""
ball,2,1.4,West Indies,CH Gayle,LR Johnson,KJ Abbott,0,0,"",""
ball,2,1.5,West Indies,CH Gayle,LR Johnson,KJ Abbott,0,0,"",""
ball,2,1.6,West Indies,CH Gayle,LR Johnson,KJ Abbott,1,0,"",""
ball,2,2.1,West Indies,CH Gayle,LR Johnson,M Morkel,1,0,"",""
ball,2,2.2,West Indies,LR Johnson,CH Gayle,M Morkel,0,1,"",""
ball,2,2.3,West Indies,LR Johnson,CH Gayle,M Morkel,0,0,"",""
ball,2,2.4,West Indies,LR Johnson,CH Gayle,M Morkel,0,0,"",""
ball,2,2.5,West Indies,LR Johnson,CH Gayle,M Morkel,0,0,"",""
ball,2,2.6,West Indies,LR Johnson,CH Gayle,M Morkel,1,0,"",""
ball,2,2.7,West Indies,CH Gayle,LR Johnson,M Morkel,0,0,"",""
ball,2,3.1,West Indies,LR Johnson,CH Gayle,KJ Abbott,0,0,"",""
ball,2,3.2,West Indies,LR Johnson,CH Gayle,KJ Abbott,0,0,"",""
ball,2,3.3,West Indies,LR Johnson,CH Gayle,KJ Abbott,0,0,"",""
ball,2,3.4,West Indies,LR Johnson,CH Gayle,KJ Abbott,0,0,"",""
ball,2,3.5,West Indies,LR Johnson,CH Gayle,KJ Abbott,0,0,"",""
ball,2,3.6,West Indies,LR Johnson,CH Gayle,KJ Abbott,0,0,"",""
ball,2,4.1,West Indies,CH Gayle,LR Johnson,M Morkel,0,0,"",""
ball,2,4.2,West Indies,CH Gayle,LR Johnson,M Morkel,0,0,"",""
ball,2,4.3,West Indies,CH Gayle,LR Johnson,M Morkel,0,0,"",""
ball,2,4.4,West Indies,CH Gayle,LR Johnson,M Morkel,1,0,"",""
ball,2,4.5,West Indies,LR Johnson,CH Gayle,M Morkel,0,0,"",""
ball,2,4.6,West Indies,LR Johnson,CH Gayle,M Morkel,0,0,"",""
ball,2,5.1,West Indies,CH Gayle,LR Johnson,KJ Abbott,0,0,"",""
ball,2,5.2,West Indies,CH Gayle,LR Johnson,KJ Abbott,4,0,"",""
ball,2,5.3,West Indies,CH Gayle,LR Johnson,KJ Abbott,0,0,"",""
ball,2,5.4,West Indies,CH Gayle,LR Johnson,KJ Abbott,0,0,"",""
ball,2,5.5,West Indies,CH Gayle,LR Johnson,KJ Abbott,0,0,"",""
ball,2,5.6,West Indies,CH Gayle,LR Johnson,KJ Abbott,1,0,"",""
ball,2,6.1,West Indies,CH Gayle,LR Johnson,JP Duminy,0,0,caught,CH Gayle
ball,2,6.2,West Indies,MN Samuels,LR Johnson,JP Duminy,0,0,"",""
ball,2,6.3,West Indies,MN Samuels,LR Johnson,JP Duminy,0,0,"",""
ball,2,6.4,West Indies,MN Samuels,LR Johnson,JP Duminy,0,0,"",""
ball,2,6.5,West Indies,MN Samuels,LR Johnson,JP Duminy,0,0,"",""
ball,2,6.6,West Indies,MN Samuels,LR Johnson,JP Duminy,1,0,"",""
ball,2,7.1,West Indies,MN Samuels,LR Johnson,KJ Abbott,0,0,"",""
ball,2,7.2,West Indies,MN Samuels,LR Johnson,KJ Abbott,0,0,"",""
ball,2,7.3,West Indies,MN Samuels,LR Johnson,KJ Abbott,0,0,"",""
ball,2,7.4,West Indies,MN Samuels,LR Johnson,KJ Abbott,0,0,"",""
ball,2,7.5,West Indies,MN Samuels,LR Johnson,KJ Abbott,4,0,"",""
ball,2,7.6,West Indies,MN Samuels,LR Johnson,KJ Abbott,0,0,"",""
ball,2,8.1,West Indies,LR Johnson,MN Samuels,JP Duminy,4,0,"",""
ball,2,8.2,West Indies,LR Johnson,MN Samuels,JP Duminy,0,0,"",""
ball,2,8.3,West Indies,LR Johnson,MN Samuels,JP Duminy,0,0,"",""
ball,2,8.4,West Indies,LR Johnson,MN Samuels,JP Duminy,4,0,"",""
ball,2,8.5,West Indies,LR Johnson,MN Samuels,JP Duminy,0,0,"",""
ball,2,8.6,West Indies,LR Johnson,MN Samuels,JP Duminy,1,0,"",""
ball,2,9.1,West Indies,LR Johnson,MN Samuels,AM Phangiso,0,0,"",""
ball,2,9.2,West Indies,LR Johnson,MN Samuels,AM Phangiso,0,0,"",""
ball,2,9.3,West Indies,LR Johnson,MN Samuels,AM Phangiso,0,0,"",""
ball,2,9.4,West Indies,LR Johnson,MN Samuels,AM Phangiso,0,0,"",""
ball,2,9.5,West Indies,LR Johnson,MN Samuels,AM Phangiso,0,0,"",""
ball,2,9.6,West Indies,LR Johnson,MN Samuels,AM Phangiso,0,0,"",""
ball,2,10.1,West Indies,MN Samuels,LR Johnson,WD Parnell,0,0,"",""
ball,2,10.2,West Indies,MN Samuels,LR Johnson,WD Parnell,0,0,"",""
ball,2,10.3,West Indies,MN Samuels,LR Johnson,WD Parnell,1,0,"",""
ball,2,10.4,West Indies,LR Johnson,MN Samuels,WD Parnell,0,0,"",""
ball,2,10.5,West Indies,LR Johnson,MN Samuels,WD Parnell,6,0,"",""
ball,2,10.6,West Indies,LR Johnson,MN Samuels,WD Parnell,0,0,"",""
ball,2,11.1,West Indies,MN Samuels,LR Johnson,AM Phangiso,0,0,"",""
ball,2,11.2,West Indies,MN Samuels,LR Johnson,AM Phangiso,1,0,"",""
ball,2,11.3,West Indies,LR Johnson,MN Samuels,AM Phangiso,1,0,"",""
ball,2,11.4,West Indies,MN Samuels,LR Johnson,AM Phangiso,1,0,"",""
ball,2,11.5,West Indies,LR Johnson,MN Samuels,AM Phangiso,0,1,"",""
ball,2,11.6,West Indies,LR Johnson,MN Samuels,AM Phangiso,0,0,"",""
ball,2,11.7,West Indies,LR Johnson,MN Samuels,AM Phangiso,0,0,"",""
ball,2,12.1,West Indies,MN Samuels,LR Johnson,WD Parnell,1,0,"",""
ball,2,12.2,West Indies,LR Johnson,MN Samuels,WD Parnell,1,0,"",""
ball,2,12.3,West Indies,MN Samuels,LR Johnson,WD Parnell,0,0,"",""
ball,2,12.4,West Indies,MN Samuels,LR Johnson,WD Parnell,1,0,"",""
ball,2,12.5,West Indies,LR Johnson,MN Samuels,WD Parnell,0,0,"",""
ball,2,12.6,West Indies,LR Johnson,MN Samuels,WD Parnell,0,0,"",""
ball,2,13.1,West Indies,MN Samuels,LR Johnson,AM Phangiso,1,0,"",""
ball,2,13.2,West Indies,LR Johnson,MN Samuels,AM Phangiso,0,0,"",""
ball,2,13.3,West Indies,LR Johnson,MN Samuels,AM Phangiso,0,0,"",""
ball,2,13.4,West Indies,LR Johnson,MN Samuels,AM Phangiso,0,0,"",""
ball,2,13.5,West Indies,LR Johnson,MN Samuels,AM Phangiso,0,0,run out,LR Johnson
ball,2,13.6,West Indies,D Ramdin,MN Samuels,AM Phangiso,1,0,"",""
ball,2,14.1,West Indies,D Ramdin,MN Samuels,WD Parnell,0,0,"",""
ball,2,14.2,West Indies,D Ramdin,MN Samuels,WD Parnell,1,0,"",""
ball,2,14.3,West Indies,MN Samuels,D Ramdin,WD Parnell,0,0,"",""
ball,2,14.4,West Indies,MN Samuels,D Ramdin,WD Parnell,0,0,"",""
ball,2,14.5,West Indies,MN Samuels,D Ramdin,WD Parnell,0,0,"",""
ball,2,14.6,West Indies,MN Samuels,D Ramdin,WD Parnell,0,1,"",""
ball,2,14.7,West Indies,MN Samuels,D Ramdin,WD Parnell,1,0,"",""
ball,2,15.1,West Indies,MN Samuels,D Ramdin,F Behardien,1,0,"",""
ball,2,15.2,West Indies,D Ramdin,MN Samuels,F Behardien,1,0,"",""
ball,2,15.3,West Indies,MN Samuels,D Ramdin,F Behardien,0,0,"",""
ball,2,15.4,West Indies,MN Samuels,D Ramdin,F Behardien,1,0,"",""
ball,2,15.5,West Indies,D Ramdin,MN Samuels,F Behardien,0,0,lbw,D Ramdin
ball,2,15.6,West Indies,JL Carter,MN Samuels,F Behardien,0,0,"",""
ball,2,16.1,West Indies,MN Samuels,JL Carter,M Morkel,0,0,"",""
ball,2,16.2,West Indies,MN Samuels,JL Carter,M Morkel,4,0,"",""
ball,2,16.3,West Indies,MN Samuels,JL Carter,M Morkel,1,0,"",""
ball,2,16.4,West Indies,JL Carter,MN Samuels,M Morkel,0,0,"",""
ball,2,16.5,West Indies,JL Carter,MN Samuels,M Morkel,0,0,"",""
ball,2,16.6,West Indies,JL Carter,MN Samuels,M Morkel,0,0,"",""
ball,2,17.1,West Indies,MN Samuels,JL Carter,F Behardien,0,0,"",""
ball,2,17.2,West Indies,MN Samuels,JL Carter,F Behardien,0,0,"",""
ball,2,17.3,West Indies,MN Samuels,JL Carter,F Behardien,1,0,"",""
ball,2,17.4,West Indies,JL Carter,MN Samuels,F Behardien,0,0,"",""
ball,2,17.5,West Indies,JL Carter,MN Samuels,F Behardien,0,0,"",""
ball,2,17.6,West Indies,JL Carter,MN Samuels,F Behardien,0,0,"",""
ball,2,18.1,West Indies,MN Samuels,JL Carter,M Morkel,0,0,"",""
ball,2,18.2,West Indies,MN Samuels,JL Carter,M Morkel,6,0,"",""
ball,2,18.3,West Indies,MN Samuels,JL Carter,M Morkel,4,0,"",""
ball,2,18.4,West Indies,MN Samuels,JL Carter,M Morkel,0,1,"",""
ball,2,18.5,West Indies,MN Samuels,JL Carter,M Morkel,0,1,"",""
ball,2,18.6,West Indies,JL Carter,MN Samuels,M Morkel,0,0,"",""
ball,2,18.7,West Indies,JL Carter,MN Samuels,M Morkel,0,0,"",""
ball,2,19.1,West Indies,MN Samuels,JL Carter,F Behardien,1,0,"",""
ball,2,19.2,West Indies,JL Carter,MN Samuels,F Behardien,4,0,"",""
ball,2,19.3,West Indies,JL Carter,MN Samuels,F Behardien,1,0,"",""
ball,2,19.4,West Indies,MN Samuels,JL Carter,F Behardien,1,0,"",""
ball,2,19.5,West Indies,JL Carter,MN Samuels,F Behardien,0,0,"",""
ball,2,19.6,West Indies,JL Carter,MN Samuels,F Behardien,0,0,"",""
ball,2,20.1,West Indies,MN Samuels,JL Carter,JP Duminy,0,0,"",""
ball,2,20.2,West Indies,MN Samuels,JL Carter,JP Duminy,0,0,"",""
ball,2,20.3,West Indies,MN Samuels,JL Carter,JP Duminy,0,0,"",""
ball,2,20.4,West Indies,MN Samuels,JL Carter,JP Duminy,0,0,"",""
ball,2,20.5,West Indies,MN Samuels,JL Carter,JP Duminy,0,0,run out,JL Carter
ball,2,20.6,West Indies,MN Samuels,DJG Sammy,JP Duminy,1,0,"",""
ball,2,21.1,West Indies,MN Samuels,DJG Sammy,AM Phangiso,0,0,"",""
ball,2,21.2,West Indies,MN Samuels,DJG Sammy,AM Phangiso,1,0,"",""
ball,2,21.3,West Indies,DJG Sammy,MN Samuels,AM Phangiso,1,0,"",""
ball,2,21.4,West Indies,MN Samuels,DJG Sammy,AM Phangiso,0,0,"",""
ball,2,21.5,West Indies,MN Samuels,DJG Sammy,AM Phangiso,0,0,"",""
ball,2,21.6,West Indies,MN Samuels,DJG Sammy,AM Phangiso,0,0,"",""
ball,2,22.1,West Indies,DJG Sammy,MN Samuels,JP Duminy,0,0,"",""
ball,2,22.2,West Indies,DJG Sammy,MN Samuels,JP Duminy,0,4,"",""
ball,2,22.3,West Indies,DJG Sammy,MN Samuels,JP Duminy,0,0,"",""
ball,2,22.4,West Indies,DJG Sammy,MN Samuels,JP Duminy,0,1,"",""
ball,2,22.5,West Indies,DJG Sammy,MN Samuels,JP Duminy,1,0,"",""
ball,2,22.6,West Indies,MN Samuels,DJG Sammy,JP Duminy,1,0,"",""
ball,2,22.7,West Indies,DJG Sammy,MN Samuels,JP Duminy,1,0,"",""
ball,2,23.1,West Indies,DJG Sammy,MN Samuels,AM Phangiso,1,0,"",""
ball,2,23.2,West Indies,MN Samuels,DJG Sammy,AM Phangiso,0,0,"",""
ball,2,23.3,West Indies,MN Samuels,DJG Sammy,AM Phangiso,0,0,"",""
ball,2,23.4,West Indies,MN Samuels,DJG Sammy,AM Phangiso,1,0,"",""
ball,2,23.5,West Indies,DJG Sammy,MN Samuels,AM Phangiso,0,0,"",""
ball,2,23.6,West Indies,DJG Sammy,MN Samuels,AM Phangiso,0,0,"",""
ball,2,24.1,West Indies,MN Samuels,DJG Sammy,JP Duminy,0,0,"",""
ball,2,24.2,West Indies,MN Samuels,DJG Sammy,JP Duminy,1,0,"",""
ball,2,24.3,West Indies,DJG Sammy,MN Samuels,JP Duminy,1,0,"",""
ball,2,24.4,West Indies,MN Samuels,DJG Sammy,JP Duminy,2,0,"",""
ball,2,24.5,West Indies,MN Samuels,DJG Sammy,JP Duminy,1,0,"",""
ball,2,24.6,West Indies,DJG Sammy,MN Samuels,JP Duminy,1,0,"",""
ball,2,25.1,West Indies,DJG Sammy,MN Samuels,AM Phangiso,1,0,"",""
ball,2,25.2,West Indies,MN Samuels,DJG Sammy,AM Phangiso,1,0,"",""
ball,2,25.3,West Indies,DJG Sammy,MN Samuels,AM Phangiso,1,0,"",""
ball,2,25.4,West Indies,MN Samuels,DJG Sammy,AM Phangiso,1,0,"",""
ball,2,25.5,West Indies,DJG Sammy,MN Samuels,AM Phangiso,0,0,"",""
ball,2,25.6,West Indies,DJG Sammy,MN Samuels,AM Phangiso,0,0,"",""
ball,2,26.1,West Indies,MN Samuels,DJG Sammy,WD Parnell,0,0,"",""
ball,2,26.2,West Indies,MN Samuels,DJG Sammy,WD Parnell,1,0,"",""
ball,2,26.3,West Indies,DJG Sammy,MN Samuels,WD Parnell,1,0,"",""
ball,2,26.4,West Indies,MN Samuels,DJG Sammy,WD Parnell,0,0,"",""
ball,2,26.5,West Indies,MN Samuels,DJG Sammy,WD Parnell,1,0,"",""
ball,2,26.6,West Indies,DJG Sammy,MN Samuels,WD Parnell,4,0,"",""
ball,2,27.1,West Indies,MN Samuels,DJG Sammy,KJ Abbott,1,0,"",""
ball,2,27.2,West Indies,DJG Sammy,MN Samuels,KJ Abbott,0,0,"",""
ball,2,27.3,West Indies,DJG Sammy,MN Samuels,KJ Abbott,6,0,"",""
ball,2,27.4,West Indies,DJG Sammy,MN Samuels,KJ Abbott,0,0,"",""
ball,2,27.5,West Indies,DJG Sammy,MN Samuels,KJ Abbott,1,0,"",""
ball,2,27.6,West Indies,MN Samuels,DJG Sammy,KJ Abbott,0,0,"",""
ball,2,28.1,West Indies,DJG Sammy,MN Samuels,WD Parnell,0,0,"",""
ball,2,28.2,West Indies,DJG Sammy,MN Samuels,WD Parnell,0,0,"",""
ball,2,28.3,West Indies,DJG Sammy,MN Samuels,WD Parnell,0,0,"",""
ball,2,28.4,West Indies,DJG Sammy,MN Samuels,WD Parnell,0,0,"",""
ball,2,28.5,West Indies,DJG Sammy,MN Samuels,WD Parnell,1,0,"",""
ball,2,28.6,West Indies,MN Samuels,DJG Sammy,WD Parnell,1,0,"",""
ball,2,29.1,West Indies,MN Samuels,DJG Sammy,KJ Abbott,1,0,"",""
ball,2,29.2,West Indies,DJG Sammy,MN Samuels,KJ Abbott,0,0,"",""
ball,2,29.3,West Indies,DJG Sammy,MN Samuels,KJ Abbott,0,0,"",""
ball,2,29.4,West Indies,DJG Sammy,MN Samuels,KJ Abbott,0,0,"",""
ball,2,29.5,West Indies,DJG Sammy,MN Samuels,KJ Abbott,0,0,"",""
ball,2,29.6,West Indies,DJG Sammy,MN Samuels,KJ Abbott,0,0,"",""
ball,2,30.1,West Indies,MN Samuels,DJG Sammy,WD Parnell,4,0,"",""
ball,2,30.2,West Indies,MN Samuels,DJG Sammy,WD Parnell,0,0,"",""
ball,2,30.3,West Indies,MN Samuels,DJG Sammy,WD Parnell,0,0,"",""
ball,2,30.4,West Indies,MN Samuels,DJG Sammy,WD Parnell,0,0,"",""
ball,2,30.5,West Indies,MN Samuels,DJG Sammy,WD Parnell,0,0,"",""
ball,2,30.6,West Indies,MN Samuels,DJG Sammy,WD Parnell,0,0,"",""
ball,2,31.1,West Indies,DJG Sammy,MN Samuels,KJ Abbott,4,0,"",""
ball,2,31.2,West Indies,DJG Sammy,MN Samuels,KJ Abbott,1,0,"",""
ball,2,31.3,West Indies,MN Samuels,DJG Sammy,KJ Abbott,0,0,"",""
ball,2,31.4,West Indies,MN Samuels,DJG Sammy,KJ Abbott,0,0,"",""
ball,2,31.5,West Indies,MN Samuels,DJG Sammy,KJ Abbott,4,0,"",""
ball,2,31.6,West Indies,MN Samuels,DJG Sammy,KJ Abbott,1,0,"",""
ball,2,32.1,West Indies,MN Samuels,DJG Sammy,WD Parnell,1,0,"",""
ball,2,32.2,West Indies,DJG Sammy,MN Samuels,WD Parnell,4,0,"",""
ball,2,32.3,West Indies,DJG Sammy,MN Samuels,WD Parnell,1,0,"",""
ball,2,32.4,West Indies,MN Samuels,DJG Sammy,WD Parnell,0,1,"",""
ball,2,32.5,West Indies,DJG Sammy,MN Samuels,WD Parnell,1,0,"",""
ball,2,32.6,West Indies,MN Samuels,DJG Sammy,WD Parnell,0,0,"",""
ball,2,33.1,West Indies,DJG Sammy,MN Samuels,AM Phangiso,0,0,"",""
ball,2,33.2,West Indies,DJG Sammy,MN Samuels,AM Phangiso,0,0,"",""
ball,2,33.3,West Indies,DJG Sammy,MN Samuels,AM Phangiso,4,0,"",""
ball,2,33.4,West Indies,DJG Sammy,MN Samuels,AM Phangiso,0,0,"",""
ball,2,33.5,West Indies,DJG Sammy,MN Samuels,AM Phangiso,0,0,"",""
ball,2,33.6,West Indies,DJG Sammy,MN Samuels,AM Phangiso,1,0,"",""
ball,2,34.1,West Indies,DJG Sammy,MN Samuels,M Morkel,0,1,"",""
ball,2,34.2,West Indies,DJG Sammy,MN Samuels,M Morkel,0,0,"",""
ball,2,34.3,West Indies,DJG Sammy,MN Samuels,M Morkel,0,0,"",""
ball,2,34.4,West Indies,DJG Sammy,MN Samuels,M Morkel,1,0,"",""
ball,2,34.5,West Indies,MN Samuels,DJG Sammy,M Morkel,1,0,"",""
ball,2,34.6,West Indies,DJG Sammy,MN Samuels,M Morkel,0,1,"",""
ball,2,34.7,West Indies,DJG Sammy,MN Samuels,M Morkel,1,0,"",""
ball,2,34.8,West Indies,MN Samuels,DJG Sammy,M Morkel,6,0,"",""
ball,2,35.1,West Indies,DJG Sammy,MN Samuels,KJ Abbott,0,1,"",""
ball,2,35.2,West Indies,DJG Sammy,MN Samuels,KJ Abbott,6,0,"",""
ball,2,35.3,West Indies,DJG Sammy,MN Samuels,KJ Abbott,4,0,"",""
ball,2,35.4,West Indies,DJG Sammy,MN Samuels,KJ Abbott,1,0,"",""
ball,2,35.5,West Indies,MN Samuels,DJG Sammy,KJ Abbott,1,0,"",""
ball,2,35.6,West Indies,DJG Sammy,MN Samuels,KJ Abbott,0,0,"",""
ball,2,35.7,West Indies,DJG Sammy,MN Samuels,KJ Abbott,1,0,"",""
ball,2,36.1,West Indies,DJG Sammy,MN Samuels,WD Parnell,0,0,caught,DJG Sammy
ball,2,36.2,West Indies,MN Samuels,AD Russell,WD Parnell,0,0,"",""
ball,2,36.3,West Indies,MN Samuels,AD Russell,WD Parnell,1,0,"",""
ball,2,36.4,West Indies,AD Russell,MN Samuels,WD Parnell,2,0,"",""
ball,2,36.5,West Indies,AD Russell,MN Samuels,WD Parnell,0,0,"",""
ball,2,36.6,West Indies,AD Russell,MN Samuels,WD Parnell,4,0,"",""
ball,2,37.1,West Indies,MN Samuels,AD Russell,AM Phangiso,1,0,"",""
ball,2,37.2,West Indies,AD Russell,MN Samuels,AM Phangiso,0,0,"",""
ball,2,37.3,West Indies,AD Russell,MN Samuels,AM Phangiso,0,0,"",""
ball,2,37.4,West Indies,AD Russell,MN Samuels,AM Phangiso,1,0,"",""
ball,2,37.5,West Indies,MN Samuels,AD Russell,AM Phangiso,1,0,"",""
ball,2,37.6,West Indies,AD Russell,MN Samuels,AM Phangiso,1,0,"",""
ball,2,38.1,West Indies,AD Russell,MN Samuels,M Morkel,0,0,"",""
ball,2,38.2,West Indies,AD Russell,MN Samuels,M Morkel,4,0,"",""
ball,2,38.3,West Indies,AD Russell,MN Samuels,M Morkel,4,0,"",""
ball,2,38.4,West Indies,AD Russell,MN Samuels,M Morkel,1,0,"",""
ball,2,38.5,West Indies,MN Samuels,AD Russell,M Morkel,0,0,"",""
ball,2,38.6,West Indies,MN Samuels,AD Russell,M Morkel,0,1,"",""
ball,2,38.7,West Indies,MN Samuels,AD Russell,M Morkel,0,0,"",""
ball,2,39.1,West Indies,AD Russell,MN Samuels,F Behardien,1,0,"",""
ball,2,39.2,West Indies,MN Samuels,AD Russell,F Behardien,0,1,"",""
ball,2,39.3,West Indies,MN Samuels,AD Russell,F Behardien,0,0,bowled,MN Samuels
ball,2,39.4,West Indies,JO Holder,AD Russell,F Behardien,0,0,"",""
ball,2,39.5,West Indies,JO Holder,AD Russell,F Behardien,1,0,"",""
ball,2,39.6,West Indies,AD Russell,JO Holder,F Behardien,6,0,"",""
ball,2,39.7,West Indies,AD Russell,JO Holder,F Behardien,1,0,"",""
ball,2,40.1,West Indies,AD Russell,JO Holder,M Morkel,0,0,"",""
ball,2,40.2,West Indies,AD Russell,JO Holder,M Morkel,1,0,"",""
ball,2,40.3,West Indies,JO Holder,AD Russell,M Morkel,0,0,"",""
ball,2,40.4,West Indies,JO Holder,AD Russell,M Morkel,0,1,"",""
ball,2,40.5,West Indies,JO Holder,AD Russell,M Morkel,0,0,"",""
ball,2,40.6,West Indies,JO Holder,AD Russell,M Morkel,0,0,"",""
ball,2,40.7,West Indies,JO Holder,AD Russell,M Morkel,0,1,"",""
ball,2,40.8,West Indies,JO Holder,AD Russell,M Morkel,4,0,"",""
ball,2,41.1,West Indies,AD Russell,JO Holder,WD Parnell,1,0,"",""
ball,2,41.2,West Indies,JO Holder,AD Russell,WD Parnell,1,0,"",""
ball,2,41.3,West Indies,AD Russell,JO Holder,WD Parnell,0,0,"",""
ball,2,41.4,West Indies,AD Russell,JO Holder,WD Parnell,0,0,"",""
ball,2,41.5,West Indies,AD Russell,JO Holder,WD Parnell,0,0,"",""
ball,2,41.6,West Indies,AD Russell,JO Holder,WD Parnell,4,0,"",""
ball,2,42.1,West Indies,JO Holder,AD Russell,JP Duminy,1,0,"",""
ball,2,42.2,West Indies,AD Russell,JO Holder,JP Duminy,1,0,"",""
ball,2,42.3,West Indies,JO Holder,AD Russell,JP Duminy,2,0,"",""
ball,2,42.4,West Indies,JO Holder,AD Russell,JP Duminy,4,0,"",""
ball,2,42.5,West Indies,JO Holder,AD Russell,JP Duminy,0,0,"",""
ball,2,42.6,West Indies,JO Holder,AD Russell,JP Duminy,0,0,caught,JO Holder
ball,2,43.1,West Indies,AD Russell,CR Brathwaite,AM Phangiso,0,0,"",""
ball,2,43.2,West Indies,AD Russell,CR Brathwaite,AM Phangiso,1,0,"",""
ball,2,43.3,West Indies,CR Brathwaite,AD Russell,AM Phangiso,0,0,"",""
ball,2,43.4,West Indies,CR Brathwaite,AD Russell,AM Phangiso,1,0,"",""
ball,2,43.5,West Indies,AD Russell,CR Brathwaite,AM Phangiso,0,0,"",""
ball,2,43.6,West Indies,AD Russell,CR Brathwaite,AM Phangiso,0,0,"",""
ball,2,44.1,West Indies,CR Brathwaite,AD Russell,KJ Abbott,0,0,"",""
ball,2,44.2,West Indies,CR Brathwaite,AD Russell,KJ Abbott,0,0,"",""
ball,2,44.3,West Indies,CR Brathwaite,AD Russell,KJ Abbott,0,0,"",""
ball,2,44.4,West Indies,CR Brathwaite,AD Russell,KJ Abbott,6,0,"",""
ball,2,44.5,West Indies,CR Brathwaite,AD Russell,KJ Abbott,0,0,"",""
ball,2,44.6,West Indies,CR Brathwaite,AD Russell,KJ Abbott,1,0,"",""
ball,2,45.1,West Indies,CR Brathwaite,AD Russell,M Morkel,0,0,"",""
ball,2,45.2,West Indies,CR Brathwaite,AD Russell,M Morkel,0,1,"",""
ball,2,45.3,West Indies,CR Brathwaite,AD Russell,M Morkel,1,0,"",""
ball,2,45.4,West Indies,AD Russell,CR Brathwaite,M Morkel,6,0,"",""
ball,2,45.5,West Indies,AD Russell,CR Brathwaite,M Morkel,0,0,"",""
ball,2,45.6,West Indies,AD Russell,CR Brathwaite,M Morkel,1,0,"",""
ball,2,45.7,West Indies,CR Brathwaite,AD Russell,M Morkel,1,0,"",""
ball,2,46.1,West Indies,CR Brathwaite,AD Russell,WD Parnell,0,0,"",""
ball,2,46.2,West Indies,CR Brathwaite,AD Russell,WD Parnell,1,0,"",""
ball,2,46.3,West Indies,AD Russell,CR Brathwaite,WD Parnell,0,0,"",""
ball,2,46.4,West Indies,AD Russell,CR Brathwaite,WD Parnell,0,1,"",""
ball,2,46.5,West Indies,AD Russell,CR Brathwaite,WD Parnell,0,0,"",""
ball,2,46.6,West Indies,AD Russell,CR Brathwaite,WD Parnell,0,0,"",""
ball,2,46.7,West Indies,AD Russell,CR Brathwaite,WD Parnell,0,0,"",""
ball,2,47.1,West Indies,CR Brathwaite,AD Russell,AM Phangiso,0,0,run out,CR Brathwaite
ball,2,47.2,West Indies,SS Cottrell,AD Russell,AM Phangiso,1,0,"",""
ball,2,47.3,West Indies,AD Russell,SS Cottrell,AM Phangiso,6,0,"",""
ball,2,47.4,West Indies,AD Russell,SS Cottrell,AM Phangiso,6,0,"",""
ball,2,47.5,West Indies,AD Russell,SS Cottrell,AM Phangiso,2,0,"",""
ball,2,47.6,West Indies,AD Russell,SS Cottrell,AM Phangiso,0,1,"",""
ball,2,47.7,West Indies,AD Russell,SS Cottrell,AM Phangiso,0,1,"",""
ball,2,48.1,West Indies,AD Russell,SS Cottrell,KJ Abbott,4,0,"",""
ball,2,48.2,West Indies,AD Russell,SS Cottrell,KJ Abbott,0,0,"",""
ball,2,48.3,West Indies,AD Russell,SS Cottrell,KJ Abbott,6,0,"",""
