version,1.3.0
info,team,Ireland
info,team,Scotland
info,gender,male
info,season,2014
info,date,2014/09/10
info,series,Scotland in Ireland ODI Series
info,match_number,2
info,venue,"The Village, Malahide"
info,city,Dublin
info,toss_winner,Ireland
info,toss_decision,field
info,umpire,MA Gough
info,umpire,M Hawthorne
info,reserve_umpire,L Fourie
info,match_referee,BC Broad
info,winner,Ireland
info,winner_wickets,3
ball,1,0.1,Scotland,MH Cross,CS MacLeod,MC Sorensen,0,0,"",""
ball,1,0.2,Scotland,MH Cross,CS MacLeod,MC Sorensen,4,0,"",""
ball,1,0.3,Scotland,MH Cross,CS MacLeod,MC Sorensen,0,0,lbw,MH Cross
ball,1,0.4,Scotland,HJW Gardiner,CS MacLeod,MC Sorensen,0,0,"",""
ball,1,0.5,Scotland,HJW Gardiner,CS MacLeod,MC Sorensen,0,0,"",""
ball,1,0.6,Scotland,HJW Gardiner,CS MacLeod,MC Sorensen,0,0,"",""
ball,1,1.1,Scotland,CS MacLeod,HJW Gardiner,CA Young,4,0,"",""
ball,1,1.2,Scotland,CS MacLeod,HJW Gardiner,CA Young,0,0,"",""
ball,1,1.3,Scotland,CS MacLeod,HJW Gardiner,CA Young,0,0,bowled,CS MacLeod
ball,1,1.4,Scotland,PL Mommsen,HJW Gardiner,CA Young,2,0,"",""
ball,1,1.5,Scotland,PL Mommsen,HJW Gardiner,CA Young,0,0,"",""
ball,1,1.6,Scotland,PL Mommsen,HJW Gardiner,CA Young,1,0,"",""
ball,1,2.1,Scotland,PL Mommsen,HJW Gardiner,MC Sorensen,0,0,bowled,PL Mommsen
ball,1,2.2,Scotland,RD Berrington,HJW Gardiner,MC Sorensen,0,0,"",""
ball,1,2.3,Scotland,RD Berrington,HJW Gardiner,MC Sorensen,0,0,"",""
ball,1,2.4,Scotland,RD Berrington,HJW Gardiner,MC Sorensen,0,0,"",""
ball,1,2.5,Scotland,RD Berrington,HJW Gardiner,MC Sorensen,0,0,"",""
ball,1,2.6,Scotland,RD Berrington,HJW Gardiner,MC Sorensen,0,0,"",""
ball,1,3.1,Scotland,HJW Gardiner,RD Berrington,CA Young,0,0,"",""
ball,1,3.2,Scotland,HJW Gardiner,RD Berrington,CA Young,0,0,"",""
ball,1,3.3,Scotland,HJW Gardiner,RD Berrington,CA Young,0,0,"",""
ball,1,3.4,Scotland,HJW Gardiner,RD Berrington,CA Young,0,0,"",""
ball,1,3.5,Scotland,HJW Gardiner,RD Berrington,CA Young,0,0,"",""
ball,1,3.6,Scotland,HJW Gardiner,RD Berrington,CA Young,0,0,"",""
ball,1,4.1,Scotland,RD Berrington,HJW Gardiner,MC Sorensen,1,0,"",""
ball,1,4.2,Scotland,HJW Gardiner,RD Berrington,MC Sorensen,0,0,"",""
ball,1,4.3,Scotland,HJW Gardiner,RD Berrington,MC Sorensen,0,0,"",""
ball,1,4.4,Scotland,HJW Gardiner,RD Berrington,MC Sorensen,4,0,"",""
ball,1,4.5,Scotland,HJW Gardiner,RD Berrington,MC Sorensen,4,0,"",""
ball,1,4.6,Scotland,HJW Gardiner,RD Berrington,MC Sorensen,0,0,"",""
ball,1,5.1,Scotland,RD Berrington,HJW Gardiner,CA Young,0,0,"",""
ball,1,5.2,Scotland,RD Berrington,HJW Gardiner,CA Young,0,0,"",""
ball,1,5.3,Scotland,RD Berrington,HJW Gardiner,CA Young,0,0,"",""
ball,1,5.4,Scotland,RD Berrington,HJW Gardiner,CA Young,0,0,"",""
ball,1,5.5,Scotland,RD Berrington,HJW Gardiner,CA Young,4,0,"",""
ball,1,5.6,Scotland,RD Berrington,HJW Gardiner,CA Young,0,0,"",""
ball,1,6.1,Scotland,HJW Gardiner,RD Berrington,MC Sorensen,1,0,"",""
ball,1,6.2,Scotland,RD Berrington,HJW Gardiner,MC Sorensen,0,0,"",""
ball,1,6.3,Scotland,RD Berrington,HJW Gardiner,MC Sorensen,0,0,"",""
ball,1,6.4,Scotland,RD Berrington,HJW Gardiner,MC Sorensen,0,0,"",""
ball,1,6.5,Scotland,RD Berrington,HJW Gardiner,MC Sorensen,0,0,"",""
ball,1,6.6,Scotland,RD Berrington,HJW Gardiner,MC Sorensen,4,0,"",""
ball,1,7.1,Scotland,HJW Gardiner,RD Berrington,CA Young,0,0,"",""
ball,1,7.2,Scotland,HJW Gardiner,RD Berrington,CA Young,1,0,"",""
ball,1,7.3,Scotland,RD Berrington,HJW Gardiner,CA Young,0,1,"",""
ball,1,7.4,Scotland,RD Berrington,HJW Gardiner,CA Young,0,0,"",""
ball,1,7.5,Scotland,RD Berrington,HJW Gardiner,CA Young,0,0,"",""
ball,1,7.6,Scotland,RD Berrington,HJW Gardiner,CA Young,1,0,"",""
ball,1,7.7,Scotland,HJW Gardiner,RD Berrington,CA Young,0,0,"",""
ball,1,8.1,Scotland,RD Berrington,HJW Gardiner,JF Mooney,4,0,"",""
ball,1,8.2,Scotland,RD Berrington,HJW Gardiner,JF Mooney,0,0,"",""
ball,1,8.3,Scotland,RD Berrington,HJW Gardiner,JF Mooney,0,1,"",""
ball,1,8.4,Scotland,HJW Gardiner,RD Berrington,JF Mooney,0,0,"",""
ball,1,8.5,Scotland,HJW Gardiner,RD Berrington,JF Mooney,0,0,"",""
ball,1,8.6,Scotland,HJW Gardiner,RD Berrington,JF Mooney,1,0,"",""
ball,1,9.1,Scotland,HJW Gardiner,RD Berrington,CA Young,0,0,"",""
ball,1,9.2,Scotland,HJW Gardiner,RD Berrington,CA Young,1,0,"",""
ball,1,9.3,Scotland,RD Berrington,HJW Gardiner,CA Young,0,0,"",""
ball,1,9.4,Scotland,RD Berrington,HJW Gardiner,CA Young,0,0,"",""
ball,1,9.5,Scotland,RD Berrington,HJW Gardiner,CA Young,0,0,"",""
ball,1,9.6,Scotland,RD Berrington,HJW Gardiner,CA Young,0,0,"",""
ball,1,10.1,Scotland,HJW Gardiner,RD Berrington,JF Mooney,0,0,"",""
ball,1,10.2,Scotland,HJW Gardiner,RD Berrington,JF Mooney,0,0,"",""
ball,1,10.3,Scotland,HJW Gardiner,RD Berrington,JF Mooney,0,0,"",""
ball,1,10.4,Scotland,HJW Gardiner,RD Berrington,JF Mooney,0,0,"",""
ball,1,10.5,Scotland,HJW Gardiner,RD Berrington,JF Mooney,0,0,"",""
ball,1,10.6,Scotland,HJW Gardiner,RD Berrington,JF Mooney,1,0,"",""
ball,1,11.1,Scotland,HJW Gardiner,RD Berrington,MC Sorensen,0,0,"",""
ball,1,11.2,Scotland,HJW Gardiner,RD Berrington,MC Sorensen,0,0,"",""
ball,1,11.3,Scotland,HJW Gardiner,RD Berrington,MC Sorensen,0,0,caught,HJW Gardiner
ball,1,11.4,Scotland,FRJ Coleman,RD Berrington,MC Sorensen,0,0,"",""
ball,1,11.5,Scotland,FRJ Coleman,RD Berrington,MC Sorensen,0,0,"",""
ball,1,11.6,Scotland,FRJ Coleman,RD Berrington,MC Sorensen,0,1,"",""
ball,1,12.1,Scotland,FRJ Coleman,RD Berrington,AR McBrine,0,0,"",""
ball,1,12.2,Scotland,FRJ Coleman,RD Berrington,AR McBrine,6,0,"",""
ball,1,12.3,Scotland,FRJ Coleman,RD Berrington,AR McBrine,0,0,"",""
ball,1,12.4,Scotland,FRJ Coleman,RD Berrington,AR McBrine,1,0,"",""
ball,1,12.5,Scotland,RD Berrington,FRJ Coleman,AR McBrine,0,0,"",""
ball,1,12.6,Scotland,RD Berrington,FRJ Coleman,AR McBrine,0,0,"",""
ball,1,13.1,Scotland,FRJ Coleman,RD Berrington,MC Sorensen,0,0,"",""
ball,1,13.2,Scotland,FRJ Coleman,RD Berrington,MC Sorensen,0,0,"",""
ball,1,13.3,Scotland,FRJ Coleman,RD Berrington,MC Sorensen,0,0,"",""
ball,1,13.4,Scotland,FRJ Coleman,RD Berrington,MC Sorensen,0,0,caught,FRJ Coleman
ball,1,13.5,Scotland,JH Davey,RD Berrington,MC Sorensen,0,0,"",""
ball,1,13.6,Scotland,JH Davey,RD Berrington,MC Sorensen,1,0,"",""
ball,1,14.1,Scotland,JH Davey,RD Berrington,JF Mooney,0,0,"",""
ball,1,14.2,Scotland,JH Davey,RD Berrington,JF Mooney,0,0,"",""
ball,1,14.3,Scotland,JH Davey,RD Berrington,JF Mooney,0,0,"",""
ball,1,14.4,Scotland,JH Davey,RD Berrington,JF Mooney,0,0,"",""
ball,1,14.5,Scotland,JH Davey,RD Berrington,JF Mooney,0,0,"",""
ball,1,14.6,Scotland,JH Davey,RD Berrington,JF Mooney,0,0,"",""
ball,1,15.1,Scotland,RD Berrington,JH Davey,MC Sorensen,0,0,"",""
ball,1,15.2,Scotland,RD Berrington,JH Davey,MC Sorensen,0,0,"",""
ball,1,15.3,Scotland,RD Berrington,JH Davey,MC Sorensen,1,0,"",""
ball,1,15.4,Scotland,JH Davey,RD Berrington,MC Sorensen,3,0,"",""
ball,1,15.5,Scotland,RD Berrington,JH Davey,MC Sorensen,1,0,"",""
ball,1,15.6,Scotland,JH Davey,RD Berrington,MC Sorensen,0,0,"",""
ball,1,16.1,Scotland,RD Berrington,JH Davey,JF Mooney,0,0,"",""
ball,1,16.2,Scotland,RD Berrington,JH Davey,JF Mooney,0,0,"",""
ball,1,16.3,Scotland,RD Berrington,JH Davey,JF Mooney,1,0,"",""
ball,1,16.4,Scotland,JH Davey,RD Berrington,JF Mooney,0,0,"",""
ball,1,16.5,Scotland,JH Davey,RD Berrington,JF Mooney,4,0,"",""
ball,1,16.6,Scotland,JH Davey,RD Berrington,JF Mooney,0,0,"",""
ball,1,17.1,Scotland,RD Berrington,JH Davey,MC Sorensen,0,0,"",""
ball,1,17.2,Scotland,RD Berrington,JH Davey,MC Sorensen,0,0,"",""
ball,1,17.3,Scotland,RD Berrington,JH Davey,MC Sorensen,4,0,"",""
ball,1,17.4,Scotland,RD Berrington,JH Davey,MC Sorensen,1,0,"",""
ball,1,17.5,Scotland,JH Davey,RD Berrington,MC Sorensen,0,0,"",""
ball,1,17.6,Scotland,JH Davey,RD Berrington,MC Sorensen,0,1,"",""
ball,1,18.1,Scotland,JH Davey,RD Berrington,JF Mooney,0,0,"",""
ball,1,18.2,Scotland,JH Davey,RD Berrington,JF Mooney,0,0,"",""
ball,1,18.3,Scotland,JH Davey,RD Berrington,JF Mooney,0,0,"",""
ball,1,18.4,Scotland,JH Davey,RD Berrington,JF Mooney,0,0,"",""
ball,1,18.5,Scotland,JH Davey,RD Berrington,JF Mooney,0,1,"",""
ball,1,18.6,Scotland,RD Berrington,JH Davey,JF Mooney,1,0,"",""
ball,1,19.1,Scotland,RD Berrington,JH Davey,AR McBrine,0,0,"",""
ball,1,19.2,Scotland,RD Berrington,JH Davey,AR McBrine,0,0,"",""
ball,1,19.3,Scotland,RD Berrington,JH Davey,AR McBrine,4,0,"",""
ball,1,19.4,Scotland,RD Berrington,JH Davey,AR McBrine,1,0,"",""
ball,1,19.5,Scotland,JH Davey,RD Berrington,AR McBrine,1,0,"",""
ball,1,19.6,Scotland,RD Berrington,JH Davey,AR McBrine,1,0,"",""
ball,1,20.1,Scotland,RD Berrington,JH Davey,KJ O'Brien,0,0,"",""
ball,1,20.2,Scotland,RD Berrington,JH Davey,KJ O'Brien,0,0,"",""
ball,1,20.3,Scotland,RD Berrington,JH Davey,KJ O'Brien,0,0,"",""
ball,1,20.4,Scotland,RD Berrington,JH Davey,KJ O'Brien,0,0,"",""
ball,1,20.5,Scotland,RD Berrington,JH Davey,KJ O'Brien,4,0,"",""
ball,1,20.6,Scotland,RD Berrington,JH Davey,KJ O'Brien,0,0,"",""
ball,1,21.1,Scotland,JH Davey,RD Berrington,AR McBrine,0,0,"",""
ball,1,21.2,Scotland,JH Davey,RD Berrington,AR McBrine,1,0,"",""
ball,1,21.3,Scotland,RD Berrington,JH Davey,AR McBrine,0,0,"",""
ball,1,21.4,Scotland,RD Berrington,JH Davey,AR McBrine,0,0,"",""
ball,1,21.5,Scotland,RD Berrington,JH Davey,AR McBrine,0,0,"",""
ball,1,21.6,Scotland,RD Berrington,JH Davey,AR McBrine,0,0,"",""
ball,1,22.1,Scotland,JH Davey,RD Berrington,KJ O'Brien,0,0,"",""
ball,1,22.2,Scotland,JH Davey,RD Berrington,KJ O'Brien,1,0,"",""
ball,1,22.3,Scotland,RD Berrington,JH Davey,KJ O'Brien,0,0,"",""
ball,1,22.4,Scotland,RD Berrington,JH Davey,KJ O'Brien,0,0,"",""
ball,1,22.5,Scotland,RD Berrington,JH Davey,KJ O'Brien,0,0,"",""
ball,1,22.6,Scotland,RD Berrington,JH Davey,KJ O'Brien,1,0,"",""
ball,1,23.1,Scotland,RD Berrington,JH Davey,AR McBrine,0,0,"",""
ball,1,23.2,Scotland,RD Berrington,JH Davey,AR McBrine,1,0,"",""
ball,1,23.3,Scotland,JH Davey,RD Berrington,AR McBrine,0,0,"",""
ball,1,23.4,Scotland,JH Davey,RD Berrington,AR McBrine,0,0,"",""
ball,1,23.5,Scotland,JH Davey,RD Berrington,AR McBrine,0,0,"",""
ball,1,23.6,Scotland,JH Davey,RD Berrington,AR McBrine,0,0,"",""
ball,1,24.1,Scotland,RD Berrington,JH Davey,KJ O'Brien,0,0,"",""
ball,1,24.2,Scotland,RD Berrington,JH Davey,KJ O'Brien,1,0,"",""
ball,1,24.3,Scotland,JH Davey,RD Berrington,KJ O'Brien,0,0,"",""
ball,1,24.4,Scotland,JH Davey,RD Berrington,KJ O'Brien,1,0,"",""
ball,1,24.5,Scotland,RD Berrington,JH Davey,KJ O'Brien,1,0,"",""
ball,1,24.6,Scotland,JH Davey,RD Berrington,KJ O'Brien,2,0,"",""
ball,1,25.1,Scotland,RD Berrington,JH Davey,AR McBrine,0,0,"",""
ball,1,25.2,Scotland,RD Berrington,JH Davey,AR McBrine,1,0,"",""
ball,1,25.3,Scotland,JH Davey,RD Berrington,AR McBrine,3,0,"",""
ball,1,25.4,Scotland,RD Berrington,JH Davey,AR McBrine,0,0,"",""
ball,1,25.5,Scotland,RD Berrington,JH Davey,AR McBrine,1,0,"",""
ball,1,25.6,Scotland,JH Davey,RD Berrington,AR McBrine,0,0,"",""
ball,1,26.1,Scotland,RD Berrington,JH Davey,KJ O'Brien,1,0,"",""
ball,1,26.2,Scotland,JH Davey,RD Berrington,KJ O'Brien,0,0,"",""
ball,1,26.3,Scotland,JH Davey,RD Berrington,KJ O'Brien,0,0,"",""
ball,1,26.4,Scotland,JH Davey,RD Berrington,KJ O'Brien,0,0,"",""
ball,1,26.5,Scotland,JH Davey,RD Berrington,KJ O'Brien,0,0,"",""
ball,1,26.6,Scotland,JH Davey,RD Berrington,KJ O'Brien,4,0,"",""
ball,1,27.1,Scotland,RD Berrington,JH Davey,AR McBrine,0,0,"",""
ball,1,27.2,Scotland,RD Berrington,JH Davey,AR McBrine,1,0,"",""
ball,1,27.3,Scotland,JH Davey,RD Berrington,AR McBrine,0,1,"",""
ball,1,27.4,Scotland,RD Berrington,JH Davey,AR McBrine,0,0,"",""
ball,1,27.5,Scotland,RD Berrington,JH Davey,AR McBrine,1,0,"",""
ball,1,27.6,Scotland,JH Davey,RD Berrington,AR McBrine,2,0,"",""
ball,1,28.1,Scotland,RD Berrington,JH Davey,SR Thompson,1,0,"",""
ball,1,28.2,Scotland,JH Davey,RD Berrington,SR Thompson,0,0,"",""
ball,1,28.3,Scotland,JH Davey,RD Berrington,SR Thompson,0,1,"",""
ball,1,28.4,Scotland,JH Davey,RD Berrington,SR Thompson,0,0,"",""
ball,1,28.5,Scotland,JH Davey,RD Berrington,SR Thompson,0,0,"",""
ball,1,28.6,Scotland,JH Davey,RD Berrington,SR Thompson,0,0,"",""
ball,1,28.7,Scotland,JH Davey,RD Berrington,SR Thompson,1,0,"",""
ball,1,29.1,Scotland,JH Davey,RD Berrington,AR McBrine,4,0,"",""
ball,1,29.2,Scotland,JH Davey,RD Berrington,AR McBrine,1,0,"",""
ball,1,29.3,Scotland,RD Berrington,JH Davey,AR McBrine,1,0,"",""
ball,1,29.4,Scotland,JH Davey,RD Berrington,AR McBrine,1,0,"",""
ball,1,29.5,Scotland,RD Berrington,JH Davey,AR McBrine,1,0,"",""
ball,1,29.6,Scotland,JH Davey,RD Berrington,AR McBrine,0,0,"",""
ball,1,30.1,Scotland,RD Berrington,JH Davey,SR Thompson,1,0,"",""
ball,1,30.2,Scotland,JH Davey,RD Berrington,SR Thompson,1,0,"",""
ball,1,30.3,Scotland,RD Berrington,JH Davey,SR Thompson,1,0,"",""
ball,1,30.4,Scotland,JH Davey,RD Berrington,SR Thompson,2,0,"",""
ball,1,30.5,Scotland,JH Davey,RD Berrington,SR Thompson,0,0,"",""
ball,1,30.6,Scotland,JH Davey,RD Berrington,SR Thompson,1,0,"",""
ball,1,31.1,Scotland,JH Davey,RD Berrington,J Anderson,0,0,"",""
ball,1,31.2,Scotland,JH Davey,RD Berrington,J Anderson,0,0,"",""
ball,1,31.3,Scotland,JH Davey,RD Berrington,J Anderson,0,0,"",""
ball,1,31.4,Scotland,JH Davey,RD Berrington,J Anderson,1,0,"",""
ball,1,31.5,Scotland,RD Berrington,JH Davey,J Anderson,1,0,"",""
ball,1,31.6,Scotland,JH Davey,RD Berrington,J Anderson,0,0,"",""
ball,1,32.1,Scotland,RD Berrington,JH Davey,SR Thompson,0,0,"",""
ball,1,32.2,Scotland,RD Berrington,JH Davey,SR Thompson,2,0,"",""
ball,1,32.3,Scotland,RD Berrington,JH Davey,SR Thompson,1,0,"",""
ball,1,32.4,Scotland,JH Davey,RD Berrington,SR Thompson,0,0,"",""
ball,1,32.5,Scotland,JH Davey,RD Berrington,SR Thompson,4,0,"",""
ball,1,32.6,Scotland,JH Davey,RD Berrington,SR Thompson,0,0,"",""
ball,1,33.1,Scotland,RD Berrington,JH Davey,J Anderson,1,0,"",""
ball,1,33.2,Scotland,JH Davey,RD Berrington,J Anderson,0,0,"",""
ball,1,33.3,Scotland,JH Davey,RD Berrington,J Anderson,0,0,"",""
ball,1,33.4,Scotland,JH Davey,RD Berrington,J Anderson,1,0,"",""
ball,1,33.5,Scotland,RD Berrington,JH Davey,J Anderson,1,0,"",""
ball,1,33.6,Scotland,JH Davey,RD Berrington,J Anderson,0,0,"",""
ball,1,34.1,Scotland,RD Berrington,JH Davey,CA Young,0,0,"",""
ball,1,34.2,Scotland,RD Berrington,JH Davey,CA Young,0,0,"",""
ball,1,34.3,Scotland,RD Berrington,JH Davey,CA Young,1,0,"",""
ball,1,34.4,Scotland,JH Davey,RD Berrington,CA Young,0,0,"",""
ball,1,34.5,Scotland,JH Davey,RD Berrington,CA Young,0,0,"",""
ball,1,34.6,Scotland,JH Davey,RD Berrington,CA Young,0,0,caught,JH Davey
ball,1,35.1,Scotland,RD Berrington,MA Leask,JF Mooney,0,0,"",""
ball,1,35.2,Scotland,RD Berrington,MA Leask,JF Mooney,4,0,"",""
ball,1,35.3,Scotland,RD Berrington,MA Leask,JF Mooney,1,0,"",""
ball,1,35.4,Scotland,MA Leask,RD Berrington,JF Mooney,0,0,"",""
ball,1,35.5,Scotland,MA Leask,RD Berrington,JF Mooney,0,0,"",""
ball,1,35.6,Scotland,MA Leask,RD Berrington,JF Mooney,1,0,"",""
ball,1,36.1,Scotland,MA Leask,RD Berrington,CA Young,0,0,"",""
ball,1,36.2,Scotland,MA Leask,RD Berrington,CA Young,1,0,"",""
ball,1,36.3,Scotland,RD Berrington,MA Leask,CA Young,0,0,"",""
ball,1,36.4,Scotland,RD Berrington,MA Leask,CA Young,4,0,"",""
ball,1,36.5,Scotland,RD Berrington,MA Leask,CA Young,1,0,"",""
ball,1,36.6,Scotland,MA Leask,RD Berrington,CA Young,0,0,"",""
ball,1,37.1,Scotland,RD Berrington,MA Leask,JF Mooney,1,0,"",""
ball,1,37.2,Scotland,MA Leask,RD Berrington,JF Mooney,0,0,"",""
ball,1,37.3,Scotland,MA Leask,RD Berrington,JF Mooney,1,0,"",""
ball,1,37.4,Scotland,RD Berrington,MA Leask,JF Mooney,0,0,"",""
ball,1,37.5,Scotland,RD Berrington,MA Leask,JF Mooney,1,0,"",""
ball,1,37.6,Scotland,MA Leask,RD Berrington,JF Mooney,0,0,"",""
ball,1,38.1,Scotland,RD Berrington,MA Leask,CA Young,0,0,"",""
ball,1,38.2,Scotland,RD Berrington,MA Leask,CA Young,1,0,"",""
ball,1,38.3,Scotland,MA Leask,RD Berrington,CA Young,0,0,"",""
ball,1,38.4,Scotland,MA Leask,RD Berrington,CA Young,0,0,"",""
ball,1,38.5,Scotland,MA Leask,RD Berrington,CA Young,6,0,"",""
ball,1,38.6,Scotland,MA Leask,RD Berrington,CA Young,1,0,"",""
ball,1,39.1,Scotland,MA Leask,RD Berrington,KJ O'Brien,0,0,caught,MA Leask
ball,1,39.2,Scotland,RD Berrington,RM Haq,KJ O'Brien,0,0,"",""
ball,1,39.3,Scotland,RD Berrington,RM Haq,KJ O'Brien,1,0,"",""
ball,1,39.4,Scotland,RM Haq,RD Berrington,KJ O'Brien,0,0,"",""
ball,1,39.5,Scotland,RM Haq,RD Berrington,KJ O'Brien,0,0,"",""
ball,1,39.6,Scotland,RM Haq,RD Berrington,KJ O'Brien,0,0,"",""
ball,1,40.1,Scotland,RD Berrington,RM Haq,CA Young,1,0,"",""
ball,1,40.2,Scotland,RM Haq,RD Berrington,CA Young,0,0,"",""
ball,1,40.3,Scotland,RM Haq,RD Berrington,CA Young,1,0,"",""
ball,1,40.4,Scotland,RD Berrington,RM Haq,CA Young,1,0,"",""
ball,1,40.5,Scotland,RM Haq,RD Berrington,CA Young,2,0,"",""
ball,1,40.6,Scotland,RM Haq,RD Berrington,CA Young,0,2,"",""
ball,1,40.7,Scotland,RD Berrington,RM Haq,CA Young,1,0,"",""
ball,1,41.1,Scotland,RD Berrington,RM Haq,AR McBrine,1,0,"",""
ball,1,41.2,Scotland,RM Haq,RD Berrington,AR McBrine,0,0,"",""
ball,1,41.3,Scotland,RM Haq,RD Berrington,AR McBrine,0,0,"",""
ball,1,41.4,Scotland,RM Haq,RD Berrington,AR McBrine,4,0,"",""
ball,1,41.5,Scotland,RM Haq,RD Berrington,AR McBrine,0,0,"",""
ball,1,41.6,Scotland,RM Haq,RD Berrington,AR McBrine,0,0,"",""
ball,1,42.1,Scotland,RD Berrington,RM Haq,CA Young,0,0,"",""
ball,1,42.2,Scotland,RD Berrington,RM Haq,CA Young,1,0,"",""
ball,1,42.3,Scotland,RM Haq,RD Berrington,CA Young,0,0,caught,RM Haq
ball,1,42.4,Scotland,AC Evans,RD Berrington,CA Young,0,0,"",""
ball,1,42.5,Scotland,AC Evans,RD Berrington,CA Young,0,0,"",""
ball,1,42.6,Scotland,AC Evans,RD Berrington,CA Young,0,0,"",""
ball,1,43.1,Scotland,RD Berrington,AC Evans,AR McBrine,1,0,"",""
ball,1,43.2,Scotland,AC Evans,RD Berrington,AR McBrine,0,0,"",""
ball,1,43.3,Scotland,AC Evans,RD Berrington,AR McBrine,1,0,"",""
ball,1,43.4,Scotland,RD Berrington,AC Evans,AR McBrine,1,0,"",""
ball,1,43.5,Scotland,AC Evans,RD Berrington,AR McBrine,3,0,"",""
ball,1,43.6,Scotland,RD Berrington,AC Evans,AR McBrine,4,0,"",""
ball,1,44.1,Scotland,AC Evans,RD Berrington,MC Sorensen,0,0,"",""
ball,1,44.2,Scotland,AC Evans,RD Berrington,MC Sorensen,0,0,"",""
ball,1,44.3,Scotland,AC Evans,RD Berrington,MC Sorensen,0,0,"",""
ball,1,44.4,Scotland,AC Evans,RD Berrington,MC Sorensen,0,0,"",""
ball,1,44.5,Scotland,AC Evans,RD Berrington,MC Sorensen,1,0,"",""
ball,1,44.6,Scotland,RD Berrington,AC Evans,MC Sorensen,1,0,"",""
ball,1,45.1,Scotland,RD Berrington,AC Evans,KJ O'Brien,2,0,"",""
ball,1,45.2,Scotland,RD Berrington,AC Evans,KJ O'Brien,0,0,"",""
ball,1,45.3,Scotland,RD Berrington,AC Evans,KJ O'Brien,6,0,"",""
ball,1,45.4,Scotland,RD Berrington,AC Evans,KJ O'Brien,0,0,"",""
ball,1,45.5,Scotland,RD Berrington,AC Evans,KJ O'Brien,0,0,"",""
ball,1,45.6,Scotland,RD Berrington,AC Evans,KJ O'Brien,1,0,"",""
ball,1,46.1,Scotland,RD Berrington,AC Evans,MC Sorensen,1,0,"",""
ball,1,46.2,Scotland,AC Evans,RD Berrington,MC Sorensen,4,0,"",""
ball,1,46.3,Scotland,AC Evans,RD Berrington,MC Sorensen,0,0,"",""
ball,1,46.4,Scotland,AC Evans,RD Berrington,MC Sorensen,2,0,"",""
ball,1,46.5,Scotland,AC Evans,RD Berrington,MC Sorensen,1,0,"",""
ball,1,46.6,Scotland,RD Berrington,AC Evans,MC Sorensen,1,0,"",""
ball,1,47.1,Scotland,RD Berrington,AC Evans,JF Mooney,1,0,"",""
ball,1,47.2,Scotland,AC Evans,RD Berrington,JF Mooney,0,0,"",""
ball,1,47.3,Scotland,AC Evans,RD Berrington,JF Mooney,0,1,"",""
ball,1,47.4,Scotland,AC Evans,RD Berrington,JF Mooney,4,0,"",""
ball,1,47.5,Scotland,AC Evans,RD Berrington,JF Mooney,1,0,"",""
ball,1,47.6,Scotland,RD Berrington,AC Evans,JF Mooney,2,0,"",""
ball,1,47.7,Scotland,RD Berrington,AC Evans,JF Mooney,1,0,"",""
ball,1,48.1,Scotland,RD Berrington,AC Evans,KJ O'Brien,2,0,"",""
ball,1,48.2,Scotland,RD Berrington,AC Evans,KJ O'Brien,1,0,"",""
ball,1,48.3,Scotland,AC Evans,RD Berrington,KJ O'Brien,2,0,"",""
ball,1,48.4,Scotland,AC Evans,RD Berrington,KJ O'Brien,0,0,"",""
ball,1,48.5,Scotland,AC Evans,RD Berrington,KJ O'Brien,0,0,"",""
ball,1,48.6,Scotland,AC Evans,RD Berrington,KJ O'Brien,1,0,"",""
ball,1,49.1,Scotland,AC Evans,RD Berrington,JF Mooney,2,0,"",""
ball,1,49.2,Scotland,AC Evans,RD Berrington,JF Mooney,0,0,caught,AC Evans
ball,1,49.3,Scotland,RD Berrington,I Wardlaw,JF Mooney,2,0,"",""
ball,1,49.4,Scotland,RD Berrington,I Wardlaw,JF Mooney,1,0,"",""
ball,1,49.5,Scotland,I Wardlaw,RD Berrington,JF Mooney,0,0,run out,I Wardlaw
ball,2,0.1,Ireland,A Balbirnie,J Anderson,JH Davey,0,1,"",""
ball,2,0.2,Ireland,A Balbirnie,J Anderson,JH Davey,0,0,"",""
ball,2,0.3,Ireland,A Balbirnie,J Anderson,JH Davey,2,0,"",""
ball,2,0.4,Ireland,A Balbirnie,J Anderson,JH Davey,0,0,"",""
ball,2,0.5,Ireland,A Balbirnie,J Anderson,JH Davey,0,0,"",""
ball,2,0.6,Ireland,A Balbirnie,J Anderson,JH Davey,0,0,"",""
ball,2,0.7,Ireland,A Balbirnie,J Anderson,JH Davey,0,1,"",""
ball,2,0.8,Ireland,A Balbirnie,J Anderson,JH Davey,0,0,"",""
ball,2,1.1,Ireland,J Anderson,A Balbirnie,I Wardlaw,0,1,"",""
ball,2,1.2,Ireland,J Anderson,A Balbirnie,I Wardlaw,0,0,"",""
ball,2,1.3,Ireland,J Anderson,A Balbirnie,I Wardlaw,0,0,"",""
ball,2,1.4,Ireland,J Anderson,A Balbirnie,I Wardlaw,0,0,"",""
ball,2,1.5,Ireland,J Anderson,A Balbirnie,I Wardlaw,4,0,"",""
ball,2,1.6,Ireland,J Anderson,A Balbirnie,I Wardlaw,0,0,"",""
ball,2,1.7,Ireland,J Anderson,A Balbirnie,I Wardlaw,4,0,"",""
ball,2,2.1,Ireland,A Balbirnie,J Anderson,JH Davey,0,0,"",""
ball,2,2.2,Ireland,A Balbirnie,J Anderson,JH Davey,0,0,"",""
ball,2,2.3,Ireland,A Balbirnie,J Anderson,JH Davey,1,0,"",""
ball,2,2.4,Ireland,J Anderson,A Balbirnie,JH Davey,0,0,"",""
ball,2,2.5,Ireland,J Anderson,A Balbirnie,JH Davey,0,0,"",""
ball,2,2.6,Ireland,J Anderson,A Balbirnie,JH Davey,0,0,"",""
ball,2,3.1,Ireland,A Balbirnie,J Anderson,I Wardlaw,0,0,"",""
ball,2,3.2,Ireland,A Balbirnie,J Anderson,I Wardlaw,4,0,"",""
ball,2,3.3,Ireland,A Balbirnie,J Anderson,I Wardlaw,0,0,"",""
ball,2,3.4,Ireland,A Balbirnie,J Anderson,I Wardlaw,2,0,"",""
ball,2,3.5,Ireland,A Balbirnie,J Anderson,I Wardlaw,1,0,"",""
ball,2,3.6,Ireland,J Anderson,A Balbirnie,I Wardlaw,0,2,"",""
ball,2,4.1,Ireland,A Balbirnie,J Anderson,JH Davey,0,0,"",""
ball,2,4.2,Ireland,A Balbirnie,J Anderson,JH Davey,0,0,"",""
ball,2,4.3,Ireland,A Balbirnie,J Anderson,JH Davey,0,0,"",""
ball,2,4.4,Ireland,A Balbirnie,J Anderson,JH Davey,2,0,"",""
ball,2,4.5,Ireland,A Balbirnie,J Anderson,JH Davey,4,0,"",""
ball,2,4.6,Ireland,A Balbirnie,J Anderson,JH Davey,0,0,"",""
ball,2,5.1,Ireland,J Anderson,A Balbirnie,AC Evans,0,0,"",""
ball,2,5.2,Ireland,J Anderson,A Balbirnie,AC Evans,0,0,"",""
ball,2,5.3,Ireland,J Anderson,A Balbirnie,AC Evans,0,0,"",""
ball,2,5.4,Ireland,J Anderson,A Balbirnie,AC Evans,0,0,"",""
ball,2,5.5,Ireland,J Anderson,A Balbirnie,AC Evans,0,0,"",""
ball,2,5.6,Ireland,J Anderson,A Balbirnie,AC Evans,1,0,"",""
ball,2,6.1,Ireland,J Anderson,A Balbirnie,JH Davey,0,0,"",""
ball,2,6.2,Ireland,J Anderson,A Balbirnie,JH Davey,1,0,"",""
ball,2,6.3,Ireland,A Balbirnie,J Anderson,JH Davey,0,0,"",""
ball,2,6.4,Ireland,A Balbirnie,J Anderson,JH Davey,0,0,caught,A Balbirnie
ball,2,6.5,Ireland,AD Poynter,J Anderson,JH Davey,0,0,"",""
ball,2,6.6,Ireland,AD Poynter,J Anderson,JH Davey,0,0,"",""
ball,2,7.1,Ireland,J Anderson,AD Poynter,AC Evans,0,0,"",""
ball,2,7.2,Ireland,J Anderson,AD Poynter,AC Evans,0,0,"",""
ball,2,7.3,Ireland,J Anderson,AD Poynter,AC Evans,0,0,"",""
ball,2,7.4,Ireland,J Anderson,AD Poynter,AC Evans,0,0,"",""
ball,2,7.5,Ireland,J Anderson,AD Poynter,AC Evans,0,0,"",""
ball,2,7.6,Ireland,J Anderson,AD Poynter,AC Evans,2,0,"",""
ball,2,8.1,Ireland,AD Poynter,J Anderson,JH Davey,0,0,"",""
ball,2,8.2,Ireland,AD Poynter,J Anderson,JH Davey,0,1,"",""
ball,2,8.3,Ireland,AD Poynter,J Anderson,JH Davey,0,0,"",""
ball,2,8.4,Ireland,AD Poynter,J Anderson,JH Davey,0,0,"",""
ball,2,8.5,Ireland,AD Poynter,J Anderson,JH Davey,1,0,"",""
ball,2,8.6,Ireland,J Anderson,AD Poynter,JH Davey,0,0,"",""
ball,2,8.7,Ireland,J Anderson,AD Poynter,JH Davey,0,0,caught,J Anderson
ball,2,9.1,Ireland,AD Poynter,KJ O'Brien,AC Evans,1,0,"",""
ball,2,9.2,Ireland,KJ O'Brien,AD Poynter,AC Evans,0,0,"",""
ball,2,9.3,Ireland,KJ O'Brien,AD Poynter,AC Evans,0,0,"",""
ball,2,9.4,Ireland,KJ O'Brien,AD Poynter,AC Evans,0,0,"",""
ball,2,9.5,Ireland,KJ O'Brien,AD Poynter,AC Evans,0,0,"",""
ball,2,9.6,Ireland,KJ O'Brien,AD Poynter,AC Evans,0,0,"",""
ball,2,10.1,Ireland,AD Poynter,KJ O'Brien,JH Davey,0,0,"",""
ball,2,10.2,Ireland,AD Poynter,KJ O'Brien,JH Davey,0,0,"",""
ball,2,10.3,Ireland,AD Poynter,KJ O'Brien,JH Davey,0,0,"",""
ball,2,10.4,Ireland,AD Poynter,KJ O'Brien,JH Davey,1,0,"",""
ball,2,10.5,Ireland,KJ O'Brien,AD Poynter,JH Davey,1,1,"",""
ball,2,10.6,Ireland,AD Poynter,KJ O'Brien,JH Davey,4,0,"",""
ball,2,10.7,Ireland,AD Poynter,KJ O'Brien,JH Davey,1,0,"",""
ball,2,11.1,Ireland,AD Poynter,KJ O'Brien,AC Evans,0,0,"",""
ball,2,11.2,Ireland,AD Poynter,KJ O'Brien,AC Evans,0,0,"",""
ball,2,11.3,Ireland,AD Poynter,KJ O'Brien,AC Evans,0,0,"",""
ball,2,11.4,Ireland,AD Poynter,KJ O'Brien,AC Evans,0,0,"",""
ball,2,11.5,Ireland,AD Poynter,KJ O'Brien,AC Evans,0,0,"",""
ball,2,11.6,Ireland,AD Poynter,KJ O'Brien,AC Evans,0,0,"",""
ball,2,12.1,Ireland,KJ O'Brien,AD Poynter,I Wardlaw,2,0,"",""
ball,2,12.2,Ireland,KJ O'Brien,AD Poynter,I Wardlaw,0,0,"",""
ball,2,12.3,Ireland,KJ O'Brien,AD Poynter,I Wardlaw,1,0,"",""
ball,2,12.4,Ireland,AD Poynter,KJ O'Brien,I Wardlaw,1,0,"",""
ball,2,12.5,Ireland,KJ O'Brien,AD Poynter,I Wardlaw,0,0,"",""
ball,2,12.6,Ireland,KJ O'Brien,AD Poynter,I Wardlaw,0,0,"",""
ball,2,13.1,Ireland,AD Poynter,KJ O'Brien,AC Evans,0,0,"",""
ball,2,13.2,Ireland,AD Poynter,KJ O'Brien,AC Evans,1,0,"",""
ball,2,13.3,Ireland,KJ O'Brien,AD Poynter,AC Evans,4,0,"",""
ball,2,13.4,Ireland,KJ O'Brien,AD Poynter,AC Evans,0,0,"",""
ball,2,13.5,Ireland,KJ O'Brien,AD Poynter,AC Evans,1,0,"",""
ball,2,13.6,Ireland,AD Poynter,KJ O'Brien,AC Evans,0,0,"",""
ball,2,14.1,Ireland,KJ O'Brien,AD Poynter,I Wardlaw,0,0,"",""
ball,2,14.2,Ireland,KJ O'Brien,AD Poynter,I Wardlaw,0,0,"",""
ball,2,14.3,Ireland,KJ O'Brien,AD Poynter,I Wardlaw,0,0,"",""
ball,2,14.4,Ireland,KJ O'Brien,AD Poynter,I Wardlaw,4,0,"",""
ball,2,14.5,Ireland,KJ O'Brien,AD Poynter,I Wardlaw,1,0,"",""
ball,2,14.6,Ireland,AD Poynter,KJ O'Brien,I Wardlaw,0,0,"",""
ball,2,15.1,Ireland,KJ O'Brien,AD Poynter,AC Evans,4,0,"",""
ball,2,15.2,Ireland,KJ O'Brien,AD Poynter,AC Evans,1,0,"",""
ball,2,15.3,Ireland,AD Poynter,KJ O'Brien,AC Evans,0,0,"",""
ball,2,15.4,Ireland,AD Poynter,KJ O'Brien,AC Evans,0,0,"",""
ball,2,15.5,Ireland,AD Poynter,KJ O'Brien,AC Evans,0,0,"",""
ball,2,15.6,Ireland,AD Poynter,KJ O'Brien,AC Evans,1,0,"",""
ball,2,16.1,Ireland,AD Poynter,KJ O'Brien,CS MacLeod,0,0,"",""
ball,2,16.2,Ireland,AD Poynter,KJ O'Brien,CS MacLeod,1,1,"",""
ball,2,16.3,Ireland,KJ O'Brien,AD Poynter,CS MacLeod,4,0,"",""
ball,2,16.4,Ireland,KJ O'Brien,AD Poynter,CS MacLeod,1,0,"",""
ball,2,16.5,Ireland,AD Poynter,KJ O'Brien,CS MacLeod,1,0,"",""
ball,2,16.6,Ireland,KJ O'Brien,AD Poynter,CS MacLeod,0,1,"",""
ball,2,16.7,Ireland,AD Poynter,KJ O'Brien,CS MacLeod,0,0,"",""
ball,2,17.1,Ireland,KJ O'Brien,AD Poynter,MA Leask,4,0,"",""
ball,2,17.2,Ireland,KJ O'Brien,AD Poynter,MA Leask,0,0,"",""
ball,2,17.3,Ireland,KJ O'Brien,AD Poynter,MA Leask,4,0,"",""
ball,2,17.4,Ireland,KJ O'Brien,AD Poynter,MA Leask,0,0,"",""
ball,2,17.5,Ireland,KJ O'Brien,AD Poynter,MA Leask,0,0,"",""
ball,2,17.6,Ireland,KJ O'Brien,AD Poynter,MA Leask,0,0,"",""
ball,2,18.1,Ireland,AD Poynter,KJ O'Brien,RM Haq,0,0,"",""
ball,2,18.2,Ireland,AD Poynter,KJ O'Brien,RM Haq,1,0,"",""
ball,2,18.3,Ireland,KJ O'Brien,AD Poynter,RM Haq,0,0,"",""
ball,2,18.4,Ireland,KJ O'Brien,AD Poynter,RM Haq,2,0,"",""
ball,2,18.5,Ireland,KJ O'Brien,AD Poynter,RM Haq,1,0,"",""
ball,2,18.6,Ireland,AD Poynter,KJ O'Brien,RM Haq,0,0,"",""
ball,2,19.1,Ireland,KJ O'Brien,AD Poynter,RD Berrington,1,0,"",""
ball,2,19.2,Ireland,AD Poynter,KJ O'Brien,RD Berrington,1,0,"",""
ball,2,19.3,Ireland,KJ O'Brien,AD Poynter,RD Berrington,1,0,"",""
ball,2,19.4,Ireland,AD Poynter,KJ O'Brien,RD Berrington,0,0,"",""
ball,2,19.5,Ireland,AD Poynter,KJ O'Brien,RD Berrington,0,1,"",""
ball,2,19.6,Ireland,AD Poynter,KJ O'Brien,RD Berrington,0,0,"",""
ball,2,19.7,Ireland,AD Poynter,KJ O'Brien,RD Berrington,1,0,"",""
ball,2,20.1,Ireland,AD Poynter,KJ O'Brien,RM Haq,0,0,"",""
ball,2,20.2,Ireland,AD Poynter,KJ O'Brien,RM Haq,0,0,"",""
ball,2,20.3,Ireland,AD Poynter,KJ O'Brien,RM Haq,1,0,"",""
ball,2,20.4,Ireland,KJ O'Brien,AD Poynter,RM Haq,0,0,"",""
ball,2,20.5,Ireland,KJ O'Brien,AD Poynter,RM Haq,1,0,"",""
ball,2,20.6,Ireland,AD Poynter,KJ O'Brien,RM Haq,0,0,"",""
ball,2,21.1,Ireland,KJ O'Brien,AD Poynter,RD Berrington,0,1,"",""
ball,2,21.2,Ireland,KJ O'Brien,AD Poynter,RD Berrington,0,1,"",""
ball,2,21.3,Ireland,KJ O'Brien,AD Poynter,RD Berrington,1,0,"",""
ball,2,21.4,Ireland,AD Poynter,KJ O'Brien,RD Berrington,0,0,"",""
ball,2,21.5,Ireland,AD Poynter,KJ O'Brien,RD Berrington,1,0,"",""
ball,2,21.6,Ireland,KJ O'Brien,AD Poynter,RD Berrington,1,0,"",""
ball,2,21.7,Ireland,AD Poynter,KJ O'Brien,RD Berrington,0,0,"",""
ball,2,21.8,Ireland,AD Poynter,KJ O'Brien,RD Berrington,1,0,"",""
ball,2,22.1,Ireland,AD Poynter,KJ O'Brien,RM Haq,1,0,"",""
ball,2,22.2,Ireland,KJ O'Brien,AD Poynter,RM Haq,0,1,"",""
ball,2,22.3,Ireland,KJ O'Brien,AD Poynter,RM Haq,0,0,"",""
ball,2,22.4,Ireland,KJ O'Brien,AD Poynter,RM Haq,1,0,"",""
ball,2,22.5,Ireland,AD Poynter,KJ O'Brien,RM Haq,1,0,"",""
ball,2,22.6,Ireland,KJ O'Brien,AD Poynter,RM Haq,0,0,"",""
ball,2,22.7,Ireland,KJ O'Brien,AD Poynter,RM Haq,0,0,"",""
ball,2,23.1,Ireland,AD Poynter,KJ O'Brien,RD Berrington,0,0,caught,AD Poynter
ball,2,23.2,Ireland,SR Thompson,KJ O'Brien,RD Berrington,2,0,"",""
ball,2,23.3,Ireland,SR Thompson,KJ O'Brien,RD Berrington,0,0,"",""
ball,2,23.4,Ireland,SR Thompson,KJ O'Brien,RD Berrington,4,0,"",""
ball,2,23.5,Ireland,SR Thompson,KJ O'Brien,RD Berrington,1,0,"",""
ball,2,23.6,Ireland,KJ O'Brien,SR Thompson,RD Berrington,1,0,"",""
ball,2,24.1,Ireland,KJ O'Brien,SR Thompson,RM Haq,0,0,"",""
ball,2,24.2,Ireland,KJ O'Brien,SR Thompson,RM Haq,2,0,"",""
ball,2,24.3,Ireland,KJ O'Brien,SR Thompson,RM Haq,1,0,"",""
ball,2,24.4,Ireland,SR Thompson,KJ O'Brien,RM Haq,0,0,"",""
ball,2,24.5,Ireland,SR Thompson,KJ O'Brien,RM Haq,4,0,"",""
ball,2,24.6,Ireland,SR Thompson,KJ O'Brien,RM Haq,1,0,"",""
ball,2,25.1,Ireland,SR Thompson,KJ O'Brien,JH Davey,0,0,"",""
ball,2,25.2,Ireland,SR Thompson,KJ O'Brien,JH Davey,0,0,"",""
ball,2,25.3,Ireland,SR Thompson,KJ O'Brien,JH Davey,1,0,"",""
ball,2,25.4,Ireland,KJ O'Brien,SR Thompson,JH Davey,1,0,"",""
ball,2,25.5,Ireland,SR Thompson,KJ O'Brien,JH Davey,1,0,"",""
ball,2,25.6,Ireland,KJ O'Brien,SR Thompson,JH Davey,1,0,"",""
ball,2,26.1,Ireland,KJ O'Brien,SR Thompson,RM Haq,0,0,"",""
ball,2,26.2,Ireland,KJ O'Brien,SR Thompson,RM Haq,2,0,"",""
ball,2,26.3,Ireland,KJ O'Brien,SR Thompson,RM Haq,1,0,"",""
ball,2,26.4,Ireland,SR Thompson,KJ O'Brien,RM Haq,0,0,"",""
ball,2,26.5,Ireland,SR Thompson,KJ O'Brien,RM Haq,4,0,"",""
ball,2,26.6,Ireland,SR Thompson,KJ O'Brien,RM Haq,0,0,"",""
ball,2,27.1,Ireland,KJ O'Brien,SR Thompson,I Wardlaw,1,0,"",""
ball,2,27.2,Ireland,SR Thompson,KJ O'Brien,I Wardlaw,1,0,"",""
ball,2,27.3,Ireland,KJ O'Brien,SR Thompson,I Wardlaw,1,0,"",""
ball,2,27.4,Ireland,SR Thompson,KJ O'Brien,I Wardlaw,1,0,"",""
ball,2,27.5,Ireland,KJ O'Brien,SR Thompson,I Wardlaw,0,0,"",""
ball,2,27.6,Ireland,KJ O'Brien,SR Thompson,I Wardlaw,0,0,"",""
ball,2,28.1,Ireland,SR Thompson,KJ O'Brien,RM Haq,6,0,"",""
ball,2,28.2,Ireland,SR Thompson,KJ O'Brien,RM Haq,0,0,"",""
ball,2,28.3,Ireland,SR Thompson,KJ O'Brien,RM Haq,1,0,"",""
ball,2,28.4,Ireland,KJ O'Brien,SR Thompson,RM Haq,0,0,"",""
ball,2,28.5,Ireland,KJ O'Brien,SR Thompson,RM Haq,4,0,"",""
ball,2,28.6,Ireland,KJ O'Brien,SR Thompson,RM Haq,1,0,"",""
ball,2,29.1,Ireland,KJ O'Brien,SR Thompson,I Wardlaw,1,0,"",""
ball,2,29.2,Ireland,SR Thompson,KJ O'Brien,I Wardlaw,1,0,"",""
ball,2,29.3,Ireland,KJ O'Brien,SR Thompson,I Wardlaw,0,0,"",""
ball,2,29.4,Ireland,KJ O'Brien,SR Thompson,I Wardlaw,4,0,"",""
ball,2,29.5,Ireland,KJ O'Brien,SR Thompson,I Wardlaw,1,0,"",""
ball,2,29.6,Ireland,SR Thompson,KJ O'Brien,I Wardlaw,0,0,"",""
ball,2,30.1,Ireland,KJ O'Brien,SR Thompson,AC Evans,4,0,"",""
ball,2,30.2,Ireland,KJ O'Brien,SR Thompson,AC Evans,0,0,caught,KJ O'Brien
ball,2,30.3,Ireland,SW Poynter,SR Thompson,AC Evans,0,0,"",""
ball,2,30.4,Ireland,SW Poynter,SR Thompson,AC Evans,0,0,"",""
ball,2,30.5,Ireland,SW Poynter,SR Thompson,AC Evans,0,0,"",""
ball,2,30.6,Ireland,SW Poynter,SR Thompson,AC Evans,0,1,"",""
ball,2,30.7,Ireland,SW Poynter,SR Thompson,AC Evans,0,0,"",""
ball,2,31.1,Ireland,SR Thompson,SW Poynter,JH Davey,1,0,"",""
ball,2,31.2,Ireland,SW Poynter,SR Thompson,JH Davey,0,0,"",""
ball,2,31.3,Ireland,SW Poynter,SR Thompson,JH Davey,1,0,"",""
ball,2,31.4,Ireland,SR Thompson,SW Poynter,JH Davey,1,0,"",""
ball,2,31.5,Ireland,SW Poynter,SR Thompson,JH Davey,4,0,"",""
ball,2,31.6,Ireland,SW Poynter,SR Thompson,JH Davey,0,0,"",""
ball,2,32.1,Ireland,SR Thompson,SW Poynter,AC Evans,1,0,"",""
ball,2,32.2,Ireland,SW Poynter,SR Thompson,AC Evans,0,0,"",""
ball,2,32.3,Ireland,SW Poynter,SR Thompson,AC Evans,3,0,"",""
ball,2,32.4,Ireland,SR Thompson,SW Poynter,AC Evans,0,0,"",""
ball,2,32.5,Ireland,SR Thompson,SW Poynter,AC Evans,1,0,"",""
ball,2,32.6,Ireland,SW Poynter,SR Thompson,AC Evans,0,0,"",""
ball,2,33.1,Ireland,SR Thompson,SW Poynter,RM Haq,1,0,"",""
ball,2,33.2,Ireland,SW Poynter,SR Thompson,RM Haq,0,0,"",""
ball,2,33.3,Ireland,SW Poynter,SR Thompson,RM Haq,0,0,"",""
ball,2,33.4,Ireland,SW Poynter,SR Thompson,RM Haq,0,0,"",""
ball,2,33.5,Ireland,SW Poynter,SR Thompson,RM Haq,0,0,run out,SW Poynter
ball,2,33.6,Ireland,JF Mooney,SR Thompson,RM Haq,0,0,"",""
ball,2,34.1,Ireland,SR Thompson,JF Mooney,MA Leask,0,0,"",""
ball,2,34.2,Ireland,SR Thompson,JF Mooney,MA Leask,1,0,"",""
ball,2,34.3,Ireland,JF Mooney,SR Thompson,MA Leask,0,0,"",""
ball,2,34.4,Ireland,JF Mooney,SR Thompson,MA Leask,0,0,"",""
ball,2,34.5,Ireland,JF Mooney,SR Thompson,MA Leask,4,0,"",""
ball,2,34.6,Ireland,JF Mooney,SR Thompson,MA Leask,0,0,"",""
ball,2,35.1,Ireland,SR Thompson,JF Mooney,RM Haq,0,0,"",""
ball,2,35.2,Ireland,SR Thompson,JF Mooney,RM Haq,0,0,"",""
ball,2,35.3,Ireland,SR Thompson,JF Mooney,RM Haq,0,0,"",""
ball,2,35.4,Ireland,SR Thompson,JF Mooney,RM Haq,1,0,"",""
ball,2,35.5,Ireland,JF Mooney,SR Thompson,RM Haq,0,0,"",""
ball,2,35.6,Ireland,JF Mooney,SR Thompson,RM Haq,0,0,"",""
ball,2,36.1,Ireland,SR Thompson,JF Mooney,MA Leask,4,0,"",""
ball,2,36.2,Ireland,SR Thompson,JF Mooney,MA Leask,0,4,"",""
ball,2,36.3,Ireland,SR Thompson,JF Mooney,MA Leask,0,0,lbw,SR Thompson
ball,2,36.4,Ireland,AR White,JF Mooney,MA Leask,0,0,"",""
ball,2,36.5,Ireland,AR White,JF Mooney,MA Leask,0,0,"",""
ball,2,36.6,Ireland,AR White,JF Mooney,MA Leask,1,0,"",""
ball,2,37.1,Ireland,AR White,JF Mooney,AC Evans,0,0,lbw,AR White
ball,2,37.2,Ireland,MC Sorensen,JF Mooney,AC Evans,0,0,"",""
ball,2,37.3,Ireland,MC Sorensen,JF Mooney,AC Evans,0,0,"",""
ball,2,37.4,Ireland,MC Sorensen,JF Mooney,AC Evans,0,0,"",""
ball,2,37.5,Ireland,MC Sorensen,JF Mooney,AC Evans,1,0,"",""
ball,2,37.6,Ireland,JF Mooney,MC Sorensen,AC Evans,0,0,"",""
ball,2,38.1,Ireland,MC Sorensen,JF Mooney,MA Leask,0,0,"",""
ball,2,38.2,Ireland,MC Sorensen,JF Mooney,MA Leask,0,1,"",""
ball,2,38.3,Ireland,MC Sorensen,JF Mooney,MA Leask,1,0,"",""
ball,2,38.4,Ireland,JF Mooney,MC Sorensen,MA Leask,0,0,"",""
ball,2,38.5,Ireland,JF Mooney,MC Sorensen,MA Leask,1,0,"",""
ball,2,38.6,Ireland,MC Sorensen,JF Mooney,MA Leask,0,0,"",""
ball,2,38.7,Ireland,MC Sorensen,JF Mooney,MA Leask,0,0,"",""
ball,2,39.1,Ireland,JF Mooney,MC Sorensen,RM Haq,0,0,"",""
ball,2,39.2,Ireland,JF Mooney,MC Sorensen,RM Haq,4,0,"",""
ball,2,39.3,Ireland,JF Mooney,MC Sorensen,RM Haq,0,0,"",""
ball,2,39.4,Ireland,JF Mooney,MC Sorensen,RM Haq,0,0,"",""
ball,2,39.5,Ireland,JF Mooney,MC Sorensen,RM Haq,0,0,"",""
ball,2,39.6,Ireland,JF Mooney,MC Sorensen,RM Haq,4,0,"",""
ball,2,40.1,Ireland,MC Sorensen,JF Mooney,MA Leask,0,0,"",""
ball,2,40.2,Ireland,MC Sorensen,JF Mooney,MA Leask,1,0,"",""
ball,2,40.3,Ireland,JF Mooney,MC Sorensen,MA Leask,4,0,"",""
ball,2,40.4,Ireland,JF Mooney,MC Sorensen,MA Leask,0,0,"",""
ball,2,40.5,Ireland,JF Mooney,MC Sorensen,MA Leask,0,0,"",""
ball,2,40.6,Ireland,JF Mooney,MC Sorensen,MA Leask,0,0,"",""
ball,2,41.1,Ireland,MC Sorensen,JF Mooney,AC Evans,0,0,"",""
ball,2,41.2,Ireland,MC Sorensen,JF Mooney,AC Evans,0,0,"",""
ball,2,41.3,Ireland,MC Sorensen,JF Mooney,AC Evans,1,0,"",""
ball,2,41.4,Ireland,JF Mooney,MC Sorensen,AC Evans,2,0,"",""
ball,2,41.5,Ireland,JF Mooney,MC Sorensen,AC Evans,4,0,"",""
ball,2,41.6,Ireland,JF Mooney,MC Sorensen,AC Evans,0,0,"",""
ball,2,42.1,Ireland,MC Sorensen,JF Mooney,JH Davey,4,0,"",""
ball,2,42.2,Ireland,MC Sorensen,JF Mooney,JH Davey,0,0,"",""
ball,2,42.3,Ireland,MC Sorensen,JF Mooney,JH Davey,0,0,"",""
ball,2,42.4,Ireland,MC Sorensen,JF Mooney,JH Davey,0,0,"",""
ball,2,42.5,Ireland,MC Sorensen,JF Mooney,JH Davey,2,0,"",""
ball,2,42.6,Ireland,MC Sorensen,JF Mooney,JH Davey,0,0,"",""
ball,2,43.1,Ireland,JF Mooney,MC Sorensen,RM Haq,0,0,"",""
ball,2,43.2,Ireland,JF Mooney,MC Sorensen,RM Haq,0,0,"",""
ball,2,43.3,Ireland,JF Mooney,MC Sorensen,RM Haq,0,0,"",""
ball,2,43.4,Ireland,JF Mooney,MC Sorensen,RM Haq,0,0,"",""
ball,2,43.5,Ireland,JF Mooney,MC Sorensen,RM Haq,4,0,"",""
ball,2,43.6,Ireland,JF Mooney,MC Sorensen,RM Haq,0,0,"",""
ball,2,44.1,Ireland,MC Sorensen,JF Mooney,JH Davey,0,0,"",""
ball,2,44.2,Ireland,MC Sorensen,JF Mooney,JH Davey,0,1,"",""
ball,2,44.3,Ireland,MC Sorensen,JF Mooney,JH Davey,4,0,"",""
