version,1.3.0
info,team,Australia
info,team,South Africa
info,gender,male
info,season,2014
info,date,2014/09/06
info,competition,Zimbabwe Triangular Series
info,venue,Harare Sports Club
info,city,
info,neutralvenue,true
info,toss_winner,South Africa
info,toss_decision,field
info,player_of_match,DW Steyn
info,umpire,Aleem Dar
info,umpire,RB Tiffin
info,reserve_umpire,O Chirombe
info,tv_umpire,became the onfield umpire
info,match_referee,J Srinath
info,winner,South Africa
info,winner_wickets,6
ball,1,0.1,Australia,AJ Finch,PJ Hughes,DW Steyn,1,0,"",""
ball,1,0.2,Australia,PJ Hughes,AJ Finch,DW Steyn,0,1,"",""
ball,1,0.3,Australia,PJ Hughes,AJ Finch,DW Steyn,0,0,"",""
ball,1,0.4,Australia,PJ Hughes,AJ Finch,DW Steyn,0,0,"",""
ball,1,0.5,Australia,PJ Hughes,AJ Finch,DW Steyn,1,0,"",""
ball,1,0.6,Australia,AJ Finch,PJ Hughes,DW Steyn,0,0,"",""
ball,1,0.7,Australia,AJ Finch,PJ Hughes,DW Steyn,0,0,"",""
ball,1,1.1,Australia,PJ Hughes,AJ Finch,M Morkel,4,0,"",""
ball,1,1.2,Australia,PJ Hughes,AJ Finch,M Morkel,0,0,"",""
ball,1,1.3,Australia,PJ Hughes,AJ Finch,M Morkel,0,1,"",""
ball,1,1.4,Australia,PJ Hughes,AJ Finch,M Morkel,0,0,"",""
ball,1,1.5,Australia,PJ Hughes,AJ Finch,M Morkel,4,0,"",""
ball,1,1.6,Australia,PJ Hughes,AJ Finch,M Morkel,1,0,"",""
ball,1,1.7,Australia,AJ Finch,PJ Hughes,M Morkel,2,0,"",""
ball,1,2.1,Australia,PJ Hughes,AJ Finch,DW Steyn,0,0,"",""
ball,1,2.2,Australia,PJ Hughes,AJ Finch,DW Steyn,0,0,"",""
ball,1,2.3,Australia,PJ Hughes,AJ Finch,DW Steyn,3,0,"",""
ball,1,2.4,Australia,AJ Finch,PJ Hughes,DW Steyn,4,0,"",""
ball,1,2.5,Australia,AJ Finch,PJ Hughes,DW Steyn,0,0,"",""
ball,1,2.6,Australia,AJ Finch,PJ Hughes,DW Steyn,0,0,"",""
ball,1,3.1,Australia,PJ Hughes,AJ Finch,M Morkel,0,0,"",""
ball,1,3.2,Australia,PJ Hughes,AJ Finch,M Morkel,0,0,"",""
ball,1,3.3,Australia,PJ Hughes,AJ Finch,M Morkel,1,0,"",""
ball,1,3.4,Australia,AJ Finch,PJ Hughes,M Morkel,0,0,"",""
ball,1,3.5,Australia,AJ Finch,PJ Hughes,M Morkel,0,1,"",""
ball,1,3.6,Australia,PJ Hughes,AJ Finch,M Morkel,1,0,"",""
ball,1,4.1,Australia,PJ Hughes,AJ Finch,DW Steyn,0,0,caught,PJ Hughes
ball,1,4.2,Australia,SPD Smith,AJ Finch,DW Steyn,0,0,"",""
ball,1,4.3,Australia,SPD Smith,AJ Finch,DW Steyn,1,0,"",""
ball,1,4.4,Australia,AJ Finch,SPD Smith,DW Steyn,0,0,"",""
ball,1,4.5,Australia,AJ Finch,SPD Smith,DW Steyn,4,0,"",""
ball,1,4.6,Australia,AJ Finch,SPD Smith,DW Steyn,0,0,"",""
ball,1,5.1,Australia,SPD Smith,AJ Finch,M Morkel,1,0,"",""
ball,1,5.2,Australia,AJ Finch,SPD Smith,M Morkel,1,0,"",""
ball,1,5.3,Australia,SPD Smith,AJ Finch,M Morkel,0,0,"",""
ball,1,5.4,Australia,SPD Smith,AJ Finch,M Morkel,0,0,"",""
ball,1,5.5,Australia,SPD Smith,AJ Finch,M Morkel,0,0,"",""
ball,1,5.6,Australia,SPD Smith,AJ Finch,M Morkel,4,0,"",""
ball,1,6.1,Australia,AJ Finch,SPD Smith,WD Parnell,0,0,"",""
ball,1,6.2,Australia,AJ Finch,SPD Smith,WD Parnell,4,0,"",""
ball,1,6.3,Australia,AJ Finch,SPD Smith,WD Parnell,1,0,"",""
ball,1,6.4,Australia,SPD Smith,AJ Finch,WD Parnell,0,0,"",""
ball,1,6.5,Australia,SPD Smith,AJ Finch,WD Parnell,4,0,"",""
ball,1,6.6,Australia,SPD Smith,AJ Finch,WD Parnell,0,0,"",""
ball,1,7.1,Australia,AJ Finch,SPD Smith,AM Phangiso,0,0,"",""
ball,1,7.2,Australia,AJ Finch,SPD Smith,AM Phangiso,0,0,"",""
ball,1,7.3,Australia,AJ Finch,SPD Smith,AM Phangiso,0,0,"",""
ball,1,7.4,Australia,AJ Finch,SPD Smith,AM Phangiso,0,0,"",""
ball,1,7.5,Australia,AJ Finch,SPD Smith,AM Phangiso,0,0,"",""
ball,1,7.6,Australia,AJ Finch,SPD Smith,AM Phangiso,4,0,"",""
ball,1,8.1,Australia,SPD Smith,AJ Finch,WD Parnell,0,0,"",""
ball,1,8.2,Australia,SPD Smith,AJ Finch,WD Parnell,0,0,"",""
ball,1,8.3,Australia,SPD Smith,AJ Finch,WD Parnell,0,0,"",""
ball,1,8.4,Australia,SPD Smith,AJ Finch,WD Parnell,0,0,"",""
ball,1,8.5,Australia,SPD Smith,AJ Finch,WD Parnell,0,0,caught,SPD Smith
ball,1,8.6,Australia,GJ Bailey,AJ Finch,WD Parnell,0,0,"",""
ball,1,9.1,Australia,AJ Finch,GJ Bailey,AM Phangiso,1,0,"",""
ball,1,9.2,Australia,GJ Bailey,AJ Finch,AM Phangiso,1,0,"",""
ball,1,9.3,Australia,AJ Finch,GJ Bailey,AM Phangiso,1,0,"",""
ball,1,9.4,Australia,GJ Bailey,AJ Finch,AM Phangiso,0,0,"",""
ball,1,9.5,Australia,GJ Bailey,AJ Finch,AM Phangiso,0,0,"",""
ball,1,9.6,Australia,GJ Bailey,AJ Finch,AM Phangiso,0,0,"",""
ball,1,10.1,Australia,AJ Finch,GJ Bailey,WD Parnell,0,0,"",""
ball,1,10.2,Australia,AJ Finch,GJ Bailey,WD Parnell,0,0,"",""
ball,1,10.3,Australia,AJ Finch,GJ Bailey,WD Parnell,0,0,"",""
ball,1,10.4,Australia,AJ Finch,GJ Bailey,WD Parnell,0,0,"",""
ball,1,10.5,Australia,AJ Finch,GJ Bailey,WD Parnell,0,5,"",""
ball,1,10.6,Australia,AJ Finch,GJ Bailey,WD Parnell,1,0,"",""
ball,1,10.7,Australia,GJ Bailey,AJ Finch,WD Parnell,0,0,"",""
ball,1,11.1,Australia,AJ Finch,GJ Bailey,AM Phangiso,0,0,"",""
ball,1,11.2,Australia,AJ Finch,GJ Bailey,AM Phangiso,0,0,"",""
ball,1,11.3,Australia,AJ Finch,GJ Bailey,AM Phangiso,2,0,"",""
ball,1,11.4,Australia,AJ Finch,GJ Bailey,AM Phangiso,0,0,"",""
ball,1,11.5,Australia,AJ Finch,GJ Bailey,AM Phangiso,1,0,"",""
ball,1,11.6,Australia,GJ Bailey,AJ Finch,AM Phangiso,0,0,"",""
ball,1,12.1,Australia,AJ Finch,GJ Bailey,WD Parnell,0,0,"",""
ball,1,12.2,Australia,AJ Finch,GJ Bailey,WD Parnell,0,1,"",""
ball,1,12.3,Australia,GJ Bailey,AJ Finch,WD Parnell,0,0,"",""
ball,1,12.4,Australia,GJ Bailey,AJ Finch,WD Parnell,1,0,"",""
ball,1,12.5,Australia,AJ Finch,GJ Bailey,WD Parnell,2,0,"",""
ball,1,12.6,Australia,AJ Finch,GJ Bailey,WD Parnell,0,0,"",""
ball,1,13.1,Australia,GJ Bailey,AJ Finch,AM Phangiso,1,0,"",""
ball,1,13.2,Australia,AJ Finch,GJ Bailey,AM Phangiso,0,0,"",""
ball,1,13.3,Australia,AJ Finch,GJ Bailey,AM Phangiso,0,0,"",""
ball,1,13.4,Australia,AJ Finch,GJ Bailey,AM Phangiso,0,0,"",""
ball,1,13.5,Australia,AJ Finch,GJ Bailey,AM Phangiso,0,0,"",""
ball,1,13.6,Australia,AJ Finch,GJ Bailey,AM Phangiso,0,0,"",""
ball,1,14.1,Australia,GJ Bailey,AJ Finch,Imran Tahir,1,0,"",""
ball,1,14.2,Australia,AJ Finch,GJ Bailey,Imran Tahir,0,0,"",""
ball,1,14.3,Australia,AJ Finch,GJ Bailey,Imran Tahir,0,0,"",""
ball,1,14.4,Australia,AJ Finch,GJ Bailey,Imran Tahir,0,0,"",""
ball,1,14.5,Australia,AJ Finch,GJ Bailey,Imran Tahir,0,0,"",""
ball,1,14.6,Australia,AJ Finch,GJ Bailey,Imran Tahir,0,0,"",""
ball,1,15.1,Australia,GJ Bailey,AJ Finch,AM Phangiso,0,0,"",""
ball,1,15.2,Australia,GJ Bailey,AJ Finch,AM Phangiso,1,0,"",""
ball,1,15.3,Australia,AJ Finch,GJ Bailey,AM Phangiso,2,0,"",""
ball,1,15.4,Australia,AJ Finch,GJ Bailey,AM Phangiso,1,0,"",""
ball,1,15.5,Australia,GJ Bailey,AJ Finch,AM Phangiso,1,0,"",""
ball,1,15.6,Australia,AJ Finch,GJ Bailey,AM Phangiso,0,0,"",""
ball,1,16.1,Australia,GJ Bailey,AJ Finch,Imran Tahir,0,0,"",""
ball,1,16.2,Australia,GJ Bailey,AJ Finch,Imran Tahir,0,0,"",""
ball,1,16.3,Australia,GJ Bailey,AJ Finch,Imran Tahir,2,0,"",""
ball,1,16.4,Australia,GJ Bailey,AJ Finch,Imran Tahir,1,0,"",""
ball,1,16.5,Australia,AJ Finch,GJ Bailey,Imran Tahir,1,0,"",""
ball,1,16.6,Australia,GJ Bailey,AJ Finch,Imran Tahir,0,0,"",""
ball,1,17.1,Australia,AJ Finch,GJ Bailey,AM Phangiso,1,0,"",""
ball,1,17.2,Australia,GJ Bailey,AJ Finch,AM Phangiso,0,0,"",""
ball,1,17.3,Australia,GJ Bailey,AJ Finch,AM Phangiso,0,0,"",""
ball,1,17.4,Australia,GJ Bailey,AJ Finch,AM Phangiso,1,0,"",""
ball,1,17.5,Australia,AJ Finch,GJ Bailey,AM Phangiso,1,0,"",""
ball,1,17.6,Australia,GJ Bailey,AJ Finch,AM Phangiso,1,0,"",""
ball,1,18.1,Australia,GJ Bailey,AJ Finch,Imran Tahir,0,0,"",""
ball,1,18.2,Australia,GJ Bailey,AJ Finch,Imran Tahir,0,0,"",""
ball,1,18.3,Australia,GJ Bailey,AJ Finch,Imran Tahir,0,0,"",""
ball,1,18.4,Australia,GJ Bailey,AJ Finch,Imran Tahir,1,0,"",""
ball,1,18.5,Australia,AJ Finch,GJ Bailey,Imran Tahir,1,0,"",""
ball,1,18.6,Australia,GJ Bailey,AJ Finch,Imran Tahir,0,0,bowled,GJ Bailey
ball,1,19.1,Australia,AJ Finch,MR Marsh,M Morkel,1,0,"",""
ball,1,19.2,Australia,MR Marsh,AJ Finch,M Morkel,0,0,"",""
ball,1,19.3,Australia,MR Marsh,AJ Finch,M Morkel,1,0,"",""
ball,1,19.4,Australia,AJ Finch,MR Marsh,M Morkel,1,0,"",""
ball,1,19.5,Australia,MR Marsh,AJ Finch,M Morkel,0,0,"",""
ball,1,19.6,Australia,MR Marsh,AJ Finch,M Morkel,1,0,"",""
ball,1,20.1,Australia,MR Marsh,AJ Finch,Imran Tahir,0,0,"",""
ball,1,20.2,Australia,MR Marsh,AJ Finch,Imran Tahir,1,0,"",""
ball,1,20.3,Australia,AJ Finch,MR Marsh,Imran Tahir,1,0,"",""
ball,1,20.4,Australia,MR Marsh,AJ Finch,Imran Tahir,0,0,"",""
ball,1,20.5,Australia,MR Marsh,AJ Finch,Imran Tahir,0,0,"",""
ball,1,20.6,Australia,MR Marsh,AJ Finch,Imran Tahir,0,0,"",""
ball,1,21.1,Australia,AJ Finch,MR Marsh,M Morkel,0,0,"",""
ball,1,21.2,Australia,AJ Finch,MR Marsh,M Morkel,1,0,"",""
ball,1,21.3,Australia,MR Marsh,AJ Finch,M Morkel,0,0,"",""
ball,1,21.4,Australia,MR Marsh,AJ Finch,M Morkel,4,0,"",""
ball,1,21.5,Australia,MR Marsh,AJ Finch,M Morkel,1,0,"",""
ball,1,21.6,Australia,AJ Finch,MR Marsh,M Morkel,1,0,"",""
ball,1,22.1,Australia,AJ Finch,MR Marsh,Imran Tahir,0,0,"",""
ball,1,22.2,Australia,AJ Finch,MR Marsh,Imran Tahir,3,0,"",""
ball,1,22.3,Australia,MR Marsh,AJ Finch,Imran Tahir,1,0,"",""
ball,1,22.4,Australia,AJ Finch,MR Marsh,Imran Tahir,0,0,"",""
ball,1,22.5,Australia,AJ Finch,MR Marsh,Imran Tahir,4,0,"",""
ball,1,22.6,Australia,AJ Finch,MR Marsh,Imran Tahir,1,0,"",""
ball,1,23.1,Australia,AJ Finch,MR Marsh,M Morkel,0,0,"",""
ball,1,23.2,Australia,AJ Finch,MR Marsh,M Morkel,0,0,"",""
ball,1,23.3,Australia,AJ Finch,MR Marsh,M Morkel,0,0,"",""
ball,1,23.4,Australia,AJ Finch,MR Marsh,M Morkel,0,0,"",""
ball,1,23.5,Australia,AJ Finch,MR Marsh,M Morkel,0,0,"",""
ball,1,23.6,Australia,AJ Finch,MR Marsh,M Morkel,1,0,"",""
ball,1,24.1,Australia,AJ Finch,MR Marsh,DW Steyn,1,0,"",""
ball,1,24.2,Australia,MR Marsh,AJ Finch,DW Steyn,0,0,"",""
ball,1,24.3,Australia,MR Marsh,AJ Finch,DW Steyn,1,0,"",""
ball,1,24.4,Australia,AJ Finch,MR Marsh,DW Steyn,0,0,"",""
ball,1,24.5,Australia,AJ Finch,MR Marsh,DW Steyn,0,0,"",""
ball,1,24.6,Australia,AJ Finch,MR Marsh,DW Steyn,0,0,"",""
ball,1,25.1,Australia,MR Marsh,AJ Finch,AM Phangiso,0,0,"",""
ball,1,25.2,Australia,MR Marsh,AJ Finch,AM Phangiso,1,0,"",""
ball,1,25.3,Australia,AJ Finch,MR Marsh,AM Phangiso,0,0,"",""
ball,1,25.4,Australia,AJ Finch,MR Marsh,AM Phangiso,0,0,"",""
ball,1,25.5,Australia,AJ Finch,MR Marsh,AM Phangiso,1,0,"",""
ball,1,25.6,Australia,MR Marsh,AJ Finch,AM Phangiso,1,0,"",""
ball,1,26.1,Australia,MR Marsh,AJ Finch,DW Steyn,1,0,"",""
ball,1,26.2,Australia,AJ Finch,MR Marsh,DW Steyn,1,0,"",""
ball,1,26.3,Australia,MR Marsh,AJ Finch,DW Steyn,0,0,"",""
ball,1,26.4,Australia,MR Marsh,AJ Finch,DW Steyn,0,1,"",""
ball,1,26.5,Australia,AJ Finch,MR Marsh,DW Steyn,0,0,"",""
ball,1,26.6,Australia,AJ Finch,MR Marsh,DW Steyn,0,0,"",""
ball,1,27.1,Australia,MR Marsh,AJ Finch,AM Phangiso,1,0,"",""
ball,1,27.2,Australia,AJ Finch,MR Marsh,AM Phangiso,0,0,"",""
ball,1,27.3,Australia,AJ Finch,MR Marsh,AM Phangiso,0,0,"",""
ball,1,27.4,Australia,AJ Finch,MR Marsh,AM Phangiso,0,0,"",""
ball,1,27.5,Australia,AJ Finch,MR Marsh,AM Phangiso,1,0,"",""
ball,1,27.6,Australia,MR Marsh,AJ Finch,AM Phangiso,0,0,"",""
ball,1,28.1,Australia,AJ Finch,MR Marsh,DW Steyn,0,0,bowled,AJ Finch
ball,1,28.2,Australia,GJ Maxwell,MR Marsh,DW Steyn,0,0,lbw,GJ Maxwell
ball,1,28.3,Australia,BJ Haddin,MR Marsh,DW Steyn,0,0,"",""
ball,1,28.4,Australia,BJ Haddin,MR Marsh,DW Steyn,0,0,"",""
ball,1,28.5,Australia,BJ Haddin,MR Marsh,DW Steyn,0,0,"",""
ball,1,28.6,Australia,BJ Haddin,MR Marsh,DW Steyn,0,0,"",""
ball,1,29.1,Australia,MR Marsh,BJ Haddin,Imran Tahir,0,0,"",""
ball,1,29.2,Australia,MR Marsh,BJ Haddin,Imran Tahir,0,0,"",""
ball,1,29.3,Australia,MR Marsh,BJ Haddin,Imran Tahir,1,0,"",""
ball,1,29.4,Australia,BJ Haddin,MR Marsh,Imran Tahir,0,0,"",""
ball,1,29.5,Australia,BJ Haddin,MR Marsh,Imran Tahir,1,0,"",""
ball,1,29.6,Australia,MR Marsh,BJ Haddin,Imran Tahir,1,0,"",""
ball,1,30.1,Australia,MR Marsh,BJ Haddin,WD Parnell,0,0,"",""
ball,1,30.2,Australia,MR Marsh,BJ Haddin,WD Parnell,1,0,"",""
ball,1,30.3,Australia,BJ Haddin,MR Marsh,WD Parnell,0,0,"",""
ball,1,30.4,Australia,BJ Haddin,MR Marsh,WD Parnell,1,0,"",""
ball,1,30.5,Australia,MR Marsh,BJ Haddin,WD Parnell,1,0,"",""
ball,1,30.6,Australia,BJ Haddin,MR Marsh,WD Parnell,0,0,"",""
ball,1,31.1,Australia,MR Marsh,BJ Haddin,Imran Tahir,1,0,"",""
ball,1,31.2,Australia,BJ Haddin,MR Marsh,Imran Tahir,0,0,"",""
ball,1,31.3,Australia,BJ Haddin,MR Marsh,Imran Tahir,0,0,"",""
ball,1,31.4,Australia,BJ Haddin,MR Marsh,Imran Tahir,1,0,"",""
ball,1,31.5,Australia,MR Marsh,BJ Haddin,Imran Tahir,0,0,"",""
ball,1,31.6,Australia,MR Marsh,BJ Haddin,Imran Tahir,0,0,"",""
ball,1,32.1,Australia,BJ Haddin,MR Marsh,WD Parnell,1,0,"",""
ball,1,32.2,Australia,MR Marsh,BJ Haddin,WD Parnell,0,0,"",""
ball,1,32.3,Australia,MR Marsh,BJ Haddin,WD Parnell,0,0,"",""
ball,1,32.4,Australia,MR Marsh,BJ Haddin,WD Parnell,0,0,"",""
ball,1,32.5,Australia,MR Marsh,BJ Haddin,WD Parnell,1,0,"",""
ball,1,32.6,Australia,BJ Haddin,MR Marsh,WD Parnell,0,0,"",""
ball,1,33.1,Australia,MR Marsh,BJ Haddin,Imran Tahir,0,0,"",""
ball,1,33.2,Australia,MR Marsh,BJ Haddin,Imran Tahir,6,0,"",""
ball,1,33.3,Australia,MR Marsh,BJ Haddin,Imran Tahir,0,0,"",""
ball,1,33.4,Australia,MR Marsh,BJ Haddin,Imran Tahir,0,0,"",""
ball,1,33.5,Australia,MR Marsh,BJ Haddin,Imran Tahir,0,0,"",""
ball,1,33.6,Australia,MR Marsh,BJ Haddin,Imran Tahir,1,0,"",""
ball,1,34.1,Australia,MR Marsh,BJ Haddin,WD Parnell,0,0,"",""
ball,1,34.2,Australia,MR Marsh,BJ Haddin,WD Parnell,0,0,"",""
ball,1,34.3,Australia,MR Marsh,BJ Haddin,WD Parnell,0,0,bowled,MR Marsh
ball,1,34.4,Australia,JP Faulkner,BJ Haddin,WD Parnell,0,0,"",""
ball,1,34.5,Australia,JP Faulkner,BJ Haddin,WD Parnell,1,0,"",""
ball,1,34.6,Australia,BJ Haddin,JP Faulkner,WD Parnell,0,0,"",""
ball,1,35.1,Australia,JP Faulkner,BJ Haddin,AM Phangiso,0,0,"",""
ball,1,35.2,Australia,JP Faulkner,BJ Haddin,AM Phangiso,1,0,"",""
ball,1,35.3,Australia,BJ Haddin,JP Faulkner,AM Phangiso,0,0,"",""
ball,1,35.4,Australia,BJ Haddin,JP Faulkner,AM Phangiso,1,0,"",""
ball,1,35.5,Australia,JP Faulkner,BJ Haddin,AM Phangiso,1,0,"",""
ball,1,35.6,Australia,BJ Haddin,JP Faulkner,AM Phangiso,1,0,"",""
ball,1,36.1,Australia,BJ Haddin,JP Faulkner,DW Steyn,0,0,lbw,BJ Haddin
ball,1,36.2,Australia,MG Johnson,JP Faulkner,DW Steyn,0,0,"",""
ball,1,36.3,Australia,MG Johnson,JP Faulkner,DW Steyn,1,0,"",""
ball,1,36.4,Australia,JP Faulkner,MG Johnson,DW Steyn,0,0,"",""
ball,1,36.5,Australia,JP Faulkner,MG Johnson,DW Steyn,0,0,"",""
ball,1,36.6,Australia,JP Faulkner,MG Johnson,DW Steyn,0,0,"",""
ball,1,37.1,Australia,MG Johnson,JP Faulkner,M Morkel,0,0,"",""
ball,1,37.2,Australia,MG Johnson,JP Faulkner,M Morkel,1,0,"",""
ball,1,37.3,Australia,JP Faulkner,MG Johnson,M Morkel,0,0,"",""
ball,1,37.4,Australia,JP Faulkner,MG Johnson,M Morkel,1,0,"",""
ball,1,37.5,Australia,MG Johnson,JP Faulkner,M Morkel,4,0,"",""
ball,1,37.6,Australia,MG Johnson,JP Faulkner,M Morkel,0,0,caught,MG Johnson
ball,1,38.1,Australia,MA Starc,JP Faulkner,DW Steyn,0,1,"",""
ball,1,38.2,Australia,MA Starc,JP Faulkner,DW Steyn,0,0,"",""
ball,1,38.3,Australia,MA Starc,JP Faulkner,DW Steyn,0,0,"",""
ball,1,38.4,Australia,MA Starc,JP Faulkner,DW Steyn,0,0,"",""
ball,1,38.5,Australia,MA Starc,JP Faulkner,DW Steyn,0,0,"",""
ball,1,38.6,Australia,MA Starc,JP Faulkner,DW Steyn,0,0,"",""
ball,1,38.7,Australia,MA Starc,JP Faulkner,DW Steyn,0,0,"",""
ball,1,39.1,Australia,JP Faulkner,MA Starc,M Morkel,0,0,"",""
ball,1,39.2,Australia,JP Faulkner,MA Starc,M Morkel,1,0,"",""
ball,1,39.3,Australia,MA Starc,JP Faulkner,M Morkel,1,0,"",""
ball,1,39.4,Australia,JP Faulkner,MA Starc,M Morkel,0,1,"",""
ball,1,39.5,Australia,JP Faulkner,MA Starc,M Morkel,1,0,"",""
ball,1,39.6,Australia,MA Starc,JP Faulkner,M Morkel,0,0,"",""
ball,1,39.7,Australia,MA Starc,JP Faulkner,M Morkel,1,0,"",""
ball,1,40.1,Australia,MA Starc,JP Faulkner,DW Steyn,0,0,"",""
ball,1,40.2,Australia,MA Starc,JP Faulkner,DW Steyn,0,0,"",""
ball,1,40.3,Australia,MA Starc,JP Faulkner,DW Steyn,0,0,"",""
ball,1,40.4,Australia,MA Starc,JP Faulkner,DW Steyn,0,0,"",""
ball,1,40.5,Australia,MA Starc,JP Faulkner,DW Steyn,1,0,"",""
ball,1,40.6,Australia,JP Faulkner,MA Starc,DW Steyn,0,0,"",""
ball,1,41.1,Australia,MA Starc,JP Faulkner,Imran Tahir,0,0,"",""
ball,1,41.2,Australia,MA Starc,JP Faulkner,Imran Tahir,1,0,"",""
ball,1,41.3,Australia,JP Faulkner,MA Starc,Imran Tahir,0,0,"",""
ball,1,41.4,Australia,JP Faulkner,MA Starc,Imran Tahir,1,0,"",""
ball,1,41.5,Australia,MA Starc,JP Faulkner,Imran Tahir,0,0,"",""
ball,1,41.6,Australia,MA Starc,JP Faulkner,Imran Tahir,1,0,"",""
ball,1,42.1,Australia,MA Starc,JP Faulkner,WD Parnell,0,0,"",""
ball,1,42.2,Australia,MA Starc,JP Faulkner,WD Parnell,2,0,"",""
ball,1,42.3,Australia,MA Starc,JP Faulkner,WD Parnell,1,0,"",""
ball,1,42.4,Australia,JP Faulkner,MA Starc,WD Parnell,1,0,"",""
ball,1,42.5,Australia,MA Starc,JP Faulkner,WD Parnell,0,0,"",""
ball,1,42.6,Australia,MA Starc,JP Faulkner,WD Parnell,1,0,"",""
ball,1,43.1,Australia,MA Starc,JP Faulkner,Imran Tahir,0,0,"",""
ball,1,43.2,Australia,MA Starc,JP Faulkner,Imran Tahir,0,0,"",""
ball,1,43.3,Australia,MA Starc,JP Faulkner,Imran Tahir,0,0,"",""
ball,1,43.4,Australia,MA Starc,JP Faulkner,Imran Tahir,6,0,"",""
ball,1,43.5,Australia,MA Starc,JP Faulkner,Imran Tahir,0,0,"",""
ball,1,43.6,Australia,MA Starc,JP Faulkner,Imran Tahir,1,0,"",""
ball,1,44.1,Australia,MA Starc,JP Faulkner,WD Parnell,0,0,"",""
ball,1,44.2,Australia,MA Starc,JP Faulkner,WD Parnell,0,0,"",""
ball,1,44.3,Australia,MA Starc,JP Faulkner,WD Parnell,0,0,"",""
ball,1,44.4,Australia,MA Starc,JP Faulkner,WD Parnell,0,0,"",""
ball,1,44.5,Australia,MA Starc,JP Faulkner,WD Parnell,1,0,"",""
ball,1,44.6,Australia,JP Faulkner,MA Starc,WD Parnell,0,0,"",""
ball,1,45.1,Australia,MA Starc,JP Faulkner,AM Phangiso,0,1,"",""
ball,1,45.2,Australia,JP Faulkner,MA Starc,AM Phangiso,1,0,"",""
ball,1,45.3,Australia,MA Starc,JP Faulkner,AM Phangiso,0,0,"",""
ball,1,45.4,Australia,MA Starc,JP Faulkner,AM Phangiso,0,0,"",""
ball,1,45.5,Australia,MA Starc,JP Faulkner,AM Phangiso,6,0,"",""
ball,1,45.6,Australia,MA Starc,JP Faulkner,AM Phangiso,0,0,"",""
ball,1,46.1,Australia,JP Faulkner,MA Starc,DW Steyn,2,0,"",""
ball,1,46.2,Australia,JP Faulkner,MA Starc,DW Steyn,2,0,"",""
ball,1,46.3,Australia,JP Faulkner,MA Starc,DW Steyn,0,0,"",""
ball,1,46.4,Australia,JP Faulkner,MA Starc,DW Steyn,4,0,"",""
ball,1,46.5,Australia,JP Faulkner,MA Starc,DW Steyn,4,0,"",""
ball,1,46.6,Australia,JP Faulkner,MA Starc,DW Steyn,0,1,"",""
ball,1,47.1,Australia,JP Faulkner,MA Starc,M Morkel,2,0,"",""
ball,1,47.2,Australia,JP Faulkner,MA Starc,M Morkel,4,0,"",""
ball,1,47.3,Australia,JP Faulkner,MA Starc,M Morkel,2,0,"",""
ball,1,47.4,Australia,JP Faulkner,MA Starc,M Morkel,0,1,"",""
ball,1,47.5,Australia,JP Faulkner,MA Starc,M Morkel,1,0,"",""
ball,1,47.6,Australia,MA Starc,JP Faulkner,M Morkel,0,0,"",""
ball,1,47.7,Australia,MA Starc,JP Faulkner,M Morkel,0,4,"",""
ball,1,48.1,Australia,JP Faulkner,MA Starc,WD Parnell,2,0,"",""
ball,1,48.2,Australia,JP Faulkner,MA Starc,WD Parnell,0,0,"",""
ball,1,48.3,Australia,JP Faulkner,MA Starc,WD Parnell,0,0,"",""
ball,1,48.4,Australia,JP Faulkner,MA Starc,WD Parnell,1,0,"",""
ball,1,48.5,Australia,MA Starc,JP Faulkner,WD Parnell,3,0,"",""
ball,1,48.6,Australia,JP Faulkner,MA Starc,WD Parnell,4,0,"",""
ball,1,49.1,Australia,MA Starc,JP Faulkner,M Morkel,0,0,"",""
ball,1,49.2,Australia,MA Starc,JP Faulkner,M Morkel,1,0,"",""
ball,1,49.3,Australia,JP Faulkner,MA Starc,M Morkel,2,0,"",""
ball,1,49.4,Australia,JP Faulkner,MA Starc,M Morkel,0,0,caught,JP Faulkner
ball,1,49.5,Australia,MA Starc,NM Lyon,M Morkel,2,0,"",""
ball,1,49.6,Australia,MA Starc,NM Lyon,M Morkel,0,0,"",""
ball,2,0.1,South Africa,HM Amla,Q de Kock,MG Johnson,0,0,"",""
ball,2,0.2,South Africa,HM Amla,Q de Kock,MG Johnson,0,0,"",""
ball,2,0.3,South Africa,HM Amla,Q de Kock,MG Johnson,0,0,"",""
ball,2,0.4,South Africa,HM Amla,Q de Kock,MG Johnson,0,0,"",""
ball,2,0.5,South Africa,HM Amla,Q de Kock,MG Johnson,4,0,"",""
ball,2,0.6,South Africa,HM Amla,Q de Kock,MG Johnson,0,0,"",""
ball,2,1.1,South Africa,Q de Kock,HM Amla,GJ Maxwell,0,0,"",""
ball,2,1.2,South Africa,Q de Kock,HM Amla,GJ Maxwell,2,0,"",""
ball,2,1.3,South Africa,Q de Kock,HM Amla,GJ Maxwell,4,0,"",""
ball,2,1.4,South Africa,Q de Kock,HM Amla,GJ Maxwell,1,0,"",""
ball,2,1.5,South Africa,HM Amla,Q de Kock,GJ Maxwell,1,0,"",""
ball,2,1.6,South Africa,Q de Kock,HM Amla,GJ Maxwell,0,0,"",""
ball,2,2.1,South Africa,HM Amla,Q de Kock,MG Johnson,2,0,"",""
ball,2,2.2,South Africa,HM Amla,Q de Kock,MG Johnson,0,0,"",""
ball,2,2.3,South Africa,HM Amla,Q de Kock,MG Johnson,0,0,"",""
ball,2,2.4,South Africa,HM Amla,Q de Kock,MG Johnson,0,0,"",""
ball,2,2.5,South Africa,HM Amla,Q de Kock,MG Johnson,0,0,"",""
ball,2,2.6,South Africa,HM Amla,Q de Kock,MG Johnson,0,0,"",""
ball,2,3.1,South Africa,Q de Kock,HM Amla,GJ Maxwell,0,0,"",""
ball,2,3.2,South Africa,Q de Kock,HM Amla,GJ Maxwell,0,0,caught,Q de Kock
ball,2,3.3,South Africa,HM Amla,F du Plessis,GJ Maxwell,3,0,"",""
ball,2,3.4,South Africa,F du Plessis,HM Amla,GJ Maxwell,0,0,"",""
ball,2,3.5,South Africa,F du Plessis,HM Amla,GJ Maxwell,0,0,"",""
ball,2,3.6,South Africa,F du Plessis,HM Amla,GJ Maxwell,1,0,"",""
ball,2,4.1,South Africa,F du Plessis,HM Amla,MG Johnson,1,0,"",""
ball,2,4.2,South Africa,HM Amla,F du Plessis,MG Johnson,0,0,"",""
ball,2,4.3,South Africa,HM Amla,F du Plessis,MG Johnson,0,0,"",""
ball,2,4.4,South Africa,HM Amla,F du Plessis,MG Johnson,1,0,"",""
ball,2,4.5,South Africa,F du Plessis,HM Amla,MG Johnson,0,0,"",""
ball,2,4.6,South Africa,F du Plessis,HM Amla,MG Johnson,0,0,"",""
ball,2,5.1,South Africa,HM Amla,F du Plessis,MR Marsh,2,0,"",""
ball,2,5.2,South Africa,HM Amla,F du Plessis,MR Marsh,0,0,"",""
ball,2,5.3,South Africa,HM Amla,F du Plessis,MR Marsh,0,0,"",""
ball,2,5.4,South Africa,HM Amla,F du Plessis,MR Marsh,1,0,"",""
ball,2,5.5,South Africa,F du Plessis,HM Amla,MR Marsh,0,0,"",""
ball,2,5.6,South Africa,F du Plessis,HM Amla,MR Marsh,4,0,"",""
ball,2,6.1,South Africa,HM Amla,F du Plessis,MA Starc,0,0,"",""
ball,2,6.2,South Africa,HM Amla,F du Plessis,MA Starc,3,0,"",""
ball,2,6.3,South Africa,F du Plessis,HM Amla,MA Starc,0,0,"",""
ball,2,6.4,South Africa,F du Plessis,HM Amla,MA Starc,0,0,"",""
ball,2,6.5,South Africa,F du Plessis,HM Amla,MA Starc,0,1,"",""
ball,2,6.6,South Africa,F du Plessis,HM Amla,MA Starc,0,0,"",""
ball,2,6.7,South Africa,F du Plessis,HM Amla,MA Starc,1,0,"",""
ball,2,7.1,South Africa,F du Plessis,HM Amla,MR Marsh,0,0,"",""
ball,2,7.2,South Africa,F du Plessis,HM Amla,MR Marsh,4,0,"",""
ball,2,7.3,South Africa,F du Plessis,HM Amla,MR Marsh,3,0,"",""
ball,2,7.4,South Africa,HM Amla,F du Plessis,MR Marsh,2,0,"",""
ball,2,7.5,South Africa,HM Amla,F du Plessis,MR Marsh,1,0,"",""
ball,2,7.6,South Africa,F du Plessis,HM Amla,MR Marsh,1,0,"",""
ball,2,8.1,South Africa,F du Plessis,HM Amla,MA Starc,1,0,"",""
ball,2,8.2,South Africa,HM Amla,F du Plessis,MA Starc,0,0,"",""
ball,2,8.3,South Africa,HM Amla,F du Plessis,MA Starc,0,0,"",""
ball,2,8.4,South Africa,HM Amla,F du Plessis,MA Starc,4,0,"",""
ball,2,8.5,South Africa,HM Amla,F du Plessis,MA Starc,1,0,"",""
ball,2,8.6,South Africa,F du Plessis,HM Amla,MA Starc,0,0,"",""
ball,2,9.1,South Africa,HM Amla,F du Plessis,MR Marsh,0,0,"",""
ball,2,9.2,South Africa,HM Amla,F du Plessis,MR Marsh,0,0,"",""
ball,2,9.3,South Africa,HM Amla,F du Plessis,MR Marsh,0,0,"",""
ball,2,9.4,South Africa,HM Amla,F du Plessis,MR Marsh,0,0,"",""
ball,2,9.5,South Africa,HM Amla,F du Plessis,MR Marsh,0,0,"",""
ball,2,9.6,South Africa,HM Amla,F du Plessis,MR Marsh,1,0,"",""
ball,2,10.1,South Africa,HM Amla,F du Plessis,JP Faulkner,1,0,"",""
ball,2,10.2,South Africa,F du Plessis,HM Amla,JP Faulkner,1,0,"",""
ball,2,10.3,South Africa,HM Amla,F du Plessis,JP Faulkner,0,0,"",""
ball,2,10.4,South Africa,HM Amla,F du Plessis,JP Faulkner,1,0,"",""
ball,2,10.5,South Africa,F du Plessis,HM Amla,JP Faulkner,1,0,"",""
ball,2,10.6,South Africa,HM Amla,F du Plessis,JP Faulkner,1,0,"",""
ball,2,11.1,South Africa,HM Amla,F du Plessis,NM Lyon,0,0,"",""
ball,2,11.2,South Africa,HM Amla,F du Plessis,NM Lyon,0,0,"",""
ball,2,11.3,South Africa,HM Amla,F du Plessis,NM Lyon,2,0,"",""
ball,2,11.4,South Africa,HM Amla,F du Plessis,NM Lyon,0,0,"",""
ball,2,11.5,South Africa,HM Amla,F du Plessis,NM Lyon,1,0,"",""
ball,2,11.6,South Africa,F du Plessis,HM Amla,NM Lyon,1,0,"",""
ball,2,12.1,South Africa,F du Plessis,HM Amla,JP Faulkner,6,0,"",""
ball,2,12.2,South Africa,F du Plessis,HM Amla,JP Faulkner,0,0,"",""
ball,2,12.3,South Africa,F du Plessis,HM Amla,JP Faulkner,1,0,"",""
ball,2,12.4,South Africa,HM Amla,F du Plessis,JP Faulkner,0,0,"",""
ball,2,12.5,South Africa,HM Amla,F du Plessis,JP Faulkner,1,0,"",""
ball,2,12.6,South Africa,F du Plessis,HM Amla,JP Faulkner,0,0,"",""
ball,2,13.1,South Africa,HM Amla,F du Plessis,NM Lyon,0,0,"",""
ball,2,13.2,South Africa,HM Amla,F du Plessis,NM Lyon,1,0,"",""
ball,2,13.3,South Africa,F du Plessis,HM Amla,NM Lyon,0,0,"",""
ball,2,13.4,South Africa,F du Plessis,HM Amla,NM Lyon,1,0,"",""
ball,2,13.5,South Africa,HM Amla,F du Plessis,NM Lyon,2,0,"",""
ball,2,13.6,South Africa,HM Amla,F du Plessis,NM Lyon,0,0,"",""
ball,2,14.1,South Africa,F du Plessis,HM Amla,MG Johnson,1,0,"",""
ball,2,14.2,South Africa,HM Amla,F du Plessis,MG Johnson,1,0,"",""
ball,2,14.3,South Africa,F du Plessis,HM Amla,MG Johnson,1,0,"",""
ball,2,14.4,South Africa,HM Amla,F du Plessis,MG Johnson,1,0,"",""
ball,2,14.5,South Africa,F du Plessis,HM Amla,MG Johnson,4,0,"",""
ball,2,14.6,South Africa,F du Plessis,HM Amla,MG Johnson,0,0,"",""
ball,2,15.1,South Africa,HM Amla,F du Plessis,NM Lyon,0,0,"",""
ball,2,15.2,South Africa,HM Amla,F du Plessis,NM Lyon,1,0,"",""
ball,2,15.3,South Africa,F du Plessis,HM Amla,NM Lyon,1,0,"",""
ball,2,15.4,South Africa,HM Amla,F du Plessis,NM Lyon,0,0,"",""
ball,2,15.5,South Africa,HM Amla,F du Plessis,NM Lyon,0,0,"",""
ball,2,15.6,South Africa,HM Amla,F du Plessis,NM Lyon,1,0,"",""
ball,2,16.1,South Africa,F du Plessis,HM Amla,MG Johnson,0,0,"",""
ball,2,16.2,South Africa,F du Plessis,HM Amla,MG Johnson,2,0,"",""
ball,2,16.3,South Africa,F du Plessis,HM Amla,MG Johnson,1,0,"",""
ball,2,16.4,South Africa,HM Amla,F du Plessis,MG Johnson,0,0,"",""
ball,2,16.5,South Africa,HM Amla,F du Plessis,MG Johnson,0,0,"",""
ball,2,16.6,South Africa,HM Amla,F du Plessis,MG Johnson,0,0,"",""
ball,2,17.1,South Africa,F du Plessis,HM Amla,NM Lyon,0,0,"",""
ball,2,17.2,South Africa,F du Plessis,HM Amla,NM Lyon,0,0,"",""
ball,2,17.3,South Africa,F du Plessis,HM Amla,NM Lyon,1,0,"",""
ball,2,17.4,South Africa,HM Amla,F du Plessis,NM Lyon,1,0,"",""
ball,2,17.5,South Africa,F du Plessis,HM Amla,NM Lyon,1,0,"",""
ball,2,17.6,South Africa,HM Amla,F du Plessis,NM Lyon,1,0,"",""
ball,2,18.1,South Africa,HM Amla,F du Plessis,MA Starc,1,0,"",""
ball,2,18.2,South Africa,F du Plessis,HM Amla,MA Starc,0,0,"",""
ball,2,18.3,South Africa,F du Plessis,HM Amla,MA Starc,1,0,"",""
ball,2,18.4,South Africa,HM Amla,F du Plessis,MA Starc,2,0,"",""
ball,2,18.5,South Africa,HM Amla,F du Plessis,MA Starc,1,0,"",""
ball,2,18.6,South Africa,F du Plessis,HM Amla,MA Starc,2,0,"",""
ball,2,19.1,South Africa,HM Amla,F du Plessis,NM Lyon,1,0,"",""
ball,2,19.2,South Africa,F du Plessis,HM Amla,NM Lyon,1,0,"",""
ball,2,19.3,South Africa,HM Amla,F du Plessis,NM Lyon,0,0,"",""
ball,2,19.4,South Africa,HM Amla,F du Plessis,NM Lyon,1,0,"",""
ball,2,19.5,South Africa,F du Plessis,HM Amla,NM Lyon,4,0,"",""
ball,2,19.6,South Africa,F du Plessis,HM Amla,NM Lyon,4,0,"",""
ball,2,20.1,South Africa,HM Amla,F du Plessis,MR Marsh,0,0,"",""
ball,2,20.2,South Africa,HM Amla,F du Plessis,MR Marsh,0,0,"",""
ball,2,20.3,South Africa,HM Amla,F du Plessis,MR Marsh,1,0,"",""
ball,2,20.4,South Africa,F du Plessis,HM Amla,MR Marsh,0,0,"",""
ball,2,20.5,South Africa,F du Plessis,HM Amla,MR Marsh,1,0,"",""
ball,2,20.6,South Africa,HM Amla,F du Plessis,MR Marsh,1,0,"",""
ball,2,21.1,South Africa,HM Amla,F du Plessis,SPD Smith,1,0,"",""
ball,2,21.2,South Africa,F du Plessis,HM Amla,SPD Smith,1,0,"",""
ball,2,21.3,South Africa,HM Amla,F du Plessis,SPD Smith,0,0,"",""
ball,2,21.4,South Africa,HM Amla,F du Plessis,SPD Smith,0,0,caught,HM Amla
ball,2,21.5,South Africa,WD Parnell,F du Plessis,SPD Smith,0,0,"",""
ball,2,21.6,South Africa,WD Parnell,F du Plessis,SPD Smith,0,0,"",""
ball,2,22.1,South Africa,F du Plessis,WD Parnell,MR Marsh,1,0,"",""
ball,2,22.2,South Africa,WD Parnell,F du Plessis,MR Marsh,0,0,"",""
ball,2,22.3,South Africa,WD Parnell,F du Plessis,MR Marsh,0,0,"",""
ball,2,22.4,South Africa,WD Parnell,F du Plessis,MR Marsh,0,0,"",""
ball,2,22.5,South Africa,WD Parnell,F du Plessis,MR Marsh,0,0,"",""
ball,2,22.6,South Africa,WD Parnell,F du Plessis,MR Marsh,0,1,"",""
ball,2,22.7,South Africa,WD Parnell,F du Plessis,MR Marsh,1,0,"",""
ball,2,23.1,South Africa,WD Parnell,F du Plessis,NM Lyon,0,0,"",""
ball,2,23.2,South Africa,WD Parnell,F du Plessis,NM Lyon,0,0,"",""
ball,2,23.3,South Africa,WD Parnell,F du Plessis,NM Lyon,0,0,"",""
ball,2,23.4,South Africa,WD Parnell,F du Plessis,NM Lyon,0,0,"",""
ball,2,23.5,South Africa,WD Parnell,F du Plessis,NM Lyon,0,0,"",""
ball,2,23.6,South Africa,WD Parnell,F du Plessis,NM Lyon,0,0,"",""
ball,2,24.1,South Africa,F du Plessis,WD Parnell,JP Faulkner,1,0,"",""
ball,2,24.2,South Africa,WD Parnell,F du Plessis,JP Faulkner,0,0,"",""
ball,2,24.3,South Africa,WD Parnell,F du Plessis,JP Faulkner,0,0,"",""
ball,2,24.4,South Africa,WD Parnell,F du Plessis,JP Faulkner,0,0,"",""
ball,2,24.5,South Africa,WD Parnell,F du Plessis,JP Faulkner,1,0,"",""
ball,2,24.6,South Africa,F du Plessis,WD Parnell,JP Faulkner,0,0,"",""
ball,2,25.1,South Africa,WD Parnell,F du Plessis,NM Lyon,0,0,"",""
ball,2,25.2,South Africa,WD Parnell,F du Plessis,NM Lyon,0,0,"",""
ball,2,25.3,South Africa,WD Parnell,F du Plessis,NM Lyon,4,0,"",""
ball,2,25.4,South Africa,WD Parnell,F du Plessis,NM Lyon,0,0,"",""
ball,2,25.5,South Africa,WD Parnell,F du Plessis,NM Lyon,0,0,"",""
ball,2,25.6,South Africa,WD Parnell,F du Plessis,NM Lyon,0,0,"",""
ball,2,26.1,South Africa,F du Plessis,WD Parnell,JP Faulkner,4,0,"",""
ball,2,26.2,South Africa,F du Plessis,WD Parnell,JP Faulkner,0,0,"",""
ball,2,26.3,South Africa,F du Plessis,WD Parnell,JP Faulkner,1,0,"",""
ball,2,26.4,South Africa,WD Parnell,F du Plessis,JP Faulkner,0,0,bowled,WD Parnell
ball,2,26.5,South Africa,AB de Villiers,F du Plessis,JP Faulkner,0,0,"",""
ball,2,26.6,South Africa,AB de Villiers,F du Plessis,JP Faulkner,1,0,"",""
ball,2,27.1,South Africa,AB de Villiers,F du Plessis,SPD Smith,1,0,"",""
ball,2,27.2,South Africa,F du Plessis,AB de Villiers,SPD Smith,1,0,"",""
ball,2,27.3,South Africa,AB de Villiers,F du Plessis,SPD Smith,1,0,"",""
ball,2,27.4,South Africa,F du Plessis,AB de Villiers,SPD Smith,3,0,"",""
ball,2,27.5,South Africa,AB de Villiers,F du Plessis,SPD Smith,1,0,"",""
ball,2,27.6,South Africa,F du Plessis,AB de Villiers,SPD Smith,0,0,"",""
ball,2,28.1,South Africa,AB de Villiers,F du Plessis,MG Johnson,1,0,"",""
ball,2,28.2,South Africa,F du Plessis,AB de Villiers,MG Johnson,1,0,"",""
ball,2,28.3,South Africa,AB de Villiers,F du Plessis,MG Johnson,2,0,"",""
ball,2,28.4,South Africa,AB de Villiers,F du Plessis,MG Johnson,1,0,"",""
ball,2,28.5,South Africa,F du Plessis,AB de Villiers,MG Johnson,0,0,"",""
ball,2,28.6,South Africa,F du Plessis,AB de Villiers,MG Johnson,1,0,"",""
ball,2,29.1,South Africa,F du Plessis,AB de Villiers,MA Starc,0,0,"",""
ball,2,29.2,South Africa,F du Plessis,AB de Villiers,MA Starc,1,0,"",""
ball,2,29.3,South Africa,AB de Villiers,F du Plessis,MA Starc,1,0,"",""
ball,2,29.4,South Africa,F du Plessis,AB de Villiers,MA Starc,2,0,"",""
ball,2,29.5,South Africa,F du Plessis,AB de Villiers,MA Starc,1,0,"",""
ball,2,29.6,South Africa,AB de Villiers,F du Plessis,MA Starc,4,0,"",""
ball,2,30.1,South Africa,F du Plessis,AB de Villiers,MG Johnson,1,0,"",""
ball,2,30.2,South Africa,AB de Villiers,F du Plessis,MG Johnson,4,0,"",""
ball,2,30.3,South Africa,AB de Villiers,F du Plessis,MG Johnson,1,0,"",""
ball,2,30.4,South Africa,F du Plessis,AB de Villiers,MG Johnson,4,0,"",""
ball,2,30.5,South Africa,F du Plessis,AB de Villiers,MG Johnson,1,0,"",""
ball,2,30.6,South Africa,F du Plessis,AB de Villiers,MG Johnson,0,0,"",""
ball,2,31.1,South Africa,AB de Villiers,F du Plessis,NM Lyon,0,0,"",""
ball,2,31.2,South Africa,AB de Villiers,F du Plessis,NM Lyon,1,0,"",""
ball,2,31.3,South Africa,F du Plessis,AB de Villiers,NM Lyon,0,0,"",""
ball,2,31.4,South Africa,F du Plessis,AB de Villiers,NM Lyon,0,0,"",""
ball,2,31.5,South Africa,F du Plessis,AB de Villiers,NM Lyon,1,0,"",""
ball,2,31.6,South Africa,AB de Villiers,F du Plessis,NM Lyon,0,0,"",""
ball,2,32.1,South Africa,F du Plessis,AB de Villiers,JP Faulkner,1,0,"",""
ball,2,32.2,South Africa,AB de Villiers,F du Plessis,JP Faulkner,1,0,"",""
ball,2,32.3,South Africa,F du Plessis,AB de Villiers,JP Faulkner,0,0,"",""
ball,2,32.4,South Africa,F du Plessis,AB de Villiers,JP Faulkner,1,0,"",""
ball,2,32.5,South Africa,AB de Villiers,F du Plessis,JP Faulkner,1,0,"",""
ball,2,32.6,South Africa,F du Plessis,AB de Villiers,JP Faulkner,1,0,"",""
ball,2,33.1,South Africa,F du Plessis,AB de Villiers,NM Lyon,1,0,"",""
ball,2,33.2,South Africa,AB de Villiers,F du Plessis,NM Lyon,0,0,"",""
ball,2,33.3,South Africa,AB de Villiers,F du Plessis,NM Lyon,0,0,"",""
ball,2,33.4,South Africa,AB de Villiers,F du Plessis,NM Lyon,0,0,"",""
ball,2,33.5,South Africa,AB de Villiers,F du Plessis,NM Lyon,1,0,"",""
ball,2,33.6,South Africa,F du Plessis,AB de Villiers,NM Lyon,0,0,"",""
ball,2,34.1,South Africa,AB de Villiers,F du Plessis,JP Faulkner,0,0,"",""
ball,2,34.2,South Africa,AB de Villiers,F du Plessis,JP Faulkner,0,0,"",""
ball,2,34.3,South Africa,AB de Villiers,F du Plessis,JP Faulkner,4,0,"",""
ball,2,34.4,South Africa,AB de Villiers,F du Plessis,JP Faulkner,1,0,"",""
ball,2,34.5,South Africa,F du Plessis,AB de Villiers,JP Faulkner,1,0,"",""
ball,2,34.6,South Africa,AB de Villiers,F du Plessis,JP Faulkner,0,0,"",""
ball,2,35.1,South Africa,F du Plessis,AB de Villiers,NM Lyon,0,0,"",""
ball,2,35.2,South Africa,F du Plessis,AB de Villiers,NM Lyon,0,0,"",""
ball,2,35.3,South Africa,F du Plessis,AB de Villiers,NM Lyon,1,0,"",""
ball,2,35.4,South Africa,AB de Villiers,F du Plessis,NM Lyon,4,0,"",""
ball,2,35.5,South Africa,AB de Villiers,F du Plessis,NM Lyon,1,0,"",""
ball,2,35.6,South Africa,F du Plessis,AB de Villiers,NM Lyon,1,0,"",""
ball,2,36.1,South Africa,F du Plessis,AB de Villiers,MG Johnson,1,0,"",""
ball,2,36.2,South Africa,AB de Villiers,F du Plessis,MG Johnson,1,0,"",""
ball,2,36.3,South Africa,F du Plessis,AB de Villiers,MG Johnson,0,0,"",""
ball,2,36.4,South Africa,F du Plessis,AB de Villiers,MG Johnson,2,0,"",""
ball,2,36.5,South Africa,F du Plessis,AB de Villiers,MG Johnson,0,0,"",""
ball,2,36.6,South Africa,F du Plessis,AB de Villiers,MG Johnson,1,0,"",""
ball,2,37.1,South Africa,F du Plessis,AB de Villiers,JP Faulkner,1,0,"",""
ball,2,37.2,South Africa,AB de Villiers,F du Plessis,JP Faulkner,1,0,"",""
ball,2,37.3,South Africa,F du Plessis,AB de Villiers,JP Faulkner,0,0,"",""
ball,2,37.4,South Africa,F du Plessis,AB de Villiers,JP Faulkner,1,0,"",""
ball,2,37.5,South Africa,AB de Villiers,F du Plessis,JP Faulkner,2,0,"",""
ball,2,37.6,South Africa,AB de Villiers,F du Plessis,JP Faulkner,0,0,"",""
ball,2,38.1,South Africa,F du Plessis,AB de Villiers,MG Johnson,0,1,"",""
ball,2,38.2,South Africa,AB de Villiers,F du Plessis,MG Johnson,0,0,"",""
ball,2,38.3,South Africa,AB de Villiers,F du Plessis,MG Johnson,1,0,"",""
ball,2,38.4,South Africa,F du Plessis,AB de Villiers,MG Johnson,0,0,"",""
ball,2,38.5,South Africa,F du Plessis,AB de Villiers,MG Johnson,1,0,"",""
ball,2,38.6,South Africa,AB de Villiers,F du Plessis,MG Johnson,0,0,"",""
ball,2,39.1,South Africa,F du Plessis,AB de Villiers,JP Faulkner,1,0,"",""
ball,2,39.2,South Africa,AB de Villiers,F du Plessis,JP Faulkner,0,0,"",""
ball,2,39.3,South Africa,AB de Villiers,F du Plessis,JP Faulkner,6,0,"",""
ball,2,39.4,South Africa,AB de Villiers,F du Plessis,JP Faulkner,6,0,"",""
ball,2,39.5,South Africa,AB de Villiers,F du Plessis,JP Faulkner,4,0,"",""
ball,2,39.6,South Africa,AB de Villiers,F du Plessis,JP Faulkner,0,0,"",""
ball,2,40.1,South Africa,F du Plessis,AB de Villiers,MG Johnson,4,0,"",""
ball,2,40.2,South Africa,F du Plessis,AB de Villiers,MG Johnson,0,0,"",""
ball,2,40.3,South Africa,F du Plessis,AB de Villiers,MG Johnson,0,1,"",""
ball,2,40.4,South Africa,F du Plessis,AB de Villiers,MG Johnson,0,0,"",""
ball,2,40.5,South Africa,F du Plessis,AB de Villiers,MG Johnson,0,0,caught,F du Plessis
ball,2,40.6,South Africa,AB de Villiers,JP Duminy,MG Johnson,4,0,"",""
