version,1.3.0
info,team,Zimbabwe
info,team,Australia
info,gender,male
info,season,2014
info,date,2014/08/25
info,competition,Zimbabwe Triangular Series
info,match_number,1
info,venue,Harare Sports Club
info,city,
info,toss_winner,Zimbabwe
info,toss_decision,field
info,player_of_match,MR Marsh
info,umpire,IJ Gould
info,umpire,RB Tiffin
info,reserve_umpire,L Rusere
info,tv_umpire,O Chirombe
info,match_referee,J Srinath
info,winner,Australia
info,winner_runs,198
ball,1,0.1,Australia,AJ Finch,BJ Haddin,T Panyangara,1,0,"",""
ball,1,0.2,Australia,BJ Haddin,AJ Finch,T Panyangara,0,0,"",""
ball,1,0.3,Australia,BJ Haddin,AJ Finch,T Panyangara,0,0,"",""
ball,1,0.4,Australia,BJ Haddin,AJ Finch,T Panyangara,0,0,"",""
ball,1,0.5,Australia,BJ Haddin,AJ Finch,T Panyangara,1,0,"",""
ball,1,0.6,Australia,AJ Finch,BJ Haddin,T Panyangara,0,0,"",""
ball,1,1.1,Australia,BJ Haddin,AJ Finch,TL Chatara,0,0,"",""
ball,1,1.2,Australia,BJ Haddin,AJ Finch,TL Chatara,0,0,"",""
ball,1,1.3,Australia,BJ Haddin,AJ Finch,TL Chatara,0,0,"",""
ball,1,1.4,Australia,BJ Haddin,AJ Finch,TL Chatara,3,0,"",""
ball,1,1.5,Australia,AJ Finch,BJ Haddin,TL Chatara,0,0,"",""
ball,1,1.6,Australia,AJ Finch,BJ Haddin,TL Chatara,0,0,"",""
ball,1,2.1,Australia,BJ Haddin,AJ Finch,T Panyangara,0,0,"",""
ball,1,2.2,Australia,BJ Haddin,AJ Finch,T Panyangara,0,0,"",""
ball,1,2.3,Australia,BJ Haddin,AJ Finch,T Panyangara,0,0,"",""
ball,1,2.4,Australia,BJ Haddin,AJ Finch,T Panyangara,0,0,"",""
ball,1,2.5,Australia,BJ Haddin,AJ Finch,T Panyangara,0,0,"",""
ball,1,2.6,Australia,BJ Haddin,AJ Finch,T Panyangara,0,0,"",""
ball,1,3.1,Australia,AJ Finch,BJ Haddin,TL Chatara,1,0,"",""
ball,1,3.2,Australia,BJ Haddin,AJ Finch,TL Chatara,0,0,"",""
ball,1,3.3,Australia,BJ Haddin,AJ Finch,TL Chatara,0,0,"",""
ball,1,3.4,Australia,BJ Haddin,AJ Finch,TL Chatara,0,0,"",""
ball,1,3.5,Australia,BJ Haddin,AJ Finch,TL Chatara,0,0,"",""
ball,1,3.6,Australia,BJ Haddin,AJ Finch,TL Chatara,2,0,"",""
ball,1,4.1,Australia,AJ Finch,BJ Haddin,T Panyangara,0,0,"",""
ball,1,4.2,Australia,AJ Finch,BJ Haddin,T Panyangara,0,0,"",""
ball,1,4.3,Australia,AJ Finch,BJ Haddin,T Panyangara,2,0,"",""
ball,1,4.4,Australia,AJ Finch,BJ Haddin,T Panyangara,0,0,"",""
ball,1,4.5,Australia,AJ Finch,BJ Haddin,T Panyangara,4,0,"",""
ball,1,4.6,Australia,AJ Finch,BJ Haddin,T Panyangara,0,0,"",""
ball,1,5.1,Australia,BJ Haddin,AJ Finch,TL Chatara,0,0,"",""
ball,1,5.2,Australia,BJ Haddin,AJ Finch,TL Chatara,1,0,"",""
ball,1,5.3,Australia,AJ Finch,BJ Haddin,TL Chatara,0,0,"",""
ball,1,5.4,Australia,AJ Finch,BJ Haddin,TL Chatara,0,1,"",""
ball,1,5.5,Australia,AJ Finch,BJ Haddin,TL Chatara,4,0,"",""
ball,1,5.6,Australia,AJ Finch,BJ Haddin,TL Chatara,0,0,"",""
ball,1,5.7,Australia,AJ Finch,BJ Haddin,TL Chatara,0,0,"",""
ball,1,6.1,Australia,BJ Haddin,AJ Finch,T Panyangara,1,0,"",""
ball,1,6.2,Australia,AJ Finch,BJ Haddin,T Panyangara,6,0,"",""
ball,1,6.3,Australia,AJ Finch,BJ Haddin,T Panyangara,0,0,"",""
ball,1,6.4,Australia,AJ Finch,BJ Haddin,T Panyangara,6,0,"",""
ball,1,6.5,Australia,AJ Finch,BJ Haddin,T Panyangara,0,0,"",""
ball,1,6.6,Australia,AJ Finch,BJ Haddin,T Panyangara,0,1,"",""
ball,1,6.7,Australia,AJ Finch,BJ Haddin,T Panyangara,0,0,"",""
ball,1,7.1,Australia,BJ Haddin,AJ Finch,J Nyumbu,0,0,"",""
ball,1,7.2,Australia,BJ Haddin,AJ Finch,J Nyumbu,0,0,"",""
ball,1,7.3,Australia,BJ Haddin,AJ Finch,J Nyumbu,0,0,"",""
ball,1,7.4,Australia,BJ Haddin,AJ Finch,J Nyumbu,1,0,"",""
ball,1,7.5,Australia,AJ Finch,BJ Haddin,J Nyumbu,0,0,"",""
ball,1,7.6,Australia,AJ Finch,BJ Haddin,J Nyumbu,0,0,"",""
ball,1,8.1,Australia,BJ Haddin,AJ Finch,SC Williams,1,0,"",""
ball,1,8.2,Australia,AJ Finch,BJ Haddin,SC Williams,0,2,"",""
ball,1,8.3,Australia,BJ Haddin,AJ Finch,SC Williams,0,0,"",""
ball,1,8.4,Australia,BJ Haddin,AJ Finch,SC Williams,0,0,"",""
ball,1,8.5,Australia,BJ Haddin,AJ Finch,SC Williams,1,0,"",""
ball,1,8.6,Australia,AJ Finch,BJ Haddin,SC Williams,4,0,"",""
ball,1,8.7,Australia,AJ Finch,BJ Haddin,SC Williams,1,0,"",""
ball,1,9.1,Australia,AJ Finch,BJ Haddin,J Nyumbu,0,0,"",""
ball,1,9.2,Australia,AJ Finch,BJ Haddin,J Nyumbu,0,0,"",""
ball,1,9.3,Australia,AJ Finch,BJ Haddin,J Nyumbu,0,0,"",""
ball,1,9.4,Australia,AJ Finch,BJ Haddin,J Nyumbu,0,0,"",""
ball,1,9.5,Australia,AJ Finch,BJ Haddin,J Nyumbu,0,0,"",""
ball,1,9.6,Australia,AJ Finch,BJ Haddin,J Nyumbu,2,0,"",""
ball,1,10.1,Australia,BJ Haddin,AJ Finch,SC Williams,1,0,"",""
ball,1,10.2,Australia,AJ Finch,BJ Haddin,SC Williams,0,0,"",""
ball,1,10.3,Australia,AJ Finch,BJ Haddin,SC Williams,1,0,"",""
ball,1,10.4,Australia,BJ Haddin,AJ Finch,SC Williams,0,0,"",""
ball,1,10.5,Australia,BJ Haddin,AJ Finch,SC Williams,4,0,"",""
ball,1,10.6,Australia,BJ Haddin,AJ Finch,SC Williams,1,0,"",""
ball,1,11.1,Australia,BJ Haddin,AJ Finch,J Nyumbu,3,0,"",""
ball,1,11.2,Australia,AJ Finch,BJ Haddin,J Nyumbu,0,0,"",""
ball,1,11.3,Australia,AJ Finch,BJ Haddin,J Nyumbu,6,0,"",""
ball,1,11.4,Australia,AJ Finch,BJ Haddin,J Nyumbu,0,0,"",""
ball,1,11.5,Australia,AJ Finch,BJ Haddin,J Nyumbu,1,0,"",""
ball,1,11.6,Australia,BJ Haddin,AJ Finch,J Nyumbu,0,0,"",""
ball,1,12.1,Australia,AJ Finch,BJ Haddin,SC Williams,1,0,"",""
ball,1,12.2,Australia,BJ Haddin,AJ Finch,SC Williams,3,0,"",""
ball,1,12.3,Australia,AJ Finch,BJ Haddin,SC Williams,0,0,"",""
ball,1,12.4,Australia,AJ Finch,BJ Haddin,SC Williams,0,0,"",""
ball,1,12.5,Australia,AJ Finch,BJ Haddin,SC Williams,0,1,"",""
ball,1,12.6,Australia,BJ Haddin,AJ Finch,SC Williams,1,0,"",""
ball,1,13.1,Australia,BJ Haddin,AJ Finch,J Nyumbu,6,0,"",""
ball,1,13.2,Australia,BJ Haddin,AJ Finch,J Nyumbu,1,0,"",""
ball,1,13.3,Australia,AJ Finch,BJ Haddin,J Nyumbu,1,0,"",""
ball,1,13.4,Australia,BJ Haddin,AJ Finch,J Nyumbu,1,0,"",""
ball,1,13.5,Australia,AJ Finch,BJ Haddin,J Nyumbu,1,0,"",""
ball,1,13.6,Australia,BJ Haddin,AJ Finch,J Nyumbu,0,0,"",""
ball,1,14.1,Australia,AJ Finch,BJ Haddin,E Chigumbura,0,0,"",""
ball,1,14.2,Australia,AJ Finch,BJ Haddin,E Chigumbura,0,0,"",""
ball,1,14.3,Australia,AJ Finch,BJ Haddin,E Chigumbura,1,0,"",""
ball,1,14.4,Australia,BJ Haddin,AJ Finch,E Chigumbura,0,0,"",""
ball,1,14.5,Australia,BJ Haddin,AJ Finch,E Chigumbura,0,0,"",""
ball,1,14.6,Australia,BJ Haddin,AJ Finch,E Chigumbura,0,0,"",""
ball,1,15.1,Australia,AJ Finch,BJ Haddin,P Utseya,0,0,"",""
ball,1,15.2,Australia,AJ Finch,BJ Haddin,P Utseya,0,0,"",""
ball,1,15.3,Australia,AJ Finch,BJ Haddin,P Utseya,0,0,"",""
ball,1,15.4,Australia,AJ Finch,BJ Haddin,P Utseya,4,0,"",""
ball,1,15.5,Australia,AJ Finch,BJ Haddin,P Utseya,0,0,"",""
ball,1,15.6,Australia,AJ Finch,BJ Haddin,P Utseya,0,0,"",""
ball,1,16.1,Australia,BJ Haddin,AJ Finch,E Chigumbura,0,0,"",""
ball,1,16.2,Australia,BJ Haddin,AJ Finch,E Chigumbura,4,0,"",""
ball,1,16.3,Australia,BJ Haddin,AJ Finch,E Chigumbura,0,0,"",""
ball,1,16.4,Australia,BJ Haddin,AJ Finch,E Chigumbura,1,0,"",""
ball,1,16.5,Australia,AJ Finch,BJ Haddin,E Chigumbura,0,0,"",""
ball,1,16.6,Australia,AJ Finch,BJ Haddin,E Chigumbura,0,0,"",""
ball,1,17.1,Australia,BJ Haddin,AJ Finch,P Utseya,0,0,"",""
ball,1,17.2,Australia,BJ Haddin,AJ Finch,P Utseya,0,0,"",""
ball,1,17.3,Australia,BJ Haddin,AJ Finch,P Utseya,0,0,"",""
ball,1,17.4,Australia,BJ Haddin,AJ Finch,P Utseya,2,0,"",""
ball,1,17.5,Australia,BJ Haddin,AJ Finch,P Utseya,0,0,"",""
ball,1,17.6,Australia,BJ Haddin,AJ Finch,P Utseya,1,0,"",""
ball,1,18.1,Australia,BJ Haddin,AJ Finch,E Chigumbura,0,0,"",""
ball,1,18.2,Australia,BJ Haddin,AJ Finch,E Chigumbura,6,0,"",""
ball,1,18.3,Australia,BJ Haddin,AJ Finch,E Chigumbura,0,0,bowled,BJ Haddin
ball,1,18.4,Australia,MR Marsh,AJ Finch,E Chigumbura,0,0,"",""
ball,1,18.5,Australia,MR Marsh,AJ Finch,E Chigumbura,0,0,"",""
ball,1,18.6,Australia,MR Marsh,AJ Finch,E Chigumbura,3,0,"",""
ball,1,19.1,Australia,MR Marsh,AJ Finch,P Utseya,0,0,"",""
ball,1,19.2,Australia,MR Marsh,AJ Finch,P Utseya,0,0,"",""
ball,1,19.3,Australia,MR Marsh,AJ Finch,P Utseya,0,0,"",""
ball,1,19.4,Australia,MR Marsh,AJ Finch,P Utseya,0,0,"",""
ball,1,19.5,Australia,MR Marsh,AJ Finch,P Utseya,0,0,"",""
ball,1,19.6,Australia,MR Marsh,AJ Finch,P Utseya,0,0,"",""
ball,1,20.1,Australia,AJ Finch,MR Marsh,E Chigumbura,1,0,"",""
ball,1,20.2,Australia,MR Marsh,AJ Finch,E Chigumbura,0,0,"",""
ball,1,20.3,Australia,MR Marsh,AJ Finch,E Chigumbura,0,0,"",""
ball,1,20.4,Australia,MR Marsh,AJ Finch,E Chigumbura,0,0,"",""
ball,1,20.5,Australia,MR Marsh,AJ Finch,E Chigumbura,0,0,"",""
ball,1,20.6,Australia,MR Marsh,AJ Finch,E Chigumbura,1,0,"",""
ball,1,21.1,Australia,MR Marsh,AJ Finch,P Utseya,0,0,"",""
ball,1,21.2,Australia,MR Marsh,AJ Finch,P Utseya,0,1,"",""
ball,1,21.3,Australia,MR Marsh,AJ Finch,P Utseya,0,0,"",""
ball,1,21.4,Australia,MR Marsh,AJ Finch,P Utseya,0,0,"",""
ball,1,21.5,Australia,MR Marsh,AJ Finch,P Utseya,0,0,"",""
ball,1,21.6,Australia,MR Marsh,AJ Finch,P Utseya,1,0,"",""
ball,1,21.7,Australia,AJ Finch,MR Marsh,P Utseya,0,0,"",""
ball,1,22.1,Australia,MR Marsh,AJ Finch,E Chigumbura,4,0,"",""
ball,1,22.2,Australia,MR Marsh,AJ Finch,E Chigumbura,0,0,"",""
ball,1,22.3,Australia,MR Marsh,AJ Finch,E Chigumbura,1,0,"",""
ball,1,22.4,Australia,AJ Finch,MR Marsh,E Chigumbura,0,0,"",""
ball,1,22.5,Australia,AJ Finch,MR Marsh,E Chigumbura,2,0,"",""
ball,1,22.6,Australia,AJ Finch,MR Marsh,E Chigumbura,1,0,"",""
ball,1,23.1,Australia,AJ Finch,MR Marsh,P Utseya,1,0,"",""
ball,1,23.2,Australia,MR Marsh,AJ Finch,P Utseya,1,0,"",""
ball,1,23.3,Australia,AJ Finch,MR Marsh,P Utseya,0,0,"",""
ball,1,23.4,Australia,AJ Finch,MR Marsh,P Utseya,0,0,"",""
ball,1,23.5,Australia,AJ Finch,MR Marsh,P Utseya,1,0,"",""
ball,1,23.6,Australia,MR Marsh,AJ Finch,P Utseya,0,0,"",""
ball,1,24.1,Australia,AJ Finch,MR Marsh,TL Chatara,0,0,"",""
ball,1,24.2,Australia,AJ Finch,MR Marsh,TL Chatara,1,0,"",""
ball,1,24.3,Australia,MR Marsh,AJ Finch,TL Chatara,0,0,"",""
ball,1,24.4,Australia,MR Marsh,AJ Finch,TL Chatara,0,0,"",""
ball,1,24.5,Australia,MR Marsh,AJ Finch,TL Chatara,0,0,"",""
ball,1,24.6,Australia,MR Marsh,AJ Finch,TL Chatara,0,0,"",""
ball,1,25.1,Australia,AJ Finch,MR Marsh,P Utseya,0,0,"",""
ball,1,25.2,Australia,AJ Finch,MR Marsh,P Utseya,0,0,"",""
ball,1,25.3,Australia,AJ Finch,MR Marsh,P Utseya,1,0,"",""
ball,1,25.4,Australia,MR Marsh,AJ Finch,P Utseya,1,0,"",""
ball,1,25.5,Australia,AJ Finch,MR Marsh,P Utseya,1,0,"",""
ball,1,25.6,Australia,MR Marsh,AJ Finch,P Utseya,1,0,"",""
ball,1,26.1,Australia,MR Marsh,AJ Finch,TL Chatara,0,0,"",""
ball,1,26.2,Australia,MR Marsh,AJ Finch,TL Chatara,2,0,"",""
ball,1,26.3,Australia,MR Marsh,AJ Finch,TL Chatara,4,0,"",""
ball,1,26.4,Australia,MR Marsh,AJ Finch,TL Chatara,0,0,"",""
ball,1,26.5,Australia,MR Marsh,AJ Finch,TL Chatara,1,0,"",""
ball,1,26.6,Australia,AJ Finch,MR Marsh,TL Chatara,1,0,"",""
ball,1,27.1,Australia,AJ Finch,MR Marsh,P Utseya,0,0,"",""
ball,1,27.2,Australia,AJ Finch,MR Marsh,P Utseya,2,0,"",""
ball,1,27.3,Australia,AJ Finch,MR Marsh,P Utseya,1,0,"",""
ball,1,27.4,Australia,MR Marsh,AJ Finch,P Utseya,4,0,"",""
ball,1,27.5,Australia,MR Marsh,AJ Finch,P Utseya,0,0,"",""
ball,1,27.6,Australia,MR Marsh,AJ Finch,P Utseya,1,0,"",""
ball,1,28.1,Australia,MR Marsh,AJ Finch,SC Williams,1,0,"",""
ball,1,28.2,Australia,AJ Finch,MR Marsh,SC Williams,0,0,"",""
ball,1,28.3,Australia,AJ Finch,MR Marsh,SC Williams,3,0,"",""
ball,1,28.4,Australia,MR Marsh,AJ Finch,SC Williams,0,0,"",""
ball,1,28.5,Australia,MR Marsh,AJ Finch,SC Williams,0,0,"",""
ball,1,28.6,Australia,MR Marsh,AJ Finch,SC Williams,0,0,"",""
ball,1,29.1,Australia,AJ Finch,MR Marsh,J Nyumbu,0,0,"",""
ball,1,29.2,Australia,AJ Finch,MR Marsh,J Nyumbu,4,0,"",""
ball,1,29.3,Australia,AJ Finch,MR Marsh,J Nyumbu,0,0,caught,AJ Finch
ball,1,29.4,Australia,GJ Bailey,MR Marsh,J Nyumbu,0,0,"",""
ball,1,29.5,Australia,GJ Bailey,MR Marsh,J Nyumbu,1,0,"",""
ball,1,29.6,Australia,MR Marsh,GJ Bailey,J Nyumbu,0,0,"",""
ball,1,30.1,Australia,GJ Bailey,MR Marsh,SC Williams,0,0,"",""
ball,1,30.2,Australia,GJ Bailey,MR Marsh,SC Williams,0,0,"",""
ball,1,30.3,Australia,GJ Bailey,MR Marsh,SC Williams,0,0,"",""
ball,1,30.4,Australia,GJ Bailey,MR Marsh,SC Williams,0,0,"",""
ball,1,30.5,Australia,GJ Bailey,MR Marsh,SC Williams,0,0,"",""
ball,1,30.6,Australia,GJ Bailey,MR Marsh,SC Williams,0,0,"",""
ball,1,31.1,Australia,MR Marsh,GJ Bailey,J Nyumbu,1,0,"",""
ball,1,31.2,Australia,GJ Bailey,MR Marsh,J Nyumbu,2,0,"",""
ball,1,31.3,Australia,GJ Bailey,MR Marsh,J Nyumbu,1,0,"",""
ball,1,31.4,Australia,MR Marsh,GJ Bailey,J Nyumbu,0,0,"",""
ball,1,31.5,Australia,MR Marsh,GJ Bailey,J Nyumbu,2,0,"",""
ball,1,31.6,Australia,MR Marsh,GJ Bailey,J Nyumbu,1,0,"",""
ball,1,32.1,Australia,MR Marsh,GJ Bailey,SC Williams,1,0,"",""
ball,1,32.2,Australia,GJ Bailey,MR Marsh,SC Williams,0,0,"",""
ball,1,32.3,Australia,GJ Bailey,MR Marsh,SC Williams,4,0,"",""
ball,1,32.4,Australia,GJ Bailey,MR Marsh,SC Williams,1,0,"",""
ball,1,32.5,Australia,MR Marsh,GJ Bailey,SC Williams,1,0,"",""
ball,1,32.6,Australia,GJ Bailey,MR Marsh,SC Williams,2,0,"",""
ball,1,33.1,Australia,MR Marsh,GJ Bailey,J Nyumbu,2,0,"",""
ball,1,33.2,Australia,MR Marsh,GJ Bailey,J Nyumbu,0,0,"",""
ball,1,33.3,Australia,MR Marsh,GJ Bailey,J Nyumbu,0,0,"",""
ball,1,33.4,Australia,MR Marsh,GJ Bailey,J Nyumbu,6,0,"",""
ball,1,33.5,Australia,MR Marsh,GJ Bailey,J Nyumbu,1,0,"",""
ball,1,33.6,Australia,GJ Bailey,MR Marsh,J Nyumbu,0,0,"",""
ball,1,34.1,Australia,MR Marsh,GJ Bailey,SC Williams,0,0,"",""
ball,1,34.2,Australia,MR Marsh,GJ Bailey,SC Williams,1,0,"",""
ball,1,34.3,Australia,GJ Bailey,MR Marsh,SC Williams,0,0,"",""
ball,1,34.4,Australia,GJ Bailey,MR Marsh,SC Williams,1,0,"",""
ball,1,34.5,Australia,MR Marsh,GJ Bailey,SC Williams,0,0,"",""
ball,1,34.6,Australia,MR Marsh,GJ Bailey,SC Williams,0,0,"",""
ball,1,35.1,Australia,GJ Bailey,MR Marsh,P Utseya,1,0,"",""
ball,1,35.2,Australia,MR Marsh,GJ Bailey,P Utseya,1,0,"",""
ball,1,35.3,Australia,GJ Bailey,MR Marsh,P Utseya,0,0,"",""
ball,1,35.4,Australia,GJ Bailey,MR Marsh,P Utseya,1,0,"",""
ball,1,35.5,Australia,MR Marsh,GJ Bailey,P Utseya,0,0,"",""
ball,1,35.6,Australia,MR Marsh,GJ Bailey,P Utseya,1,0,"",""
ball,1,36.1,Australia,MR Marsh,GJ Bailey,SC Williams,1,0,"",""
ball,1,36.2,Australia,GJ Bailey,MR Marsh,SC Williams,0,0,caught,GJ Bailey
ball,1,36.3,Australia,MR Marsh,GJ Maxwell,SC Williams,1,0,"",""
ball,1,36.4,Australia,GJ Maxwell,MR Marsh,SC Williams,2,0,"",""
ball,1,36.5,Australia,GJ Maxwell,MR Marsh,SC Williams,2,0,"",""
ball,1,36.6,Australia,GJ Maxwell,MR Marsh,SC Williams,0,0,"",""
ball,1,37.1,Australia,MR Marsh,GJ Maxwell,P Utseya,0,0,"",""
ball,1,37.2,Australia,MR Marsh,GJ Maxwell,P Utseya,1,0,"",""
ball,1,37.3,Australia,GJ Maxwell,MR Marsh,P Utseya,1,0,"",""
ball,1,37.4,Australia,MR Marsh,GJ Maxwell,P Utseya,1,0,"",""
ball,1,37.5,Australia,GJ Maxwell,MR Marsh,P Utseya,2,0,"",""
ball,1,37.6,Australia,GJ Maxwell,MR Marsh,P Utseya,1,0,"",""
ball,1,38.1,Australia,GJ Maxwell,MR Marsh,SC Williams,0,0,"",""
ball,1,38.2,Australia,GJ Maxwell,MR Marsh,SC Williams,2,0,"",""
ball,1,38.3,Australia,GJ Maxwell,MR Marsh,SC Williams,0,0,"",""
ball,1,38.4,Australia,GJ Maxwell,MR Marsh,SC Williams,0,0,"",""
ball,1,38.5,Australia,GJ Maxwell,MR Marsh,SC Williams,1,0,"",""
ball,1,38.6,Australia,MR Marsh,GJ Maxwell,SC Williams,1,0,"",""
ball,1,39.1,Australia,MR Marsh,GJ Maxwell,P Utseya,0,0,"",""
ball,1,39.2,Australia,MR Marsh,GJ Maxwell,P Utseya,1,0,"",""
ball,1,39.3,Australia,GJ Maxwell,MR Marsh,P Utseya,0,0,"",""
ball,1,39.4,Australia,GJ Maxwell,MR Marsh,P Utseya,6,0,"",""
ball,1,39.5,Australia,GJ Maxwell,MR Marsh,P Utseya,2,0,"",""
ball,1,39.6,Australia,GJ Maxwell,MR Marsh,P Utseya,1,0,"",""
ball,1,40.1,Australia,GJ Maxwell,MR Marsh,SC Williams,0,1,"",""
ball,1,40.2,Australia,MR Marsh,GJ Maxwell,SC Williams,6,0,"",""
ball,1,40.3,Australia,MR Marsh,GJ Maxwell,SC Williams,1,0,"",""
ball,1,40.4,Australia,GJ Maxwell,MR Marsh,SC Williams,6,0,"",""
ball,1,40.5,Australia,GJ Maxwell,MR Marsh,SC Williams,0,0,"",""
ball,1,40.6,Australia,GJ Maxwell,MR Marsh,SC Williams,0,0,"",""
ball,1,41.1,Australia,MR Marsh,GJ Maxwell,J Nyumbu,2,0,"",""
ball,1,41.2,Australia,MR Marsh,GJ Maxwell,J Nyumbu,6,0,"",""
ball,1,41.3,Australia,MR Marsh,GJ Maxwell,J Nyumbu,0,0,"",""
ball,1,41.4,Australia,MR Marsh,GJ Maxwell,J Nyumbu,4,0,"",""
ball,1,41.5,Australia,MR Marsh,GJ Maxwell,J Nyumbu,4,0,"",""
ball,1,41.6,Australia,MR Marsh,GJ Maxwell,J Nyumbu,4,0,"",""
ball,1,42.1,Australia,GJ Maxwell,MR Marsh,T Panyangara,4,0,"",""
ball,1,42.2,Australia,GJ Maxwell,MR Marsh,T Panyangara,4,0,"",""
ball,1,42.3,Australia,GJ Maxwell,MR Marsh,T Panyangara,0,0,"",""
ball,1,42.4,Australia,GJ Maxwell,MR Marsh,T Panyangara,6,0,"",""
ball,1,42.5,Australia,GJ Maxwell,MR Marsh,T Panyangara,4,0,"",""
ball,1,42.6,Australia,GJ Maxwell,MR Marsh,T Panyangara,1,0,"",""
ball,1,43.1,Australia,GJ Maxwell,MR Marsh,TL Chatara,1,0,"",""
ball,1,43.2,Australia,MR Marsh,GJ Maxwell,TL Chatara,4,0,"",""
ball,1,43.3,Australia,MR Marsh,GJ Maxwell,TL Chatara,0,0,"",""
ball,1,43.4,Australia,MR Marsh,GJ Maxwell,TL Chatara,1,0,"",""
ball,1,43.5,Australia,GJ Maxwell,MR Marsh,TL Chatara,0,0,"",""
ball,1,43.6,Australia,GJ Maxwell,MR Marsh,TL Chatara,4,0,"",""
ball,1,44.1,Australia,MR Marsh,GJ Maxwell,T Panyangara,1,0,"",""
ball,1,44.2,Australia,GJ Maxwell,MR Marsh,T Panyangara,4,0,"",""
ball,1,44.3,Australia,GJ Maxwell,MR Marsh,T Panyangara,2,0,"",""
ball,1,44.4,Australia,GJ Maxwell,MR Marsh,T Panyangara,4,0,"",""
ball,1,44.5,Australia,GJ Maxwell,MR Marsh,T Panyangara,0,0,"",""
ball,1,44.6,Australia,GJ Maxwell,MR Marsh,T Panyangara,4,0,"",""
ball,1,45.1,Australia,MR Marsh,GJ Maxwell,TL Chatara,6,0,"",""
ball,1,45.2,Australia,MR Marsh,GJ Maxwell,TL Chatara,0,0,caught,MR Marsh
ball,1,45.3,Australia,GJ Maxwell,SPD Smith,TL Chatara,2,0,"",""
ball,1,45.4,Australia,GJ Maxwell,SPD Smith,TL Chatara,4,0,"",""
ball,1,45.5,Australia,GJ Maxwell,SPD Smith,TL Chatara,0,0,"",""
ball,1,45.6,Australia,GJ Maxwell,SPD Smith,TL Chatara,2,0,"",""
ball,1,46.1,Australia,SPD Smith,GJ Maxwell,E Chigumbura,1,0,"",""
ball,1,46.2,Australia,GJ Maxwell,SPD Smith,E Chigumbura,0,0,"",""
ball,1,46.3,Australia,GJ Maxwell,SPD Smith,E Chigumbura,2,0,"",""
ball,1,46.4,Australia,GJ Maxwell,SPD Smith,E Chigumbura,0,0,run out,SPD Smith
ball,1,46.5,Australia,GJ Maxwell,JP Faulkner,E Chigumbura,4,0,"",""
ball,1,46.6,Australia,GJ Maxwell,JP Faulkner,E Chigumbura,1,0,"",""
ball,1,47.1,Australia,GJ Maxwell,JP Faulkner,TL Chatara,2,0,"",""
ball,1,47.2,Australia,GJ Maxwell,JP Faulkner,TL Chatara,6,0,"",""
ball,1,47.3,Australia,GJ Maxwell,JP Faulkner,TL Chatara,6,0,"",""
ball,1,47.4,Australia,GJ Maxwell,JP Faulkner,TL Chatara,0,0,caught,GJ Maxwell
ball,1,47.5,Australia,JP Faulkner,MG Johnson,TL Chatara,0,1,"",""
ball,1,47.6,Australia,JP Faulkner,MG Johnson,TL Chatara,1,0,"",""
ball,1,47.7,Australia,MG Johnson,JP Faulkner,TL Chatara,1,0,"",""
ball,1,48.1,Australia,MG Johnson,JP Faulkner,T Panyangara,1,0,"",""
ball,1,48.2,Australia,JP Faulkner,MG Johnson,T Panyangara,0,1,"",""
ball,1,48.3,Australia,MG Johnson,JP Faulkner,T Panyangara,2,0,"",""
ball,1,48.4,Australia,MG Johnson,JP Faulkner,T Panyangara,0,1,"",""
ball,1,48.5,Australia,MG Johnson,JP Faulkner,T Panyangara,6,0,"",""
ball,1,48.6,Australia,MG Johnson,JP Faulkner,T Panyangara,0,0,"",""
ball,1,48.7,Australia,MG Johnson,JP Faulkner,T Panyangara,2,0,"",""
ball,1,49.1,Australia,JP Faulkner,MG Johnson,TL Chatara,0,1,"",""
ball,1,49.2,Australia,JP Faulkner,MG Johnson,TL Chatara,0,1,"",""
ball,1,49.3,Australia,JP Faulkner,MG Johnson,TL Chatara,0,1,"",""
ball,1,49.4,Australia,MG Johnson,JP Faulkner,TL Chatara,4,0,"",""
ball,1,49.5,Australia,MG Johnson,JP Faulkner,TL Chatara,0,1,"",""
ball,1,49.6,Australia,MG Johnson,JP Faulkner,TL Chatara,0,0,"",""
ball,1,49.7,Australia,MG Johnson,JP Faulkner,TL Chatara,4,0,"",""
ball,1,49.8,Australia,MG Johnson,JP Faulkner,TL Chatara,0,1,"",""
ball,1,49.9,Australia,JP Faulkner,MG Johnson,TL Chatara,4,0,"",""
ball,2,0.1,Zimbabwe,TMK Mawoyo,Sikandar Raza,MG Johnson,0,0,"",""
ball,2,0.2,Zimbabwe,TMK Mawoyo,Sikandar Raza,MG Johnson,0,0,"",""
ball,2,0.3,Zimbabwe,TMK Mawoyo,Sikandar Raza,MG Johnson,0,0,"",""
ball,2,0.4,Zimbabwe,TMK Mawoyo,Sikandar Raza,MG Johnson,1,0,"",""
ball,2,0.5,Zimbabwe,Sikandar Raza,TMK Mawoyo,MG Johnson,0,0,"",""
ball,2,0.6,Zimbabwe,Sikandar Raza,TMK Mawoyo,MG Johnson,0,0,"",""
ball,2,1.1,Zimbabwe,TMK Mawoyo,Sikandar Raza,MA Starc,0,0,"",""
ball,2,1.2,Zimbabwe,TMK Mawoyo,Sikandar Raza,MA Starc,0,0,lbw,TMK Mawoyo
ball,2,1.3,Zimbabwe,H Masakadza,Sikandar Raza,MA Starc,0,0,"",""
ball,2,1.4,Zimbabwe,H Masakadza,Sikandar Raza,MA Starc,0,0,"",""
ball,2,1.5,Zimbabwe,H Masakadza,Sikandar Raza,MA Starc,0,0,"",""
ball,2,1.6,Zimbabwe,H Masakadza,Sikandar Raza,MA Starc,0,0,"",""
ball,2,2.1,Zimbabwe,Sikandar Raza,H Masakadza,MG Johnson,0,0,"",""
ball,2,2.2,Zimbabwe,Sikandar Raza,H Masakadza,MG Johnson,0,0,"",""
ball,2,2.3,Zimbabwe,Sikandar Raza,H Masakadza,MG Johnson,0,0,"",""
ball,2,2.4,Zimbabwe,Sikandar Raza,H Masakadza,MG Johnson,0,0,"",""
ball,2,2.5,Zimbabwe,Sikandar Raza,H Masakadza,MG Johnson,0,0,"",""
ball,2,2.6,Zimbabwe,Sikandar Raza,H Masakadza,MG Johnson,0,0,"",""
ball,2,3.1,Zimbabwe,H Masakadza,Sikandar Raza,MA Starc,0,0,"",""
ball,2,3.2,Zimbabwe,H Masakadza,Sikandar Raza,MA Starc,1,0,"",""
ball,2,3.3,Zimbabwe,Sikandar Raza,H Masakadza,MA Starc,1,0,"",""
ball,2,3.4,Zimbabwe,H Masakadza,Sikandar Raza,MA Starc,0,0,"",""
ball,2,3.5,Zimbabwe,H Masakadza,Sikandar Raza,MA Starc,6,0,"",""
ball,2,3.6,Zimbabwe,H Masakadza,Sikandar Raza,MA Starc,2,0,"",""
ball,2,4.1,Zimbabwe,Sikandar Raza,H Masakadza,MG Johnson,0,0,"",""
ball,2,4.2,Zimbabwe,Sikandar Raza,H Masakadza,MG Johnson,0,0,"",""
ball,2,4.3,Zimbabwe,Sikandar Raza,H Masakadza,MG Johnson,0,0,"",""
ball,2,4.4,Zimbabwe,Sikandar Raza,H Masakadza,MG Johnson,0,0,"",""
ball,2,4.5,Zimbabwe,Sikandar Raza,H Masakadza,MG Johnson,0,0,"",""
ball,2,4.6,Zimbabwe,Sikandar Raza,H Masakadza,MG Johnson,0,0,"",""
ball,2,5.1,Zimbabwe,H Masakadza,Sikandar Raza,KW Richardson,0,0,"",""
ball,2,5.2,Zimbabwe,H Masakadza,Sikandar Raza,KW Richardson,0,0,"",""
ball,2,5.3,Zimbabwe,H Masakadza,Sikandar Raza,KW Richardson,0,0,"",""
ball,2,5.4,Zimbabwe,H Masakadza,Sikandar Raza,KW Richardson,0,0,"",""
ball,2,5.5,Zimbabwe,H Masakadza,Sikandar Raza,KW Richardson,0,0,"",""
ball,2,5.6,Zimbabwe,H Masakadza,Sikandar Raza,KW Richardson,0,0,"",""
ball,2,6.1,Zimbabwe,Sikandar Raza,H Masakadza,MA Starc,0,0,"",""
ball,2,6.2,Zimbabwe,Sikandar Raza,H Masakadza,MA Starc,0,0,"",""
ball,2,6.3,Zimbabwe,Sikandar Raza,H Masakadza,MA Starc,0,0,"",""
ball,2,6.4,Zimbabwe,Sikandar Raza,H Masakadza,MA Starc,0,1,"",""
ball,2,6.5,Zimbabwe,Sikandar Raza,H Masakadza,MA Starc,0,1,"",""
ball,2,6.6,Zimbabwe,Sikandar Raza,H Masakadza,MA Starc,0,0,"",""
ball,2,6.7,Zimbabwe,Sikandar Raza,H Masakadza,MA Starc,0,0,"",""
ball,2,6.8,Zimbabwe,Sikandar Raza,H Masakadza,MA Starc,0,0,"",""
ball,2,7.1,Zimbabwe,H Masakadza,Sikandar Raza,KW Richardson,4,0,"",""
ball,2,7.2,Zimbabwe,H Masakadza,Sikandar Raza,KW Richardson,0,0,"",""
ball,2,7.3,Zimbabwe,H Masakadza,Sikandar Raza,KW Richardson,1,0,"",""
ball,2,7.4,Zimbabwe,Sikandar Raza,H Masakadza,KW Richardson,0,0,"",""
ball,2,7.5,Zimbabwe,Sikandar Raza,H Masakadza,KW Richardson,4,0,"",""
ball,2,7.6,Zimbabwe,Sikandar Raza,H Masakadza,KW Richardson,4,0,"",""
ball,2,8.1,Zimbabwe,H Masakadza,Sikandar Raza,MA Starc,0,0,"",""
ball,2,8.2,Zimbabwe,H Masakadza,Sikandar Raza,MA Starc,1,0,"",""
ball,2,8.3,Zimbabwe,Sikandar Raza,H Masakadza,MA Starc,4,0,"",""
ball,2,8.4,Zimbabwe,Sikandar Raza,H Masakadza,MA Starc,0,0,"",""
ball,2,8.5,Zimbabwe,Sikandar Raza,H Masakadza,MA Starc,1,0,"",""
ball,2,8.6,Zimbabwe,H Masakadza,Sikandar Raza,MA Starc,0,0,"",""
ball,2,9.1,Zimbabwe,Sikandar Raza,H Masakadza,KW Richardson,4,0,"",""
ball,2,9.2,Zimbabwe,Sikandar Raza,H Masakadza,KW Richardson,0,0,"",""
ball,2,9.3,Zimbabwe,Sikandar Raza,H Masakadza,KW Richardson,0,0,"",""
ball,2,9.4,Zimbabwe,Sikandar Raza,H Masakadza,KW Richardson,1,0,"",""
ball,2,9.5,Zimbabwe,H Masakadza,Sikandar Raza,KW Richardson,0,0,"",""
ball,2,9.6,Zimbabwe,H Masakadza,Sikandar Raza,KW Richardson,1,0,"",""
ball,2,10.1,Zimbabwe,H Masakadza,Sikandar Raza,MR Marsh,0,0,"",""
ball,2,10.2,Zimbabwe,H Masakadza,Sikandar Raza,MR Marsh,4,0,"",""
ball,2,10.3,Zimbabwe,H Masakadza,Sikandar Raza,MR Marsh,0,0,"",""
ball,2,10.4,Zimbabwe,H Masakadza,Sikandar Raza,MR Marsh,0,0,"",""
ball,2,10.5,Zimbabwe,H Masakadza,Sikandar Raza,MR Marsh,2,0,"",""
ball,2,10.6,Zimbabwe,H Masakadza,Sikandar Raza,MR Marsh,0,0,"",""
ball,2,11.1,Zimbabwe,Sikandar Raza,H Masakadza,NM Lyon,3,0,"",""
ball,2,11.2,Zimbabwe,H Masakadza,Sikandar Raza,NM Lyon,0,0,"",""
ball,2,11.3,Zimbabwe,H Masakadza,Sikandar Raza,NM Lyon,1,0,"",""
ball,2,11.4,Zimbabwe,Sikandar Raza,H Masakadza,NM Lyon,1,0,"",""
ball,2,11.5,Zimbabwe,H Masakadza,Sikandar Raza,NM Lyon,1,0,"",""
ball,2,11.6,Zimbabwe,Sikandar Raza,H Masakadza,NM Lyon,4,0,"",""
ball,2,12.1,Zimbabwe,H Masakadza,Sikandar Raza,MR Marsh,0,0,"",""
ball,2,12.2,Zimbabwe,H Masakadza,Sikandar Raza,MR Marsh,1,0,"",""
ball,2,12.3,Zimbabwe,Sikandar Raza,H Masakadza,MR Marsh,0,0,"",""
ball,2,12.4,Zimbabwe,Sikandar Raza,H Masakadza,MR Marsh,1,0,"",""
ball,2,12.5,Zimbabwe,H Masakadza,Sikandar Raza,MR Marsh,0,0,"",""
ball,2,12.6,Zimbabwe,H Masakadza,Sikandar Raza,MR Marsh,0,1,"",""
ball,2,13.1,Zimbabwe,H Masakadza,Sikandar Raza,NM Lyon,1,0,"",""
ball,2,13.2,Zimbabwe,Sikandar Raza,H Masakadza,NM Lyon,4,0,"",""
ball,2,13.3,Zimbabwe,Sikandar Raza,H Masakadza,NM Lyon,1,0,"",""
ball,2,13.4,Zimbabwe,H Masakadza,Sikandar Raza,NM Lyon,1,0,"",""
ball,2,13.5,Zimbabwe,Sikandar Raza,H Masakadza,NM Lyon,0,0,"",""
ball,2,13.6,Zimbabwe,Sikandar Raza,H Masakadza,NM Lyon,0,0,caught,Sikandar Raza
ball,2,14.1,Zimbabwe,H Masakadza,BRM Taylor,MR Marsh,0,0,"",""
ball,2,14.2,Zimbabwe,H Masakadza,BRM Taylor,MR Marsh,2,0,"",""
ball,2,14.3,Zimbabwe,H Masakadza,BRM Taylor,MR Marsh,1,0,"",""
ball,2,14.4,Zimbabwe,BRM Taylor,H Masakadza,MR Marsh,0,0,"",""
ball,2,14.5,Zimbabwe,BRM Taylor,H Masakadza,MR Marsh,0,0,"",""
ball,2,14.6,Zimbabwe,BRM Taylor,H Masakadza,MR Marsh,0,0,"",""
ball,2,15.1,Zimbabwe,H Masakadza,BRM Taylor,NM Lyon,0,0,"",""
ball,2,15.2,Zimbabwe,H Masakadza,BRM Taylor,NM Lyon,0,0,"",""
ball,2,15.3,Zimbabwe,H Masakadza,BRM Taylor,NM Lyon,1,0,"",""
ball,2,15.4,Zimbabwe,BRM Taylor,H Masakadza,NM Lyon,4,0,"",""
ball,2,15.5,Zimbabwe,BRM Taylor,H Masakadza,NM Lyon,0,0,"",""
ball,2,15.6,Zimbabwe,BRM Taylor,H Masakadza,NM Lyon,4,0,"",""
ball,2,16.1,Zimbabwe,H Masakadza,BRM Taylor,MG Johnson,0,0,"",""
ball,2,16.2,Zimbabwe,H Masakadza,BRM Taylor,MG Johnson,0,0,"",""
ball,2,16.3,Zimbabwe,H Masakadza,BRM Taylor,MG Johnson,0,0,"",""
ball,2,16.4,Zimbabwe,H Masakadza,BRM Taylor,MG Johnson,0,0,"",""
ball,2,16.5,Zimbabwe,H Masakadza,BRM Taylor,MG Johnson,4,0,"",""
ball,2,16.6,Zimbabwe,H Masakadza,BRM Taylor,MG Johnson,0,0,"",""
ball,2,17.1,Zimbabwe,BRM Taylor,H Masakadza,JP Faulkner,0,0,"",""
ball,2,17.2,Zimbabwe,BRM Taylor,H Masakadza,JP Faulkner,0,0,"",""
ball,2,17.3,Zimbabwe,BRM Taylor,H Masakadza,JP Faulkner,0,0,"",""
ball,2,17.4,Zimbabwe,BRM Taylor,H Masakadza,JP Faulkner,2,0,"",""
ball,2,17.5,Zimbabwe,BRM Taylor,H Masakadza,JP Faulkner,0,0,"",""
ball,2,17.6,Zimbabwe,BRM Taylor,H Masakadza,JP Faulkner,0,0,"",""
ball,2,18.1,Zimbabwe,H Masakadza,BRM Taylor,MG Johnson,1,0,"",""
ball,2,18.2,Zimbabwe,BRM Taylor,H Masakadza,MG Johnson,0,0,"",""
ball,2,18.3,Zimbabwe,BRM Taylor,H Masakadza,MG Johnson,0,0,caught,BRM Taylor
ball,2,18.4,Zimbabwe,E Chigumbura,H Masakadza,MG Johnson,0,0,"",""
ball,2,18.5,Zimbabwe,E Chigumbura,H Masakadza,MG Johnson,0,0,"",""
ball,2,18.6,Zimbabwe,E Chigumbura,H Masakadza,MG Johnson,0,0,"",""
ball,2,19.1,Zimbabwe,H Masakadza,E Chigumbura,JP Faulkner,0,0,"",""
ball,2,19.2,Zimbabwe,H Masakadza,E Chigumbura,JP Faulkner,0,0,"",""
ball,2,19.3,Zimbabwe,H Masakadza,E Chigumbura,JP Faulkner,0,0,"",""
ball,2,19.4,Zimbabwe,H Masakadza,E Chigumbura,JP Faulkner,1,0,"",""
ball,2,19.5,Zimbabwe,E Chigumbura,H Masakadza,JP Faulkner,0,0,"",""
ball,2,19.6,Zimbabwe,E Chigumbura,H Masakadza,JP Faulkner,0,0,"",""
ball,2,20.1,Zimbabwe,H Masakadza,E Chigumbura,MG Johnson,1,0,"",""
ball,2,20.2,Zimbabwe,E Chigumbura,H Masakadza,MG Johnson,0,0,"",""
ball,2,20.3,Zimbabwe,E Chigumbura,H Masakadza,MG Johnson,0,0,"",""
ball,2,20.4,Zimbabwe,E Chigumbura,H Masakadza,MG Johnson,0,0,"",""
ball,2,20.5,Zimbabwe,E Chigumbura,H Masakadza,MG Johnson,0,0,"",""
ball,2,20.6,Zimbabwe,E Chigumbura,H Masakadza,MG Johnson,0,1,"",""
ball,2,21.1,Zimbabwe,E Chigumbura,H Masakadza,JP Faulkner,0,0,caught,E Chigumbura
ball,2,21.2,Zimbabwe,H Masakadza,SC Williams,JP Faulkner,1,0,"",""
ball,2,21.3,Zimbabwe,SC Williams,H Masakadza,JP Faulkner,0,0,"",""
ball,2,21.4,Zimbabwe,SC Williams,H Masakadza,JP Faulkner,0,0,"",""
ball,2,21.5,Zimbabwe,SC Williams,H Masakadza,JP Faulkner,1,0,"",""
ball,2,21.6,Zimbabwe,H Masakadza,SC Williams,JP Faulkner,0,0,"",""
ball,2,22.1,Zimbabwe,SC Williams,H Masakadza,MR Marsh,0,0,caught,SC Williams
ball,2,22.2,Zimbabwe,R Mutumbami,H Masakadza,MR Marsh,0,0,"",""
ball,2,22.3,Zimbabwe,R Mutumbami,H Masakadza,MR Marsh,1,0,"",""
ball,2,22.4,Zimbabwe,H Masakadza,R Mutumbami,MR Marsh,0,0,"",""
ball,2,22.5,Zimbabwe,H Masakadza,R Mutumbami,MR Marsh,0,0,"",""
ball,2,22.6,Zimbabwe,H Masakadza,R Mutumbami,MR Marsh,0,0,"",""
ball,2,23.1,Zimbabwe,R Mutumbami,H Masakadza,NM Lyon,0,0,"",""
ball,2,23.2,Zimbabwe,R Mutumbami,H Masakadza,NM Lyon,0,0,"",""
ball,2,23.3,Zimbabwe,R Mutumbami,H Masakadza,NM Lyon,1,0,"",""
ball,2,23.4,Zimbabwe,H Masakadza,R Mutumbami,NM Lyon,4,0,"",""
ball,2,23.5,Zimbabwe,H Masakadza,R Mutumbami,NM Lyon,1,0,"",""
ball,2,23.6,Zimbabwe,R Mutumbami,H Masakadza,NM Lyon,4,0,"",""
ball,2,24.1,Zimbabwe,H Masakadza,R Mutumbami,MR Marsh,0,0,"",""
ball,2,24.2,Zimbabwe,H Masakadza,R Mutumbami,MR Marsh,0,0,"",""
ball,2,24.3,Zimbabwe,H Masakadza,R Mutumbami,MR Marsh,2,0,"",""
ball,2,24.4,Zimbabwe,H Masakadza,R Mutumbami,MR Marsh,0,0,"",""
ball,2,24.5,Zimbabwe,H Masakadza,R Mutumbami,MR Marsh,1,0,"",""
ball,2,24.6,Zimbabwe,R Mutumbami,H Masakadza,MR Marsh,0,0,"",""
ball,2,25.1,Zimbabwe,H Masakadza,R Mutumbami,NM Lyon,0,0,"",""
ball,2,25.2,Zimbabwe,H Masakadza,R Mutumbami,NM Lyon,0,0,"",""
ball,2,25.3,Zimbabwe,H Masakadza,R Mutumbami,NM Lyon,1,0,"",""
ball,2,25.4,Zimbabwe,R Mutumbami,H Masakadza,NM Lyon,0,0,"",""
ball,2,25.5,Zimbabwe,R Mutumbami,H Masakadza,NM Lyon,0,0,"",""
ball,2,25.6,Zimbabwe,R Mutumbami,H Masakadza,NM Lyon,1,0,"",""
ball,2,26.1,Zimbabwe,R Mutumbami,H Masakadza,KW Richardson,0,0,"",""
ball,2,26.2,Zimbabwe,R Mutumbami,H Masakadza,KW Richardson,0,0,"",""
ball,2,26.3,Zimbabwe,R Mutumbami,H Masakadza,KW Richardson,0,0,"",""
ball,2,26.4,Zimbabwe,R Mutumbami,H Masakadza,KW Richardson,0,0,"",""
ball,2,26.5,Zimbabwe,R Mutumbami,H Masakadza,KW Richardson,0,0,"",""
ball,2,26.6,Zimbabwe,R Mutumbami,H Masakadza,KW Richardson,0,0,"",""
ball,2,27.1,Zimbabwe,H Masakadza,R Mutumbami,NM Lyon,0,0,"",""
ball,2,27.2,Zimbabwe,H Masakadza,R Mutumbami,NM Lyon,1,0,"",""
ball,2,27.3,Zimbabwe,R Mutumbami,H Masakadza,NM Lyon,1,0,"",""
ball,2,27.4,Zimbabwe,H Masakadza,R Mutumbami,NM Lyon,0,0,"",""
ball,2,27.5,Zimbabwe,H Masakadza,R Mutumbami,NM Lyon,1,0,"",""
ball,2,27.6,Zimbabwe,R Mutumbami,H Masakadza,NM Lyon,1,0,"",""
ball,2,28.1,Zimbabwe,R Mutumbami,H Masakadza,KW Richardson,0,1,"",""
ball,2,28.2,Zimbabwe,R Mutumbami,H Masakadza,KW Richardson,1,0,"",""
ball,2,28.3,Zimbabwe,H Masakadza,R Mutumbami,KW Richardson,4,0,"",""
ball,2,28.4,Zimbabwe,H Masakadza,R Mutumbami,KW Richardson,0,0,"",""
ball,2,28.5,Zimbabwe,H Masakadza,R Mutumbami,KW Richardson,0,0,"",""
ball,2,28.6,Zimbabwe,H Masakadza,R Mutumbami,KW Richardson,0,2,"",""
ball,2,28.7,Zimbabwe,R Mutumbami,H Masakadza,KW Richardson,0,0,"",""
ball,2,28.8,Zimbabwe,R Mutumbami,H Masakadza,KW Richardson,1,0,"",""
ball,2,29.1,Zimbabwe,R Mutumbami,H Masakadza,NM Lyon,0,0,"",""
ball,2,29.2,Zimbabwe,R Mutumbami,H Masakadza,NM Lyon,0,0,"",""
ball,2,29.3,Zimbabwe,R Mutumbami,H Masakadza,NM Lyon,0,0,lbw,R Mutumbami
ball,2,29.4,Zimbabwe,P Utseya,H Masakadza,NM Lyon,0,0,"",""
ball,2,29.5,Zimbabwe,P Utseya,H Masakadza,NM Lyon,0,0,"",""
ball,2,29.6,Zimbabwe,P Utseya,H Masakadza,NM Lyon,0,0,"",""
ball,2,30.1,Zimbabwe,H Masakadza,P Utseya,JP Faulkner,0,0,"",""
ball,2,30.2,Zimbabwe,H Masakadza,P Utseya,JP Faulkner,0,0,"",""
ball,2,30.3,Zimbabwe,H Masakadza,P Utseya,JP Faulkner,1,0,"",""
ball,2,30.4,Zimbabwe,P Utseya,H Masakadza,JP Faulkner,1,0,"",""
ball,2,30.5,Zimbabwe,H Masakadza,P Utseya,JP Faulkner,1,0,"",""
ball,2,30.6,Zimbabwe,P Utseya,H Masakadza,JP Faulkner,0,0,"",""
ball,2,31.1,Zimbabwe,H Masakadza,P Utseya,SPD Smith,1,0,"",""
ball,2,31.2,Zimbabwe,P Utseya,H Masakadza,SPD Smith,0,0,"",""
ball,2,31.3,Zimbabwe,P Utseya,H Masakadza,SPD Smith,1,0,"",""
ball,2,31.4,Zimbabwe,H Masakadza,P Utseya,SPD Smith,1,0,"",""
ball,2,31.5,Zimbabwe,P Utseya,H Masakadza,SPD Smith,1,0,"",""
ball,2,31.6,Zimbabwe,H Masakadza,P Utseya,SPD Smith,2,0,"",""
ball,2,32.1,Zimbabwe,P Utseya,H Masakadza,JP Faulkner,1,0,"",""
ball,2,32.2,Zimbabwe,H Masakadza,P Utseya,JP Faulkner,4,0,"",""
ball,2,32.3,Zimbabwe,H Masakadza,P Utseya,JP Faulkner,1,0,"",""
ball,2,32.4,Zimbabwe,P Utseya,H Masakadza,JP Faulkner,0,0,"",""
ball,2,32.5,Zimbabwe,P Utseya,H Masakadza,JP Faulkner,1,0,"",""
ball,2,32.6,Zimbabwe,H Masakadza,P Utseya,JP Faulkner,1,0,"",""
ball,2,33.1,Zimbabwe,H Masakadza,P Utseya,SPD Smith,2,0,"",""
ball,2,33.2,Zimbabwe,H Masakadza,P Utseya,SPD Smith,2,0,"",""
ball,2,33.3,Zimbabwe,H Masakadza,P Utseya,SPD Smith,0,0,stumped,H Masakadza
ball,2,33.4,Zimbabwe,T Panyangara,P Utseya,SPD Smith,0,0,"",""
ball,2,33.5,Zimbabwe,T Panyangara,P Utseya,SPD Smith,0,0,"",""
ball,2,33.6,Zimbabwe,T Panyangara,P Utseya,SPD Smith,0,0,"",""
ball,2,34.1,Zimbabwe,P Utseya,T Panyangara,JP Faulkner,1,0,"",""
ball,2,34.2,Zimbabwe,T Panyangara,P Utseya,JP Faulkner,0,0,"",""
ball,2,34.3,Zimbabwe,T Panyangara,P Utseya,JP Faulkner,1,0,"",""
ball,2,34.4,Zimbabwe,P Utseya,T Panyangara,JP Faulkner,0,0,"",""
ball,2,34.5,Zimbabwe,P Utseya,T Panyangara,JP Faulkner,1,0,"",""
ball,2,34.6,Zimbabwe,T Panyangara,P Utseya,JP Faulkner,0,0,"",""
ball,2,35.1,Zimbabwe,P Utseya,T Panyangara,SPD Smith,0,0,"",""
ball,2,35.2,Zimbabwe,P Utseya,T Panyangara,SPD Smith,0,0,"",""
ball,2,35.3,Zimbabwe,P Utseya,T Panyangara,SPD Smith,0,0,"",""
ball,2,35.4,Zimbabwe,P Utseya,T Panyangara,SPD Smith,0,0,"",""
ball,2,35.5,Zimbabwe,P Utseya,T Panyangara,SPD Smith,1,0,"",""
ball,2,35.6,Zimbabwe,T Panyangara,P Utseya,SPD Smith,0,0,"",""
ball,2,36.1,Zimbabwe,P Utseya,T Panyangara,MA Starc,0,0,"",""
ball,2,36.2,Zimbabwe,P Utseya,T Panyangara,MA Starc,0,0,"",""
ball,2,36.3,Zimbabwe,P Utseya,T Panyangara,MA Starc,0,1,"",""
ball,2,36.4,Zimbabwe,P Utseya,T Panyangara,MA Starc,0,0,"",""
ball,2,36.5,Zimbabwe,P Utseya,T Panyangara,MA Starc,1,0,"",""
ball,2,36.6,Zimbabwe,T Panyangara,P Utseya,MA Starc,0,0,"",""
ball,2,36.7,Zimbabwe,T Panyangara,P Utseya,MA Starc,0,0,bowled,T Panyangara
ball,2,37.1,Zimbabwe,P Utseya,J Nyumbu,SPD Smith,0,0,"",""
ball,2,37.2,Zimbabwe,P Utseya,J Nyumbu,SPD Smith,0,0,"",""
ball,2,37.3,Zimbabwe,P Utseya,J Nyumbu,SPD Smith,0,0,"",""
ball,2,37.4,Zimbabwe,P Utseya,J Nyumbu,SPD Smith,0,0,caught,P Utseya
ball,2,37.5,Zimbabwe,TL Chatara,J Nyumbu,SPD Smith,4,0,"",""
ball,2,37.6,Zimbabwe,TL Chatara,J Nyumbu,SPD Smith,1,0,"",""
ball,2,38.1,Zimbabwe,TL Chatara,J Nyumbu,MA Starc,0,0,"",""
ball,2,38.2,Zimbabwe,TL Chatara,J Nyumbu,MA Starc,0,0,"",""
ball,2,38.3,Zimbabwe,TL Chatara,J Nyumbu,MA Starc,1,0,"",""
ball,2,38.4,Zimbabwe,J Nyumbu,TL Chatara,MA Starc,0,0,"",""
ball,2,38.5,Zimbabwe,J Nyumbu,TL Chatara,MA Starc,0,1,"",""
ball,2,38.6,Zimbabwe,J Nyumbu,TL Chatara,MA Starc,0,0,"",""
ball,2,38.7,Zimbabwe,J Nyumbu,TL Chatara,MA Starc,1,0,"",""
ball,2,39.1,Zimbabwe,J Nyumbu,TL Chatara,SPD Smith,0,0,"",""
ball,2,39.2,Zimbabwe,J Nyumbu,TL Chatara,SPD Smith,0,0,"",""
ball,2,39.3,Zimbabwe,J Nyumbu,TL Chatara,SPD Smith,0,0,caught,J Nyumbu
