version,1.3.0
info,team,Sri Lanka
info,team,England
info,gender,male
info,season,2014/15
info,date,2014/12/16
info,series,England in Sri Lanka ODI Series
info,match_number,7
info,venue,R Premadasa Stadium
info,city,Colombo
info,toss_winner,Sri Lanka
info,toss_decision,bat
info,player_of_match,TM Dilshan
info,umpire,REJ Martinesz
info,umpire,RJ Tucker
info,reserve_umpire,RR Wimalasiri
info,tv_umpire,BNJ Oxenford
info,match_referee,DC Boon
info,winner,Sri Lanka
info,winner_runs,87
ball,1,0.1,Sri Lanka,DPMD Jayawardene,TM Dilshan,CR Woakes,4,0,"",""
ball,1,0.2,Sri Lanka,DPMD Jayawardene,TM Dilshan,CR Woakes,0,0,"",""
ball,1,0.3,Sri Lanka,DPMD Jayawardene,TM Dilshan,CR Woakes,0,0,"",""
ball,1,0.4,Sri Lanka,DPMD Jayawardene,TM Dilshan,CR Woakes,0,0,"",""
ball,1,0.5,Sri Lanka,DPMD Jayawardene,TM Dilshan,CR Woakes,2,0,"",""
ball,1,0.6,Sri Lanka,DPMD Jayawardene,TM Dilshan,CR Woakes,0,0,"",""
ball,1,1.1,Sri Lanka,TM Dilshan,DPMD Jayawardene,HF Gurney,1,0,"",""
ball,1,1.2,Sri Lanka,DPMD Jayawardene,TM Dilshan,HF Gurney,4,0,"",""
ball,1,1.3,Sri Lanka,DPMD Jayawardene,TM Dilshan,HF Gurney,0,0,"",""
ball,1,1.4,Sri Lanka,DPMD Jayawardene,TM Dilshan,HF Gurney,0,0,"",""
ball,1,1.5,Sri Lanka,DPMD Jayawardene,TM Dilshan,HF Gurney,0,0,"",""
ball,1,1.6,Sri Lanka,DPMD Jayawardene,TM Dilshan,HF Gurney,4,0,"",""
ball,1,2.1,Sri Lanka,TM Dilshan,DPMD Jayawardene,CR Woakes,0,0,"",""
ball,1,2.2,Sri Lanka,TM Dilshan,DPMD Jayawardene,CR Woakes,0,0,"",""
ball,1,2.3,Sri Lanka,TM Dilshan,DPMD Jayawardene,CR Woakes,0,0,"",""
ball,1,2.4,Sri Lanka,TM Dilshan,DPMD Jayawardene,CR Woakes,0,0,"",""
ball,1,2.5,Sri Lanka,TM Dilshan,DPMD Jayawardene,CR Woakes,4,0,"",""
ball,1,2.6,Sri Lanka,TM Dilshan,DPMD Jayawardene,CR Woakes,0,0,"",""
ball,1,3.1,Sri Lanka,DPMD Jayawardene,TM Dilshan,HF Gurney,2,0,"",""
ball,1,3.2,Sri Lanka,DPMD Jayawardene,TM Dilshan,HF Gurney,4,0,"",""
ball,1,3.3,Sri Lanka,DPMD Jayawardene,TM Dilshan,HF Gurney,1,0,"",""
ball,1,3.4,Sri Lanka,TM Dilshan,DPMD Jayawardene,HF Gurney,0,0,"",""
ball,1,3.5,Sri Lanka,TM Dilshan,DPMD Jayawardene,HF Gurney,1,0,"",""
ball,1,3.6,Sri Lanka,DPMD Jayawardene,TM Dilshan,HF Gurney,0,0,"",""
ball,1,4.1,Sri Lanka,TM Dilshan,DPMD Jayawardene,CR Woakes,1,0,"",""
ball,1,4.2,Sri Lanka,DPMD Jayawardene,TM Dilshan,CR Woakes,1,0,"",""
ball,1,4.3,Sri Lanka,TM Dilshan,DPMD Jayawardene,CR Woakes,0,0,"",""
ball,1,4.4,Sri Lanka,TM Dilshan,DPMD Jayawardene,CR Woakes,1,0,"",""
ball,1,4.5,Sri Lanka,DPMD Jayawardene,TM Dilshan,CR Woakes,4,0,"",""
ball,1,4.6,Sri Lanka,DPMD Jayawardene,TM Dilshan,CR Woakes,0,0,"",""
ball,1,5.1,Sri Lanka,TM Dilshan,DPMD Jayawardene,HF Gurney,0,0,"",""
ball,1,5.2,Sri Lanka,TM Dilshan,DPMD Jayawardene,HF Gurney,0,0,"",""
ball,1,5.3,Sri Lanka,TM Dilshan,DPMD Jayawardene,HF Gurney,4,0,"",""
ball,1,5.4,Sri Lanka,TM Dilshan,DPMD Jayawardene,HF Gurney,0,0,"",""
ball,1,5.5,Sri Lanka,TM Dilshan,DPMD Jayawardene,HF Gurney,0,0,"",""
ball,1,5.6,Sri Lanka,TM Dilshan,DPMD Jayawardene,HF Gurney,0,0,"",""
ball,1,6.1,Sri Lanka,DPMD Jayawardene,TM Dilshan,JC Tredwell,1,0,"",""
ball,1,6.2,Sri Lanka,TM Dilshan,DPMD Jayawardene,JC Tredwell,0,0,"",""
ball,1,6.3,Sri Lanka,TM Dilshan,DPMD Jayawardene,JC Tredwell,0,0,"",""
ball,1,6.4,Sri Lanka,TM Dilshan,DPMD Jayawardene,JC Tredwell,4,0,"",""
ball,1,6.5,Sri Lanka,TM Dilshan,DPMD Jayawardene,JC Tredwell,4,0,"",""
ball,1,6.6,Sri Lanka,TM Dilshan,DPMD Jayawardene,JC Tredwell,6,0,"",""
ball,1,7.1,Sri Lanka,DPMD Jayawardene,TM Dilshan,HF Gurney,0,0,"",""
ball,1,7.2,Sri Lanka,DPMD Jayawardene,TM Dilshan,HF Gurney,1,0,"",""
ball,1,7.3,Sri Lanka,TM Dilshan,DPMD Jayawardene,HF Gurney,0,0,"",""
ball,1,7.4,Sri Lanka,TM Dilshan,DPMD Jayawardene,HF Gurney,0,0,"",""
ball,1,7.5,Sri Lanka,TM Dilshan,DPMD Jayawardene,HF Gurney,0,1,"",""
ball,1,7.6,Sri Lanka,DPMD Jayawardene,TM Dilshan,HF Gurney,0,0,caught,DPMD Jayawardene
ball,1,8.1,Sri Lanka,TM Dilshan,KC Sangakkara,CR Woakes,1,0,"",""
ball,1,8.2,Sri Lanka,KC Sangakkara,TM Dilshan,CR Woakes,0,0,"",""
ball,1,8.3,Sri Lanka,KC Sangakkara,TM Dilshan,CR Woakes,1,0,"",""
ball,1,8.4,Sri Lanka,TM Dilshan,KC Sangakkara,CR Woakes,1,0,"",""
ball,1,8.5,Sri Lanka,KC Sangakkara,TM Dilshan,CR Woakes,0,0,"",""
ball,1,8.6,Sri Lanka,KC Sangakkara,TM Dilshan,CR Woakes,4,0,"",""
ball,1,9.1,Sri Lanka,TM Dilshan,KC Sangakkara,HF Gurney,0,0,"",""
ball,1,9.2,Sri Lanka,TM Dilshan,KC Sangakkara,HF Gurney,0,0,"",""
ball,1,9.3,Sri Lanka,TM Dilshan,KC Sangakkara,HF Gurney,0,0,"",""
ball,1,9.4,Sri Lanka,TM Dilshan,KC Sangakkara,HF Gurney,0,0,"",""
ball,1,9.5,Sri Lanka,TM Dilshan,KC Sangakkara,HF Gurney,4,0,"",""
ball,1,9.6,Sri Lanka,TM Dilshan,KC Sangakkara,HF Gurney,0,0,"",""
ball,1,10.1,Sri Lanka,KC Sangakkara,TM Dilshan,JE Root,0,0,"",""
ball,1,10.2,Sri Lanka,KC Sangakkara,TM Dilshan,JE Root,1,0,"",""
ball,1,10.3,Sri Lanka,TM Dilshan,KC Sangakkara,JE Root,0,0,"",""
ball,1,10.4,Sri Lanka,TM Dilshan,KC Sangakkara,JE Root,1,0,"",""
ball,1,10.5,Sri Lanka,KC Sangakkara,TM Dilshan,JE Root,1,0,"",""
ball,1,10.6,Sri Lanka,TM Dilshan,KC Sangakkara,JE Root,1,0,"",""
ball,1,11.1,Sri Lanka,TM Dilshan,KC Sangakkara,CJ Jordan,0,0,"",""
ball,1,11.2,Sri Lanka,TM Dilshan,KC Sangakkara,CJ Jordan,0,0,"",""
ball,1,11.3,Sri Lanka,TM Dilshan,KC Sangakkara,CJ Jordan,1,0,"",""
ball,1,11.4,Sri Lanka,KC Sangakkara,TM Dilshan,CJ Jordan,0,0,"",""
ball,1,11.5,Sri Lanka,KC Sangakkara,TM Dilshan,CJ Jordan,0,0,"",""
ball,1,11.6,Sri Lanka,KC Sangakkara,TM Dilshan,CJ Jordan,1,0,"",""
ball,1,12.1,Sri Lanka,KC Sangakkara,TM Dilshan,JE Root,1,0,"",""
ball,1,12.2,Sri Lanka,TM Dilshan,KC Sangakkara,JE Root,1,0,"",""
ball,1,12.3,Sri Lanka,KC Sangakkara,TM Dilshan,JE Root,0,0,"",""
ball,1,12.4,Sri Lanka,KC Sangakkara,TM Dilshan,JE Root,0,0,"",""
ball,1,12.5,Sri Lanka,KC Sangakkara,TM Dilshan,JE Root,0,0,"",""
ball,1,12.6,Sri Lanka,KC Sangakkara,TM Dilshan,JE Root,0,0,"",""
ball,1,13.1,Sri Lanka,TM Dilshan,KC Sangakkara,CJ Jordan,2,0,"",""
ball,1,13.2,Sri Lanka,TM Dilshan,KC Sangakkara,CJ Jordan,1,0,"",""
ball,1,13.3,Sri Lanka,KC Sangakkara,TM Dilshan,CJ Jordan,0,0,"",""
ball,1,13.4,Sri Lanka,KC Sangakkara,TM Dilshan,CJ Jordan,0,0,"",""
ball,1,13.5,Sri Lanka,KC Sangakkara,TM Dilshan,CJ Jordan,0,0,"",""
ball,1,13.6,Sri Lanka,KC Sangakkara,TM Dilshan,CJ Jordan,0,0,"",""
ball,1,14.1,Sri Lanka,TM Dilshan,KC Sangakkara,JE Root,0,1,"",""
ball,1,14.2,Sri Lanka,TM Dilshan,KC Sangakkara,JE Root,4,0,"",""
ball,1,14.3,Sri Lanka,TM Dilshan,KC Sangakkara,JE Root,0,0,"",""
ball,1,14.4,Sri Lanka,TM Dilshan,KC Sangakkara,JE Root,0,0,"",""
ball,1,14.5,Sri Lanka,TM Dilshan,KC Sangakkara,JE Root,0,0,"",""
ball,1,14.6,Sri Lanka,TM Dilshan,KC Sangakkara,JE Root,0,0,"",""
ball,1,14.7,Sri Lanka,TM Dilshan,KC Sangakkara,JE Root,0,0,"",""
ball,1,15.1,Sri Lanka,KC Sangakkara,TM Dilshan,CJ Jordan,0,0,"",""
ball,1,15.2,Sri Lanka,KC Sangakkara,TM Dilshan,CJ Jordan,4,0,"",""
ball,1,15.3,Sri Lanka,KC Sangakkara,TM Dilshan,CJ Jordan,2,0,"",""
ball,1,15.4,Sri Lanka,KC Sangakkara,TM Dilshan,CJ Jordan,1,0,"",""
ball,1,15.5,Sri Lanka,TM Dilshan,KC Sangakkara,CJ Jordan,0,0,"",""
ball,1,15.6,Sri Lanka,TM Dilshan,KC Sangakkara,CJ Jordan,0,0,"",""
ball,1,16.1,Sri Lanka,KC Sangakkara,TM Dilshan,JE Root,0,0,"",""
ball,1,16.2,Sri Lanka,KC Sangakkara,TM Dilshan,JE Root,1,0,"",""
ball,1,16.3,Sri Lanka,TM Dilshan,KC Sangakkara,JE Root,1,0,"",""
ball,1,16.4,Sri Lanka,KC Sangakkara,TM Dilshan,JE Root,1,0,"",""
ball,1,16.5,Sri Lanka,TM Dilshan,KC Sangakkara,JE Root,1,0,"",""
ball,1,16.6,Sri Lanka,KC Sangakkara,TM Dilshan,JE Root,1,0,"",""
ball,1,17.1,Sri Lanka,KC Sangakkara,TM Dilshan,MM Ali,1,0,"",""
ball,1,17.2,Sri Lanka,TM Dilshan,KC Sangakkara,MM Ali,1,0,"",""
ball,1,17.3,Sri Lanka,KC Sangakkara,TM Dilshan,MM Ali,0,0,"",""
ball,1,17.4,Sri Lanka,KC Sangakkara,TM Dilshan,MM Ali,1,0,"",""
ball,1,17.5,Sri Lanka,TM Dilshan,KC Sangakkara,MM Ali,0,0,"",""
ball,1,17.6,Sri Lanka,TM Dilshan,KC Sangakkara,MM Ali,1,0,"",""
ball,1,18.1,Sri Lanka,TM Dilshan,KC Sangakkara,JE Root,1,0,"",""
ball,1,18.2,Sri Lanka,KC Sangakkara,TM Dilshan,JE Root,1,0,"",""
ball,1,18.3,Sri Lanka,TM Dilshan,KC Sangakkara,JE Root,1,0,"",""
ball,1,18.4,Sri Lanka,KC Sangakkara,TM Dilshan,JE Root,0,0,"",""
ball,1,18.5,Sri Lanka,KC Sangakkara,TM Dilshan,JE Root,1,0,"",""
ball,1,18.6,Sri Lanka,TM Dilshan,KC Sangakkara,JE Root,2,0,"",""
ball,1,19.1,Sri Lanka,KC Sangakkara,TM Dilshan,MM Ali,0,0,"",""
ball,1,19.2,Sri Lanka,KC Sangakkara,TM Dilshan,MM Ali,1,0,"",""
ball,1,19.3,Sri Lanka,TM Dilshan,KC Sangakkara,MM Ali,0,0,"",""
ball,1,19.4,Sri Lanka,TM Dilshan,KC Sangakkara,MM Ali,0,0,"",""
ball,1,19.5,Sri Lanka,TM Dilshan,KC Sangakkara,MM Ali,0,0,"",""
ball,1,19.6,Sri Lanka,TM Dilshan,KC Sangakkara,MM Ali,0,0,"",""
ball,1,20.1,Sri Lanka,KC Sangakkara,TM Dilshan,JC Tredwell,0,0,"",""
ball,1,20.2,Sri Lanka,KC Sangakkara,TM Dilshan,JC Tredwell,0,0,"",""
ball,1,20.3,Sri Lanka,KC Sangakkara,TM Dilshan,JC Tredwell,1,0,"",""
ball,1,20.4,Sri Lanka,TM Dilshan,KC Sangakkara,JC Tredwell,1,0,"",""
ball,1,20.5,Sri Lanka,KC Sangakkara,TM Dilshan,JC Tredwell,1,0,"",""
ball,1,20.6,Sri Lanka,TM Dilshan,KC Sangakkara,JC Tredwell,1,0,"",""
ball,1,21.1,Sri Lanka,TM Dilshan,KC Sangakkara,MM Ali,0,0,"",""
ball,1,21.2,Sri Lanka,TM Dilshan,KC Sangakkara,MM Ali,1,0,"",""
ball,1,21.3,Sri Lanka,KC Sangakkara,TM Dilshan,MM Ali,0,0,"",""
ball,1,21.4,Sri Lanka,KC Sangakkara,TM Dilshan,MM Ali,0,0,"",""
ball,1,21.5,Sri Lanka,KC Sangakkara,TM Dilshan,MM Ali,1,0,"",""
ball,1,21.6,Sri Lanka,TM Dilshan,KC Sangakkara,MM Ali,0,0,"",""
ball,1,22.1,Sri Lanka,KC Sangakkara,TM Dilshan,JC Tredwell,0,0,"",""
ball,1,22.2,Sri Lanka,KC Sangakkara,TM Dilshan,JC Tredwell,4,0,"",""
ball,1,22.3,Sri Lanka,KC Sangakkara,TM Dilshan,JC Tredwell,0,0,"",""
ball,1,22.4,Sri Lanka,KC Sangakkara,TM Dilshan,JC Tredwell,1,0,"",""
ball,1,22.5,Sri Lanka,TM Dilshan,KC Sangakkara,JC Tredwell,2,0,"",""
ball,1,22.6,Sri Lanka,TM Dilshan,KC Sangakkara,JC Tredwell,0,0,"",""
ball,1,23.1,Sri Lanka,KC Sangakkara,TM Dilshan,MM Ali,1,0,"",""
ball,1,23.2,Sri Lanka,TM Dilshan,KC Sangakkara,MM Ali,1,0,"",""
ball,1,23.3,Sri Lanka,KC Sangakkara,TM Dilshan,MM Ali,0,0,"",""
ball,1,23.4,Sri Lanka,KC Sangakkara,TM Dilshan,MM Ali,0,0,"",""
ball,1,23.5,Sri Lanka,KC Sangakkara,TM Dilshan,MM Ali,0,0,caught,KC Sangakkara
ball,1,23.6,Sri Lanka,AD Mathews,TM Dilshan,MM Ali,0,0,"",""
ball,1,24.1,Sri Lanka,TM Dilshan,AD Mathews,JC Tredwell,0,0,"",""
ball,1,24.2,Sri Lanka,TM Dilshan,AD Mathews,JC Tredwell,1,0,"",""
ball,1,24.3,Sri Lanka,AD Mathews,TM Dilshan,JC Tredwell,0,0,"",""
ball,1,24.4,Sri Lanka,AD Mathews,TM Dilshan,JC Tredwell,1,0,"",""
ball,1,24.5,Sri Lanka,TM Dilshan,AD Mathews,JC Tredwell,1,0,"",""
ball,1,24.6,Sri Lanka,AD Mathews,TM Dilshan,JC Tredwell,0,0,"",""
ball,1,25.1,Sri Lanka,TM Dilshan,AD Mathews,MM Ali,0,0,"",""
ball,1,25.2,Sri Lanka,TM Dilshan,AD Mathews,MM Ali,1,0,"",""
ball,1,25.3,Sri Lanka,AD Mathews,TM Dilshan,MM Ali,0,0,"",""
ball,1,25.4,Sri Lanka,AD Mathews,TM Dilshan,MM Ali,1,0,"",""
ball,1,25.5,Sri Lanka,TM Dilshan,AD Mathews,MM Ali,1,0,"",""
ball,1,25.6,Sri Lanka,AD Mathews,TM Dilshan,MM Ali,1,0,"",""
ball,1,26.1,Sri Lanka,AD Mathews,TM Dilshan,JC Tredwell,0,0,"",""
ball,1,26.2,Sri Lanka,AD Mathews,TM Dilshan,JC Tredwell,0,0,"",""
ball,1,26.3,Sri Lanka,AD Mathews,TM Dilshan,JC Tredwell,1,0,"",""
ball,1,26.4,Sri Lanka,TM Dilshan,AD Mathews,JC Tredwell,4,0,"",""
ball,1,26.5,Sri Lanka,TM Dilshan,AD Mathews,JC Tredwell,0,0,"",""
ball,1,26.6,Sri Lanka,TM Dilshan,AD Mathews,JC Tredwell,0,0,"",""
ball,1,27.1,Sri Lanka,AD Mathews,TM Dilshan,MM Ali,0,0,"",""
ball,1,27.2,Sri Lanka,AD Mathews,TM Dilshan,MM Ali,1,0,"",""
ball,1,27.3,Sri Lanka,TM Dilshan,AD Mathews,MM Ali,0,0,"",""
ball,1,27.4,Sri Lanka,TM Dilshan,AD Mathews,MM Ali,0,0,"",""
ball,1,27.5,Sri Lanka,TM Dilshan,AD Mathews,MM Ali,0,0,"",""
ball,1,27.6,Sri Lanka,TM Dilshan,AD Mathews,MM Ali,2,0,"",""
ball,1,28.1,Sri Lanka,AD Mathews,TM Dilshan,CJ Jordan,0,0,"",""
ball,1,28.2,Sri Lanka,AD Mathews,TM Dilshan,CJ Jordan,3,0,"",""
ball,1,28.3,Sri Lanka,TM Dilshan,AD Mathews,CJ Jordan,1,0,"",""
ball,1,28.4,Sri Lanka,AD Mathews,TM Dilshan,CJ Jordan,1,0,"",""
ball,1,28.5,Sri Lanka,TM Dilshan,AD Mathews,CJ Jordan,0,0,"",""
ball,1,28.6,Sri Lanka,TM Dilshan,AD Mathews,CJ Jordan,0,0,"",""
ball,1,29.1,Sri Lanka,AD Mathews,TM Dilshan,MM Ali,0,0,"",""
ball,1,29.2,Sri Lanka,AD Mathews,TM Dilshan,MM Ali,4,0,"",""
ball,1,29.3,Sri Lanka,AD Mathews,TM Dilshan,MM Ali,2,0,"",""
ball,1,29.4,Sri Lanka,AD Mathews,TM Dilshan,MM Ali,0,0,"",""
ball,1,29.5,Sri Lanka,AD Mathews,TM Dilshan,MM Ali,0,0,"",""
ball,1,29.6,Sri Lanka,AD Mathews,TM Dilshan,MM Ali,1,0,"",""
ball,1,30.1,Sri Lanka,AD Mathews,TM Dilshan,CJ Jordan,1,0,"",""
ball,1,30.2,Sri Lanka,TM Dilshan,AD Mathews,CJ Jordan,1,0,"",""
ball,1,30.3,Sri Lanka,AD Mathews,TM Dilshan,CJ Jordan,1,0,"",""
ball,1,30.4,Sri Lanka,TM Dilshan,AD Mathews,CJ Jordan,1,0,"",""
ball,1,30.5,Sri Lanka,AD Mathews,TM Dilshan,CJ Jordan,1,0,"",""
ball,1,30.6,Sri Lanka,TM Dilshan,AD Mathews,CJ Jordan,0,1,"",""
ball,1,31.1,Sri Lanka,TM Dilshan,AD Mathews,MM Ali,1,0,"",""
ball,1,31.2,Sri Lanka,AD Mathews,TM Dilshan,MM Ali,0,0,"",""
ball,1,31.3,Sri Lanka,AD Mathews,TM Dilshan,MM Ali,1,0,"",""
ball,1,31.4,Sri Lanka,TM Dilshan,AD Mathews,MM Ali,0,0,"",""
ball,1,31.5,Sri Lanka,TM Dilshan,AD Mathews,MM Ali,1,0,"",""
ball,1,31.6,Sri Lanka,AD Mathews,TM Dilshan,MM Ali,0,0,bowled,AD Mathews
ball,1,32.1,Sri Lanka,TM Dilshan,LD Chandimal,CJ Jordan,1,0,"",""
ball,1,32.2,Sri Lanka,LD Chandimal,TM Dilshan,CJ Jordan,0,0,"",""
ball,1,32.3,Sri Lanka,LD Chandimal,TM Dilshan,CJ Jordan,2,0,"",""
ball,1,32.4,Sri Lanka,LD Chandimal,TM Dilshan,CJ Jordan,0,0,"",""
ball,1,32.5,Sri Lanka,LD Chandimal,TM Dilshan,CJ Jordan,0,0,"",""
ball,1,32.6,Sri Lanka,LD Chandimal,TM Dilshan,CJ Jordan,2,0,"",""
ball,1,33.1,Sri Lanka,TM Dilshan,LD Chandimal,MM Ali,0,0,"",""
ball,1,33.2,Sri Lanka,TM Dilshan,LD Chandimal,MM Ali,0,0,"",""
ball,1,33.3,Sri Lanka,TM Dilshan,LD Chandimal,MM Ali,1,0,"",""
ball,1,33.4,Sri Lanka,LD Chandimal,TM Dilshan,MM Ali,0,0,"",""
ball,1,33.5,Sri Lanka,LD Chandimal,TM Dilshan,MM Ali,2,0,"",""
ball,1,33.6,Sri Lanka,LD Chandimal,TM Dilshan,MM Ali,0,0,"",""
ball,1,34.1,Sri Lanka,TM Dilshan,LD Chandimal,JC Tredwell,1,0,"",""
ball,1,34.2,Sri Lanka,LD Chandimal,TM Dilshan,JC Tredwell,2,0,"",""
ball,1,34.3,Sri Lanka,LD Chandimal,TM Dilshan,JC Tredwell,1,0,"",""
ball,1,34.4,Sri Lanka,TM Dilshan,LD Chandimal,JC Tredwell,1,0,"",""
ball,1,34.5,Sri Lanka,LD Chandimal,TM Dilshan,JC Tredwell,1,0,"",""
ball,1,34.6,Sri Lanka,TM Dilshan,LD Chandimal,JC Tredwell,1,0,"",""
ball,1,35.1,Sri Lanka,TM Dilshan,LD Chandimal,CR Woakes,1,0,"",""
ball,1,35.2,Sri Lanka,LD Chandimal,TM Dilshan,CR Woakes,1,0,"",""
ball,1,35.3,Sri Lanka,TM Dilshan,LD Chandimal,CR Woakes,1,0,"",""
ball,1,35.4,Sri Lanka,LD Chandimal,TM Dilshan,CR Woakes,0,0,"",""
ball,1,35.5,Sri Lanka,LD Chandimal,TM Dilshan,CR Woakes,1,0,"",""
ball,1,35.6,Sri Lanka,TM Dilshan,LD Chandimal,CR Woakes,0,0,"",""
ball,1,36.1,Sri Lanka,LD Chandimal,TM Dilshan,HF Gurney,0,1,"",""
ball,1,36.2,Sri Lanka,LD Chandimal,TM Dilshan,HF Gurney,0,0,"",""
ball,1,36.3,Sri Lanka,LD Chandimal,TM Dilshan,HF Gurney,2,0,"",""
ball,1,36.4,Sri Lanka,LD Chandimal,TM Dilshan,HF Gurney,0,0,"",""
ball,1,36.5,Sri Lanka,LD Chandimal,TM Dilshan,HF Gurney,1,0,"",""
ball,1,36.6,Sri Lanka,TM Dilshan,LD Chandimal,HF Gurney,4,0,"",""
ball,1,36.7,Sri Lanka,TM Dilshan,LD Chandimal,HF Gurney,4,0,"",""
ball,1,37.1,Sri Lanka,LD Chandimal,TM Dilshan,CR Woakes,0,0,"",""
ball,1,37.2,Sri Lanka,LD Chandimal,TM Dilshan,CR Woakes,3,0,"",""
ball,1,37.3,Sri Lanka,TM Dilshan,LD Chandimal,CR Woakes,1,0,"",""
ball,1,37.4,Sri Lanka,LD Chandimal,TM Dilshan,CR Woakes,2,0,"",""
ball,1,37.5,Sri Lanka,LD Chandimal,TM Dilshan,CR Woakes,0,1,"",""
ball,1,37.6,Sri Lanka,LD Chandimal,TM Dilshan,CR Woakes,1,0,"",""
ball,1,37.7,Sri Lanka,TM Dilshan,LD Chandimal,CR Woakes,0,0,"",""
ball,1,38.1,Sri Lanka,LD Chandimal,TM Dilshan,CJ Jordan,4,0,"",""
ball,1,38.2,Sri Lanka,LD Chandimal,TM Dilshan,CJ Jordan,1,0,"",""
ball,1,38.3,Sri Lanka,TM Dilshan,LD Chandimal,CJ Jordan,1,0,"",""
ball,1,38.4,Sri Lanka,LD Chandimal,TM Dilshan,CJ Jordan,0,0,"",""
ball,1,38.5,Sri Lanka,LD Chandimal,TM Dilshan,CJ Jordan,0,1,"",""
ball,1,38.6,Sri Lanka,LD Chandimal,TM Dilshan,CJ Jordan,1,0,"",""
ball,1,38.7,Sri Lanka,TM Dilshan,LD Chandimal,CJ Jordan,0,0,"",""
ball,1,39.1,Sri Lanka,LD Chandimal,TM Dilshan,CR Woakes,0,0,"",""
ball,1,39.2,Sri Lanka,LD Chandimal,TM Dilshan,CR Woakes,1,0,"",""
ball,1,39.3,Sri Lanka,TM Dilshan,LD Chandimal,CR Woakes,2,0,"",""
ball,1,39.4,Sri Lanka,TM Dilshan,LD Chandimal,CR Woakes,1,0,"",""
ball,1,39.5,Sri Lanka,LD Chandimal,TM Dilshan,CR Woakes,1,0,"",""
ball,1,39.6,Sri Lanka,TM Dilshan,LD Chandimal,CR Woakes,1,0,"",""
ball,1,40.1,Sri Lanka,TM Dilshan,LD Chandimal,JC Tredwell,0,0,"",""
ball,1,40.2,Sri Lanka,TM Dilshan,LD Chandimal,JC Tredwell,1,0,"",""
ball,1,40.3,Sri Lanka,LD Chandimal,TM Dilshan,JC Tredwell,4,0,"",""
ball,1,40.4,Sri Lanka,LD Chandimal,TM Dilshan,JC Tredwell,2,0,"",""
ball,1,40.5,Sri Lanka,LD Chandimal,TM Dilshan,JC Tredwell,1,0,"",""
ball,1,40.6,Sri Lanka,TM Dilshan,LD Chandimal,JC Tredwell,1,0,"",""
ball,1,41.1,Sri Lanka,TM Dilshan,LD Chandimal,MM Ali,0,0,"",""
ball,1,41.2,Sri Lanka,TM Dilshan,LD Chandimal,MM Ali,1,0,"",""
ball,1,41.3,Sri Lanka,LD Chandimal,TM Dilshan,MM Ali,1,0,"",""
ball,1,41.4,Sri Lanka,TM Dilshan,LD Chandimal,MM Ali,1,0,"",""
ball,1,41.5,Sri Lanka,LD Chandimal,TM Dilshan,MM Ali,6,0,"",""
ball,1,41.6,Sri Lanka,LD Chandimal,TM Dilshan,MM Ali,1,0,"",""
ball,1,42.1,Sri Lanka,LD Chandimal,TM Dilshan,HF Gurney,1,0,"",""
ball,1,42.2,Sri Lanka,TM Dilshan,LD Chandimal,HF Gurney,0,0,"",""
ball,1,42.3,Sri Lanka,TM Dilshan,LD Chandimal,HF Gurney,1,0,"",""
ball,1,42.4,Sri Lanka,LD Chandimal,TM Dilshan,HF Gurney,2,0,"",""
ball,1,42.5,Sri Lanka,LD Chandimal,TM Dilshan,HF Gurney,1,0,"",""
ball,1,42.6,Sri Lanka,TM Dilshan,LD Chandimal,HF Gurney,1,0,"",""
ball,1,43.1,Sri Lanka,TM Dilshan,LD Chandimal,CJ Jordan,2,0,"",""
ball,1,43.2,Sri Lanka,TM Dilshan,LD Chandimal,CJ Jordan,0,0,"",""
ball,1,43.3,Sri Lanka,TM Dilshan,LD Chandimal,CJ Jordan,0,0,caught,TM Dilshan
ball,1,43.4,Sri Lanka,NLTC Perera,LD Chandimal,CJ Jordan,0,0,"",""
ball,1,43.5,Sri Lanka,NLTC Perera,LD Chandimal,CJ Jordan,1,0,"",""
ball,1,43.6,Sri Lanka,LD Chandimal,NLTC Perera,CJ Jordan,0,0,"",""
ball,1,44.1,Sri Lanka,NLTC Perera,LD Chandimal,HF Gurney,2,0,"",""
ball,1,44.2,Sri Lanka,NLTC Perera,LD Chandimal,HF Gurney,0,1,"",""
ball,1,44.3,Sri Lanka,NLTC Perera,LD Chandimal,HF Gurney,2,0,"",""
ball,1,44.4,Sri Lanka,NLTC Perera,LD Chandimal,HF Gurney,2,0,"",""
ball,1,44.5,Sri Lanka,NLTC Perera,LD Chandimal,HF Gurney,0,0,"",""
ball,1,44.6,Sri Lanka,NLTC Perera,LD Chandimal,HF Gurney,1,0,"",""
ball,1,44.7,Sri Lanka,LD Chandimal,NLTC Perera,HF Gurney,0,2,"",""
ball,1,45.1,Sri Lanka,NLTC Perera,LD Chandimal,CR Woakes,4,0,"",""
ball,1,45.2,Sri Lanka,NLTC Perera,LD Chandimal,CR Woakes,4,0,"",""
ball,1,45.3,Sri Lanka,NLTC Perera,LD Chandimal,CR Woakes,4,0,"",""
ball,1,45.4,Sri Lanka,NLTC Perera,LD Chandimal,CR Woakes,1,0,"",""
ball,1,45.5,Sri Lanka,LD Chandimal,NLTC Perera,CR Woakes,1,0,"",""
ball,1,45.6,Sri Lanka,NLTC Perera,LD Chandimal,CR Woakes,1,0,"",""
ball,1,46.1,Sri Lanka,NLTC Perera,LD Chandimal,CJ Jordan,1,0,"",""
ball,1,46.2,Sri Lanka,LD Chandimal,NLTC Perera,CJ Jordan,0,0,"",""
ball,1,46.3,Sri Lanka,LD Chandimal,NLTC Perera,CJ Jordan,1,0,"",""
ball,1,46.4,Sri Lanka,NLTC Perera,LD Chandimal,CJ Jordan,4,0,"",""
ball,1,46.5,Sri Lanka,NLTC Perera,LD Chandimal,CJ Jordan,4,0,"",""
ball,1,46.6,Sri Lanka,NLTC Perera,LD Chandimal,CJ Jordan,4,0,"",""
ball,1,47.1,Sri Lanka,LD Chandimal,NLTC Perera,CR Woakes,1,0,"",""
ball,1,47.2,Sri Lanka,NLTC Perera,LD Chandimal,CR Woakes,6,0,"",""
ball,1,47.3,Sri Lanka,NLTC Perera,LD Chandimal,CR Woakes,4,0,"",""
ball,1,47.4,Sri Lanka,NLTC Perera,LD Chandimal,CR Woakes,2,0,"",""
ball,1,47.5,Sri Lanka,NLTC Perera,LD Chandimal,CR Woakes,0,0,"",""
ball,1,47.6,Sri Lanka,NLTC Perera,LD Chandimal,CR Woakes,1,0,"",""
ball,1,48.1,Sri Lanka,NLTC Perera,LD Chandimal,HF Gurney,1,0,"",""
ball,1,48.2,Sri Lanka,LD Chandimal,NLTC Perera,HF Gurney,1,0,"",""
ball,1,48.3,Sri Lanka,NLTC Perera,LD Chandimal,HF Gurney,2,0,"",""
ball,1,48.4,Sri Lanka,NLTC Perera,LD Chandimal,HF Gurney,1,0,"",""
ball,1,48.5,Sri Lanka,LD Chandimal,NLTC Perera,HF Gurney,1,0,"",""
ball,1,48.6,Sri Lanka,NLTC Perera,LD Chandimal,HF Gurney,2,0,"",""
ball,1,49.1,Sri Lanka,LD Chandimal,NLTC Perera,CJ Jordan,0,1,"",""
ball,1,49.2,Sri Lanka,NLTC Perera,LD Chandimal,CJ Jordan,0,0,caught and bowled,NLTC Perera
ball,1,49.3,Sri Lanka,LD Chandimal,S Prasanna,CJ Jordan,0,0,run out,S Prasanna
ball,1,49.4,Sri Lanka,LD Chandimal,BMAJ Mendis,CJ Jordan,1,0,"",""
ball,1,49.5,Sri Lanka,BMAJ Mendis,LD Chandimal,CJ Jordan,1,0,"",""
ball,1,49.6,Sri Lanka,LD Chandimal,BMAJ Mendis,CJ Jordan,1,0,"",""
ball,2,0.1,England,AN Cook,MM Ali,MDK Perera,0,0,"",""
ball,2,0.2,England,AN Cook,MM Ali,MDK Perera,0,0,"",""
ball,2,0.3,England,AN Cook,MM Ali,MDK Perera,0,0,"",""
ball,2,0.4,England,AN Cook,MM Ali,MDK Perera,0,0,"",""
ball,2,0.5,England,AN Cook,MM Ali,MDK Perera,0,0,"",""
ball,2,0.6,England,AN Cook,MM Ali,MDK Perera,1,0,"",""
ball,2,1.1,England,AN Cook,MM Ali,TM Dilshan,1,0,"",""
ball,2,1.2,England,MM Ali,AN Cook,TM Dilshan,0,0,bowled,MM Ali
ball,2,1.3,England,AD Hales,AN Cook,TM Dilshan,0,0,"",""
ball,2,1.4,England,AD Hales,AN Cook,TM Dilshan,0,0,"",""
ball,2,1.5,England,AD Hales,AN Cook,TM Dilshan,2,0,"",""
ball,2,1.6,England,AD Hales,AN Cook,TM Dilshan,0,0,"",""
ball,2,2.1,England,AN Cook,AD Hales,MDK Perera,0,0,"",""
ball,2,2.2,England,AN Cook,AD Hales,MDK Perera,0,0,"",""
ball,2,2.3,England,AN Cook,AD Hales,MDK Perera,0,0,"",""
ball,2,2.4,England,AN Cook,AD Hales,MDK Perera,4,0,"",""
ball,2,2.5,England,AN Cook,AD Hales,MDK Perera,0,0,"",""
ball,2,2.6,England,AN Cook,AD Hales,MDK Perera,0,0,"",""
ball,2,3.1,England,AD Hales,AN Cook,TM Dilshan,0,0,"",""
ball,2,3.2,England,AD Hales,AN Cook,TM Dilshan,1,0,"",""
ball,2,3.3,England,AN Cook,AD Hales,TM Dilshan,0,0,"",""
ball,2,3.4,England,AN Cook,AD Hales,TM Dilshan,0,0,"",""
ball,2,3.5,England,AN Cook,AD Hales,TM Dilshan,0,0,"",""
ball,2,3.6,England,AN Cook,AD Hales,TM Dilshan,2,0,"",""
ball,2,4.1,England,AD Hales,AN Cook,MDK Perera,1,0,"",""
ball,2,4.2,England,AN Cook,AD Hales,MDK Perera,4,0,"",""
ball,2,4.3,England,AN Cook,AD Hales,MDK Perera,2,0,"",""
ball,2,4.4,England,AN Cook,AD Hales,MDK Perera,0,0,"",""
ball,2,4.5,England,AN Cook,AD Hales,MDK Perera,6,0,"",""
ball,2,4.6,England,AN Cook,AD Hales,MDK Perera,0,0,"",""
ball,2,5.1,England,AD Hales,AN Cook,TM Dilshan,2,0,"",""
ball,2,5.2,England,AD Hales,AN Cook,TM Dilshan,0,0,"",""
ball,2,5.3,England,AD Hales,AN Cook,TM Dilshan,1,0,"",""
ball,2,5.4,England,AN Cook,AD Hales,TM Dilshan,0,0,"",""
ball,2,5.5,England,AN Cook,AD Hales,TM Dilshan,0,0,"",""
ball,2,5.6,England,AN Cook,AD Hales,TM Dilshan,0,0,"",""
ball,2,6.1,England,AD Hales,AN Cook,RAS Lakmal,0,0,"",""
ball,2,6.2,England,AD Hales,AN Cook,RAS Lakmal,0,0,"",""
ball,2,6.3,England,AD Hales,AN Cook,RAS Lakmal,0,1,"",""
ball,2,6.4,England,AN Cook,AD Hales,RAS Lakmal,0,0,"",""
ball,2,6.5,England,AN Cook,AD Hales,RAS Lakmal,0,0,"",""
ball,2,6.6,England,AN Cook,AD Hales,RAS Lakmal,0,0,"",""
ball,2,7.1,England,AD Hales,AN Cook,TM Dilshan,0,0,"",""
ball,2,7.2,England,AD Hales,AN Cook,TM Dilshan,0,0,caught,AD Hales
ball,2,7.3,England,AN Cook,JE Root,TM Dilshan,1,0,"",""
ball,2,7.4,England,JE Root,AN Cook,TM Dilshan,1,0,"",""
ball,2,7.5,England,AN Cook,JE Root,TM Dilshan,0,0,"",""
ball,2,7.6,England,AN Cook,JE Root,TM Dilshan,0,0,"",""
ball,2,8.1,England,JE Root,AN Cook,RAS Lakmal,0,0,"",""
ball,2,8.2,England,JE Root,AN Cook,RAS Lakmal,1,0,"",""
ball,2,8.3,England,AN Cook,JE Root,RAS Lakmal,0,0,"",""
ball,2,8.4,England,AN Cook,JE Root,RAS Lakmal,0,0,"",""
ball,2,8.5,England,AN Cook,JE Root,RAS Lakmal,4,0,"",""
ball,2,8.6,England,AN Cook,JE Root,RAS Lakmal,0,0,"",""
ball,2,9.1,England,JE Root,AN Cook,TM Dilshan,1,0,"",""
ball,2,9.2,England,AN Cook,JE Root,TM Dilshan,1,0,"",""
ball,2,9.3,England,JE Root,AN Cook,TM Dilshan,0,0,"",""
ball,2,9.4,England,JE Root,AN Cook,TM Dilshan,1,0,"",""
ball,2,9.5,England,AN Cook,JE Root,TM Dilshan,1,0,"",""
ball,2,9.6,England,JE Root,AN Cook,TM Dilshan,2,0,"",""
ball,2,10.1,England,AN Cook,JE Root,RAS Lakmal,0,0,"",""
ball,2,10.2,England,AN Cook,JE Root,RAS Lakmal,0,0,"",""
ball,2,10.3,England,AN Cook,JE Root,RAS Lakmal,0,0,"",""
ball,2,10.4,England,AN Cook,JE Root,RAS Lakmal,0,0,"",""
ball,2,10.5,England,AN Cook,JE Root,RAS Lakmal,0,0,"",""
ball,2,10.6,England,AN Cook,JE Root,RAS Lakmal,1,0,"",""
ball,2,11.1,England,AN Cook,JE Root,TM Dilshan,0,0,"",""
ball,2,11.2,England,AN Cook,JE Root,TM Dilshan,1,0,"",""
ball,2,11.3,England,JE Root,AN Cook,TM Dilshan,1,0,"",""
ball,2,11.4,England,AN Cook,JE Root,TM Dilshan,1,0,"",""
ball,2,11.5,England,JE Root,AN Cook,TM Dilshan,1,0,"",""
ball,2,11.6,England,AN Cook,JE Root,TM Dilshan,1,0,"",""
ball,2,12.1,England,AN Cook,JE Root,RAS Lakmal,1,0,"",""
ball,2,12.2,England,JE Root,AN Cook,RAS Lakmal,2,0,"",""
ball,2,12.3,England,JE Root,AN Cook,RAS Lakmal,0,0,"",""
ball,2,12.4,England,JE Root,AN Cook,RAS Lakmal,0,0,"",""
ball,2,12.5,England,JE Root,AN Cook,RAS Lakmal,1,0,"",""
ball,2,12.6,England,AN Cook,JE Root,RAS Lakmal,0,0,caught,AN Cook
ball,2,13.1,England,JE Root,JWA Taylor,NLTC Perera,1,0,"",""
ball,2,13.2,England,JWA Taylor,JE Root,NLTC Perera,1,0,"",""
ball,2,13.3,England,JE Root,JWA Taylor,NLTC Perera,1,0,"",""
ball,2,13.4,England,JWA Taylor,JE Root,NLTC Perera,0,0,"",""
ball,2,13.5,England,JWA Taylor,JE Root,NLTC Perera,1,0,"",""
ball,2,13.6,England,JE Root,JWA Taylor,NLTC Perera,1,0,"",""
ball,2,14.1,England,JE Root,JWA Taylor,RAS Lakmal,1,0,"",""
ball,2,14.2,England,JWA Taylor,JE Root,RAS Lakmal,0,0,caught,JWA Taylor
ball,2,14.3,England,EJG Morgan,JE Root,RAS Lakmal,0,0,"",""
ball,2,14.4,England,EJG Morgan,JE Root,RAS Lakmal,0,0,"",""
ball,2,14.5,England,EJG Morgan,JE Root,RAS Lakmal,0,0,"",""
ball,2,14.6,England,EJG Morgan,JE Root,RAS Lakmal,0,0,"",""
ball,2,15.1,England,JE Root,EJG Morgan,NLTC Perera,0,0,"",""
ball,2,15.2,England,JE Root,EJG Morgan,NLTC Perera,0,0,"",""
ball,2,15.3,England,JE Root,EJG Morgan,NLTC Perera,4,0,"",""
ball,2,15.4,England,JE Root,EJG Morgan,NLTC Perera,0,0,"",""
ball,2,15.5,England,JE Root,EJG Morgan,NLTC Perera,4,0,"",""
ball,2,15.6,England,JE Root,EJG Morgan,NLTC Perera,1,0,"",""
ball,2,16.1,England,JE Root,EJG Morgan,RAS Lakmal,1,0,"",""
ball,2,16.2,England,EJG Morgan,JE Root,RAS Lakmal,0,0,"",""
ball,2,16.3,England,EJG Morgan,JE Root,RAS Lakmal,0,0,"",""
ball,2,16.4,England,EJG Morgan,JE Root,RAS Lakmal,0,0,"",""
ball,2,16.5,England,EJG Morgan,JE Root,RAS Lakmal,1,0,"",""
ball,2,16.6,England,JE Root,EJG Morgan,RAS Lakmal,2,0,"",""
ball,2,17.1,England,EJG Morgan,JE Root,TM Dilshan,0,0,"",""
ball,2,17.2,England,EJG Morgan,JE Root,TM Dilshan,1,0,"",""
ball,2,17.3,England,JE Root,EJG Morgan,TM Dilshan,1,0,"",""
ball,2,17.4,England,EJG Morgan,JE Root,TM Dilshan,1,0,"",""
ball,2,17.5,England,JE Root,EJG Morgan,TM Dilshan,0,0,"",""
ball,2,17.6,England,JE Root,EJG Morgan,TM Dilshan,0,0,"",""
ball,2,18.1,England,EJG Morgan,JE Root,AD Mathews,0,4,"",""
ball,2,18.2,England,EJG Morgan,JE Root,AD Mathews,1,0,"",""
ball,2,18.3,England,JE Root,EJG Morgan,AD Mathews,0,0,"",""
ball,2,18.4,England,JE Root,EJG Morgan,AD Mathews,0,0,"",""
ball,2,18.5,England,JE Root,EJG Morgan,AD Mathews,0,0,"",""
ball,2,18.6,England,JE Root,EJG Morgan,AD Mathews,0,0,"",""
ball,2,19.1,England,EJG Morgan,JE Root,TM Dilshan,0,0,lbw,EJG Morgan
ball,2,19.2,England,JC Buttler,JE Root,TM Dilshan,0,0,"",""
ball,2,19.3,England,JC Buttler,JE Root,TM Dilshan,1,0,"",""
ball,2,19.4,England,JE Root,JC Buttler,TM Dilshan,1,0,"",""
ball,2,19.5,England,JC Buttler,JE Root,TM Dilshan,0,0,"",""
ball,2,19.6,England,JC Buttler,JE Root,TM Dilshan,0,0,"",""
ball,2,20.1,England,JE Root,JC Buttler,AD Mathews,0,0,"",""
ball,2,20.2,England,JE Root,JC Buttler,AD Mathews,0,1,"",""
ball,2,20.3,England,JC Buttler,JE Root,AD Mathews,1,0,"",""
ball,2,20.4,England,JE Root,JC Buttler,AD Mathews,0,0,"",""
ball,2,20.5,England,JE Root,JC Buttler,AD Mathews,1,0,"",""
ball,2,20.6,England,JC Buttler,JE Root,AD Mathews,0,0,"",""
ball,2,21.1,England,JE Root,JC Buttler,TM Dilshan,0,0,"",""
ball,2,21.2,England,JE Root,JC Buttler,TM Dilshan,1,0,"",""
ball,2,21.3,England,JC Buttler,JE Root,TM Dilshan,0,0,"",""
ball,2,21.4,England,JC Buttler,JE Root,TM Dilshan,1,0,"",""
ball,2,21.5,England,JE Root,JC Buttler,TM Dilshan,0,1,"",""
ball,2,21.6,England,JE Root,JC Buttler,TM Dilshan,0,0,"",""
ball,2,21.7,England,JE Root,JC Buttler,TM Dilshan,1,0,"",""
ball,2,22.1,England,JE Root,JC Buttler,NLTC Perera,1,0,"",""
ball,2,22.2,England,JC Buttler,JE Root,NLTC Perera,1,0,"",""
ball,2,22.3,England,JE Root,JC Buttler,NLTC Perera,1,0,"",""
ball,2,22.4,England,JC Buttler,JE Root,NLTC Perera,0,0,"",""
ball,2,22.5,England,JC Buttler,JE Root,NLTC Perera,1,0,"",""
ball,2,22.6,England,JE Root,JC Buttler,NLTC Perera,4,0,"",""
ball,2,23.1,England,JC Buttler,JE Root,S Prasanna,1,0,"",""
ball,2,23.2,England,JE Root,JC Buttler,S Prasanna,0,0,"",""
ball,2,23.3,England,JE Root,JC Buttler,S Prasanna,0,0,"",""
ball,2,23.4,England,JE Root,JC Buttler,S Prasanna,1,0,"",""
ball,2,23.5,England,JC Buttler,JE Root,S Prasanna,0,1,"",""
ball,2,23.6,England,JC Buttler,JE Root,S Prasanna,1,0,"",""
ball,2,23.7,England,JE Root,JC Buttler,S Prasanna,0,0,"",""
ball,2,24.1,England,JC Buttler,JE Root,BMAJ Mendis,1,0,"",""
ball,2,24.2,England,JE Root,JC Buttler,BMAJ Mendis,0,0,"",""
ball,2,24.3,England,JE Root,JC Buttler,BMAJ Mendis,1,0,"",""
ball,2,24.4,England,JC Buttler,JE Root,BMAJ Mendis,0,0,"",""
ball,2,24.5,England,JC Buttler,JE Root,BMAJ Mendis,3,0,"",""
ball,2,24.6,England,JE Root,JC Buttler,BMAJ Mendis,1,0,"",""
ball,2,25.1,England,JE Root,JC Buttler,S Prasanna,1,0,"",""
ball,2,25.2,England,JC Buttler,JE Root,S Prasanna,1,0,"",""
ball,2,25.3,England,JE Root,JC Buttler,S Prasanna,2,0,"",""
ball,2,25.4,England,JE Root,JC Buttler,S Prasanna,0,0,"",""
ball,2,25.5,England,JE Root,JC Buttler,S Prasanna,1,0,"",""
ball,2,25.6,England,JC Buttler,JE Root,S Prasanna,1,0,"",""
ball,2,26.1,England,JC Buttler,JE Root,BMAJ Mendis,1,0,"",""
ball,2,26.2,England,JE Root,JC Buttler,BMAJ Mendis,1,0,"",""
ball,2,26.3,England,JC Buttler,JE Root,BMAJ Mendis,4,0,"",""
ball,2,26.4,England,JC Buttler,JE Root,BMAJ Mendis,4,0,"",""
ball,2,26.5,England,JC Buttler,JE Root,BMAJ Mendis,1,0,"",""
ball,2,26.6,England,JE Root,JC Buttler,BMAJ Mendis,1,0,"",""
ball,2,27.1,England,JE Root,JC Buttler,S Prasanna,2,0,"",""
ball,2,27.2,England,JE Root,JC Buttler,S Prasanna,1,0,"",""
ball,2,27.3,England,JC Buttler,JE Root,S Prasanna,0,0,caught,JC Buttler
ball,2,27.4,England,JE Root,CR Woakes,S Prasanna,0,0,"",""
ball,2,27.5,England,JE Root,CR Woakes,S Prasanna,1,0,"",""
ball,2,27.6,England,CR Woakes,JE Root,S Prasanna,1,0,"",""
ball,2,28.1,England,CR Woakes,JE Root,BMAJ Mendis,1,0,"",""
ball,2,28.2,England,JE Root,CR Woakes,BMAJ Mendis,0,0,"",""
ball,2,28.3,England,JE Root,CR Woakes,BMAJ Mendis,0,0,"",""
ball,2,28.4,England,JE Root,CR Woakes,BMAJ Mendis,0,0,"",""
ball,2,28.5,England,JE Root,CR Woakes,BMAJ Mendis,1,0,"",""
ball,2,28.6,England,CR Woakes,JE Root,BMAJ Mendis,1,0,"",""
ball,2,29.1,England,CR Woakes,JE Root,S Prasanna,3,0,"",""
ball,2,29.2,England,JE Root,CR Woakes,S Prasanna,0,0,"",""
ball,2,29.3,England,JE Root,CR Woakes,S Prasanna,1,0,"",""
ball,2,29.4,England,CR Woakes,JE Root,S Prasanna,0,0,"",""
ball,2,29.5,England,CR Woakes,JE Root,S Prasanna,1,0,"",""
ball,2,29.6,England,JE Root,CR Woakes,S Prasanna,1,0,"",""
ball,2,30.1,England,JE Root,CR Woakes,BMAJ Mendis,4,0,"",""
ball,2,30.2,England,JE Root,CR Woakes,BMAJ Mendis,1,0,"",""
ball,2,30.3,England,CR Woakes,JE Root,BMAJ Mendis,1,0,"",""
ball,2,30.4,England,JE Root,CR Woakes,BMAJ Mendis,1,0,"",""
ball,2,30.5,England,CR Woakes,JE Root,BMAJ Mendis,0,0,"",""
ball,2,30.6,England,CR Woakes,JE Root,BMAJ Mendis,0,0,"",""
ball,2,31.1,England,JE Root,CR Woakes,S Prasanna,1,0,"",""
ball,2,31.2,England,CR Woakes,JE Root,S Prasanna,1,0,"",""
ball,2,31.3,England,JE Root,CR Woakes,S Prasanna,1,0,"",""
ball,2,31.4,England,CR Woakes,JE Root,S Prasanna,4,0,"",""
ball,2,31.5,England,CR Woakes,JE Root,S Prasanna,0,0,"",""
ball,2,31.6,England,CR Woakes,JE Root,S Prasanna,0,0,"",""
ball,2,32.1,England,JE Root,CR Woakes,MDK Perera,1,0,"",""
ball,2,32.2,England,CR Woakes,JE Root,MDK Perera,1,0,"",""
ball,2,32.3,England,JE Root,CR Woakes,MDK Perera,0,0,"",""
ball,2,32.4,England,JE Root,CR Woakes,MDK Perera,0,0,"",""
ball,2,32.5,England,JE Root,CR Woakes,MDK Perera,1,0,"",""
ball,2,32.6,England,CR Woakes,JE Root,MDK Perera,1,0,"",""
ball,2,33.1,England,CR Woakes,JE Root,S Prasanna,0,0,"",""
ball,2,33.2,England,CR Woakes,JE Root,S Prasanna,1,0,"",""
ball,2,33.3,England,JE Root,CR Woakes,S Prasanna,1,0,"",""
ball,2,33.4,England,CR Woakes,JE Root,S Prasanna,1,0,"",""
ball,2,33.5,England,JE Root,CR Woakes,S Prasanna,0,0,"",""
ball,2,33.6,England,JE Root,CR Woakes,S Prasanna,1,0,"",""
ball,2,34.1,England,JE Root,CR Woakes,MDK Perera,0,0,"",""
ball,2,34.2,England,JE Root,CR Woakes,MDK Perera,0,0,"",""
ball,2,34.3,England,JE Root,CR Woakes,MDK Perera,1,0,"",""
ball,2,34.4,England,CR Woakes,JE Root,MDK Perera,0,0,"",""
ball,2,34.5,England,CR Woakes,JE Root,MDK Perera,2,0,"",""
ball,2,34.6,England,CR Woakes,JE Root,MDK Perera,1,0,"",""
ball,2,35.1,England,CR Woakes,JE Root,TM Dilshan,1,0,"",""
ball,2,35.2,England,JE Root,CR Woakes,TM Dilshan,1,0,"",""
ball,2,35.3,England,CR Woakes,JE Root,TM Dilshan,1,0,"",""
ball,2,35.4,England,JE Root,CR Woakes,TM Dilshan,1,0,"",""
ball,2,35.5,England,CR Woakes,JE Root,TM Dilshan,1,0,"",""
ball,2,35.6,England,JE Root,CR Woakes,TM Dilshan,1,0,"",""
ball,2,36.1,England,JE Root,CR Woakes,RAS Lakmal,2,0,"",""
ball,2,36.2,England,JE Root,CR Woakes,RAS Lakmal,1,0,"",""
ball,2,36.3,England,CR Woakes,JE Root,RAS Lakmal,1,0,"",""
ball,2,36.4,England,JE Root,CR Woakes,RAS Lakmal,0,0,"",""
ball,2,36.5,England,JE Root,CR Woakes,RAS Lakmal,0,1,"",""
ball,2,36.6,England,CR Woakes,JE Root,RAS Lakmal,0,0,"",""
ball,2,37.1,England,JE Root,CR Woakes,MDK Perera,1,0,"",""
ball,2,37.2,England,CR Woakes,JE Root,MDK Perera,0,0,"",""
ball,2,37.3,England,CR Woakes,JE Root,MDK Perera,4,0,"",""
ball,2,37.4,England,CR Woakes,JE Root,MDK Perera,1,0,"",""
ball,2,37.5,England,JE Root,CR Woakes,MDK Perera,0,0,"",""
ball,2,37.6,England,JE Root,CR Woakes,MDK Perera,0,0,"",""
ball,2,38.1,England,CR Woakes,JE Root,RAS Lakmal,0,0,"",""
ball,2,38.2,England,CR Woakes,JE Root,RAS Lakmal,0,0,"",""
ball,2,38.3,England,CR Woakes,JE Root,RAS Lakmal,0,0,"",""
ball,2,38.4,England,CR Woakes,JE Root,RAS Lakmal,1,0,"",""
ball,2,38.5,England,JE Root,CR Woakes,RAS Lakmal,4,0,"",""
ball,2,38.6,England,JE Root,CR Woakes,RAS Lakmal,1,0,"",""
ball,2,39.1,England,JE Root,CR Woakes,MDK Perera,0,0,"",""
ball,2,39.2,England,JE Root,CR Woakes,MDK Perera,1,0,"",""
ball,2,39.3,England,CR Woakes,JE Root,MDK Perera,2,0,"",""
ball,2,39.4,England,CR Woakes,JE Root,MDK Perera,0,0,"",""
ball,2,39.5,England,CR Woakes,JE Root,MDK Perera,0,1,"",""
ball,2,39.6,England,CR Woakes,JE Root,MDK Perera,2,0,"",""
ball,2,39.7,England,CR Woakes,JE Root,MDK Perera,0,0,bowled,CR Woakes
ball,2,40.1,England,JE Root,CJ Jordan,S Prasanna,0,0,"",""
ball,2,40.2,England,JE Root,CJ Jordan,S Prasanna,0,0,lbw,JE Root
ball,2,40.3,England,JC Tredwell,CJ Jordan,S Prasanna,0,0,"",""
ball,2,40.4,England,JC Tredwell,CJ Jordan,S Prasanna,0,0,"",""
ball,2,40.5,England,JC Tredwell,CJ Jordan,S Prasanna,1,0,"",""
ball,2,40.6,England,CJ Jordan,JC Tredwell,S Prasanna,0,0,lbw,CJ Jordan
ball,2,41.1,England,JC Tredwell,HF Gurney,MDK Perera,4,0,"",""
ball,2,41.2,England,JC Tredwell,HF Gurney,MDK Perera,0,0,"",""
ball,2,41.3,England,JC Tredwell,HF Gurney,MDK Perera,0,0,"",""
ball,2,41.4,England,JC Tredwell,HF Gurney,MDK Perera,0,0,"",""
ball,2,41.5,England,JC Tredwell,HF Gurney,MDK Perera,6,0,"",""
ball,2,41.6,England,JC Tredwell,HF Gurney,MDK Perera,0,0,"",""
ball,2,42.1,England,HF Gurney,JC Tredwell,S Prasanna,0,0,"",""
ball,2,42.2,England,HF Gurney,JC Tredwell,S Prasanna,1,0,"",""
ball,2,42.3,England,JC Tredwell,HF Gurney,S Prasanna,0,0,"",""
ball,2,42.4,England,JC Tredwell,HF Gurney,S Prasanna,1,0,"",""
ball,2,42.5,England,HF Gurney,JC Tredwell,S Prasanna,0,0,"",""
ball,2,42.6,England,HF Gurney,JC Tredwell,S Prasanna,0,0,"",""
ball,2,43.1,England,JC Tredwell,HF Gurney,DPMD Jayawardene,0,0,"",""
ball,2,43.2,England,JC Tredwell,HF Gurney,DPMD Jayawardene,1,0,"",""
ball,2,43.3,England,HF Gurney,JC Tredwell,DPMD Jayawardene,0,0,"",""
ball,2,43.4,England,HF Gurney,JC Tredwell,DPMD Jayawardene,1,0,"",""
ball,2,43.5,England,JC Tredwell,HF Gurney,DPMD Jayawardene,0,0,"",""
ball,2,43.6,England,JC Tredwell,HF Gurney,DPMD Jayawardene,1,0,"",""
ball,2,44.1,England,JC Tredwell,HF Gurney,MDK Perera,1,0,"",""
ball,2,44.2,England,HF Gurney,JC Tredwell,MDK Perera,1,0,"",""
ball,2,44.3,England,JC Tredwell,HF Gurney,MDK Perera,0,0,"",""
ball,2,44.4,England,JC Tredwell,HF Gurney,MDK Perera,0,0,"",""
ball,2,44.5,England,JC Tredwell,HF Gurney,MDK Perera,1,0,"",""
ball,2,44.6,England,HF Gurney,JC Tredwell,MDK Perera,2,0,"",""
ball,2,45.1,England,JC Tredwell,HF Gurney,DPMD Jayawardene,1,0,"",""
ball,2,45.2,England,HF Gurney,JC Tredwell,DPMD Jayawardene,0,0,"",""
ball,2,45.3,England,HF Gurney,JC Tredwell,DPMD Jayawardene,0,0,"",""
ball,2,45.4,England,HF Gurney,JC Tredwell,DPMD Jayawardene,1,0,"",""
ball,2,45.5,England,JC Tredwell,HF Gurney,DPMD Jayawardene,0,0,stumped,JC Tredwell
