version,1.3.0
info,team,England
info,team,India
info,gender,male
info,season,2014/15
info,date,2015/01/30
info,series,Carlton Mid One-Day International Tri-Series
info,match_number,6
info,venue,Western Australia Cricket Association Ground
info,city,Perth
info,neutralvenue,true
info,toss_winner,England
info,toss_decision,field
info,player_of_match,JWA Taylor
info,umpire,M Erasmus
info,umpire,JD Ward
info,reserve_umpire,GC Joshua
info,tv_umpire,SD Fry
info,match_referee,AJ Pycroft
info,winner,England
info,winner_wickets,3
ball,1,0.1,India,AM Rahane,S Dhawan,JM Anderson,0,0,"",""
ball,1,0.2,India,AM Rahane,S Dhawan,JM Anderson,0,0,"",""
ball,1,0.3,India,AM Rahane,S Dhawan,JM Anderson,0,0,"",""
ball,1,0.4,India,AM Rahane,S Dhawan,JM Anderson,0,0,"",""
ball,1,0.5,India,AM Rahane,S Dhawan,JM Anderson,0,0,"",""
ball,1,0.6,India,AM Rahane,S Dhawan,JM Anderson,1,0,"",""
ball,1,1.1,India,AM Rahane,S Dhawan,CR Woakes,1,0,"",""
ball,1,1.2,India,S Dhawan,AM Rahane,CR Woakes,0,0,"",""
ball,1,1.3,India,S Dhawan,AM Rahane,CR Woakes,0,0,"",""
ball,1,1.4,India,S Dhawan,AM Rahane,CR Woakes,0,0,"",""
ball,1,1.5,India,S Dhawan,AM Rahane,CR Woakes,1,0,"",""
ball,1,1.6,India,AM Rahane,S Dhawan,CR Woakes,0,0,"",""
ball,1,2.1,India,S Dhawan,AM Rahane,JM Anderson,0,0,"",""
ball,1,2.2,India,S Dhawan,AM Rahane,JM Anderson,0,0,"",""
ball,1,2.3,India,S Dhawan,AM Rahane,JM Anderson,0,0,"",""
ball,1,2.4,India,S Dhawan,AM Rahane,JM Anderson,1,0,"",""
ball,1,2.5,India,AM Rahane,S Dhawan,JM Anderson,0,0,"",""
ball,1,2.6,India,AM Rahane,S Dhawan,JM Anderson,0,0,"",""
ball,1,3.1,India,S Dhawan,AM Rahane,CR Woakes,1,0,"",""
ball,1,3.2,India,AM Rahane,S Dhawan,CR Woakes,1,0,"",""
ball,1,3.3,India,S Dhawan,AM Rahane,CR Woakes,1,0,"",""
ball,1,3.4,India,AM Rahane,S Dhawan,CR Woakes,1,0,"",""
ball,1,3.5,India,S Dhawan,AM Rahane,CR Woakes,1,0,"",""
ball,1,3.6,India,AM Rahane,S Dhawan,CR Woakes,0,0,"",""
ball,1,4.1,India,S Dhawan,AM Rahane,JM Anderson,0,0,"",""
ball,1,4.2,India,S Dhawan,AM Rahane,JM Anderson,0,0,"",""
ball,1,4.3,India,S Dhawan,AM Rahane,JM Anderson,0,0,"",""
ball,1,4.4,India,S Dhawan,AM Rahane,JM Anderson,0,0,"",""
ball,1,4.5,India,S Dhawan,AM Rahane,JM Anderson,0,0,"",""
ball,1,4.6,India,S Dhawan,AM Rahane,JM Anderson,0,0,"",""
ball,1,5.1,India,AM Rahane,S Dhawan,CR Woakes,2,0,"",""
ball,1,5.2,India,AM Rahane,S Dhawan,CR Woakes,0,0,"",""
ball,1,5.3,India,AM Rahane,S Dhawan,CR Woakes,1,0,"",""
ball,1,5.4,India,S Dhawan,AM Rahane,CR Woakes,4,0,"",""
ball,1,5.5,India,S Dhawan,AM Rahane,CR Woakes,1,0,"",""
ball,1,5.6,India,AM Rahane,S Dhawan,CR Woakes,1,0,"",""
ball,1,6.1,India,AM Rahane,S Dhawan,JM Anderson,0,1,"",""
ball,1,6.2,India,S Dhawan,AM Rahane,JM Anderson,0,0,"",""
ball,1,6.3,India,S Dhawan,AM Rahane,JM Anderson,0,0,"",""
ball,1,6.4,India,S Dhawan,AM Rahane,JM Anderson,0,0,"",""
ball,1,6.5,India,S Dhawan,AM Rahane,JM Anderson,0,0,"",""
ball,1,6.6,India,S Dhawan,AM Rahane,JM Anderson,1,0,"",""
ball,1,7.1,India,S Dhawan,AM Rahane,CR Woakes,0,0,"",""
ball,1,7.2,India,S Dhawan,AM Rahane,CR Woakes,1,0,"",""
ball,1,7.3,India,AM Rahane,S Dhawan,CR Woakes,1,0,"",""
ball,1,7.4,India,S Dhawan,AM Rahane,CR Woakes,0,0,"",""
ball,1,7.5,India,S Dhawan,AM Rahane,CR Woakes,1,0,"",""
ball,1,7.6,India,AM Rahane,S Dhawan,CR Woakes,1,0,"",""
ball,1,8.1,India,AM Rahane,S Dhawan,JM Anderson,0,0,"",""
ball,1,8.2,India,AM Rahane,S Dhawan,JM Anderson,2,0,"",""
ball,1,8.3,India,AM Rahane,S Dhawan,JM Anderson,0,0,"",""
ball,1,8.4,India,AM Rahane,S Dhawan,JM Anderson,2,0,"",""
ball,1,8.5,India,AM Rahane,S Dhawan,JM Anderson,1,0,"",""
ball,1,8.6,India,S Dhawan,AM Rahane,JM Anderson,0,0,"",""
ball,1,9.1,India,AM Rahane,S Dhawan,SCJ Broad,0,0,"",""
ball,1,9.2,India,AM Rahane,S Dhawan,SCJ Broad,4,0,"",""
ball,1,9.3,India,AM Rahane,S Dhawan,SCJ Broad,0,0,"",""
ball,1,9.4,India,AM Rahane,S Dhawan,SCJ Broad,0,0,"",""
ball,1,9.5,India,AM Rahane,S Dhawan,SCJ Broad,0,0,"",""
ball,1,9.6,India,AM Rahane,S Dhawan,SCJ Broad,1,0,"",""
ball,1,10.1,India,AM Rahane,S Dhawan,JM Anderson,1,0,"",""
ball,1,10.2,India,S Dhawan,AM Rahane,JM Anderson,0,0,"",""
ball,1,10.3,India,S Dhawan,AM Rahane,JM Anderson,0,0,"",""
ball,1,10.4,India,S Dhawan,AM Rahane,JM Anderson,0,0,"",""
ball,1,10.5,India,S Dhawan,AM Rahane,JM Anderson,0,0,"",""
ball,1,10.6,India,S Dhawan,AM Rahane,JM Anderson,1,0,"",""
ball,1,11.1,India,S Dhawan,AM Rahane,SCJ Broad,1,0,"",""
ball,1,11.2,India,AM Rahane,S Dhawan,SCJ Broad,2,0,"",""
ball,1,11.3,India,AM Rahane,S Dhawan,SCJ Broad,1,0,"",""
ball,1,11.4,India,S Dhawan,AM Rahane,SCJ Broad,4,0,"",""
ball,1,11.5,India,S Dhawan,AM Rahane,SCJ Broad,0,0,"",""
ball,1,11.6,India,S Dhawan,AM Rahane,SCJ Broad,0,0,"",""
ball,1,12.1,India,AM Rahane,S Dhawan,ST Finn,1,0,"",""
ball,1,12.2,India,S Dhawan,AM Rahane,ST Finn,0,0,"",""
ball,1,12.3,India,S Dhawan,AM Rahane,ST Finn,0,0,"",""
ball,1,12.4,India,S Dhawan,AM Rahane,ST Finn,1,0,"",""
ball,1,12.5,India,AM Rahane,S Dhawan,ST Finn,2,0,"",""
ball,1,12.6,India,AM Rahane,S Dhawan,ST Finn,0,0,"",""
ball,1,13.1,India,S Dhawan,AM Rahane,SCJ Broad,0,0,"",""
ball,1,13.2,India,S Dhawan,AM Rahane,SCJ Broad,1,0,"",""
ball,1,13.3,India,AM Rahane,S Dhawan,SCJ Broad,0,0,"",""
ball,1,13.4,India,AM Rahane,S Dhawan,SCJ Broad,1,0,"",""
ball,1,13.5,India,S Dhawan,AM Rahane,SCJ Broad,0,0,"",""
ball,1,13.6,India,S Dhawan,AM Rahane,SCJ Broad,4,0,"",""
ball,1,14.1,India,AM Rahane,S Dhawan,ST Finn,1,0,"",""
ball,1,14.2,India,S Dhawan,AM Rahane,ST Finn,0,0,"",""
ball,1,14.3,India,S Dhawan,AM Rahane,ST Finn,0,0,"",""
ball,1,14.4,India,S Dhawan,AM Rahane,ST Finn,4,0,"",""
ball,1,14.5,India,S Dhawan,AM Rahane,ST Finn,0,0,"",""
ball,1,14.6,India,S Dhawan,AM Rahane,ST Finn,2,0,"",""
ball,1,15.1,India,AM Rahane,S Dhawan,SCJ Broad,1,0,"",""
ball,1,15.2,India,S Dhawan,AM Rahane,SCJ Broad,1,0,"",""
ball,1,15.3,India,AM Rahane,S Dhawan,SCJ Broad,1,0,"",""
ball,1,15.4,India,S Dhawan,AM Rahane,SCJ Broad,0,0,"",""
ball,1,15.5,India,S Dhawan,AM Rahane,SCJ Broad,0,0,"",""
ball,1,15.6,India,S Dhawan,AM Rahane,SCJ Broad,1,0,"",""
ball,1,16.1,India,S Dhawan,AM Rahane,ST Finn,0,0,"",""
ball,1,16.2,India,S Dhawan,AM Rahane,ST Finn,0,0,"",""
ball,1,16.3,India,S Dhawan,AM Rahane,ST Finn,1,0,"",""
ball,1,16.4,India,AM Rahane,S Dhawan,ST Finn,0,0,"",""
ball,1,16.5,India,AM Rahane,S Dhawan,ST Finn,1,0,"",""
ball,1,16.6,India,S Dhawan,AM Rahane,ST Finn,0,0,"",""
ball,1,17.1,India,AM Rahane,S Dhawan,MM Ali,0,0,"",""
ball,1,17.2,India,AM Rahane,S Dhawan,MM Ali,0,0,"",""
ball,1,17.3,India,AM Rahane,S Dhawan,MM Ali,0,0,"",""
ball,1,17.4,India,AM Rahane,S Dhawan,MM Ali,1,0,"",""
ball,1,17.5,India,S Dhawan,AM Rahane,MM Ali,0,0,"",""
ball,1,17.6,India,S Dhawan,AM Rahane,MM Ali,0,1,"",""
ball,1,18.1,India,S Dhawan,AM Rahane,ST Finn,1,0,"",""
ball,1,18.2,India,AM Rahane,S Dhawan,ST Finn,1,0,"",""
ball,1,18.3,India,S Dhawan,AM Rahane,ST Finn,1,0,"",""
ball,1,18.4,India,AM Rahane,S Dhawan,ST Finn,1,0,"",""
ball,1,18.5,India,S Dhawan,AM Rahane,ST Finn,1,0,"",""
ball,1,18.6,India,AM Rahane,S Dhawan,ST Finn,1,0,"",""
ball,1,19.1,India,AM Rahane,S Dhawan,MM Ali,2,0,"",""
ball,1,19.2,India,AM Rahane,S Dhawan,MM Ali,1,0,"",""
ball,1,19.3,India,S Dhawan,AM Rahane,MM Ali,1,0,"",""
ball,1,19.4,India,AM Rahane,S Dhawan,MM Ali,4,0,"",""
ball,1,19.5,India,AM Rahane,S Dhawan,MM Ali,0,0,"",""
ball,1,19.6,India,AM Rahane,S Dhawan,MM Ali,0,0,"",""
ball,1,20.1,India,S Dhawan,AM Rahane,CR Woakes,0,0,caught,S Dhawan
ball,1,20.2,India,V Kohli,AM Rahane,CR Woakes,0,0,"",""
ball,1,20.3,India,V Kohli,AM Rahane,CR Woakes,0,0,"",""
ball,1,20.4,India,V Kohli,AM Rahane,CR Woakes,0,0,"",""
ball,1,20.5,India,V Kohli,AM Rahane,CR Woakes,0,0,"",""
ball,1,20.6,India,V Kohli,AM Rahane,CR Woakes,0,0,"",""
ball,1,21.1,India,AM Rahane,V Kohli,MM Ali,0,0,"",""
ball,1,21.2,India,AM Rahane,V Kohli,MM Ali,1,0,"",""
ball,1,21.3,India,V Kohli,AM Rahane,MM Ali,1,0,"",""
ball,1,21.4,India,AM Rahane,V Kohli,MM Ali,1,0,"",""
ball,1,21.5,India,V Kohli,AM Rahane,MM Ali,0,0,"",""
ball,1,21.6,India,V Kohli,AM Rahane,MM Ali,0,0,"",""
ball,1,22.1,India,AM Rahane,V Kohli,CR Woakes,0,0,"",""
ball,1,22.2,India,AM Rahane,V Kohli,CR Woakes,2,0,"",""
ball,1,22.3,India,AM Rahane,V Kohli,CR Woakes,0,1,"",""
ball,1,22.4,India,AM Rahane,V Kohli,CR Woakes,0,0,"",""
ball,1,22.5,India,AM Rahane,V Kohli,CR Woakes,0,0,"",""
ball,1,22.6,India,AM Rahane,V Kohli,CR Woakes,0,0,"",""
ball,1,22.7,India,AM Rahane,V Kohli,CR Woakes,0,0,"",""
ball,1,23.1,India,V Kohli,AM Rahane,MM Ali,1,0,"",""
ball,1,23.2,India,AM Rahane,V Kohli,MM Ali,0,0,"",""
ball,1,23.3,India,AM Rahane,V Kohli,MM Ali,0,0,"",""
ball,1,23.4,India,AM Rahane,V Kohli,MM Ali,0,0,"",""
ball,1,23.5,India,AM Rahane,V Kohli,MM Ali,1,0,"",""
ball,1,23.6,India,V Kohli,AM Rahane,MM Ali,0,0,"",""
ball,1,24.1,India,AM Rahane,V Kohli,CR Woakes,1,0,"",""
ball,1,24.2,India,V Kohli,AM Rahane,CR Woakes,0,0,"",""
ball,1,24.3,India,V Kohli,AM Rahane,CR Woakes,1,0,"",""
ball,1,24.4,India,AM Rahane,V Kohli,CR Woakes,1,0,"",""
ball,1,24.5,India,V Kohli,AM Rahane,CR Woakes,0,0,"",""
ball,1,24.6,India,V Kohli,AM Rahane,CR Woakes,1,0,"",""
ball,1,25.1,India,V Kohli,AM Rahane,MM Ali,1,0,"",""
ball,1,25.2,India,AM Rahane,V Kohli,MM Ali,1,0,"",""
ball,1,25.3,India,V Kohli,AM Rahane,MM Ali,1,0,"",""
ball,1,25.4,India,AM Rahane,V Kohli,MM Ali,1,0,"",""
ball,1,25.5,India,V Kohli,AM Rahane,MM Ali,1,0,"",""
ball,1,25.6,India,AM Rahane,V Kohli,MM Ali,0,0,"",""
ball,1,26.1,India,V Kohli,AM Rahane,ST Finn,1,0,"",""
ball,1,26.2,India,AM Rahane,V Kohli,ST Finn,0,0,"",""
ball,1,26.3,India,AM Rahane,V Kohli,ST Finn,0,0,"",""
ball,1,26.4,India,AM Rahane,V Kohli,ST Finn,2,0,"",""
ball,1,26.5,India,AM Rahane,V Kohli,ST Finn,0,0,"",""
ball,1,26.6,India,AM Rahane,V Kohli,ST Finn,0,0,"",""
ball,1,27.1,India,V Kohli,AM Rahane,MM Ali,0,0,caught,V Kohli
ball,1,27.2,India,SK Raina,AM Rahane,MM Ali,0,0,"",""
ball,1,27.3,India,SK Raina,AM Rahane,MM Ali,0,0,"",""
ball,1,27.4,India,SK Raina,AM Rahane,MM Ali,0,0,"",""
ball,1,27.5,India,SK Raina,AM Rahane,MM Ali,1,0,"",""
ball,1,27.6,India,AM Rahane,SK Raina,MM Ali,1,0,"",""
ball,1,28.1,India,AM Rahane,SK Raina,ST Finn,0,0,"",""
ball,1,28.2,India,AM Rahane,SK Raina,ST Finn,0,0,"",""
ball,1,28.3,India,AM Rahane,SK Raina,ST Finn,0,0,"",""
ball,1,28.4,India,AM Rahane,SK Raina,ST Finn,0,0,"",""
ball,1,28.5,India,AM Rahane,SK Raina,ST Finn,0,0,"",""
ball,1,28.6,India,AM Rahane,SK Raina,ST Finn,1,0,"",""
ball,1,29.1,India,AM Rahane,SK Raina,MM Ali,1,0,"",""
ball,1,29.2,India,SK Raina,AM Rahane,MM Ali,0,0,caught,SK Raina
ball,1,29.3,India,AT Rayudu,AM Rahane,MM Ali,0,0,"",""
ball,1,29.4,India,AT Rayudu,AM Rahane,MM Ali,3,0,"",""
ball,1,29.5,India,AM Rahane,AT Rayudu,MM Ali,0,0,"",""
ball,1,29.6,India,AM Rahane,AT Rayudu,MM Ali,1,0,"",""
ball,1,30.1,India,AM Rahane,AT Rayudu,SCJ Broad,4,0,"",""
ball,1,30.2,India,AM Rahane,AT Rayudu,SCJ Broad,1,0,"",""
ball,1,30.3,India,AT Rayudu,AM Rahane,SCJ Broad,0,0,"",""
ball,1,30.4,India,AT Rayudu,AM Rahane,SCJ Broad,0,0,"",""
ball,1,30.5,India,AT Rayudu,AM Rahane,SCJ Broad,0,0,"",""
ball,1,30.6,India,AT Rayudu,AM Rahane,SCJ Broad,0,0,"",""
ball,1,31.1,India,AM Rahane,AT Rayudu,MM Ali,0,0,"",""
ball,1,31.2,India,AM Rahane,AT Rayudu,MM Ali,1,0,"",""
ball,1,31.3,India,AT Rayudu,AM Rahane,MM Ali,0,0,"",""
ball,1,31.4,India,AT Rayudu,AM Rahane,MM Ali,1,0,"",""
ball,1,31.5,India,AM Rahane,AT Rayudu,MM Ali,1,0,"",""
ball,1,31.6,India,AT Rayudu,AM Rahane,MM Ali,1,0,"",""
ball,1,32.1,India,AT Rayudu,AM Rahane,SCJ Broad,0,0,"",""
ball,1,32.2,India,AT Rayudu,AM Rahane,SCJ Broad,0,0,"",""
ball,1,32.3,India,AT Rayudu,AM Rahane,SCJ Broad,4,0,"",""
ball,1,32.4,India,AT Rayudu,AM Rahane,SCJ Broad,1,0,"",""
ball,1,32.5,India,AM Rahane,AT Rayudu,SCJ Broad,0,0,"",""
ball,1,32.6,India,AM Rahane,AT Rayudu,SCJ Broad,6,0,"",""
ball,1,33.1,India,AT Rayudu,AM Rahane,MM Ali,1,0,"",""
ball,1,33.2,India,AM Rahane,AT Rayudu,MM Ali,1,0,"",""
ball,1,33.3,India,AT Rayudu,AM Rahane,MM Ali,0,0,"",""
ball,1,33.4,India,AT Rayudu,AM Rahane,MM Ali,1,0,"",""
ball,1,33.5,India,AM Rahane,AT Rayudu,MM Ali,0,0,"",""
ball,1,33.6,India,AM Rahane,AT Rayudu,MM Ali,0,0,"",""
ball,1,34.1,India,AT Rayudu,AM Rahane,SCJ Broad,0,0,caught,AT Rayudu
ball,1,34.2,India,MS Dhoni,AM Rahane,SCJ Broad,0,0,"",""
ball,1,34.3,India,MS Dhoni,AM Rahane,SCJ Broad,0,0,"",""
ball,1,34.4,India,MS Dhoni,AM Rahane,SCJ Broad,0,0,"",""
ball,1,34.5,India,MS Dhoni,AM Rahane,SCJ Broad,0,0,"",""
ball,1,34.6,India,MS Dhoni,AM Rahane,SCJ Broad,0,0,"",""
ball,1,35.1,India,AM Rahane,MS Dhoni,ST Finn,1,0,"",""
ball,1,35.2,India,MS Dhoni,AM Rahane,ST Finn,1,0,"",""
ball,1,35.3,India,AM Rahane,MS Dhoni,ST Finn,0,0,caught,AM Rahane
ball,1,35.4,India,STR Binny,MS Dhoni,ST Finn,0,0,"",""
ball,1,35.5,India,STR Binny,MS Dhoni,ST Finn,0,0,"",""
ball,1,35.6,India,STR Binny,MS Dhoni,ST Finn,0,0,"",""
ball,1,36.1,India,MS Dhoni,STR Binny,CR Woakes,1,0,"",""
ball,1,36.2,India,STR Binny,MS Dhoni,CR Woakes,0,0,"",""
ball,1,36.3,India,STR Binny,MS Dhoni,CR Woakes,4,0,"",""
ball,1,36.4,India,STR Binny,MS Dhoni,CR Woakes,0,0,"",""
ball,1,36.5,India,STR Binny,MS Dhoni,CR Woakes,0,0,"",""
ball,1,36.6,India,STR Binny,MS Dhoni,CR Woakes,1,0,"",""
ball,1,37.1,India,STR Binny,MS Dhoni,ST Finn,1,0,"",""
ball,1,37.2,India,MS Dhoni,STR Binny,ST Finn,0,0,"",""
ball,1,37.3,India,MS Dhoni,STR Binny,ST Finn,0,0,"",""
ball,1,37.4,India,MS Dhoni,STR Binny,ST Finn,0,0,"",""
ball,1,37.5,India,MS Dhoni,STR Binny,ST Finn,0,0,"",""
ball,1,37.6,India,MS Dhoni,STR Binny,ST Finn,0,0,"",""
ball,1,38.1,India,STR Binny,MS Dhoni,SCJ Broad,1,0,"",""
ball,1,38.2,India,MS Dhoni,STR Binny,SCJ Broad,0,0,"",""
ball,1,38.3,India,MS Dhoni,STR Binny,SCJ Broad,0,0,"",""
ball,1,38.4,India,MS Dhoni,STR Binny,SCJ Broad,4,0,"",""
ball,1,38.5,India,MS Dhoni,STR Binny,SCJ Broad,0,0,"",""
ball,1,38.6,India,MS Dhoni,STR Binny,SCJ Broad,4,0,"",""
ball,1,39.1,India,STR Binny,MS Dhoni,ST Finn,0,0,"",""
ball,1,39.2,India,STR Binny,MS Dhoni,ST Finn,0,0,caught,STR Binny
ball,1,39.3,India,RA Jadeja,MS Dhoni,ST Finn,1,0,"",""
ball,1,39.4,India,MS Dhoni,RA Jadeja,ST Finn,0,0,"",""
ball,1,39.5,India,MS Dhoni,RA Jadeja,ST Finn,4,0,"",""
ball,1,39.6,India,MS Dhoni,RA Jadeja,ST Finn,0,0,"",""
ball,1,40.1,India,RA Jadeja,MS Dhoni,JM Anderson,1,0,"",""
ball,1,40.2,India,MS Dhoni,RA Jadeja,JM Anderson,0,0,"",""
ball,1,40.3,India,MS Dhoni,RA Jadeja,JM Anderson,0,0,"",""
ball,1,40.4,India,MS Dhoni,RA Jadeja,JM Anderson,1,0,"",""
ball,1,40.5,India,RA Jadeja,MS Dhoni,JM Anderson,1,0,"",""
ball,1,40.6,India,MS Dhoni,RA Jadeja,JM Anderson,0,0,"",""
ball,1,41.1,India,RA Jadeja,MS Dhoni,MM Ali,1,0,"",""
ball,1,41.2,India,MS Dhoni,RA Jadeja,MM Ali,0,0,"",""
ball,1,41.3,India,MS Dhoni,RA Jadeja,MM Ali,0,0,"",""
ball,1,41.4,India,MS Dhoni,RA Jadeja,MM Ali,0,0,"",""
ball,1,41.5,India,MS Dhoni,RA Jadeja,MM Ali,1,0,"",""
ball,1,41.6,India,RA Jadeja,MS Dhoni,MM Ali,0,0,"",""
ball,1,42.1,India,MS Dhoni,RA Jadeja,JM Anderson,0,0,"",""
ball,1,42.2,India,MS Dhoni,RA Jadeja,JM Anderson,0,0,"",""
ball,1,42.3,India,MS Dhoni,RA Jadeja,JM Anderson,1,0,"",""
ball,1,42.4,India,RA Jadeja,MS Dhoni,JM Anderson,0,0,"",""
ball,1,42.5,India,RA Jadeja,MS Dhoni,JM Anderson,1,0,"",""
ball,1,42.6,India,MS Dhoni,RA Jadeja,JM Anderson,0,0,lbw,MS Dhoni
ball,1,43.1,India,RA Jadeja,AR Patel,SCJ Broad,0,0,"",""
ball,1,43.2,India,RA Jadeja,AR Patel,SCJ Broad,0,0,caught,RA Jadeja
ball,1,43.3,India,AR Patel,MM Sharma,SCJ Broad,0,0,"",""
ball,1,43.4,India,AR Patel,MM Sharma,SCJ Broad,0,0,"",""
ball,1,43.5,India,AR Patel,MM Sharma,SCJ Broad,1,0,"",""
ball,1,43.6,India,MM Sharma,AR Patel,SCJ Broad,0,0,"",""
ball,1,44.1,India,AR Patel,MM Sharma,ST Finn,0,0,"",""
ball,1,44.2,India,AR Patel,MM Sharma,ST Finn,0,0,caught,AR Patel
ball,1,44.3,India,Mohammed Shami,MM Sharma,ST Finn,0,0,"",""
ball,1,44.4,India,Mohammed Shami,MM Sharma,ST Finn,4,0,"",""
ball,1,44.5,India,Mohammed Shami,MM Sharma,ST Finn,0,0,"",""
ball,1,44.6,India,Mohammed Shami,MM Sharma,ST Finn,1,0,"",""
ball,1,45.1,India,Mohammed Shami,MM Sharma,SCJ Broad,0,0,"",""
ball,1,45.2,India,Mohammed Shami,MM Sharma,SCJ Broad,0,0,"",""
ball,1,45.3,India,Mohammed Shami,MM Sharma,SCJ Broad,1,0,"",""
ball,1,45.4,India,MM Sharma,Mohammed Shami,SCJ Broad,1,0,"",""
ball,1,45.5,India,Mohammed Shami,MM Sharma,SCJ Broad,1,0,"",""
ball,1,45.6,India,MM Sharma,Mohammed Shami,SCJ Broad,4,0,"",""
ball,1,46.1,India,Mohammed Shami,MM Sharma,CR Woakes,0,0,"",""
ball,1,46.2,India,Mohammed Shami,MM Sharma,CR Woakes,6,0,"",""
ball,1,46.3,India,Mohammed Shami,MM Sharma,CR Woakes,0,0,"",""
ball,1,46.4,India,Mohammed Shami,MM Sharma,CR Woakes,4,0,"",""
ball,1,46.5,India,Mohammed Shami,MM Sharma,CR Woakes,0,1,"",""
ball,1,46.6,India,Mohammed Shami,MM Sharma,CR Woakes,1,0,"",""
ball,1,46.7,India,MM Sharma,Mohammed Shami,CR Woakes,1,0,"",""
ball,1,47.1,India,MM Sharma,Mohammed Shami,JM Anderson,0,0,"",""
ball,1,47.2,India,MM Sharma,Mohammed Shami,JM Anderson,1,0,"",""
ball,1,47.3,India,Mohammed Shami,MM Sharma,JM Anderson,2,0,"",""
ball,1,47.4,India,Mohammed Shami,MM Sharma,JM Anderson,0,0,"",""
ball,1,47.5,India,Mohammed Shami,MM Sharma,JM Anderson,0,1,"",""
ball,1,47.6,India,Mohammed Shami,MM Sharma,JM Anderson,4,0,"",""
ball,1,47.7,India,Mohammed Shami,MM Sharma,JM Anderson,1,0,"",""
ball,1,48.1,India,Mohammed Shami,MM Sharma,CR Woakes,0,1,"",""
ball,1,48.2,India,Mohammed Shami,MM Sharma,CR Woakes,0,0,caught,Mohammed Shami
ball,2,0.1,England,IR Bell,MM Ali,STR Binny,0,1,"",""
ball,2,0.2,England,IR Bell,MM Ali,STR Binny,0,0,"",""
ball,2,0.3,England,IR Bell,MM Ali,STR Binny,0,0,"",""
ball,2,0.4,England,IR Bell,MM Ali,STR Binny,0,0,"",""
ball,2,0.5,England,IR Bell,MM Ali,STR Binny,4,0,"",""
ball,2,0.6,England,IR Bell,MM Ali,STR Binny,0,0,"",""
ball,2,0.7,England,IR Bell,MM Ali,STR Binny,0,0,"",""
ball,2,1.1,England,MM Ali,IR Bell,MM Sharma,0,0,"",""
ball,2,1.2,England,MM Ali,IR Bell,MM Sharma,0,0,"",""
ball,2,1.3,England,MM Ali,IR Bell,MM Sharma,0,0,"",""
ball,2,1.4,England,MM Ali,IR Bell,MM Sharma,0,0,"",""
ball,2,1.5,England,MM Ali,IR Bell,MM Sharma,1,0,"",""
ball,2,1.6,England,IR Bell,MM Ali,MM Sharma,0,0,"",""
ball,2,2.1,England,MM Ali,IR Bell,STR Binny,1,0,"",""
ball,2,2.2,England,IR Bell,MM Ali,STR Binny,0,0,"",""
ball,2,2.3,England,IR Bell,MM Ali,STR Binny,2,0,"",""
ball,2,2.4,England,IR Bell,MM Ali,STR Binny,0,0,"",""
ball,2,2.5,England,IR Bell,MM Ali,STR Binny,4,0,"",""
ball,2,2.6,England,IR Bell,MM Ali,STR Binny,0,0,"",""
ball,2,3.1,England,MM Ali,IR Bell,MM Sharma,0,0,"",""
ball,2,3.2,England,MM Ali,IR Bell,MM Sharma,0,0,"",""
ball,2,3.3,England,MM Ali,IR Bell,MM Sharma,0,0,"",""
ball,2,3.4,England,MM Ali,IR Bell,MM Sharma,1,0,"",""
ball,2,3.5,England,IR Bell,MM Ali,MM Sharma,0,0,lbw,IR Bell
ball,2,3.6,England,JWA Taylor,MM Ali,MM Sharma,1,0,"",""
ball,2,4.1,England,JWA Taylor,MM Ali,Mohammed Shami,0,0,"",""
ball,2,4.2,England,JWA Taylor,MM Ali,Mohammed Shami,0,1,"",""
ball,2,4.3,England,JWA Taylor,MM Ali,Mohammed Shami,0,0,"",""
ball,2,4.4,England,JWA Taylor,MM Ali,Mohammed Shami,0,0,"",""
ball,2,4.5,England,JWA Taylor,MM Ali,Mohammed Shami,0,0,"",""
ball,2,4.6,England,JWA Taylor,MM Ali,Mohammed Shami,0,0,"",""
ball,2,4.7,England,JWA Taylor,MM Ali,Mohammed Shami,0,0,"",""
ball,2,5.1,England,MM Ali,JWA Taylor,MM Sharma,0,0,"",""
ball,2,5.2,England,MM Ali,JWA Taylor,MM Sharma,2,0,"",""
ball,2,5.3,England,MM Ali,JWA Taylor,MM Sharma,0,0,"",""
ball,2,5.4,England,MM Ali,JWA Taylor,MM Sharma,0,0,"",""
ball,2,5.5,England,MM Ali,JWA Taylor,MM Sharma,1,0,"",""
ball,2,5.6,England,JWA Taylor,MM Ali,MM Sharma,0,0,"",""
ball,2,6.1,England,MM Ali,JWA Taylor,Mohammed Shami,0,0,"",""
ball,2,6.2,England,MM Ali,JWA Taylor,Mohammed Shami,0,0,"",""
ball,2,6.3,England,MM Ali,JWA Taylor,Mohammed Shami,0,1,"",""
ball,2,6.4,England,MM Ali,JWA Taylor,Mohammed Shami,0,0,"",""
ball,2,6.5,England,MM Ali,JWA Taylor,Mohammed Shami,0,0,"",""
ball,2,6.6,England,MM Ali,JWA Taylor,Mohammed Shami,1,0,"",""
ball,2,6.7,England,JWA Taylor,MM Ali,Mohammed Shami,0,0,"",""
ball,2,7.1,England,MM Ali,JWA Taylor,MM Sharma,1,0,"",""
ball,2,7.2,England,JWA Taylor,MM Ali,MM Sharma,0,0,"",""
ball,2,7.3,England,JWA Taylor,MM Ali,MM Sharma,0,0,"",""
ball,2,7.4,England,JWA Taylor,MM Ali,MM Sharma,0,0,"",""
ball,2,7.5,England,JWA Taylor,MM Ali,MM Sharma,3,0,"",""
ball,2,7.6,England,MM Ali,JWA Taylor,MM Sharma,0,0,"",""
ball,2,8.1,England,JWA Taylor,MM Ali,Mohammed Shami,0,0,"",""
ball,2,8.2,England,JWA Taylor,MM Ali,Mohammed Shami,0,1,"",""
ball,2,8.3,England,JWA Taylor,MM Ali,Mohammed Shami,0,0,"",""
ball,2,8.4,England,JWA Taylor,MM Ali,Mohammed Shami,1,0,"",""
ball,2,8.5,England,MM Ali,JWA Taylor,Mohammed Shami,4,0,"",""
ball,2,8.6,England,MM Ali,JWA Taylor,Mohammed Shami,1,0,"",""
ball,2,8.7,England,JWA Taylor,MM Ali,Mohammed Shami,0,0,"",""
ball,2,9.1,England,MM Ali,JWA Taylor,MM Sharma,0,0,"",""
ball,2,9.2,England,MM Ali,JWA Taylor,MM Sharma,0,0,"",""
ball,2,9.3,England,MM Ali,JWA Taylor,MM Sharma,0,0,"",""
ball,2,9.4,England,MM Ali,JWA Taylor,MM Sharma,0,0,"",""
ball,2,9.5,England,MM Ali,JWA Taylor,MM Sharma,3,0,"",""
ball,2,9.6,England,JWA Taylor,MM Ali,MM Sharma,0,0,"",""
ball,2,10.1,England,MM Ali,JWA Taylor,AR Patel,0,0,"",""
ball,2,10.2,England,MM Ali,JWA Taylor,AR Patel,0,0,"",""
ball,2,10.3,England,MM Ali,JWA Taylor,AR Patel,1,0,"",""
ball,2,10.4,England,JWA Taylor,MM Ali,AR Patel,0,0,"",""
ball,2,10.5,England,JWA Taylor,MM Ali,AR Patel,1,0,"",""
ball,2,10.6,England,MM Ali,JWA Taylor,AR Patel,0,0,"",""
ball,2,11.1,England,JWA Taylor,MM Ali,STR Binny,0,0,"",""
ball,2,11.2,England,JWA Taylor,MM Ali,STR Binny,0,0,"",""
ball,2,11.3,England,JWA Taylor,MM Ali,STR Binny,2,0,"",""
ball,2,11.4,England,JWA Taylor,MM Ali,STR Binny,0,1,"",""
ball,2,11.5,England,JWA Taylor,MM Ali,STR Binny,0,0,"",""
ball,2,11.6,England,JWA Taylor,MM Ali,STR Binny,0,0,"",""
ball,2,11.7,England,JWA Taylor,MM Ali,STR Binny,0,0,"",""
ball,2,12.1,England,MM Ali,JWA Taylor,AR Patel,0,0,caught,MM Ali
ball,2,12.2,England,JWA Taylor,JE Root,AR Patel,0,0,"",""
ball,2,12.3,England,JWA Taylor,JE Root,AR Patel,0,0,"",""
ball,2,12.4,England,JWA Taylor,JE Root,AR Patel,0,0,"",""
ball,2,12.5,England,JWA Taylor,JE Root,AR Patel,0,0,"",""
ball,2,12.6,England,JWA Taylor,JE Root,AR Patel,0,0,"",""
ball,2,13.1,England,JE Root,JWA Taylor,STR Binny,3,0,"",""
ball,2,13.2,England,JWA Taylor,JE Root,STR Binny,0,0,"",""
ball,2,13.3,England,JWA Taylor,JE Root,STR Binny,0,0,"",""
ball,2,13.4,England,JWA Taylor,JE Root,STR Binny,0,0,"",""
ball,2,13.5,England,JWA Taylor,JE Root,STR Binny,1,0,"",""
ball,2,13.6,England,JE Root,JWA Taylor,STR Binny,0,0,caught and bowled,JE Root
ball,2,14.1,England,JWA Taylor,EJG Morgan,AR Patel,0,0,"",""
ball,2,14.2,England,JWA Taylor,EJG Morgan,AR Patel,0,0,"",""
ball,2,14.3,England,JWA Taylor,EJG Morgan,AR Patel,1,0,"",""
ball,2,14.4,England,EJG Morgan,JWA Taylor,AR Patel,0,0,"",""
ball,2,14.5,England,EJG Morgan,JWA Taylor,AR Patel,0,0,"",""
ball,2,14.6,England,EJG Morgan,JWA Taylor,AR Patel,0,0,"",""
ball,2,15.1,England,JWA Taylor,EJG Morgan,STR Binny,1,0,"",""
ball,2,15.2,England,EJG Morgan,JWA Taylor,STR Binny,0,0,"",""
ball,2,15.3,England,EJG Morgan,JWA Taylor,STR Binny,0,0,"",""
ball,2,15.4,England,EJG Morgan,JWA Taylor,STR Binny,0,0,"",""
ball,2,15.5,England,EJG Morgan,JWA Taylor,STR Binny,0,0,"",""
ball,2,15.6,England,EJG Morgan,JWA Taylor,STR Binny,0,0,"",""
ball,2,16.1,England,JWA Taylor,EJG Morgan,AR Patel,0,0,"",""
ball,2,16.2,England,JWA Taylor,EJG Morgan,AR Patel,1,0,"",""
ball,2,16.3,England,EJG Morgan,JWA Taylor,AR Patel,0,0,"",""
ball,2,16.4,England,EJG Morgan,JWA Taylor,AR Patel,1,0,"",""
ball,2,16.5,England,JWA Taylor,EJG Morgan,AR Patel,0,0,"",""
ball,2,16.6,England,JWA Taylor,EJG Morgan,AR Patel,4,0,"",""
ball,2,17.1,England,EJG Morgan,JWA Taylor,STR Binny,1,0,"",""
ball,2,17.2,England,JWA Taylor,EJG Morgan,STR Binny,0,0,"",""
ball,2,17.3,England,JWA Taylor,EJG Morgan,STR Binny,0,0,"",""
ball,2,17.4,England,JWA Taylor,EJG Morgan,STR Binny,1,0,"",""
ball,2,17.5,England,EJG Morgan,JWA Taylor,STR Binny,0,0,"",""
ball,2,17.6,England,EJG Morgan,JWA Taylor,STR Binny,0,0,caught,EJG Morgan
ball,2,18.1,England,JWA Taylor,RS Bopara,AR Patel,2,0,"",""
ball,2,18.2,England,JWA Taylor,RS Bopara,AR Patel,1,0,"",""
ball,2,18.3,England,RS Bopara,JWA Taylor,AR Patel,1,0,"",""
ball,2,18.4,England,JWA Taylor,RS Bopara,AR Patel,0,0,"",""
ball,2,18.5,England,JWA Taylor,RS Bopara,AR Patel,0,0,"",""
ball,2,18.6,England,JWA Taylor,RS Bopara,AR Patel,4,0,"",""
ball,2,19.1,England,RS Bopara,JWA Taylor,STR Binny,0,0,"",""
ball,2,19.2,England,RS Bopara,JWA Taylor,STR Binny,3,0,"",""
ball,2,19.3,England,JWA Taylor,RS Bopara,STR Binny,1,0,"",""
ball,2,19.4,England,RS Bopara,JWA Taylor,STR Binny,0,0,"",""
ball,2,19.5,England,RS Bopara,JWA Taylor,STR Binny,0,0,"",""
ball,2,19.6,England,RS Bopara,JWA Taylor,STR Binny,0,0,caught,RS Bopara
ball,2,20.1,England,JWA Taylor,JC Buttler,RA Jadeja,0,0,"",""
ball,2,20.2,England,JWA Taylor,JC Buttler,RA Jadeja,1,0,"",""
ball,2,20.3,England,JC Buttler,JWA Taylor,RA Jadeja,0,0,"",""
ball,2,20.4,England,JC Buttler,JWA Taylor,RA Jadeja,1,0,"",""
ball,2,20.5,England,JWA Taylor,JC Buttler,RA Jadeja,1,0,"",""
ball,2,20.6,England,JC Buttler,JWA Taylor,RA Jadeja,1,0,"",""
ball,2,21.1,England,JC Buttler,JWA Taylor,STR Binny,0,0,"",""
ball,2,21.2,England,JC Buttler,JWA Taylor,STR Binny,0,0,"",""
ball,2,21.3,England,JC Buttler,JWA Taylor,STR Binny,0,0,"",""
ball,2,21.4,England,JC Buttler,JWA Taylor,STR Binny,1,0,"",""
ball,2,21.5,England,JWA Taylor,JC Buttler,STR Binny,0,1,"",""
ball,2,21.6,England,JWA Taylor,JC Buttler,STR Binny,1,0,"",""
ball,2,21.7,England,JC Buttler,JWA Taylor,STR Binny,4,0,"",""
ball,2,22.1,England,JWA Taylor,JC Buttler,RA Jadeja,0,0,"",""
ball,2,22.2,England,JWA Taylor,JC Buttler,RA Jadeja,1,0,"",""
ball,2,22.3,England,JC Buttler,JWA Taylor,RA Jadeja,1,0,"",""
ball,2,22.4,England,JWA Taylor,JC Buttler,RA Jadeja,1,0,"",""
ball,2,22.5,England,JC Buttler,JWA Taylor,RA Jadeja,1,0,"",""
ball,2,22.6,England,JWA Taylor,JC Buttler,RA Jadeja,1,0,"",""
ball,2,23.1,England,JWA Taylor,JC Buttler,Mohammed Shami,1,0,"",""
ball,2,23.2,England,JC Buttler,JWA Taylor,Mohammed Shami,0,0,"",""
ball,2,23.3,England,JC Buttler,JWA Taylor,Mohammed Shami,1,0,"",""
ball,2,23.4,England,JWA Taylor,JC Buttler,Mohammed Shami,0,0,"",""
ball,2,23.5,England,JWA Taylor,JC Buttler,Mohammed Shami,1,0,"",""
ball,2,23.6,England,JC Buttler,JWA Taylor,Mohammed Shami,1,0,"",""
ball,2,24.1,England,JC Buttler,JWA Taylor,RA Jadeja,1,0,"",""
ball,2,24.2,England,JWA Taylor,JC Buttler,RA Jadeja,1,0,"",""
ball,2,24.3,England,JC Buttler,JWA Taylor,RA Jadeja,3,0,"",""
ball,2,24.4,England,JWA Taylor,JC Buttler,RA Jadeja,0,0,"",""
ball,2,24.5,England,JWA Taylor,JC Buttler,RA Jadeja,0,0,"",""
ball,2,24.6,England,JWA Taylor,JC Buttler,RA Jadeja,1,0,"",""
ball,2,25.1,England,JWA Taylor,JC Buttler,Mohammed Shami,1,0,"",""
ball,2,25.2,England,JC Buttler,JWA Taylor,Mohammed Shami,1,0,"",""
ball,2,25.3,England,JWA Taylor,JC Buttler,Mohammed Shami,0,0,"",""
ball,2,25.4,England,JWA Taylor,JC Buttler,Mohammed Shami,1,0,"",""
ball,2,25.5,England,JC Buttler,JWA Taylor,Mohammed Shami,0,1,"",""
ball,2,25.6,England,JC Buttler,JWA Taylor,Mohammed Shami,0,0,"",""
ball,2,25.7,England,JC Buttler,JWA Taylor,Mohammed Shami,1,0,"",""
ball,2,26.1,England,JC Buttler,JWA Taylor,RA Jadeja,4,0,"",""
ball,2,26.2,England,JC Buttler,JWA Taylor,RA Jadeja,0,0,"",""
ball,2,26.3,England,JC Buttler,JWA Taylor,RA Jadeja,0,0,"",""
ball,2,26.4,England,JC Buttler,JWA Taylor,RA Jadeja,0,0,"",""
ball,2,26.5,England,JC Buttler,JWA Taylor,RA Jadeja,0,0,"",""
ball,2,26.6,England,JC Buttler,JWA Taylor,RA Jadeja,0,0,"",""
ball,2,27.1,England,JWA Taylor,JC Buttler,Mohammed Shami,1,0,"",""
ball,2,27.2,England,JC Buttler,JWA Taylor,Mohammed Shami,1,0,"",""
ball,2,27.3,England,JWA Taylor,JC Buttler,Mohammed Shami,0,0,"",""
ball,2,27.4,England,JWA Taylor,JC Buttler,Mohammed Shami,1,0,"",""
ball,2,27.5,England,JC Buttler,JWA Taylor,Mohammed Shami,1,0,"",""
ball,2,27.6,England,JWA Taylor,JC Buttler,Mohammed Shami,1,0,"",""
ball,2,28.1,England,JWA Taylor,JC Buttler,AR Patel,0,0,"",""
ball,2,28.2,England,JWA Taylor,JC Buttler,AR Patel,2,0,"",""
ball,2,28.3,England,JWA Taylor,JC Buttler,AR Patel,1,0,"",""
ball,2,28.4,England,JC Buttler,JWA Taylor,AR Patel,2,0,"",""
ball,2,28.5,England,JC Buttler,JWA Taylor,AR Patel,0,0,"",""
ball,2,28.6,England,JC Buttler,JWA Taylor,AR Patel,0,0,"",""
ball,2,29.1,England,JWA Taylor,JC Buttler,RA Jadeja,1,0,"",""
ball,2,29.2,England,JC Buttler,JWA Taylor,RA Jadeja,4,0,"",""
ball,2,29.3,England,JC Buttler,JWA Taylor,RA Jadeja,1,0,"",""
ball,2,29.4,England,JWA Taylor,JC Buttler,RA Jadeja,1,0,"",""
ball,2,29.5,England,JC Buttler,JWA Taylor,RA Jadeja,0,0,"",""
ball,2,29.6,England,JC Buttler,JWA Taylor,RA Jadeja,1,0,"",""
ball,2,30.1,England,JC Buttler,JWA Taylor,MM Sharma,1,0,"",""
ball,2,30.2,England,JWA Taylor,JC Buttler,MM Sharma,1,0,"",""
ball,2,30.3,England,JC Buttler,JWA Taylor,MM Sharma,0,0,"",""
ball,2,30.4,England,JC Buttler,JWA Taylor,MM Sharma,0,0,"",""
ball,2,30.5,England,JC Buttler,JWA Taylor,MM Sharma,4,0,"",""
ball,2,30.6,England,JC Buttler,JWA Taylor,MM Sharma,0,0,"",""
ball,2,31.1,England,JWA Taylor,JC Buttler,RA Jadeja,1,0,"",""
ball,2,31.2,England,JC Buttler,JWA Taylor,RA Jadeja,0,0,"",""
ball,2,31.3,England,JC Buttler,JWA Taylor,RA Jadeja,0,0,"",""
ball,2,31.4,England,JC Buttler,JWA Taylor,RA Jadeja,1,0,"",""
ball,2,31.5,England,JWA Taylor,JC Buttler,RA Jadeja,0,0,"",""
ball,2,31.6,England,JWA Taylor,JC Buttler,RA Jadeja,1,0,"",""
ball,2,32.1,England,JWA Taylor,JC Buttler,MM Sharma,0,0,"",""
ball,2,32.2,England,JWA Taylor,JC Buttler,MM Sharma,1,0,"",""
ball,2,32.3,England,JC Buttler,JWA Taylor,MM Sharma,1,0,"",""
ball,2,32.4,England,JWA Taylor,JC Buttler,MM Sharma,1,0,"",""
ball,2,32.5,England,JC Buttler,JWA Taylor,MM Sharma,0,0,"",""
ball,2,32.6,England,JC Buttler,JWA Taylor,MM Sharma,0,0,"",""
ball,2,33.1,England,JWA Taylor,JC Buttler,RA Jadeja,1,0,"",""
ball,2,33.2,England,JC Buttler,JWA Taylor,RA Jadeja,1,0,"",""
ball,2,33.3,England,JWA Taylor,JC Buttler,RA Jadeja,0,0,"",""
ball,2,33.4,England,JWA Taylor,JC Buttler,RA Jadeja,2,0,"",""
ball,2,33.5,England,JWA Taylor,JC Buttler,RA Jadeja,0,0,"",""
ball,2,33.6,England,JWA Taylor,JC Buttler,RA Jadeja,0,0,"",""
ball,2,34.1,England,JC Buttler,JWA Taylor,AR Patel,1,0,"",""
ball,2,34.2,England,JWA Taylor,JC Buttler,AR Patel,2,0,"",""
ball,2,34.3,England,JWA Taylor,JC Buttler,AR Patel,0,0,"",""
ball,2,34.4,England,JWA Taylor,JC Buttler,AR Patel,1,0,"",""
ball,2,34.5,England,JC Buttler,JWA Taylor,AR Patel,1,0,"",""
ball,2,34.6,England,JWA Taylor,JC Buttler,AR Patel,1,0,"",""
ball,2,35.1,England,JWA Taylor,JC Buttler,Mohammed Shami,1,0,"",""
ball,2,35.2,England,JC Buttler,JWA Taylor,Mohammed Shami,0,0,"",""
ball,2,35.3,England,JC Buttler,JWA Taylor,Mohammed Shami,0,0,"",""
ball,2,35.4,England,JC Buttler,JWA Taylor,Mohammed Shami,0,0,"",""
ball,2,35.5,England,JC Buttler,JWA Taylor,Mohammed Shami,0,0,"",""
ball,2,35.6,England,JC Buttler,JWA Taylor,Mohammed Shami,0,0,"",""
ball,2,36.1,England,JWA Taylor,JC Buttler,AR Patel,1,0,"",""
ball,2,36.2,England,JC Buttler,JWA Taylor,AR Patel,1,0,"",""
ball,2,36.3,England,JWA Taylor,JC Buttler,AR Patel,0,0,"",""
ball,2,36.4,England,JWA Taylor,JC Buttler,AR Patel,0,0,"",""
ball,2,36.5,England,JWA Taylor,JC Buttler,AR Patel,0,0,"",""
ball,2,36.6,England,JWA Taylor,JC Buttler,AR Patel,1,0,"",""
ball,2,37.1,England,JWA Taylor,JC Buttler,Mohammed Shami,2,0,"",""
ball,2,37.2,England,JWA Taylor,JC Buttler,Mohammed Shami,0,0,"",""
ball,2,37.3,England,JWA Taylor,JC Buttler,Mohammed Shami,1,0,"",""
ball,2,37.4,England,JC Buttler,JWA Taylor,Mohammed Shami,0,0,"",""
ball,2,37.5,England,JC Buttler,JWA Taylor,Mohammed Shami,0,0,"",""
ball,2,37.6,England,JC Buttler,JWA Taylor,Mohammed Shami,0,0,"",""
ball,2,38.1,England,JWA Taylor,JC Buttler,AR Patel,0,0,"",""
ball,2,38.2,England,JWA Taylor,JC Buttler,AR Patel,0,0,"",""
ball,2,38.3,England,JWA Taylor,JC Buttler,AR Patel,0,0,"",""
ball,2,38.4,England,JWA Taylor,JC Buttler,AR Patel,4,0,"",""
ball,2,38.5,England,JWA Taylor,JC Buttler,AR Patel,2,0,"",""
ball,2,38.6,England,JWA Taylor,JC Buttler,AR Patel,0,0,"",""
ball,2,39.1,England,JC Buttler,JWA Taylor,MM Sharma,0,0,"",""
ball,2,39.2,England,JC Buttler,JWA Taylor,MM Sharma,4,0,"",""
ball,2,39.3,England,JC Buttler,JWA Taylor,MM Sharma,4,0,"",""
ball,2,39.4,England,JC Buttler,JWA Taylor,MM Sharma,0,0,"",""
ball,2,39.5,England,JC Buttler,JWA Taylor,MM Sharma,0,0,"",""
ball,2,39.6,England,JC Buttler,JWA Taylor,MM Sharma,1,0,"",""
ball,2,40.1,England,JC Buttler,JWA Taylor,RA Jadeja,2,0,"",""
ball,2,40.2,England,JC Buttler,JWA Taylor,RA Jadeja,1,0,"",""
ball,2,40.3,England,JWA Taylor,JC Buttler,RA Jadeja,1,0,"",""
ball,2,40.4,England,JC Buttler,JWA Taylor,RA Jadeja,1,0,"",""
ball,2,40.5,England,JWA Taylor,JC Buttler,RA Jadeja,4,0,"",""
ball,2,40.6,England,JWA Taylor,JC Buttler,RA Jadeja,1,0,"",""
ball,2,41.1,England,JWA Taylor,JC Buttler,MM Sharma,1,0,"",""
ball,2,41.2,England,JC Buttler,JWA Taylor,MM Sharma,1,0,"",""
ball,2,41.3,England,JWA Taylor,JC Buttler,MM Sharma,1,0,"",""
ball,2,41.4,England,JC Buttler,JWA Taylor,MM Sharma,1,0,"",""
ball,2,41.5,England,JWA Taylor,JC Buttler,MM Sharma,1,0,"",""
ball,2,41.6,England,JC Buttler,JWA Taylor,MM Sharma,0,0,"",""
ball,2,42.1,England,JWA Taylor,JC Buttler,RA Jadeja,0,0,"",""
ball,2,42.2,England,JWA Taylor,JC Buttler,RA Jadeja,2,0,"",""
ball,2,42.3,England,JWA Taylor,JC Buttler,RA Jadeja,1,0,"",""
ball,2,42.4,England,JC Buttler,JWA Taylor,RA Jadeja,4,0,"",""
ball,2,42.5,England,JC Buttler,JWA Taylor,RA Jadeja,5,0,"",""
ball,2,42.6,England,JWA Taylor,JC Buttler,RA Jadeja,1,0,"",""
ball,2,43.1,England,JWA Taylor,JC Buttler,MM Sharma,0,0,"",""
ball,2,43.2,England,JWA Taylor,JC Buttler,MM Sharma,0,0,caught,JWA Taylor
ball,2,43.3,England,JC Buttler,CR Woakes,MM Sharma,0,0,"",""
ball,2,43.4,England,JC Buttler,CR Woakes,MM Sharma,0,0,"",""
ball,2,43.5,England,JC Buttler,CR Woakes,MM Sharma,0,0,"",""
ball,2,43.6,England,JC Buttler,CR Woakes,MM Sharma,0,0,"",""
ball,2,44.1,England,CR Woakes,JC Buttler,AR Patel,0,0,"",""
ball,2,44.2,England,CR Woakes,JC Buttler,AR Patel,0,0,"",""
ball,2,44.3,England,CR Woakes,JC Buttler,AR Patel,0,0,"",""
ball,2,44.4,England,CR Woakes,JC Buttler,AR Patel,1,0,"",""
ball,2,44.5,England,JC Buttler,CR Woakes,AR Patel,0,0,"",""
ball,2,44.6,England,JC Buttler,CR Woakes,AR Patel,1,0,"",""
ball,2,45.1,England,JC Buttler,CR Woakes,Mohammed Shami,0,0,"",""
ball,2,45.2,England,JC Buttler,CR Woakes,Mohammed Shami,0,0,caught,JC Buttler
ball,2,45.3,England,SCJ Broad,CR Woakes,Mohammed Shami,0,0,"",""
ball,2,45.4,England,SCJ Broad,CR Woakes,Mohammed Shami,0,0,"",""
ball,2,45.5,England,SCJ Broad,CR Woakes,Mohammed Shami,0,1,"",""
ball,2,45.6,England,SCJ Broad,CR Woakes,Mohammed Shami,1,0,"",""
ball,2,45.7,England,CR Woakes,SCJ Broad,Mohammed Shami,1,0,"",""
ball,2,46.1,England,CR Woakes,SCJ Broad,RA Jadeja,1,0,"",""
ball,2,46.2,England,SCJ Broad,CR Woakes,RA Jadeja,1,0,"",""
ball,2,46.3,England,CR Woakes,SCJ Broad,RA Jadeja,0,0,"",""
ball,2,46.4,England,CR Woakes,SCJ Broad,RA Jadeja,1,0,"",""
ball,2,46.5,England,SCJ Broad,CR Woakes,RA Jadeja,1,0,"",""
ball,2,46.6,England,CR Woakes,SCJ Broad,RA Jadeja,0,1,"",""
