version,1.3.0
info,team,Pakistan
info,team,Zimbabwe
info,gender,male
info,season,2015
info,date,2015/05/26
info,series,Zimbabwe in Pakistan ODI Series
info,match_number,1
info,venue,Gaddafi Stadium
info,city,Lahore
info,toss_winner,Pakistan
info,toss_decision,bat
info,player_of_match,Shoaib Malik
info,umpire,Aleem Dar
info,umpire,RB Tiffin
info,reserve_umpire,Shozab Raza
info,tv_umpire,Ahmed Shahab
info,match_referee,Azhar Khan
info,winner,Pakistan
info,winner_runs,41
ball,1,0.1,Pakistan,Mohammad Hafeez,Azhar Ali,T Panyangara,0,0,"",""
ball,1,0.2,Pakistan,Mohammad Hafeez,Azhar Ali,T Panyangara,0,0,"",""
ball,1,0.3,Pakistan,Mohammad Hafeez,Azhar Ali,T Panyangara,0,0,"",""
ball,1,0.4,Pakistan,Mohammad Hafeez,Azhar Ali,T Panyangara,1,0,"",""
ball,1,0.5,Pakistan,Azhar Ali,Mohammad Hafeez,T Panyangara,0,0,"",""
ball,1,0.6,Pakistan,Azhar Ali,Mohammad Hafeez,T Panyangara,0,0,"",""
ball,1,1.1,Pakistan,Mohammad Hafeez,Azhar Ali,BV Vitori,0,0,"",""
ball,1,1.2,Pakistan,Mohammad Hafeez,Azhar Ali,BV Vitori,0,0,"",""
ball,1,1.3,Pakistan,Mohammad Hafeez,Azhar Ali,BV Vitori,1,0,"",""
ball,1,1.4,Pakistan,Azhar Ali,Mohammad Hafeez,BV Vitori,2,0,"",""
ball,1,1.5,Pakistan,Azhar Ali,Mohammad Hafeez,BV Vitori,2,0,"",""
ball,1,1.6,Pakistan,Azhar Ali,Mohammad Hafeez,BV Vitori,0,0,"",""
ball,1,2.1,Pakistan,Mohammad Hafeez,Azhar Ali,T Panyangara,1,0,"",""
ball,1,2.2,Pakistan,Azhar Ali,Mohammad Hafeez,T Panyangara,0,0,"",""
ball,1,2.3,Pakistan,Azhar Ali,Mohammad Hafeez,T Panyangara,0,0,"",""
ball,1,2.4,Pakistan,Azhar Ali,Mohammad Hafeez,T Panyangara,0,0,"",""
ball,1,2.5,Pakistan,Azhar Ali,Mohammad Hafeez,T Panyangara,0,0,"",""
ball,1,2.6,Pakistan,Azhar Ali,Mohammad Hafeez,T Panyangara,0,0,"",""
ball,1,3.1,Pakistan,Mohammad Hafeez,Azhar Ali,BV Vitori,0,0,"",""
ball,1,3.2,Pakistan,Mohammad Hafeez,Azhar Ali,BV Vitori,0,0,"",""
ball,1,3.3,Pakistan,Mohammad Hafeez,Azhar Ali,BV Vitori,0,0,"",""
ball,1,3.4,Pakistan,Mohammad Hafeez,Azhar Ali,BV Vitori,0,0,"",""
ball,1,3.5,Pakistan,Mohammad Hafeez,Azhar Ali,BV Vitori,0,0,"",""
ball,1,3.6,Pakistan,Mohammad Hafeez,Azhar Ali,BV Vitori,0,0,"",""
ball,1,4.1,Pakistan,Azhar Ali,Mohammad Hafeez,T Panyangara,1,0,"",""
ball,1,4.2,Pakistan,Mohammad Hafeez,Azhar Ali,T Panyangara,0,0,"",""
ball,1,4.3,Pakistan,Mohammad Hafeez,Azhar Ali,T Panyangara,0,0,"",""
ball,1,4.4,Pakistan,Mohammad Hafeez,Azhar Ali,T Panyangara,0,0,"",""
ball,1,4.5,Pakistan,Mohammad Hafeez,Azhar Ali,T Panyangara,0,0,"",""
ball,1,4.6,Pakistan,Mohammad Hafeez,Azhar Ali,T Panyangara,0,0,"",""
ball,1,5.1,Pakistan,Azhar Ali,Mohammad Hafeez,BV Vitori,0,0,"",""
ball,1,5.2,Pakistan,Azhar Ali,Mohammad Hafeez,BV Vitori,3,0,"",""
ball,1,5.3,Pakistan,Mohammad Hafeez,Azhar Ali,BV Vitori,1,0,"",""
ball,1,5.4,Pakistan,Azhar Ali,Mohammad Hafeez,BV Vitori,4,0,"",""
ball,1,5.5,Pakistan,Azhar Ali,Mohammad Hafeez,BV Vitori,1,0,"",""
ball,1,5.6,Pakistan,Mohammad Hafeez,Azhar Ali,BV Vitori,0,0,"",""
ball,1,6.1,Pakistan,Azhar Ali,Mohammad Hafeez,T Panyangara,0,0,"",""
ball,1,6.2,Pakistan,Azhar Ali,Mohammad Hafeez,T Panyangara,0,0,"",""
ball,1,6.3,Pakistan,Azhar Ali,Mohammad Hafeez,T Panyangara,4,0,"",""
ball,1,6.4,Pakistan,Azhar Ali,Mohammad Hafeez,T Panyangara,0,0,"",""
ball,1,6.5,Pakistan,Azhar Ali,Mohammad Hafeez,T Panyangara,0,0,"",""
ball,1,6.6,Pakistan,Azhar Ali,Mohammad Hafeez,T Panyangara,0,0,"",""
ball,1,7.1,Pakistan,Mohammad Hafeez,Azhar Ali,BV Vitori,0,0,"",""
ball,1,7.2,Pakistan,Mohammad Hafeez,Azhar Ali,BV Vitori,0,0,"",""
ball,1,7.3,Pakistan,Mohammad Hafeez,Azhar Ali,BV Vitori,1,0,"",""
ball,1,7.4,Pakistan,Azhar Ali,Mohammad Hafeez,BV Vitori,0,0,"",""
ball,1,7.5,Pakistan,Azhar Ali,Mohammad Hafeez,BV Vitori,0,0,"",""
ball,1,7.6,Pakistan,Azhar Ali,Mohammad Hafeez,BV Vitori,4,0,"",""
ball,1,8.1,Pakistan,Mohammad Hafeez,Azhar Ali,T Panyangara,4,0,"",""
ball,1,8.2,Pakistan,Mohammad Hafeez,Azhar Ali,T Panyangara,6,0,"",""
ball,1,8.3,Pakistan,Mohammad Hafeez,Azhar Ali,T Panyangara,0,0,"",""
ball,1,8.4,Pakistan,Mohammad Hafeez,Azhar Ali,T Panyangara,0,0,"",""
ball,1,8.5,Pakistan,Mohammad Hafeez,Azhar Ali,T Panyangara,0,0,"",""
ball,1,8.6,Pakistan,Mohammad Hafeez,Azhar Ali,T Panyangara,0,0,"",""
ball,1,9.1,Pakistan,Azhar Ali,Mohammad Hafeez,CB Mpofu,0,1,"",""
ball,1,9.2,Pakistan,Azhar Ali,Mohammad Hafeez,CB Mpofu,4,0,"",""
ball,1,9.3,Pakistan,Azhar Ali,Mohammad Hafeez,CB Mpofu,4,0,"",""
ball,1,9.4,Pakistan,Azhar Ali,Mohammad Hafeez,CB Mpofu,0,0,"",""
ball,1,9.5,Pakistan,Azhar Ali,Mohammad Hafeez,CB Mpofu,0,0,"",""
ball,1,9.6,Pakistan,Azhar Ali,Mohammad Hafeez,CB Mpofu,0,0,"",""
ball,1,9.7,Pakistan,Azhar Ali,Mohammad Hafeez,CB Mpofu,2,0,"",""
ball,1,10.1,Pakistan,Mohammad Hafeez,Azhar Ali,SC Williams,1,0,"",""
ball,1,10.2,Pakistan,Azhar Ali,Mohammad Hafeez,SC Williams,1,0,"",""
ball,1,10.3,Pakistan,Mohammad Hafeez,Azhar Ali,SC Williams,4,0,"",""
ball,1,10.4,Pakistan,Mohammad Hafeez,Azhar Ali,SC Williams,0,0,"",""
ball,1,10.5,Pakistan,Mohammad Hafeez,Azhar Ali,SC Williams,1,0,"",""
ball,1,10.6,Pakistan,Azhar Ali,Mohammad Hafeez,SC Williams,0,0,"",""
ball,1,11.1,Pakistan,Mohammad Hafeez,Azhar Ali,CB Mpofu,0,0,"",""
ball,1,11.2,Pakistan,Mohammad Hafeez,Azhar Ali,CB Mpofu,1,0,"",""
ball,1,11.3,Pakistan,Azhar Ali,Mohammad Hafeez,CB Mpofu,0,0,"",""
ball,1,11.4,Pakistan,Azhar Ali,Mohammad Hafeez,CB Mpofu,1,0,"",""
ball,1,11.5,Pakistan,Mohammad Hafeez,Azhar Ali,CB Mpofu,0,0,"",""
ball,1,11.6,Pakistan,Mohammad Hafeez,Azhar Ali,CB Mpofu,0,0,"",""
ball,1,12.1,Pakistan,Azhar Ali,Mohammad Hafeez,SC Williams,0,0,"",""
ball,1,12.2,Pakistan,Azhar Ali,Mohammad Hafeez,SC Williams,1,0,"",""
ball,1,12.3,Pakistan,Mohammad Hafeez,Azhar Ali,SC Williams,1,0,"",""
ball,1,12.4,Pakistan,Azhar Ali,Mohammad Hafeez,SC Williams,1,0,"",""
ball,1,12.5,Pakistan,Mohammad Hafeez,Azhar Ali,SC Williams,1,0,"",""
ball,1,12.6,Pakistan,Azhar Ali,Mohammad Hafeez,SC Williams,0,0,"",""
ball,1,13.1,Pakistan,Mohammad Hafeez,Azhar Ali,CB Mpofu,1,0,"",""
ball,1,13.2,Pakistan,Azhar Ali,Mohammad Hafeez,CB Mpofu,0,1,"",""
ball,1,13.3,Pakistan,Azhar Ali,Mohammad Hafeez,CB Mpofu,0,0,"",""
ball,1,13.4,Pakistan,Azhar Ali,Mohammad Hafeez,CB Mpofu,0,0,"",""
ball,1,13.5,Pakistan,Azhar Ali,Mohammad Hafeez,CB Mpofu,0,0,"",""
ball,1,13.6,Pakistan,Azhar Ali,Mohammad Hafeez,CB Mpofu,4,0,"",""
ball,1,13.7,Pakistan,Azhar Ali,Mohammad Hafeez,CB Mpofu,4,0,"",""
ball,1,14.1,Pakistan,Mohammad Hafeez,Azhar Ali,SC Williams,6,0,"",""
ball,1,14.2,Pakistan,Mohammad Hafeez,Azhar Ali,SC Williams,1,0,"",""
ball,1,14.3,Pakistan,Azhar Ali,Mohammad Hafeez,SC Williams,1,0,"",""
ball,1,14.4,Pakistan,Mohammad Hafeez,Azhar Ali,SC Williams,0,0,"",""
ball,1,14.5,Pakistan,Mohammad Hafeez,Azhar Ali,SC Williams,4,0,"",""
ball,1,14.6,Pakistan,Mohammad Hafeez,Azhar Ali,SC Williams,1,0,"",""
ball,1,15.1,Pakistan,Mohammad Hafeez,Azhar Ali,P Utseya,1,0,"",""
ball,1,15.2,Pakistan,Azhar Ali,Mohammad Hafeez,P Utseya,0,0,"",""
ball,1,15.3,Pakistan,Azhar Ali,Mohammad Hafeez,P Utseya,0,0,"",""
ball,1,15.4,Pakistan,Azhar Ali,Mohammad Hafeez,P Utseya,0,4,"",""
ball,1,15.5,Pakistan,Azhar Ali,Mohammad Hafeez,P Utseya,0,0,"",""
ball,1,15.6,Pakistan,Azhar Ali,Mohammad Hafeez,P Utseya,1,0,"",""
ball,1,16.1,Pakistan,Azhar Ali,Mohammad Hafeez,BV Vitori,0,0,"",""
ball,1,16.2,Pakistan,Azhar Ali,Mohammad Hafeez,BV Vitori,4,0,"",""
ball,1,16.3,Pakistan,Azhar Ali,Mohammad Hafeez,BV Vitori,0,0,"",""
ball,1,16.4,Pakistan,Azhar Ali,Mohammad Hafeez,BV Vitori,0,0,"",""
ball,1,16.5,Pakistan,Azhar Ali,Mohammad Hafeez,BV Vitori,0,0,"",""
ball,1,16.6,Pakistan,Azhar Ali,Mohammad Hafeez,BV Vitori,1,0,"",""
ball,1,17.1,Pakistan,Azhar Ali,Mohammad Hafeez,P Utseya,1,0,"",""
ball,1,17.2,Pakistan,Mohammad Hafeez,Azhar Ali,P Utseya,0,0,"",""
ball,1,17.3,Pakistan,Mohammad Hafeez,Azhar Ali,P Utseya,0,0,"",""
ball,1,17.4,Pakistan,Mohammad Hafeez,Azhar Ali,P Utseya,0,0,"",""
ball,1,17.5,Pakistan,Mohammad Hafeez,Azhar Ali,P Utseya,0,0,"",""
ball,1,17.6,Pakistan,Mohammad Hafeez,Azhar Ali,P Utseya,1,0,"",""
ball,1,18.1,Pakistan,Mohammad Hafeez,Azhar Ali,BV Vitori,4,0,"",""
ball,1,18.2,Pakistan,Mohammad Hafeez,Azhar Ali,BV Vitori,1,0,"",""
ball,1,18.3,Pakistan,Azhar Ali,Mohammad Hafeez,BV Vitori,0,0,"",""
ball,1,18.4,Pakistan,Azhar Ali,Mohammad Hafeez,BV Vitori,1,0,"",""
ball,1,18.5,Pakistan,Mohammad Hafeez,Azhar Ali,BV Vitori,1,0,"",""
ball,1,18.6,Pakistan,Azhar Ali,Mohammad Hafeez,BV Vitori,0,0,"",""
ball,1,19.1,Pakistan,Mohammad Hafeez,Azhar Ali,P Utseya,1,0,"",""
ball,1,19.2,Pakistan,Azhar Ali,Mohammad Hafeez,P Utseya,6,0,"",""
ball,1,19.3,Pakistan,Azhar Ali,Mohammad Hafeez,P Utseya,1,0,"",""
ball,1,19.4,Pakistan,Mohammad Hafeez,Azhar Ali,P Utseya,1,0,"",""
ball,1,19.5,Pakistan,Azhar Ali,Mohammad Hafeez,P Utseya,1,0,"",""
ball,1,19.6,Pakistan,Mohammad Hafeez,Azhar Ali,P Utseya,1,0,"",""
ball,1,20.1,Pakistan,Mohammad Hafeez,Azhar Ali,SC Williams,2,0,"",""
ball,1,20.2,Pakistan,Mohammad Hafeez,Azhar Ali,SC Williams,1,0,"",""
ball,1,20.3,Pakistan,Azhar Ali,Mohammad Hafeez,SC Williams,1,0,"",""
ball,1,20.4,Pakistan,Mohammad Hafeez,Azhar Ali,SC Williams,4,0,"",""
ball,1,20.5,Pakistan,Mohammad Hafeez,Azhar Ali,SC Williams,0,0,"",""
ball,1,20.6,Pakistan,Mohammad Hafeez,Azhar Ali,SC Williams,1,0,"",""
ball,1,21.1,Pakistan,Mohammad Hafeez,Azhar Ali,P Utseya,4,0,"",""
ball,1,21.2,Pakistan,Mohammad Hafeez,Azhar Ali,P Utseya,4,0,"",""
ball,1,21.3,Pakistan,Mohammad Hafeez,Azhar Ali,P Utseya,1,0,"",""
ball,1,21.4,Pakistan,Azhar Ali,Mohammad Hafeez,P Utseya,1,0,"",""
ball,1,21.5,Pakistan,Mohammad Hafeez,Azhar Ali,P Utseya,1,0,"",""
ball,1,21.6,Pakistan,Azhar Ali,Mohammad Hafeez,P Utseya,1,0,"",""
ball,1,22.1,Pakistan,Azhar Ali,Mohammad Hafeez,Sikandar Raza,1,0,"",""
ball,1,22.2,Pakistan,Mohammad Hafeez,Azhar Ali,Sikandar Raza,1,0,"",""
ball,1,22.3,Pakistan,Azhar Ali,Mohammad Hafeez,Sikandar Raza,6,0,"",""
ball,1,22.4,Pakistan,Azhar Ali,Mohammad Hafeez,Sikandar Raza,0,0,"",""
ball,1,22.5,Pakistan,Azhar Ali,Mohammad Hafeez,Sikandar Raza,1,0,"",""
ball,1,22.6,Pakistan,Mohammad Hafeez,Azhar Ali,Sikandar Raza,0,0,"",""
ball,1,23.1,Pakistan,Azhar Ali,Mohammad Hafeez,P Utseya,1,0,"",""
ball,1,23.2,Pakistan,Mohammad Hafeez,Azhar Ali,P Utseya,0,0,"",""
ball,1,23.3,Pakistan,Mohammad Hafeez,Azhar Ali,P Utseya,0,0,"",""
ball,1,23.4,Pakistan,Mohammad Hafeez,Azhar Ali,P Utseya,1,0,"",""
ball,1,23.5,Pakistan,Azhar Ali,Mohammad Hafeez,P Utseya,1,0,"",""
ball,1,23.6,Pakistan,Mohammad Hafeez,Azhar Ali,P Utseya,0,0,"",""
ball,1,24.1,Pakistan,Azhar Ali,Mohammad Hafeez,Sikandar Raza,1,0,"",""
ball,1,24.2,Pakistan,Mohammad Hafeez,Azhar Ali,Sikandar Raza,6,0,"",""
ball,1,24.3,Pakistan,Mohammad Hafeez,Azhar Ali,Sikandar Raza,6,0,"",""
ball,1,24.4,Pakistan,Mohammad Hafeez,Azhar Ali,Sikandar Raza,0,0,"",""
ball,1,24.5,Pakistan,Mohammad Hafeez,Azhar Ali,Sikandar Raza,0,0,"",""
ball,1,24.6,Pakistan,Mohammad Hafeez,Azhar Ali,Sikandar Raza,0,0,"",""
ball,1,25.1,Pakistan,Azhar Ali,Mohammad Hafeez,P Utseya,4,0,"",""
ball,1,25.2,Pakistan,Azhar Ali,Mohammad Hafeez,P Utseya,0,0,"",""
ball,1,25.3,Pakistan,Azhar Ali,Mohammad Hafeez,P Utseya,1,0,"",""
ball,1,25.4,Pakistan,Mohammad Hafeez,Azhar Ali,P Utseya,4,0,"",""
ball,1,25.5,Pakistan,Mohammad Hafeez,Azhar Ali,P Utseya,1,0,"",""
ball,1,25.6,Pakistan,Azhar Ali,Mohammad Hafeez,P Utseya,0,0,caught,Azhar Ali
ball,1,26.1,Pakistan,Shoaib Malik,Mohammad Hafeez,CB Mpofu,0,0,"",""
ball,1,26.2,Pakistan,Shoaib Malik,Mohammad Hafeez,CB Mpofu,0,0,"",""
ball,1,26.3,Pakistan,Shoaib Malik,Mohammad Hafeez,CB Mpofu,3,0,"",""
ball,1,26.4,Pakistan,Mohammad Hafeez,Shoaib Malik,CB Mpofu,0,0,"",""
ball,1,26.5,Pakistan,Mohammad Hafeez,Shoaib Malik,CB Mpofu,1,0,"",""
ball,1,26.6,Pakistan,Shoaib Malik,Mohammad Hafeez,CB Mpofu,0,0,"",""
ball,1,27.1,Pakistan,Mohammad Hafeez,Shoaib Malik,P Utseya,0,0,bowled,Mohammad Hafeez
ball,1,27.2,Pakistan,Haris Sohail,Shoaib Malik,P Utseya,0,0,"",""
ball,1,27.3,Pakistan,Haris Sohail,Shoaib Malik,P Utseya,1,0,"",""
ball,1,27.4,Pakistan,Shoaib Malik,Haris Sohail,P Utseya,0,0,"",""
ball,1,27.5,Pakistan,Shoaib Malik,Haris Sohail,P Utseya,1,0,"",""
ball,1,27.6,Pakistan,Haris Sohail,Shoaib Malik,P Utseya,1,0,"",""
ball,1,28.1,Pakistan,Haris Sohail,Shoaib Malik,CB Mpofu,0,1,"",""
ball,1,28.2,Pakistan,Haris Sohail,Shoaib Malik,CB Mpofu,0,0,"",""
ball,1,28.3,Pakistan,Haris Sohail,Shoaib Malik,CB Mpofu,1,0,"",""
ball,1,28.4,Pakistan,Shoaib Malik,Haris Sohail,CB Mpofu,1,0,"",""
ball,1,28.5,Pakistan,Haris Sohail,Shoaib Malik,CB Mpofu,1,0,"",""
ball,1,28.6,Pakistan,Shoaib Malik,Haris Sohail,CB Mpofu,0,0,"",""
ball,1,28.7,Pakistan,Shoaib Malik,Haris Sohail,CB Mpofu,0,0,"",""
ball,1,29.1,Pakistan,Haris Sohail,Shoaib Malik,P Utseya,1,0,"",""
ball,1,29.2,Pakistan,Shoaib Malik,Haris Sohail,P Utseya,0,0,"",""
ball,1,29.3,Pakistan,Shoaib Malik,Haris Sohail,P Utseya,0,0,"",""
ball,1,29.4,Pakistan,Shoaib Malik,Haris Sohail,P Utseya,1,0,"",""
ball,1,29.5,Pakistan,Haris Sohail,Shoaib Malik,P Utseya,1,0,"",""
ball,1,29.6,Pakistan,Shoaib Malik,Haris Sohail,P Utseya,1,0,"",""
ball,1,30.1,Pakistan,Shoaib Malik,Haris Sohail,Sikandar Raza,1,0,"",""
ball,1,30.2,Pakistan,Haris Sohail,Shoaib Malik,Sikandar Raza,0,0,"",""
ball,1,30.3,Pakistan,Haris Sohail,Shoaib Malik,Sikandar Raza,0,0,"",""
ball,1,30.4,Pakistan,Haris Sohail,Shoaib Malik,Sikandar Raza,1,0,"",""
ball,1,30.5,Pakistan,Shoaib Malik,Haris Sohail,Sikandar Raza,1,0,"",""
ball,1,30.6,Pakistan,Haris Sohail,Shoaib Malik,Sikandar Raza,0,0,"",""
ball,1,31.1,Pakistan,Shoaib Malik,Haris Sohail,P Utseya,0,0,"",""
ball,1,31.2,Pakistan,Shoaib Malik,Haris Sohail,P Utseya,0,0,"",""
ball,1,31.3,Pakistan,Shoaib Malik,Haris Sohail,P Utseya,1,0,"",""
ball,1,31.4,Pakistan,Haris Sohail,Shoaib Malik,P Utseya,4,0,"",""
ball,1,31.5,Pakistan,Haris Sohail,Shoaib Malik,P Utseya,1,0,"",""
ball,1,31.6,Pakistan,Shoaib Malik,Haris Sohail,P Utseya,0,0,"",""
ball,1,32.1,Pakistan,Haris Sohail,Shoaib Malik,Sikandar Raza,2,0,"",""
ball,1,32.2,Pakistan,Haris Sohail,Shoaib Malik,Sikandar Raza,1,0,"",""
ball,1,32.3,Pakistan,Shoaib Malik,Haris Sohail,Sikandar Raza,0,0,"",""
ball,1,32.4,Pakistan,Shoaib Malik,Haris Sohail,Sikandar Raza,6,0,"",""
ball,1,32.5,Pakistan,Shoaib Malik,Haris Sohail,Sikandar Raza,1,0,"",""
ball,1,32.6,Pakistan,Haris Sohail,Shoaib Malik,Sikandar Raza,1,0,"",""
ball,1,33.1,Pakistan,Haris Sohail,Shoaib Malik,P Utseya,1,0,"",""
ball,1,33.2,Pakistan,Shoaib Malik,Haris Sohail,P Utseya,1,0,"",""
ball,1,33.3,Pakistan,Haris Sohail,Shoaib Malik,P Utseya,0,0,"",""
ball,1,33.4,Pakistan,Haris Sohail,Shoaib Malik,P Utseya,4,0,"",""
ball,1,33.5,Pakistan,Haris Sohail,Shoaib Malik,P Utseya,1,0,"",""
ball,1,33.6,Pakistan,Shoaib Malik,Haris Sohail,P Utseya,3,0,"",""
ball,1,34.1,Pakistan,Shoaib Malik,Haris Sohail,Sikandar Raza,4,0,"",""
ball,1,34.2,Pakistan,Shoaib Malik,Haris Sohail,Sikandar Raza,1,0,"",""
ball,1,34.3,Pakistan,Haris Sohail,Shoaib Malik,Sikandar Raza,0,0,"",""
ball,1,34.4,Pakistan,Haris Sohail,Shoaib Malik,Sikandar Raza,1,0,"",""
ball,1,34.5,Pakistan,Shoaib Malik,Haris Sohail,Sikandar Raza,1,0,"",""
ball,1,34.6,Pakistan,Haris Sohail,Shoaib Malik,Sikandar Raza,0,0,"",""
ball,1,35.1,Pakistan,Shoaib Malik,Haris Sohail,CB Mpofu,0,0,"",""
ball,1,35.2,Pakistan,Shoaib Malik,Haris Sohail,CB Mpofu,1,0,"",""
ball,1,35.3,Pakistan,Haris Sohail,Shoaib Malik,CB Mpofu,1,0,"",""
ball,1,35.4,Pakistan,Shoaib Malik,Haris Sohail,CB Mpofu,1,0,"",""
ball,1,35.5,Pakistan,Haris Sohail,Shoaib Malik,CB Mpofu,1,0,"",""
ball,1,35.6,Pakistan,Shoaib Malik,Haris Sohail,CB Mpofu,1,0,"",""
ball,1,36.1,Pakistan,Shoaib Malik,Haris Sohail,T Panyangara,4,0,"",""
ball,1,36.2,Pakistan,Shoaib Malik,Haris Sohail,T Panyangara,4,0,"",""
ball,1,36.3,Pakistan,Shoaib Malik,Haris Sohail,T Panyangara,1,0,"",""
ball,1,36.4,Pakistan,Haris Sohail,Shoaib Malik,T Panyangara,1,0,"",""
ball,1,36.5,Pakistan,Shoaib Malik,Haris Sohail,T Panyangara,2,0,"",""
ball,1,36.6,Pakistan,Shoaib Malik,Haris Sohail,T Panyangara,0,0,"",""
ball,1,37.1,Pakistan,Haris Sohail,Shoaib Malik,CB Mpofu,1,0,"",""
ball,1,37.2,Pakistan,Shoaib Malik,Haris Sohail,CB Mpofu,0,0,"",""
ball,1,37.3,Pakistan,Shoaib Malik,Haris Sohail,CB Mpofu,2,0,"",""
ball,1,37.4,Pakistan,Shoaib Malik,Haris Sohail,CB Mpofu,1,0,"",""
ball,1,37.5,Pakistan,Haris Sohail,Shoaib Malik,CB Mpofu,1,0,"",""
ball,1,37.6,Pakistan,Shoaib Malik,Haris Sohail,CB Mpofu,1,0,"",""
ball,1,38.1,Pakistan,Shoaib Malik,Haris Sohail,T Panyangara,0,0,"",""
ball,1,38.2,Pakistan,Shoaib Malik,Haris Sohail,T Panyangara,1,0,"",""
ball,1,38.3,Pakistan,Haris Sohail,Shoaib Malik,T Panyangara,0,0,"",""
ball,1,38.4,Pakistan,Haris Sohail,Shoaib Malik,T Panyangara,1,0,"",""
ball,1,38.5,Pakistan,Shoaib Malik,Haris Sohail,T Panyangara,4,0,"",""
ball,1,38.6,Pakistan,Shoaib Malik,Haris Sohail,T Panyangara,4,0,"",""
ball,1,39.1,Pakistan,Haris Sohail,Shoaib Malik,BV Vitori,0,0,"",""
ball,1,39.2,Pakistan,Haris Sohail,Shoaib Malik,BV Vitori,2,0,"",""
ball,1,39.3,Pakistan,Haris Sohail,Shoaib Malik,BV Vitori,4,0,"",""
ball,1,39.4,Pakistan,Haris Sohail,Shoaib Malik,BV Vitori,0,0,"",""
ball,1,39.5,Pakistan,Haris Sohail,Shoaib Malik,BV Vitori,1,0,"",""
ball,1,39.6,Pakistan,Shoaib Malik,Haris Sohail,BV Vitori,1,0,"",""
ball,1,40.1,Pakistan,Shoaib Malik,Haris Sohail,T Panyangara,4,0,"",""
ball,1,40.2,Pakistan,Shoaib Malik,Haris Sohail,T Panyangara,4,0,"",""
ball,1,40.3,Pakistan,Shoaib Malik,Haris Sohail,T Panyangara,1,0,"",""
ball,1,40.4,Pakistan,Haris Sohail,Shoaib Malik,T Panyangara,0,0,"",""
ball,1,40.5,Pakistan,Haris Sohail,Shoaib Malik,T Panyangara,2,1,"",""
ball,1,40.6,Pakistan,Haris Sohail,Shoaib Malik,T Panyangara,2,0,"",""
ball,1,40.7,Pakistan,Haris Sohail,Shoaib Malik,T Panyangara,1,0,"",""
ball,1,41.1,Pakistan,Haris Sohail,Shoaib Malik,SC Williams,1,0,"",""
ball,1,41.2,Pakistan,Shoaib Malik,Haris Sohail,SC Williams,4,0,"",""
ball,1,41.3,Pakistan,Shoaib Malik,Haris Sohail,SC Williams,0,0,"",""
ball,1,41.4,Pakistan,Shoaib Malik,Haris Sohail,SC Williams,2,0,"",""
ball,1,41.5,Pakistan,Shoaib Malik,Haris Sohail,SC Williams,1,0,"",""
ball,1,41.6,Pakistan,Haris Sohail,Shoaib Malik,SC Williams,1,0,"",""
ball,1,42.1,Pakistan,Haris Sohail,Shoaib Malik,BV Vitori,1,0,"",""
ball,1,42.2,Pakistan,Shoaib Malik,Haris Sohail,BV Vitori,1,0,"",""
ball,1,42.3,Pakistan,Haris Sohail,Shoaib Malik,BV Vitori,1,0,"",""
ball,1,42.4,Pakistan,Shoaib Malik,Haris Sohail,BV Vitori,4,0,"",""
ball,1,42.5,Pakistan,Shoaib Malik,Haris Sohail,BV Vitori,6,0,"",""
ball,1,42.6,Pakistan,Shoaib Malik,Haris Sohail,BV Vitori,1,0,"",""
ball,1,43.1,Pakistan,Shoaib Malik,Haris Sohail,CB Mpofu,1,0,"",""
ball,1,43.2,Pakistan,Haris Sohail,Shoaib Malik,CB Mpofu,1,0,"",""
ball,1,43.3,Pakistan,Shoaib Malik,Haris Sohail,CB Mpofu,1,0,"",""
ball,1,43.4,Pakistan,Haris Sohail,Shoaib Malik,CB Mpofu,2,0,"",""
ball,1,43.5,Pakistan,Haris Sohail,Shoaib Malik,CB Mpofu,2,0,"",""
ball,1,43.6,Pakistan,Haris Sohail,Shoaib Malik,CB Mpofu,1,0,"",""
ball,1,44.1,Pakistan,Haris Sohail,Shoaib Malik,T Panyangara,1,0,"",""
ball,1,44.2,Pakistan,Shoaib Malik,Haris Sohail,T Panyangara,1,0,"",""
ball,1,44.3,Pakistan,Haris Sohail,Shoaib Malik,T Panyangara,0,0,"",""
ball,1,44.4,Pakistan,Haris Sohail,Shoaib Malik,T Panyangara,4,0,"",""
ball,1,44.5,Pakistan,Haris Sohail,Shoaib Malik,T Panyangara,6,0,"",""
ball,1,44.6,Pakistan,Haris Sohail,Shoaib Malik,T Panyangara,4,0,"",""
ball,1,45.1,Pakistan,Shoaib Malik,Haris Sohail,BV Vitori,0,0,"",""
ball,1,45.2,Pakistan,Shoaib Malik,Haris Sohail,BV Vitori,1,0,"",""
ball,1,45.3,Pakistan,Haris Sohail,Shoaib Malik,BV Vitori,6,0,"",""
ball,1,45.4,Pakistan,Haris Sohail,Shoaib Malik,BV Vitori,4,0,"",""
ball,1,45.5,Pakistan,Haris Sohail,Shoaib Malik,BV Vitori,2,0,"",""
ball,1,45.6,Pakistan,Haris Sohail,Shoaib Malik,BV Vitori,0,1,"",""
ball,1,46.1,Pakistan,Haris Sohail,Shoaib Malik,CB Mpofu,1,0,"",""
ball,1,46.2,Pakistan,Shoaib Malik,Haris Sohail,CB Mpofu,0,0,"",""
ball,1,46.3,Pakistan,Shoaib Malik,Haris Sohail,CB Mpofu,1,0,"",""
ball,1,46.4,Pakistan,Haris Sohail,Shoaib Malik,CB Mpofu,2,0,"",""
ball,1,46.5,Pakistan,Haris Sohail,Shoaib Malik,CB Mpofu,1,0,"",""
ball,1,46.6,Pakistan,Shoaib Malik,Haris Sohail,CB Mpofu,1,0,"",""
ball,1,47.1,Pakistan,Shoaib Malik,Haris Sohail,BV Vitori,1,0,"",""
ball,1,47.2,Pakistan,Haris Sohail,Shoaib Malik,BV Vitori,2,0,"",""
ball,1,47.3,Pakistan,Haris Sohail,Shoaib Malik,BV Vitori,1,0,"",""
ball,1,47.4,Pakistan,Shoaib Malik,Haris Sohail,BV Vitori,2,0,"",""
ball,1,47.5,Pakistan,Shoaib Malik,Haris Sohail,BV Vitori,4,0,"",""
ball,1,47.6,Pakistan,Shoaib Malik,Haris Sohail,BV Vitori,1,0,"",""
ball,1,48.1,Pakistan,Shoaib Malik,Haris Sohail,CB Mpofu,2,0,"",""
ball,1,48.2,Pakistan,Shoaib Malik,Haris Sohail,CB Mpofu,3,0,"",""
ball,1,48.3,Pakistan,Haris Sohail,Shoaib Malik,CB Mpofu,1,0,"",""
ball,1,48.4,Pakistan,Shoaib Malik,Haris Sohail,CB Mpofu,4,0,"",""
ball,1,48.5,Pakistan,Shoaib Malik,Haris Sohail,CB Mpofu,0,0,"",""
ball,1,48.6,Pakistan,Shoaib Malik,Haris Sohail,CB Mpofu,4,0,"",""
ball,1,49.1,Pakistan,Haris Sohail,Shoaib Malik,T Panyangara,1,0,"",""
ball,1,49.2,Pakistan,Shoaib Malik,Haris Sohail,T Panyangara,1,0,"",""
ball,1,49.3,Pakistan,Haris Sohail,Shoaib Malik,T Panyangara,1,0,"",""
ball,1,49.4,Pakistan,Shoaib Malik,Haris Sohail,T Panyangara,1,0,"",""
ball,1,49.5,Pakistan,Haris Sohail,Shoaib Malik,T Panyangara,1,0,"",""
ball,1,49.6,Pakistan,Shoaib Malik,Haris Sohail,T Panyangara,0,0,caught,Shoaib Malik
ball,2,0.1,Zimbabwe,V Sibanda,Sikandar Raza,Mohammad Sami,0,0,"",""
ball,2,0.2,Zimbabwe,V Sibanda,Sikandar Raza,Mohammad Sami,0,0,"",""
ball,2,0.3,Zimbabwe,V Sibanda,Sikandar Raza,Mohammad Sami,1,0,"",""
ball,2,0.4,Zimbabwe,Sikandar Raza,V Sibanda,Mohammad Sami,0,0,"",""
ball,2,0.5,Zimbabwe,Sikandar Raza,V Sibanda,Mohammad Sami,0,0,"",""
ball,2,0.6,Zimbabwe,Sikandar Raza,V Sibanda,Mohammad Sami,0,0,"",""
ball,2,1.1,Zimbabwe,V Sibanda,Sikandar Raza,Anwar Ali,4,0,"",""
ball,2,1.2,Zimbabwe,V Sibanda,Sikandar Raza,Anwar Ali,0,0,"",""
ball,2,1.3,Zimbabwe,V Sibanda,Sikandar Raza,Anwar Ali,4,0,"",""
ball,2,1.4,Zimbabwe,V Sibanda,Sikandar Raza,Anwar Ali,0,0,"",""
ball,2,1.5,Zimbabwe,V Sibanda,Sikandar Raza,Anwar Ali,4,0,"",""
ball,2,1.6,Zimbabwe,V Sibanda,Sikandar Raza,Anwar Ali,0,0,"",""
ball,2,2.1,Zimbabwe,Sikandar Raza,V Sibanda,Mohammad Sami,0,0,"",""
ball,2,2.2,Zimbabwe,Sikandar Raza,V Sibanda,Mohammad Sami,0,0,"",""
ball,2,2.3,Zimbabwe,Sikandar Raza,V Sibanda,Mohammad Sami,0,0,"",""
ball,2,2.4,Zimbabwe,Sikandar Raza,V Sibanda,Mohammad Sami,1,0,"",""
ball,2,2.5,Zimbabwe,V Sibanda,Sikandar Raza,Mohammad Sami,0,0,"",""
ball,2,2.6,Zimbabwe,V Sibanda,Sikandar Raza,Mohammad Sami,0,0,"",""
ball,2,3.1,Zimbabwe,Sikandar Raza,V Sibanda,Anwar Ali,2,0,"",""
ball,2,3.2,Zimbabwe,Sikandar Raza,V Sibanda,Anwar Ali,0,0,"",""
ball,2,3.3,Zimbabwe,Sikandar Raza,V Sibanda,Anwar Ali,0,0,"",""
ball,2,3.4,Zimbabwe,Sikandar Raza,V Sibanda,Anwar Ali,2,0,"",""
ball,2,3.5,Zimbabwe,Sikandar Raza,V Sibanda,Anwar Ali,0,0,"",""
ball,2,3.6,Zimbabwe,Sikandar Raza,V Sibanda,Anwar Ali,1,0,"",""
ball,2,4.1,Zimbabwe,Sikandar Raza,V Sibanda,Mohammad Sami,4,0,"",""
ball,2,4.2,Zimbabwe,Sikandar Raza,V Sibanda,Mohammad Sami,0,0,"",""
ball,2,4.3,Zimbabwe,Sikandar Raza,V Sibanda,Mohammad Sami,1,0,"",""
ball,2,4.4,Zimbabwe,V Sibanda,Sikandar Raza,Mohammad Sami,1,0,"",""
ball,2,4.5,Zimbabwe,Sikandar Raza,V Sibanda,Mohammad Sami,1,0,"",""
ball,2,4.6,Zimbabwe,V Sibanda,Sikandar Raza,Mohammad Sami,1,0,"",""
ball,2,5.1,Zimbabwe,V Sibanda,Sikandar Raza,Anwar Ali,0,0,"",""
ball,2,5.2,Zimbabwe,V Sibanda,Sikandar Raza,Anwar Ali,0,0,"",""
ball,2,5.3,Zimbabwe,V Sibanda,Sikandar Raza,Anwar Ali,0,0,"",""
ball,2,5.4,Zimbabwe,V Sibanda,Sikandar Raza,Anwar Ali,0,0,"",""
ball,2,5.5,Zimbabwe,V Sibanda,Sikandar Raza,Anwar Ali,0,0,"",""
ball,2,5.6,Zimbabwe,V Sibanda,Sikandar Raza,Anwar Ali,1,0,"",""
ball,2,6.1,Zimbabwe,V Sibanda,Sikandar Raza,Mohammad Sami,0,0,"",""
ball,2,6.2,Zimbabwe,V Sibanda,Sikandar Raza,Mohammad Sami,0,0,"",""
ball,2,6.3,Zimbabwe,V Sibanda,Sikandar Raza,Mohammad Sami,1,0,"",""
ball,2,6.4,Zimbabwe,Sikandar Raza,V Sibanda,Mohammad Sami,0,0,"",""
ball,2,6.5,Zimbabwe,Sikandar Raza,V Sibanda,Mohammad Sami,6,0,"",""
ball,2,6.6,Zimbabwe,Sikandar Raza,V Sibanda,Mohammad Sami,1,0,"",""
ball,2,7.1,Zimbabwe,Sikandar Raza,V Sibanda,Anwar Ali,0,0,"",""
ball,2,7.2,Zimbabwe,Sikandar Raza,V Sibanda,Anwar Ali,0,0,"",""
ball,2,7.3,Zimbabwe,Sikandar Raza,V Sibanda,Anwar Ali,4,0,"",""
ball,2,7.4,Zimbabwe,Sikandar Raza,V Sibanda,Anwar Ali,4,0,"",""
ball,2,7.5,Zimbabwe,Sikandar Raza,V Sibanda,Anwar Ali,1,0,"",""
ball,2,7.6,Zimbabwe,V Sibanda,Sikandar Raza,Anwar Ali,1,0,"",""
ball,2,8.1,Zimbabwe,V Sibanda,Sikandar Raza,Wahab Riaz,0,0,"",""
ball,2,8.2,Zimbabwe,V Sibanda,Sikandar Raza,Wahab Riaz,1,0,"",""
ball,2,8.3,Zimbabwe,Sikandar Raza,V Sibanda,Wahab Riaz,1,0,"",""
ball,2,8.4,Zimbabwe,V Sibanda,Sikandar Raza,Wahab Riaz,0,0,"",""
ball,2,8.5,Zimbabwe,V Sibanda,Sikandar Raza,Wahab Riaz,1,0,"",""
ball,2,8.6,Zimbabwe,Sikandar Raza,V Sibanda,Wahab Riaz,1,0,"",""
ball,2,9.1,Zimbabwe,Sikandar Raza,V Sibanda,Anwar Ali,2,0,"",""
ball,2,9.2,Zimbabwe,Sikandar Raza,V Sibanda,Anwar Ali,0,0,"",""
ball,2,9.3,Zimbabwe,Sikandar Raza,V Sibanda,Anwar Ali,4,0,"",""
ball,2,9.4,Zimbabwe,Sikandar Raza,V Sibanda,Anwar Ali,0,0,caught,Sikandar Raza
ball,2,9.5,Zimbabwe,H Masakadza,V Sibanda,Anwar Ali,0,0,"",""
ball,2,9.6,Zimbabwe,H Masakadza,V Sibanda,Anwar Ali,0,0,"",""
ball,2,10.1,Zimbabwe,V Sibanda,H Masakadza,Wahab Riaz,0,0,"",""
ball,2,10.2,Zimbabwe,V Sibanda,H Masakadza,Wahab Riaz,1,0,"",""
ball,2,10.3,Zimbabwe,H Masakadza,V Sibanda,Wahab Riaz,0,0,"",""
ball,2,10.4,Zimbabwe,H Masakadza,V Sibanda,Wahab Riaz,0,0,"",""
ball,2,10.5,Zimbabwe,H Masakadza,V Sibanda,Wahab Riaz,0,0,"",""
ball,2,10.6,Zimbabwe,H Masakadza,V Sibanda,Wahab Riaz,1,0,"",""
ball,2,11.1,Zimbabwe,H Masakadza,V Sibanda,Hammad Azam,1,0,"",""
ball,2,11.2,Zimbabwe,V Sibanda,H Masakadza,Hammad Azam,0,1,"",""
ball,2,11.3,Zimbabwe,V Sibanda,H Masakadza,Hammad Azam,0,0,"",""
ball,2,11.4,Zimbabwe,V Sibanda,H Masakadza,Hammad Azam,0,0,"",""
ball,2,11.5,Zimbabwe,V Sibanda,H Masakadza,Hammad Azam,0,0,"",""
ball,2,11.6,Zimbabwe,V Sibanda,H Masakadza,Hammad Azam,0,0,"",""
ball,2,11.7,Zimbabwe,V Sibanda,H Masakadza,Hammad Azam,2,0,"",""
ball,2,12.1,Zimbabwe,H Masakadza,V Sibanda,Wahab Riaz,0,0,"",""
ball,2,12.2,Zimbabwe,H Masakadza,V Sibanda,Wahab Riaz,1,0,"",""
ball,2,12.3,Zimbabwe,V Sibanda,H Masakadza,Wahab Riaz,0,1,"",""
ball,2,12.4,Zimbabwe,H Masakadza,V Sibanda,Wahab Riaz,0,0,"",""
ball,2,12.5,Zimbabwe,H Masakadza,V Sibanda,Wahab Riaz,1,0,"",""
ball,2,12.6,Zimbabwe,V Sibanda,H Masakadza,Wahab Riaz,0,0,caught and bowled,V Sibanda
ball,2,13.1,Zimbabwe,H Masakadza,E Chigumbura,Hammad Azam,0,0,"",""
ball,2,13.2,Zimbabwe,H Masakadza,E Chigumbura,Hammad Azam,1,0,"",""
ball,2,13.3,Zimbabwe,E Chigumbura,H Masakadza,Hammad Azam,0,0,"",""
ball,2,13.4,Zimbabwe,E Chigumbura,H Masakadza,Hammad Azam,1,0,"",""
ball,2,13.5,Zimbabwe,H Masakadza,E Chigumbura,Hammad Azam,4,0,"",""
ball,2,13.6,Zimbabwe,H Masakadza,E Chigumbura,Hammad Azam,1,0,"",""
ball,2,14.1,Zimbabwe,H Masakadza,E Chigumbura,Wahab Riaz,0,0,"",""
ball,2,14.2,Zimbabwe,H Masakadza,E Chigumbura,Wahab Riaz,0,0,"",""
ball,2,14.3,Zimbabwe,H Masakadza,E Chigumbura,Wahab Riaz,0,0,"",""
ball,2,14.4,Zimbabwe,H Masakadza,E Chigumbura,Wahab Riaz,1,0,"",""
ball,2,14.5,Zimbabwe,E Chigumbura,H Masakadza,Wahab Riaz,0,0,"",""
ball,2,14.6,Zimbabwe,E Chigumbura,H Masakadza,Wahab Riaz,1,0,"",""
ball,2,15.1,Zimbabwe,E Chigumbura,H Masakadza,Hammad Azam,0,0,"",""
ball,2,15.2,Zimbabwe,E Chigumbura,H Masakadza,Hammad Azam,0,0,"",""
ball,2,15.3,Zimbabwe,E Chigumbura,H Masakadza,Hammad Azam,1,0,"",""
ball,2,15.4,Zimbabwe,H Masakadza,E Chigumbura,Hammad Azam,0,0,"",""
ball,2,15.5,Zimbabwe,H Masakadza,E Chigumbura,Hammad Azam,2,0,"",""
ball,2,15.6,Zimbabwe,H Masakadza,E Chigumbura,Hammad Azam,1,0,"",""
ball,2,16.1,Zimbabwe,H Masakadza,E Chigumbura,Yasir Shah,1,0,"",""
ball,2,16.2,Zimbabwe,E Chigumbura,H Masakadza,Yasir Shah,1,0,"",""
ball,2,16.3,Zimbabwe,H Masakadza,E Chigumbura,Yasir Shah,0,0,"",""
ball,2,16.4,Zimbabwe,H Masakadza,E Chigumbura,Yasir Shah,1,0,"",""
ball,2,16.5,Zimbabwe,E Chigumbura,H Masakadza,Yasir Shah,1,0,"",""
ball,2,16.6,Zimbabwe,H Masakadza,E Chigumbura,Yasir Shah,1,0,"",""
ball,2,17.1,Zimbabwe,H Masakadza,E Chigumbura,Hammad Azam,2,0,"",""
ball,2,17.2,Zimbabwe,H Masakadza,E Chigumbura,Hammad Azam,0,0,"",""
ball,2,17.3,Zimbabwe,H Masakadza,E Chigumbura,Hammad Azam,1,0,"",""
ball,2,17.4,Zimbabwe,E Chigumbura,H Masakadza,Hammad Azam,0,0,"",""
ball,2,17.5,Zimbabwe,E Chigumbura,H Masakadza,Hammad Azam,0,0,"",""
ball,2,17.6,Zimbabwe,E Chigumbura,H Masakadza,Hammad Azam,1,0,"",""
ball,2,18.1,Zimbabwe,E Chigumbura,H Masakadza,Yasir Shah,0,0,"",""
ball,2,18.2,Zimbabwe,E Chigumbura,H Masakadza,Yasir Shah,4,0,"",""
ball,2,18.3,Zimbabwe,E Chigumbura,H Masakadza,Yasir Shah,1,0,"",""
ball,2,18.4,Zimbabwe,H Masakadza,E Chigumbura,Yasir Shah,1,0,"",""
ball,2,18.5,Zimbabwe,E Chigumbura,H Masakadza,Yasir Shah,1,0,"",""
ball,2,18.6,Zimbabwe,H Masakadza,E Chigumbura,Yasir Shah,4,0,"",""
ball,2,19.1,Zimbabwe,E Chigumbura,H Masakadza,Hammad Azam,1,0,"",""
ball,2,19.2,Zimbabwe,H Masakadza,E Chigumbura,Hammad Azam,1,0,"",""
ball,2,19.3,Zimbabwe,E Chigumbura,H Masakadza,Hammad Azam,0,0,"",""
ball,2,19.4,Zimbabwe,E Chigumbura,H Masakadza,Hammad Azam,1,0,"",""
ball,2,19.5,Zimbabwe,H Masakadza,E Chigumbura,Hammad Azam,4,0,"",""
ball,2,19.6,Zimbabwe,H Masakadza,E Chigumbura,Hammad Azam,3,0,"",""
ball,2,20.1,Zimbabwe,H Masakadza,E Chigumbura,Yasir Shah,1,0,"",""
ball,2,20.2,Zimbabwe,E Chigumbura,H Masakadza,Yasir Shah,1,0,"",""
ball,2,20.3,Zimbabwe,H Masakadza,E Chigumbura,Yasir Shah,1,0,"",""
ball,2,20.4,Zimbabwe,E Chigumbura,H Masakadza,Yasir Shah,2,0,"",""
ball,2,20.5,Zimbabwe,E Chigumbura,H Masakadza,Yasir Shah,1,0,"",""
ball,2,20.6,Zimbabwe,H Masakadza,E Chigumbura,Yasir Shah,0,0,"",""
ball,2,21.1,Zimbabwe,E Chigumbura,H Masakadza,Mohammad Hafeez,1,0,"",""
ball,2,21.2,Zimbabwe,H Masakadza,E Chigumbura,Mohammad Hafeez,2,0,"",""
ball,2,21.3,Zimbabwe,H Masakadza,E Chigumbura,Mohammad Hafeez,1,0,"",""
ball,2,21.4,Zimbabwe,E Chigumbura,H Masakadza,Mohammad Hafeez,1,0,"",""
ball,2,21.5,Zimbabwe,H Masakadza,E Chigumbura,Mohammad Hafeez,0,0,"",""
ball,2,21.6,Zimbabwe,H Masakadza,E Chigumbura,Mohammad Hafeez,1,0,"",""
ball,2,22.1,Zimbabwe,H Masakadza,E Chigumbura,Yasir Shah,0,0,"",""
ball,2,22.2,Zimbabwe,H Masakadza,E Chigumbura,Yasir Shah,1,0,"",""
ball,2,22.3,Zimbabwe,E Chigumbura,H Masakadza,Yasir Shah,2,0,"",""
ball,2,22.4,Zimbabwe,E Chigumbura,H Masakadza,Yasir Shah,1,0,"",""
ball,2,22.5,Zimbabwe,H Masakadza,E Chigumbura,Yasir Shah,1,0,"",""
ball,2,22.6,Zimbabwe,E Chigumbura,H Masakadza,Yasir Shah,1,0,"",""
ball,2,23.1,Zimbabwe,E Chigumbura,H Masakadza,Mohammad Hafeez,0,0,"",""
ball,2,23.2,Zimbabwe,E Chigumbura,H Masakadza,Mohammad Hafeez,2,0,"",""
ball,2,23.3,Zimbabwe,E Chigumbura,H Masakadza,Mohammad Hafeez,0,0,"",""
ball,2,23.4,Zimbabwe,E Chigumbura,H Masakadza,Mohammad Hafeez,1,0,"",""
ball,2,23.5,Zimbabwe,H Masakadza,E Chigumbura,Mohammad Hafeez,0,1,"",""
ball,2,23.6,Zimbabwe,H Masakadza,E Chigumbura,Mohammad Hafeez,2,0,"",""
ball,2,23.7,Zimbabwe,H Masakadza,E Chigumbura,Mohammad Hafeez,1,0,"",""
ball,2,24.1,Zimbabwe,H Masakadza,E Chigumbura,Yasir Shah,0,0,"",""
ball,2,24.2,Zimbabwe,H Masakadza,E Chigumbura,Yasir Shah,1,0,"",""
ball,2,24.3,Zimbabwe,E Chigumbura,H Masakadza,Yasir Shah,0,0,"",""
ball,2,24.4,Zimbabwe,E Chigumbura,H Masakadza,Yasir Shah,1,0,"",""
ball,2,24.5,Zimbabwe,H Masakadza,E Chigumbura,Yasir Shah,1,0,"",""
ball,2,24.6,Zimbabwe,E Chigumbura,H Masakadza,Yasir Shah,1,0,"",""
ball,2,25.1,Zimbabwe,E Chigumbura,H Masakadza,Mohammad Hafeez,0,0,"",""
ball,2,25.2,Zimbabwe,E Chigumbura,H Masakadza,Mohammad Hafeez,0,0,"",""
ball,2,25.3,Zimbabwe,E Chigumbura,H Masakadza,Mohammad Hafeez,1,0,"",""
ball,2,25.4,Zimbabwe,H Masakadza,E Chigumbura,Mohammad Hafeez,1,0,"",""
ball,2,25.5,Zimbabwe,E Chigumbura,H Masakadza,Mohammad Hafeez,0,0,"",""
ball,2,25.6,Zimbabwe,E Chigumbura,H Masakadza,Mohammad Hafeez,0,0,"",""
ball,2,26.1,Zimbabwe,H Masakadza,E Chigumbura,Yasir Shah,0,0,"",""
ball,2,26.2,Zimbabwe,H Masakadza,E Chigumbura,Yasir Shah,0,0,"",""
ball,2,26.3,Zimbabwe,H Masakadza,E Chigumbura,Yasir Shah,0,0,"",""
ball,2,26.4,Zimbabwe,H Masakadza,E Chigumbura,Yasir Shah,1,0,"",""
ball,2,26.5,Zimbabwe,E Chigumbura,H Masakadza,Yasir Shah,1,0,"",""
ball,2,26.6,Zimbabwe,H Masakadza,E Chigumbura,Yasir Shah,1,0,"",""
ball,2,27.1,Zimbabwe,H Masakadza,E Chigumbura,Mohammad Hafeez,0,0,"",""
ball,2,27.2,Zimbabwe,H Masakadza,E Chigumbura,Mohammad Hafeez,1,0,"",""
ball,2,27.3,Zimbabwe,E Chigumbura,H Masakadza,Mohammad Hafeez,1,0,"",""
ball,2,27.4,Zimbabwe,H Masakadza,E Chigumbura,Mohammad Hafeez,1,0,"",""
ball,2,27.5,Zimbabwe,E Chigumbura,H Masakadza,Mohammad Hafeez,1,0,"",""
ball,2,27.6,Zimbabwe,H Masakadza,E Chigumbura,Mohammad Hafeez,4,0,"",""
ball,2,28.1,Zimbabwe,E Chigumbura,H Masakadza,Mohammad Sami,4,0,"",""
ball,2,28.2,Zimbabwe,E Chigumbura,H Masakadza,Mohammad Sami,4,0,"",""
ball,2,28.3,Zimbabwe,E Chigumbura,H Masakadza,Mohammad Sami,4,0,"",""
ball,2,28.4,Zimbabwe,E Chigumbura,H Masakadza,Mohammad Sami,1,0,"",""
ball,2,28.5,Zimbabwe,H Masakadza,E Chigumbura,Mohammad Sami,0,0,"",""
ball,2,28.6,Zimbabwe,H Masakadza,E Chigumbura,Mohammad Sami,1,0,"",""
ball,2,29.1,Zimbabwe,H Masakadza,E Chigumbura,Mohammad Hafeez,0,0,"",""
ball,2,29.2,Zimbabwe,H Masakadza,E Chigumbura,Mohammad Hafeez,1,0,"",""
ball,2,29.3,Zimbabwe,E Chigumbura,H Masakadza,Mohammad Hafeez,1,0,"",""
ball,2,29.4,Zimbabwe,H Masakadza,E Chigumbura,Mohammad Hafeez,0,0,"",""
ball,2,29.5,Zimbabwe,H Masakadza,E Chigumbura,Mohammad Hafeez,1,0,"",""
ball,2,29.6,Zimbabwe,E Chigumbura,H Masakadza,Mohammad Hafeez,0,0,"",""
ball,2,30.1,Zimbabwe,H Masakadza,E Chigumbura,Shoaib Malik,0,0,"",""
ball,2,30.2,Zimbabwe,H Masakadza,E Chigumbura,Shoaib Malik,1,0,"",""
ball,2,30.3,Zimbabwe,E Chigumbura,H Masakadza,Shoaib Malik,1,0,"",""
ball,2,30.4,Zimbabwe,H Masakadza,E Chigumbura,Shoaib Malik,1,0,"",""
ball,2,30.5,Zimbabwe,E Chigumbura,H Masakadza,Shoaib Malik,0,0,"",""
ball,2,30.6,Zimbabwe,E Chigumbura,H Masakadza,Shoaib Malik,1,0,"",""
ball,2,31.1,Zimbabwe,E Chigumbura,H Masakadza,Mohammad Hafeez,1,0,"",""
ball,2,31.2,Zimbabwe,H Masakadza,E Chigumbura,Mohammad Hafeez,6,0,"",""
ball,2,31.3,Zimbabwe,H Masakadza,E Chigumbura,Mohammad Hafeez,1,0,"",""
ball,2,31.4,Zimbabwe,E Chigumbura,H Masakadza,Mohammad Hafeez,0,0,"",""
ball,2,31.5,Zimbabwe,E Chigumbura,H Masakadza,Mohammad Hafeez,0,0,"",""
ball,2,31.6,Zimbabwe,E Chigumbura,H Masakadza,Mohammad Hafeez,1,0,"",""
ball,2,32.1,Zimbabwe,E Chigumbura,H Masakadza,Shoaib Malik,2,0,"",""
ball,2,32.2,Zimbabwe,E Chigumbura,H Masakadza,Shoaib Malik,1,0,"",""
ball,2,32.3,Zimbabwe,H Masakadza,E Chigumbura,Shoaib Malik,6,0,"",""
ball,2,32.4,Zimbabwe,H Masakadza,E Chigumbura,Shoaib Malik,0,0,"",""
ball,2,32.5,Zimbabwe,H Masakadza,E Chigumbura,Shoaib Malik,0,0,caught,H Masakadza
ball,2,32.6,Zimbabwe,E Chigumbura,SC Williams,Shoaib Malik,1,0,"",""
ball,2,33.1,Zimbabwe,E Chigumbura,SC Williams,Mohammad Hafeez,1,0,"",""
ball,2,33.2,Zimbabwe,SC Williams,E Chigumbura,Mohammad Hafeez,0,0,"",""
ball,2,33.3,Zimbabwe,SC Williams,E Chigumbura,Mohammad Hafeez,0,0,"",""
ball,2,33.4,Zimbabwe,SC Williams,E Chigumbura,Mohammad Hafeez,0,0,"",""
ball,2,33.5,Zimbabwe,SC Williams,E Chigumbura,Mohammad Hafeez,1,0,"",""
ball,2,33.6,Zimbabwe,E Chigumbura,SC Williams,Mohammad Hafeez,0,0,"",""
ball,2,34.1,Zimbabwe,SC Williams,E Chigumbura,Shoaib Malik,1,0,"",""
ball,2,34.2,Zimbabwe,E Chigumbura,SC Williams,Shoaib Malik,0,0,"",""
ball,2,34.3,Zimbabwe,E Chigumbura,SC Williams,Shoaib Malik,4,0,"",""
ball,2,34.4,Zimbabwe,E Chigumbura,SC Williams,Shoaib Malik,1,0,"",""
ball,2,34.5,Zimbabwe,SC Williams,E Chigumbura,Shoaib Malik,1,0,"",""
ball,2,34.6,Zimbabwe,E Chigumbura,SC Williams,Shoaib Malik,1,0,"",""
ball,2,35.1,Zimbabwe,E Chigumbura,SC Williams,Mohammad Hafeez,1,0,"",""
ball,2,35.2,Zimbabwe,SC Williams,E Chigumbura,Mohammad Hafeez,1,0,"",""
ball,2,35.3,Zimbabwe,E Chigumbura,SC Williams,Mohammad Hafeez,0,0,"",""
ball,2,35.4,Zimbabwe,E Chigumbura,SC Williams,Mohammad Hafeez,1,0,"",""
ball,2,35.5,Zimbabwe,SC Williams,E Chigumbura,Mohammad Hafeez,0,0,"",""
ball,2,35.6,Zimbabwe,SC Williams,E Chigumbura,Mohammad Hafeez,4,0,"",""
ball,2,36.1,Zimbabwe,E Chigumbura,SC Williams,Wahab Riaz,1,0,"",""
ball,2,36.2,Zimbabwe,SC Williams,E Chigumbura,Wahab Riaz,1,0,"",""
ball,2,36.3,Zimbabwe,E Chigumbura,SC Williams,Wahab Riaz,0,0,"",""
ball,2,36.4,Zimbabwe,E Chigumbura,SC Williams,Wahab Riaz,1,0,"",""
ball,2,36.5,Zimbabwe,SC Williams,E Chigumbura,Wahab Riaz,1,0,"",""
ball,2,36.6,Zimbabwe,E Chigumbura,SC Williams,Wahab Riaz,0,0,"",""
ball,2,37.1,Zimbabwe,SC Williams,E Chigumbura,Anwar Ali,4,0,"",""
ball,2,37.2,Zimbabwe,SC Williams,E Chigumbura,Anwar Ali,1,0,"",""
ball,2,37.3,Zimbabwe,E Chigumbura,SC Williams,Anwar Ali,0,1,"",""
ball,2,37.4,Zimbabwe,SC Williams,E Chigumbura,Anwar Ali,0,0,"",""
ball,2,37.5,Zimbabwe,SC Williams,E Chigumbura,Anwar Ali,4,0,"",""
ball,2,37.6,Zimbabwe,SC Williams,E Chigumbura,Anwar Ali,1,0,"",""
ball,2,38.1,Zimbabwe,SC Williams,E Chigumbura,Wahab Riaz,1,0,"",""
ball,2,38.2,Zimbabwe,E Chigumbura,SC Williams,Wahab Riaz,2,0,"",""
ball,2,38.3,Zimbabwe,E Chigumbura,SC Williams,Wahab Riaz,4,0,"",""
ball,2,38.4,Zimbabwe,E Chigumbura,SC Williams,Wahab Riaz,0,0,"",""
ball,2,38.5,Zimbabwe,E Chigumbura,SC Williams,Wahab Riaz,0,0,"",""
ball,2,38.6,Zimbabwe,E Chigumbura,SC Williams,Wahab Riaz,4,0,"",""
ball,2,39.1,Zimbabwe,SC Williams,E Chigumbura,Anwar Ali,2,0,"",""
ball,2,39.2,Zimbabwe,SC Williams,E Chigumbura,Anwar Ali,1,0,"",""
ball,2,39.3,Zimbabwe,E Chigumbura,SC Williams,Anwar Ali,2,0,"",""
ball,2,39.4,Zimbabwe,E Chigumbura,SC Williams,Anwar Ali,1,0,"",""
ball,2,39.5,Zimbabwe,SC Williams,E Chigumbura,Anwar Ali,0,0,"",""
ball,2,39.6,Zimbabwe,SC Williams,E Chigumbura,Anwar Ali,1,0,"",""
ball,2,40.1,Zimbabwe,SC Williams,E Chigumbura,Shoaib Malik,4,0,"",""
ball,2,40.2,Zimbabwe,SC Williams,E Chigumbura,Shoaib Malik,0,0,"",""
ball,2,40.3,Zimbabwe,SC Williams,E Chigumbura,Shoaib Malik,1,0,"",""
ball,2,40.4,Zimbabwe,E Chigumbura,SC Williams,Shoaib Malik,0,0,"",""
ball,2,40.5,Zimbabwe,E Chigumbura,SC Williams,Shoaib Malik,0,0,"",""
ball,2,40.6,Zimbabwe,E Chigumbura,SC Williams,Shoaib Malik,6,0,"",""
ball,2,41.1,Zimbabwe,SC Williams,E Chigumbura,Anwar Ali,4,0,"",""
ball,2,41.2,Zimbabwe,SC Williams,E Chigumbura,Anwar Ali,0,1,"",""
ball,2,41.3,Zimbabwe,SC Williams,E Chigumbura,Anwar Ali,1,0,"",""
ball,2,41.4,Zimbabwe,E Chigumbura,SC Williams,Anwar Ali,0,0,"",""
ball,2,41.5,Zimbabwe,E Chigumbura,SC Williams,Anwar Ali,1,0,"",""
ball,2,41.6,Zimbabwe,SC Williams,E Chigumbura,Anwar Ali,1,0,"",""
ball,2,41.7,Zimbabwe,E Chigumbura,SC Williams,Anwar Ali,4,0,"",""
ball,2,42.1,Zimbabwe,SC Williams,E Chigumbura,Wahab Riaz,0,0,caught,SC Williams
ball,2,42.2,Zimbabwe,E Chigumbura,R Mutumbami,Wahab Riaz,4,0,"",""
ball,2,42.3,Zimbabwe,E Chigumbura,R Mutumbami,Wahab Riaz,0,0,"",""
ball,2,42.4,Zimbabwe,E Chigumbura,R Mutumbami,Wahab Riaz,1,0,"",""
ball,2,42.5,Zimbabwe,R Mutumbami,E Chigumbura,Wahab Riaz,2,0,"",""
ball,2,42.6,Zimbabwe,R Mutumbami,E Chigumbura,Wahab Riaz,0,0,"",""
ball,2,43.1,Zimbabwe,E Chigumbura,R Mutumbami,Mohammad Sami,6,0,"",""
ball,2,43.2,Zimbabwe,E Chigumbura,R Mutumbami,Mohammad Sami,0,0,"",""
ball,2,43.3,Zimbabwe,E Chigumbura,R Mutumbami,Mohammad Sami,0,0,"",""
ball,2,43.4,Zimbabwe,E Chigumbura,R Mutumbami,Mohammad Sami,6,0,"",""
ball,2,43.5,Zimbabwe,E Chigumbura,R Mutumbami,Mohammad Sami,4,0,"",""
ball,2,43.6,Zimbabwe,E Chigumbura,R Mutumbami,Mohammad Sami,6,0,"",""
ball,2,44.1,Zimbabwe,R Mutumbami,E Chigumbura,Wahab Riaz,0,0,"",""
ball,2,44.2,Zimbabwe,R Mutumbami,E Chigumbura,Wahab Riaz,0,0,"",""
ball,2,44.3,Zimbabwe,R Mutumbami,E Chigumbura,Wahab Riaz,1,0,"",""
ball,2,44.4,Zimbabwe,E Chigumbura,R Mutumbami,Wahab Riaz,0,0,bowled,E Chigumbura
ball,2,44.5,Zimbabwe,P Utseya,R Mutumbami,Wahab Riaz,0,0,"",""
ball,2,44.6,Zimbabwe,P Utseya,R Mutumbami,Wahab Riaz,1,0,"",""
ball,2,45.1,Zimbabwe,P Utseya,R Mutumbami,Mohammad Sami,0,0,"",""
ball,2,45.2,Zimbabwe,P Utseya,R Mutumbami,Mohammad Sami,4,0,"",""
ball,2,45.3,Zimbabwe,P Utseya,R Mutumbami,Mohammad Sami,0,0,"",""
ball,2,45.4,Zimbabwe,P Utseya,R Mutumbami,Mohammad Sami,1,0,"",""
ball,2,45.5,Zimbabwe,R Mutumbami,P Utseya,Mohammad Sami,4,0,"",""
ball,2,45.6,Zimbabwe,R Mutumbami,P Utseya,Mohammad Sami,0,0,"",""
ball,2,46.1,Zimbabwe,P Utseya,R Mutumbami,Wahab Riaz,0,0,"",""
ball,2,46.2,Zimbabwe,P Utseya,R Mutumbami,Wahab Riaz,1,0,"",""
ball,2,46.3,Zimbabwe,R Mutumbami,P Utseya,Wahab Riaz,0,0,"",""
ball,2,46.4,Zimbabwe,R Mutumbami,P Utseya,Wahab Riaz,4,0,"",""
ball,2,46.5,Zimbabwe,R Mutumbami,P Utseya,Wahab Riaz,0,0,"",""
ball,2,46.6,Zimbabwe,R Mutumbami,P Utseya,Wahab Riaz,0,1,"",""
ball,2,46.7,Zimbabwe,R Mutumbami,P Utseya,Wahab Riaz,0,0,"",""
ball,2,47.1,Zimbabwe,P Utseya,R Mutumbami,Anwar Ali,1,0,"",""
ball,2,47.2,Zimbabwe,R Mutumbami,P Utseya,Anwar Ali,1,0,"",""
ball,2,47.3,Zimbabwe,P Utseya,R Mutumbami,Anwar Ali,0,0,"",""
ball,2,47.4,Zimbabwe,P Utseya,R Mutumbami,Anwar Ali,1,0,"",""
ball,2,47.5,Zimbabwe,R Mutumbami,P Utseya,Anwar Ali,2,0,"",""
ball,2,47.6,Zimbabwe,R Mutumbami,P Utseya,Anwar Ali,1,0,"",""
ball,2,48.1,Zimbabwe,R Mutumbami,P Utseya,Wahab Riaz,1,0,"",""
ball,2,48.2,Zimbabwe,P Utseya,R Mutumbami,Wahab Riaz,4,0,"",""
ball,2,48.3,Zimbabwe,P Utseya,R Mutumbami,Wahab Riaz,0,0,"",""
ball,2,48.4,Zimbabwe,P Utseya,R Mutumbami,Wahab Riaz,1,0,"",""
ball,2,48.5,Zimbabwe,R Mutumbami,P Utseya,Wahab Riaz,0,0,"",""
ball,2,48.6,Zimbabwe,R Mutumbami,P Utseya,Wahab Riaz,0,1,"",""
ball,2,48.7,Zimbabwe,R Mutumbami,P Utseya,Wahab Riaz,0,0,"",""
ball,2,49.1,Zimbabwe,P Utseya,R Mutumbami,Anwar Ali,4,0,"",""
ball,2,49.2,Zimbabwe,P Utseya,R Mutumbami,Anwar Ali,0,0,"",""
ball,2,49.3,Zimbabwe,P Utseya,R Mutumbami,Anwar Ali,1,0,"",""
ball,2,49.4,Zimbabwe,R Mutumbami,P Utseya,Anwar Ali,4,0,"",""
ball,2,49.5,Zimbabwe,R Mutumbami,P Utseya,Anwar Ali,1,0,"",""
ball,2,49.6,Zimbabwe,P Utseya,R Mutumbami,Anwar Ali,2,0,"",""
