version,1.3.0
info,team,India
info,team,South Africa
info,gender,male
info,season,2015/16
info,date,2015/10/18
info,series,South Africa in India ODI Series
info,match_number,3
info,venue,Saurashtra Cricket Association Stadium
info,city,Rajkot
info,toss_winner,South Africa
info,toss_decision,bat
info,player_of_match,M Morkel
info,umpire,Aleem Dar
info,umpire,C Shamshuddin
info,reserve_umpire,Nitin Menon
info,tv_umpire,CK Nandan
info,match_referee,BC Broad
info,winner,South Africa
info,winner_runs,18
ball,1,0.1,South Africa,Q de Kock,DA Miller,B Kumar,0,0,"",""
ball,1,0.2,South Africa,Q de Kock,DA Miller,B Kumar,0,0,"",""
ball,1,0.3,South Africa,Q de Kock,DA Miller,B Kumar,0,0,"",""
ball,1,0.4,South Africa,Q de Kock,DA Miller,B Kumar,0,0,"",""
ball,1,0.5,South Africa,Q de Kock,DA Miller,B Kumar,0,0,"",""
ball,1,0.6,South Africa,Q de Kock,DA Miller,B Kumar,0,0,"",""
ball,1,1.1,South Africa,DA Miller,Q de Kock,MM Sharma,1,0,"",""
ball,1,1.2,South Africa,Q de Kock,DA Miller,MM Sharma,4,0,"",""
ball,1,1.3,South Africa,Q de Kock,DA Miller,MM Sharma,0,0,"",""
ball,1,1.4,South Africa,Q de Kock,DA Miller,MM Sharma,0,0,"",""
ball,1,1.5,South Africa,Q de Kock,DA Miller,MM Sharma,0,0,"",""
ball,1,1.6,South Africa,Q de Kock,DA Miller,MM Sharma,0,0,"",""
ball,1,2.1,South Africa,DA Miller,Q de Kock,B Kumar,3,0,"",""
ball,1,2.2,South Africa,Q de Kock,DA Miller,B Kumar,0,0,"",""
ball,1,2.3,South Africa,Q de Kock,DA Miller,B Kumar,0,1,"",""
ball,1,2.4,South Africa,Q de Kock,DA Miller,B Kumar,0,0,"",""
ball,1,2.5,South Africa,Q de Kock,DA Miller,B Kumar,1,0,"",""
ball,1,2.6,South Africa,DA Miller,Q de Kock,B Kumar,0,1,"",""
ball,1,2.7,South Africa,DA Miller,Q de Kock,B Kumar,0,0,"",""
ball,1,2.8,South Africa,DA Miller,Q de Kock,B Kumar,1,0,"",""
ball,1,3.1,South Africa,DA Miller,Q de Kock,MM Sharma,2,0,"",""
ball,1,3.2,South Africa,DA Miller,Q de Kock,MM Sharma,0,0,"",""
ball,1,3.3,South Africa,DA Miller,Q de Kock,MM Sharma,1,0,"",""
ball,1,3.4,South Africa,Q de Kock,DA Miller,MM Sharma,0,0,"",""
ball,1,3.5,South Africa,Q de Kock,DA Miller,MM Sharma,1,0,"",""
ball,1,3.6,South Africa,DA Miller,Q de Kock,MM Sharma,4,0,"",""
ball,1,4.1,South Africa,Q de Kock,DA Miller,B Kumar,3,0,"",""
ball,1,4.2,South Africa,DA Miller,Q de Kock,B Kumar,0,0,"",""
ball,1,4.3,South Africa,DA Miller,Q de Kock,B Kumar,0,0,"",""
ball,1,4.4,South Africa,DA Miller,Q de Kock,B Kumar,1,0,"",""
ball,1,4.5,South Africa,Q de Kock,DA Miller,B Kumar,0,0,"",""
ball,1,4.6,South Africa,Q de Kock,DA Miller,B Kumar,6,0,"",""
ball,1,5.1,South Africa,DA Miller,Q de Kock,MM Sharma,0,0,"",""
ball,1,5.2,South Africa,DA Miller,Q de Kock,MM Sharma,0,0,"",""
ball,1,5.3,South Africa,DA Miller,Q de Kock,MM Sharma,4,0,"",""
ball,1,5.4,South Africa,DA Miller,Q de Kock,MM Sharma,0,0,"",""
ball,1,5.5,South Africa,DA Miller,Q de Kock,MM Sharma,0,0,"",""
ball,1,5.6,South Africa,DA Miller,Q de Kock,MM Sharma,0,0,"",""
ball,1,6.1,South Africa,Q de Kock,DA Miller,B Kumar,4,0,"",""
ball,1,6.2,South Africa,Q de Kock,DA Miller,B Kumar,0,0,"",""
ball,1,6.3,South Africa,Q de Kock,DA Miller,B Kumar,0,0,"",""
ball,1,6.4,South Africa,Q de Kock,DA Miller,B Kumar,1,0,"",""
ball,1,6.5,South Africa,DA Miller,Q de Kock,B Kumar,0,0,"",""
ball,1,6.6,South Africa,DA Miller,Q de Kock,B Kumar,0,0,"",""
ball,1,7.1,South Africa,Q de Kock,DA Miller,Harbhajan Singh,0,0,"",""
ball,1,7.2,South Africa,Q de Kock,DA Miller,Harbhajan Singh,0,0,"",""
ball,1,7.3,South Africa,Q de Kock,DA Miller,Harbhajan Singh,1,0,"",""
ball,1,7.4,South Africa,DA Miller,Q de Kock,Harbhajan Singh,1,0,"",""
ball,1,7.5,South Africa,Q de Kock,DA Miller,Harbhajan Singh,1,0,"",""
ball,1,7.6,South Africa,DA Miller,Q de Kock,Harbhajan Singh,2,0,"",""
ball,1,8.1,South Africa,Q de Kock,DA Miller,B Kumar,0,0,"",""
ball,1,8.2,South Africa,Q de Kock,DA Miller,B Kumar,4,0,"",""
ball,1,8.3,South Africa,Q de Kock,DA Miller,B Kumar,4,0,"",""
ball,1,8.4,South Africa,Q de Kock,DA Miller,B Kumar,1,0,"",""
ball,1,8.5,South Africa,DA Miller,Q de Kock,B Kumar,0,0,"",""
ball,1,8.6,South Africa,DA Miller,Q de Kock,B Kumar,1,0,"",""
ball,1,9.1,South Africa,DA Miller,Q de Kock,Harbhajan Singh,0,0,"",""
ball,1,9.2,South Africa,DA Miller,Q de Kock,Harbhajan Singh,0,0,"",""
ball,1,9.3,South Africa,DA Miller,Q de Kock,Harbhajan Singh,4,0,"",""
ball,1,9.4,South Africa,DA Miller,Q de Kock,Harbhajan Singh,0,0,"",""
ball,1,9.5,South Africa,DA Miller,Q de Kock,Harbhajan Singh,1,0,"",""
ball,1,9.6,South Africa,Q de Kock,DA Miller,Harbhajan Singh,0,0,"",""
ball,1,10.1,South Africa,DA Miller,Q de Kock,A Mishra,1,0,"",""
ball,1,10.2,South Africa,Q de Kock,DA Miller,A Mishra,0,0,"",""
ball,1,10.3,South Africa,Q de Kock,DA Miller,A Mishra,4,0,"",""
ball,1,10.4,South Africa,Q de Kock,DA Miller,A Mishra,0,0,"",""
ball,1,10.5,South Africa,Q de Kock,DA Miller,A Mishra,0,0,"",""
ball,1,10.6,South Africa,Q de Kock,DA Miller,A Mishra,0,0,"",""
ball,1,11.1,South Africa,DA Miller,Q de Kock,Harbhajan Singh,0,0,"",""
ball,1,11.2,South Africa,DA Miller,Q de Kock,Harbhajan Singh,0,0,"",""
ball,1,11.3,South Africa,DA Miller,Q de Kock,Harbhajan Singh,0,0,"",""
ball,1,11.4,South Africa,DA Miller,Q de Kock,Harbhajan Singh,0,0,"",""
ball,1,11.5,South Africa,DA Miller,Q de Kock,Harbhajan Singh,1,0,"",""
ball,1,11.6,South Africa,Q de Kock,DA Miller,Harbhajan Singh,0,0,"",""
ball,1,12.1,South Africa,DA Miller,Q de Kock,A Mishra,4,0,"",""
ball,1,12.2,South Africa,DA Miller,Q de Kock,A Mishra,0,0,"",""
ball,1,12.3,South Africa,DA Miller,Q de Kock,A Mishra,1,0,"",""
ball,1,12.4,South Africa,Q de Kock,DA Miller,A Mishra,1,0,"",""
ball,1,12.5,South Africa,DA Miller,Q de Kock,A Mishra,0,0,"",""
ball,1,12.6,South Africa,DA Miller,Q de Kock,A Mishra,0,0,"",""
ball,1,13.1,South Africa,Q de Kock,DA Miller,Harbhajan Singh,1,0,"",""
ball,1,13.2,South Africa,DA Miller,Q de Kock,Harbhajan Singh,0,0,"",""
ball,1,13.3,South Africa,DA Miller,Q de Kock,Harbhajan Singh,0,0,caught,DA Miller
ball,1,13.4,South Africa,HM Amla,Q de Kock,Harbhajan Singh,0,0,"",""
ball,1,13.5,South Africa,HM Amla,Q de Kock,Harbhajan Singh,0,0,"",""
ball,1,13.6,South Africa,HM Amla,Q de Kock,Harbhajan Singh,1,0,"",""
ball,1,14.1,South Africa,HM Amla,Q de Kock,A Mishra,0,0,"",""
ball,1,14.2,South Africa,HM Amla,Q de Kock,A Mishra,1,0,"",""
ball,1,14.3,South Africa,Q de Kock,HM Amla,A Mishra,1,0,"",""
ball,1,14.4,South Africa,HM Amla,Q de Kock,A Mishra,0,0,"",""
ball,1,14.5,South Africa,HM Amla,Q de Kock,A Mishra,0,0,"",""
ball,1,14.6,South Africa,HM Amla,Q de Kock,A Mishra,0,0,"",""
ball,1,15.1,South Africa,Q de Kock,HM Amla,Harbhajan Singh,0,0,"",""
ball,1,15.2,South Africa,Q de Kock,HM Amla,Harbhajan Singh,0,0,"",""
ball,1,15.3,South Africa,Q de Kock,HM Amla,Harbhajan Singh,2,0,"",""
ball,1,15.4,South Africa,Q de Kock,HM Amla,Harbhajan Singh,0,0,"",""
ball,1,15.5,South Africa,Q de Kock,HM Amla,Harbhajan Singh,2,0,"",""
ball,1,15.6,South Africa,Q de Kock,HM Amla,Harbhajan Singh,1,0,"",""
ball,1,16.1,South Africa,Q de Kock,HM Amla,A Mishra,1,0,"",""
ball,1,16.2,South Africa,HM Amla,Q de Kock,A Mishra,1,0,"",""
ball,1,16.3,South Africa,Q de Kock,HM Amla,A Mishra,0,0,"",""
ball,1,16.4,South Africa,Q de Kock,HM Amla,A Mishra,1,0,"",""
ball,1,16.5,South Africa,HM Amla,Q de Kock,A Mishra,0,0,"",""
ball,1,16.6,South Africa,HM Amla,Q de Kock,A Mishra,1,0,"",""
ball,1,17.1,South Africa,HM Amla,Q de Kock,Harbhajan Singh,0,0,"",""
ball,1,17.2,South Africa,HM Amla,Q de Kock,Harbhajan Singh,0,0,"",""
ball,1,17.3,South Africa,HM Amla,Q de Kock,Harbhajan Singh,1,0,"",""
ball,1,17.4,South Africa,Q de Kock,HM Amla,Harbhajan Singh,0,0,"",""
ball,1,17.5,South Africa,Q de Kock,HM Amla,Harbhajan Singh,0,0,"",""
ball,1,17.6,South Africa,Q de Kock,HM Amla,Harbhajan Singh,1,0,"",""
ball,1,18.1,South Africa,Q de Kock,HM Amla,A Mishra,0,0,"",""
ball,1,18.2,South Africa,Q de Kock,HM Amla,A Mishra,0,0,"",""
ball,1,18.3,South Africa,Q de Kock,HM Amla,A Mishra,1,0,"",""
ball,1,18.4,South Africa,HM Amla,Q de Kock,A Mishra,0,0,stumped,HM Amla
ball,1,18.5,South Africa,F du Plessis,Q de Kock,A Mishra,0,0,"",""
ball,1,18.6,South Africa,F du Plessis,Q de Kock,A Mishra,2,0,"",""
ball,1,19.1,South Africa,Q de Kock,F du Plessis,Harbhajan Singh,1,0,"",""
ball,1,19.2,South Africa,F du Plessis,Q de Kock,Harbhajan Singh,0,0,"",""
ball,1,19.3,South Africa,F du Plessis,Q de Kock,Harbhajan Singh,1,0,"",""
ball,1,19.4,South Africa,Q de Kock,F du Plessis,Harbhajan Singh,1,0,"",""
ball,1,19.5,South Africa,F du Plessis,Q de Kock,Harbhajan Singh,0,0,"",""
ball,1,19.6,South Africa,F du Plessis,Q de Kock,Harbhajan Singh,2,0,"",""
ball,1,20.1,South Africa,Q de Kock,F du Plessis,A Mishra,0,0,"",""
ball,1,20.2,South Africa,Q de Kock,F du Plessis,A Mishra,0,0,"",""
ball,1,20.3,South Africa,Q de Kock,F du Plessis,A Mishra,1,0,"",""
ball,1,20.4,South Africa,F du Plessis,Q de Kock,A Mishra,1,0,"",""
ball,1,20.5,South Africa,Q de Kock,F du Plessis,A Mishra,1,0,"",""
ball,1,20.6,South Africa,F du Plessis,Q de Kock,A Mishra,1,0,"",""
ball,1,21.1,South Africa,F du Plessis,Q de Kock,Harbhajan Singh,0,1,"",""
ball,1,21.2,South Africa,F du Plessis,Q de Kock,Harbhajan Singh,0,0,"",""
ball,1,21.3,South Africa,F du Plessis,Q de Kock,Harbhajan Singh,0,0,"",""
ball,1,21.4,South Africa,F du Plessis,Q de Kock,Harbhajan Singh,1,0,"",""
ball,1,21.5,South Africa,Q de Kock,F du Plessis,Harbhajan Singh,0,0,"",""
ball,1,21.6,South Africa,Q de Kock,F du Plessis,Harbhajan Singh,0,0,"",""
ball,1,21.7,South Africa,Q de Kock,F du Plessis,Harbhajan Singh,4,0,"",""
ball,1,22.1,South Africa,F du Plessis,Q de Kock,AR Patel,1,0,"",""
ball,1,22.2,South Africa,Q de Kock,F du Plessis,AR Patel,4,0,"",""
ball,1,22.3,South Africa,Q de Kock,F du Plessis,AR Patel,0,0,"",""
ball,1,22.4,South Africa,Q de Kock,F du Plessis,AR Patel,1,0,"",""
ball,1,22.5,South Africa,F du Plessis,Q de Kock,AR Patel,1,0,"",""
ball,1,22.6,South Africa,Q de Kock,F du Plessis,AR Patel,0,0,"",""
ball,1,23.1,South Africa,F du Plessis,Q de Kock,MM Sharma,1,0,"",""
ball,1,23.2,South Africa,Q de Kock,F du Plessis,MM Sharma,0,0,"",""
ball,1,23.3,South Africa,Q de Kock,F du Plessis,MM Sharma,0,0,"",""
ball,1,23.4,South Africa,Q de Kock,F du Plessis,MM Sharma,0,0,"",""
ball,1,23.5,South Africa,Q de Kock,F du Plessis,MM Sharma,4,0,"",""
ball,1,23.6,South Africa,Q de Kock,F du Plessis,MM Sharma,0,0,"",""
ball,1,24.1,South Africa,F du Plessis,Q de Kock,AR Patel,0,0,"",""
ball,1,24.2,South Africa,F du Plessis,Q de Kock,AR Patel,0,0,"",""
ball,1,24.3,South Africa,F du Plessis,Q de Kock,AR Patel,0,0,"",""
ball,1,24.4,South Africa,F du Plessis,Q de Kock,AR Patel,0,0,"",""
ball,1,24.5,South Africa,F du Plessis,Q de Kock,AR Patel,1,0,"",""
ball,1,24.6,South Africa,Q de Kock,F du Plessis,AR Patel,0,0,"",""
ball,1,25.1,South Africa,F du Plessis,Q de Kock,MM Sharma,2,0,"",""
ball,1,25.2,South Africa,F du Plessis,Q de Kock,MM Sharma,0,0,"",""
ball,1,25.3,South Africa,F du Plessis,Q de Kock,MM Sharma,2,0,"",""
ball,1,25.4,South Africa,F du Plessis,Q de Kock,MM Sharma,0,0,"",""
ball,1,25.5,South Africa,F du Plessis,Q de Kock,MM Sharma,0,1,"",""
ball,1,25.6,South Africa,Q de Kock,F du Plessis,MM Sharma,1,0,"",""
ball,1,25.7,South Africa,F du Plessis,Q de Kock,MM Sharma,0,0,"",""
ball,1,26.1,South Africa,Q de Kock,F du Plessis,AR Patel,1,0,"",""
ball,1,26.2,South Africa,F du Plessis,Q de Kock,AR Patel,0,0,"",""
ball,1,26.3,South Africa,F du Plessis,Q de Kock,AR Patel,4,0,"",""
ball,1,26.4,South Africa,F du Plessis,Q de Kock,AR Patel,1,0,"",""
ball,1,26.5,South Africa,Q de Kock,F du Plessis,AR Patel,1,0,"",""
ball,1,26.6,South Africa,F du Plessis,Q de Kock,AR Patel,1,0,"",""
ball,1,27.1,South Africa,F du Plessis,Q de Kock,MM Sharma,0,0,"",""
ball,1,27.2,South Africa,F du Plessis,Q de Kock,MM Sharma,1,0,"",""
ball,1,27.3,South Africa,Q de Kock,F du Plessis,MM Sharma,1,0,"",""
ball,1,27.4,South Africa,F du Plessis,Q de Kock,MM Sharma,1,0,"",""
ball,1,27.5,South Africa,Q de Kock,F du Plessis,MM Sharma,4,0,"",""
ball,1,27.6,South Africa,Q de Kock,F du Plessis,MM Sharma,1,0,"",""
ball,1,28.1,South Africa,Q de Kock,F du Plessis,AR Patel,1,0,"",""
ball,1,28.2,South Africa,F du Plessis,Q de Kock,AR Patel,1,0,"",""
ball,1,28.3,South Africa,Q de Kock,F du Plessis,AR Patel,1,0,"",""
ball,1,28.4,South Africa,F du Plessis,Q de Kock,AR Patel,1,0,"",""
ball,1,28.5,South Africa,Q de Kock,F du Plessis,AR Patel,1,0,"",""
ball,1,28.6,South Africa,F du Plessis,Q de Kock,AR Patel,1,0,"",""
ball,1,29.1,South Africa,F du Plessis,Q de Kock,SK Raina,1,0,"",""
ball,1,29.2,South Africa,Q de Kock,F du Plessis,SK Raina,1,0,"",""
ball,1,29.3,South Africa,F du Plessis,Q de Kock,SK Raina,1,0,"",""
ball,1,29.4,South Africa,Q de Kock,F du Plessis,SK Raina,0,0,"",""
ball,1,29.5,South Africa,Q de Kock,F du Plessis,SK Raina,4,0,"",""
ball,1,29.6,South Africa,Q de Kock,F du Plessis,SK Raina,1,0,"",""
ball,1,30.1,South Africa,Q de Kock,F du Plessis,AR Patel,0,0,"",""
ball,1,30.2,South Africa,Q de Kock,F du Plessis,AR Patel,1,0,"",""
ball,1,30.3,South Africa,F du Plessis,Q de Kock,AR Patel,2,0,"",""
ball,1,30.4,South Africa,F du Plessis,Q de Kock,AR Patel,4,0,"",""
ball,1,30.5,South Africa,F du Plessis,Q de Kock,AR Patel,0,0,"",""
ball,1,30.6,South Africa,F du Plessis,Q de Kock,AR Patel,4,0,"",""
ball,1,31.1,South Africa,Q de Kock,F du Plessis,SK Raina,1,0,"",""
ball,1,31.2,South Africa,F du Plessis,Q de Kock,SK Raina,0,0,"",""
ball,1,31.3,South Africa,F du Plessis,Q de Kock,SK Raina,1,0,"",""
ball,1,31.4,South Africa,Q de Kock,F du Plessis,SK Raina,1,0,"",""
ball,1,31.5,South Africa,F du Plessis,Q de Kock,SK Raina,1,0,"",""
ball,1,31.6,South Africa,Q de Kock,F du Plessis,SK Raina,1,0,"",""
ball,1,32.1,South Africa,Q de Kock,F du Plessis,A Mishra,1,0,"",""
ball,1,32.2,South Africa,F du Plessis,Q de Kock,A Mishra,0,0,"",""
ball,1,32.3,South Africa,F du Plessis,Q de Kock,A Mishra,0,0,"",""
ball,1,32.4,South Africa,F du Plessis,Q de Kock,A Mishra,1,0,"",""
ball,1,32.5,South Africa,Q de Kock,F du Plessis,A Mishra,0,0,"",""
ball,1,32.6,South Africa,Q de Kock,F du Plessis,A Mishra,1,0,"",""
ball,1,33.1,South Africa,Q de Kock,F du Plessis,B Kumar,1,0,"",""
ball,1,33.2,South Africa,F du Plessis,Q de Kock,B Kumar,0,0,"",""
ball,1,33.3,South Africa,F du Plessis,Q de Kock,B Kumar,0,0,"",""
ball,1,33.4,South Africa,F du Plessis,Q de Kock,B Kumar,4,0,"",""
ball,1,33.5,South Africa,F du Plessis,Q de Kock,B Kumar,0,0,"",""
ball,1,33.6,South Africa,F du Plessis,Q de Kock,B Kumar,4,0,"",""
ball,1,34.1,South Africa,Q de Kock,F du Plessis,A Mishra,0,0,"",""
ball,1,34.2,South Africa,Q de Kock,F du Plessis,A Mishra,1,0,"",""
ball,1,34.3,South Africa,F du Plessis,Q de Kock,A Mishra,0,0,"",""
ball,1,34.4,South Africa,F du Plessis,Q de Kock,A Mishra,1,0,"",""
ball,1,34.5,South Africa,Q de Kock,F du Plessis,A Mishra,0,0,"",""
ball,1,34.6,South Africa,Q de Kock,F du Plessis,A Mishra,0,0,"",""
ball,1,35.1,South Africa,F du Plessis,Q de Kock,Harbhajan Singh,1,0,"",""
ball,1,35.2,South Africa,Q de Kock,F du Plessis,Harbhajan Singh,0,0,"",""
ball,1,35.3,South Africa,Q de Kock,F du Plessis,Harbhajan Singh,0,0,"",""
ball,1,35.4,South Africa,Q de Kock,F du Plessis,Harbhajan Singh,2,0,"",""
ball,1,35.5,South Africa,Q de Kock,F du Plessis,Harbhajan Singh,1,0,"",""
ball,1,35.6,South Africa,F du Plessis,Q de Kock,Harbhajan Singh,1,0,"",""
ball,1,36.1,South Africa,F du Plessis,Q de Kock,AR Patel,1,0,"",""
ball,1,36.2,South Africa,Q de Kock,F du Plessis,AR Patel,0,0,"",""
ball,1,36.3,South Africa,Q de Kock,F du Plessis,AR Patel,0,0,"",""
ball,1,36.4,South Africa,Q de Kock,F du Plessis,AR Patel,1,0,"",""
ball,1,36.5,South Africa,F du Plessis,Q de Kock,AR Patel,0,0,"",""
ball,1,36.6,South Africa,F du Plessis,Q de Kock,AR Patel,0,0,"",""
ball,1,37.1,South Africa,Q de Kock,F du Plessis,B Kumar,0,0,"",""
ball,1,37.2,South Africa,Q de Kock,F du Plessis,B Kumar,1,0,"",""
ball,1,37.3,South Africa,F du Plessis,Q de Kock,B Kumar,1,0,"",""
ball,1,37.4,South Africa,Q de Kock,F du Plessis,B Kumar,1,0,"",""
ball,1,37.5,South Africa,F du Plessis,Q de Kock,B Kumar,1,0,"",""
ball,1,37.6,South Africa,Q de Kock,F du Plessis,B Kumar,1,0,"",""
ball,1,38.1,South Africa,Q de Kock,F du Plessis,MM Sharma,0,1,"",""
ball,1,38.2,South Africa,Q de Kock,F du Plessis,MM Sharma,0,0,"",""
ball,1,38.3,South Africa,Q de Kock,F du Plessis,MM Sharma,4,0,"",""
ball,1,38.4,South Africa,Q de Kock,F du Plessis,MM Sharma,1,0,"",""
ball,1,38.5,South Africa,F du Plessis,Q de Kock,MM Sharma,4,0,"",""
ball,1,38.6,South Africa,F du Plessis,Q de Kock,MM Sharma,0,0,caught,F du Plessis
ball,1,38.7,South Africa,AB de Villiers,Q de Kock,MM Sharma,0,0,"",""
ball,1,39.1,South Africa,Q de Kock,AB de Villiers,Harbhajan Singh,0,0,"",""
ball,1,39.2,South Africa,Q de Kock,AB de Villiers,Harbhajan Singh,0,0,"",""
ball,1,39.3,South Africa,Q de Kock,AB de Villiers,Harbhajan Singh,1,0,"",""
ball,1,39.4,South Africa,AB de Villiers,Q de Kock,Harbhajan Singh,0,0,"",""
ball,1,39.5,South Africa,AB de Villiers,Q de Kock,Harbhajan Singh,4,0,"",""
ball,1,39.6,South Africa,AB de Villiers,Q de Kock,Harbhajan Singh,0,0,run out,Q de Kock
ball,1,40.1,South Africa,AB de Villiers,JP Duminy,AR Patel,0,0,lbw,AB de Villiers
ball,1,40.2,South Africa,F Behardien,JP Duminy,AR Patel,0,0,"",""
ball,1,40.3,South Africa,F Behardien,JP Duminy,AR Patel,0,0,"",""
ball,1,40.4,South Africa,F Behardien,JP Duminy,AR Patel,1,0,"",""
ball,1,40.5,South Africa,JP Duminy,F Behardien,AR Patel,1,0,"",""
ball,1,40.6,South Africa,F Behardien,JP Duminy,AR Patel,1,0,"",""
ball,1,41.1,South Africa,F Behardien,JP Duminy,A Mishra,0,0,"",""
ball,1,41.2,South Africa,F Behardien,JP Duminy,A Mishra,1,0,"",""
ball,1,41.3,South Africa,JP Duminy,F Behardien,A Mishra,1,0,"",""
ball,1,41.4,South Africa,F Behardien,JP Duminy,A Mishra,1,0,"",""
ball,1,41.5,South Africa,JP Duminy,F Behardien,A Mishra,1,0,"",""
ball,1,41.6,South Africa,F Behardien,JP Duminy,A Mishra,0,0,"",""
ball,1,42.1,South Africa,JP Duminy,F Behardien,AR Patel,4,0,"",""
ball,1,42.2,South Africa,JP Duminy,F Behardien,AR Patel,1,0,"",""
ball,1,42.3,South Africa,F Behardien,JP Duminy,AR Patel,1,0,"",""
ball,1,42.4,South Africa,JP Duminy,F Behardien,AR Patel,1,0,"",""
ball,1,42.5,South Africa,F Behardien,JP Duminy,AR Patel,0,0,"",""
ball,1,42.6,South Africa,F Behardien,JP Duminy,AR Patel,2,0,"",""
ball,1,43.1,South Africa,JP Duminy,F Behardien,A Mishra,1,0,"",""
ball,1,43.2,South Africa,F Behardien,JP Duminy,A Mishra,1,0,"",""
ball,1,43.3,South Africa,JP Duminy,F Behardien,A Mishra,0,0,"",""
ball,1,43.4,South Africa,JP Duminy,F Behardien,A Mishra,0,0,"",""
ball,1,43.5,South Africa,JP Duminy,F Behardien,A Mishra,1,0,"",""
ball,1,43.6,South Africa,F Behardien,JP Duminy,A Mishra,2,0,"",""
ball,1,44.1,South Africa,JP Duminy,F Behardien,AR Patel,1,0,"",""
ball,1,44.2,South Africa,F Behardien,JP Duminy,AR Patel,0,0,"",""
ball,1,44.3,South Africa,F Behardien,JP Duminy,AR Patel,1,0,"",""
ball,1,44.4,South Africa,JP Duminy,F Behardien,AR Patel,1,0,"",""
ball,1,44.5,South Africa,F Behardien,JP Duminy,AR Patel,0,0,"",""
ball,1,44.6,South Africa,F Behardien,JP Duminy,AR Patel,1,0,"",""
ball,1,45.1,South Africa,F Behardien,JP Duminy,B Kumar,0,0,"",""
ball,1,45.2,South Africa,F Behardien,JP Duminy,B Kumar,0,0,"",""
ball,1,45.3,South Africa,F Behardien,JP Duminy,B Kumar,0,0,"",""
ball,1,45.4,South Africa,F Behardien,JP Duminy,B Kumar,1,0,"",""
ball,1,45.5,South Africa,JP Duminy,F Behardien,B Kumar,1,0,"",""
ball,1,45.6,South Africa,F Behardien,JP Duminy,B Kumar,1,0,"",""
ball,1,46.1,South Africa,F Behardien,JP Duminy,MM Sharma,0,0,"",""
ball,1,46.2,South Africa,F Behardien,JP Duminy,MM Sharma,2,0,"",""
ball,1,46.3,South Africa,F Behardien,JP Duminy,MM Sharma,1,0,"",""
ball,1,46.4,South Africa,JP Duminy,F Behardien,MM Sharma,0,0,caught,JP Duminy
ball,1,46.5,South Africa,F Behardien,DW Steyn,MM Sharma,0,0,"",""
ball,1,46.6,South Africa,F Behardien,DW Steyn,MM Sharma,0,1,"",""
ball,1,46.7,South Africa,F Behardien,DW Steyn,MM Sharma,1,0,"",""
ball,1,47.1,South Africa,F Behardien,DW Steyn,B Kumar,1,0,"",""
ball,1,47.2,South Africa,DW Steyn,F Behardien,B Kumar,0,0,"",""
ball,1,47.3,South Africa,DW Steyn,F Behardien,B Kumar,1,0,"",""
ball,1,47.4,South Africa,F Behardien,DW Steyn,B Kumar,1,0,"",""
ball,1,47.5,South Africa,DW Steyn,F Behardien,B Kumar,1,0,"",""
ball,1,47.6,South Africa,F Behardien,DW Steyn,B Kumar,0,0,"",""
ball,1,48.1,South Africa,DW Steyn,F Behardien,MM Sharma,1,0,"",""
ball,1,48.2,South Africa,F Behardien,DW Steyn,MM Sharma,2,0,"",""
ball,1,48.3,South Africa,F Behardien,DW Steyn,MM Sharma,1,0,"",""
ball,1,48.4,South Africa,DW Steyn,F Behardien,MM Sharma,0,0,"",""
ball,1,48.5,South Africa,DW Steyn,F Behardien,MM Sharma,6,0,"",""
ball,1,48.6,South Africa,DW Steyn,F Behardien,MM Sharma,1,0,"",""
ball,1,49.1,South Africa,DW Steyn,F Behardien,B Kumar,1,0,"",""
ball,1,49.2,South Africa,F Behardien,DW Steyn,B Kumar,1,0,"",""
ball,1,49.3,South Africa,DW Steyn,F Behardien,B Kumar,1,0,"",""
ball,1,49.4,South Africa,F Behardien,DW Steyn,B Kumar,2,0,"",""
ball,1,49.5,South Africa,F Behardien,DW Steyn,B Kumar,1,0,run out,DW Steyn
ball,1,49.6,South Africa,F Behardien,K Rabada,B Kumar,6,0,"",""
ball,2,0.1,India,RG Sharma,S Dhawan,DW Steyn,0,0,"",""
ball,2,0.2,India,RG Sharma,S Dhawan,DW Steyn,0,0,"",""
ball,2,0.3,India,RG Sharma,S Dhawan,DW Steyn,0,0,"",""
ball,2,0.4,India,RG Sharma,S Dhawan,DW Steyn,0,0,"",""
ball,2,0.5,India,RG Sharma,S Dhawan,DW Steyn,4,0,"",""
ball,2,0.6,India,RG Sharma,S Dhawan,DW Steyn,0,0,"",""
ball,2,1.1,India,S Dhawan,RG Sharma,K Rabada,0,0,"",""
ball,2,1.2,India,S Dhawan,RG Sharma,K Rabada,1,0,"",""
ball,2,1.3,India,RG Sharma,S Dhawan,K Rabada,0,0,"",""
ball,2,1.4,India,RG Sharma,S Dhawan,K Rabada,0,0,"",""
ball,2,1.5,India,RG Sharma,S Dhawan,K Rabada,0,0,"",""
ball,2,1.6,India,RG Sharma,S Dhawan,K Rabada,0,0,"",""
ball,2,2.1,India,S Dhawan,RG Sharma,DW Steyn,0,0,"",""
ball,2,2.2,India,S Dhawan,RG Sharma,DW Steyn,1,0,"",""
ball,2,2.3,India,RG Sharma,S Dhawan,DW Steyn,0,0,"",""
ball,2,2.4,India,RG Sharma,S Dhawan,DW Steyn,4,0,"",""
ball,2,2.5,India,RG Sharma,S Dhawan,DW Steyn,0,1,"",""
ball,2,2.6,India,S Dhawan,RG Sharma,DW Steyn,0,0,"",""
ball,2,3.1,India,RG Sharma,S Dhawan,K Rabada,0,0,"",""
ball,2,3.2,India,RG Sharma,S Dhawan,K Rabada,4,0,"",""
ball,2,3.3,India,RG Sharma,S Dhawan,K Rabada,0,0,"",""
ball,2,3.4,India,RG Sharma,S Dhawan,K Rabada,0,0,"",""
ball,2,3.5,India,RG Sharma,S Dhawan,K Rabada,0,0,"",""
ball,2,3.6,India,RG Sharma,S Dhawan,K Rabada,0,0,"",""
ball,2,4.1,India,S Dhawan,RG Sharma,M Morkel,1,0,"",""
ball,2,4.2,India,RG Sharma,S Dhawan,M Morkel,1,0,"",""
ball,2,4.3,India,S Dhawan,RG Sharma,M Morkel,0,0,"",""
ball,2,4.4,India,S Dhawan,RG Sharma,M Morkel,0,0,"",""
ball,2,4.5,India,S Dhawan,RG Sharma,M Morkel,0,0,"",""
ball,2,4.6,India,S Dhawan,RG Sharma,M Morkel,1,0,"",""
ball,2,5.1,India,S Dhawan,RG Sharma,K Rabada,0,0,"",""
ball,2,5.2,India,S Dhawan,RG Sharma,K Rabada,0,0,"",""
ball,2,5.3,India,S Dhawan,RG Sharma,K Rabada,4,0,"",""
ball,2,5.4,India,S Dhawan,RG Sharma,K Rabada,4,0,"",""
ball,2,5.5,India,S Dhawan,RG Sharma,K Rabada,0,0,"",""
ball,2,5.6,India,S Dhawan,RG Sharma,K Rabada,0,0,"",""
ball,2,6.1,India,RG Sharma,S Dhawan,M Morkel,4,0,"",""
ball,2,6.2,India,RG Sharma,S Dhawan,M Morkel,0,0,"",""
ball,2,6.3,India,RG Sharma,S Dhawan,M Morkel,0,0,"",""
ball,2,6.4,India,RG Sharma,S Dhawan,M Morkel,1,0,"",""
ball,2,6.5,India,S Dhawan,RG Sharma,M Morkel,0,0,"",""
ball,2,6.6,India,S Dhawan,RG Sharma,M Morkel,0,0,"",""
ball,2,7.1,India,RG Sharma,S Dhawan,JP Duminy,0,0,"",""
ball,2,7.2,India,RG Sharma,S Dhawan,JP Duminy,2,0,"",""
ball,2,7.3,India,RG Sharma,S Dhawan,JP Duminy,1,0,"",""
ball,2,7.4,India,S Dhawan,RG Sharma,JP Duminy,0,0,"",""
ball,2,7.5,India,S Dhawan,RG Sharma,JP Duminy,0,0,"",""
ball,2,7.6,India,S Dhawan,RG Sharma,JP Duminy,1,0,"",""
ball,2,8.1,India,S Dhawan,RG Sharma,M Morkel,0,0,"",""
ball,2,8.2,India,S Dhawan,RG Sharma,M Morkel,0,0,"",""
ball,2,8.3,India,S Dhawan,RG Sharma,M Morkel,0,0,"",""
ball,2,8.4,India,S Dhawan,RG Sharma,M Morkel,0,0,"",""
ball,2,8.5,India,S Dhawan,RG Sharma,M Morkel,0,0,"",""
ball,2,8.6,India,S Dhawan,RG Sharma,M Morkel,0,0,"",""
ball,2,9.1,India,RG Sharma,S Dhawan,JP Duminy,0,0,"",""
ball,2,9.2,India,RG Sharma,S Dhawan,JP Duminy,4,0,"",""
ball,2,9.3,India,RG Sharma,S Dhawan,JP Duminy,0,0,"",""
ball,2,9.4,India,RG Sharma,S Dhawan,JP Duminy,0,0,"",""
ball,2,9.5,India,RG Sharma,S Dhawan,JP Duminy,0,0,"",""
ball,2,9.6,India,RG Sharma,S Dhawan,JP Duminy,1,0,"",""
ball,2,10.1,India,RG Sharma,S Dhawan,M Morkel,0,0,"",""
ball,2,10.2,India,RG Sharma,S Dhawan,M Morkel,1,0,"",""
ball,2,10.3,India,S Dhawan,RG Sharma,M Morkel,0,0,"",""
ball,2,10.4,India,S Dhawan,RG Sharma,M Morkel,0,0,caught,S Dhawan
ball,2,10.5,India,V Kohli,RG Sharma,M Morkel,1,0,"",""
ball,2,10.6,India,RG Sharma,V Kohli,M Morkel,0,0,"",""
ball,2,11.1,India,V Kohli,RG Sharma,JP Duminy,0,0,"",""
ball,2,11.2,India,V Kohli,RG Sharma,JP Duminy,1,0,"",""
ball,2,11.3,India,RG Sharma,V Kohli,JP Duminy,0,0,"",""
ball,2,11.4,India,RG Sharma,V Kohli,JP Duminy,1,0,"",""
ball,2,11.5,India,V Kohli,RG Sharma,JP Duminy,1,0,"",""
ball,2,11.6,India,RG Sharma,V Kohli,JP Duminy,2,0,"",""
ball,2,12.1,India,V Kohli,RG Sharma,DW Steyn,2,0,"",""
ball,2,12.2,India,V Kohli,RG Sharma,DW Steyn,1,0,"",""
ball,2,12.3,India,RG Sharma,V Kohli,DW Steyn,0,0,"",""
ball,2,12.4,India,RG Sharma,V Kohli,DW Steyn,0,0,"",""
ball,2,12.5,India,RG Sharma,V Kohli,DW Steyn,6,0,"",""
ball,2,12.6,India,RG Sharma,V Kohli,DW Steyn,1,0,"",""
ball,2,13.1,India,RG Sharma,V Kohli,JP Duminy,0,0,"",""
ball,2,13.2,India,RG Sharma,V Kohli,JP Duminy,0,0,"",""
ball,2,13.3,India,RG Sharma,V Kohli,JP Duminy,1,0,"",""
ball,2,13.4,India,V Kohli,RG Sharma,JP Duminy,4,0,"",""
ball,2,13.5,India,V Kohli,RG Sharma,JP Duminy,0,0,"",""
ball,2,13.6,India,V Kohli,RG Sharma,JP Duminy,0,1,"",""
ball,2,13.7,India,V Kohli,RG Sharma,JP Duminy,0,1,"",""
ball,2,14.1,India,V Kohli,RG Sharma,DW Steyn,0,0,"",""
ball,2,14.2,India,V Kohli,RG Sharma,DW Steyn,2,0,"",""
ball,2,14.3,India,V Kohli,RG Sharma,DW Steyn,0,0,"",""
ball,2,14.4,India,V Kohli,RG Sharma,DW Steyn,1,0,"",""
ball,2,14.5,India,RG Sharma,V Kohli,DW Steyn,0,0,"",""
ball,2,14.6,India,RG Sharma,V Kohli,DW Steyn,0,0,"",""
ball,2,15.1,India,V Kohli,RG Sharma,JP Duminy,0,0,"",""
ball,2,15.2,India,V Kohli,RG Sharma,JP Duminy,0,0,"",""
ball,2,15.3,India,V Kohli,RG Sharma,JP Duminy,0,0,"",""
ball,2,15.4,India,V Kohli,RG Sharma,JP Duminy,0,1,"",""
ball,2,15.5,India,V Kohli,RG Sharma,JP Duminy,4,0,"",""
ball,2,15.6,India,V Kohli,RG Sharma,JP Duminy,0,0,"",""
ball,2,15.7,India,V Kohli,RG Sharma,JP Duminy,3,0,"",""
ball,2,16.1,India,V Kohli,RG Sharma,Imran Tahir,0,0,"",""
ball,2,16.2,India,V Kohli,RG Sharma,Imran Tahir,1,0,"",""
ball,2,16.3,India,RG Sharma,V Kohli,Imran Tahir,0,0,"",""
ball,2,16.4,India,RG Sharma,V Kohli,Imran Tahir,4,0,"",""
ball,2,16.5,India,RG Sharma,V Kohli,Imran Tahir,0,0,"",""
ball,2,16.6,India,RG Sharma,V Kohli,Imran Tahir,1,0,"",""
ball,2,17.1,India,RG Sharma,V Kohli,K Rabada,0,0,"",""
ball,2,17.2,India,RG Sharma,V Kohli,K Rabada,1,0,"",""
ball,2,17.3,India,V Kohli,RG Sharma,K Rabada,0,0,"",""
ball,2,17.4,India,V Kohli,RG Sharma,K Rabada,1,0,"",""
ball,2,17.5,India,RG Sharma,V Kohli,K Rabada,1,0,"",""
ball,2,17.6,India,V Kohli,RG Sharma,K Rabada,0,0,"",""
ball,2,18.1,India,RG Sharma,V Kohli,Imran Tahir,0,0,"",""
ball,2,18.2,India,RG Sharma,V Kohli,Imran Tahir,1,0,"",""
ball,2,18.3,India,V Kohli,RG Sharma,Imran Tahir,1,0,"",""
ball,2,18.4,India,RG Sharma,V Kohli,Imran Tahir,1,0,"",""
ball,2,18.5,India,V Kohli,RG Sharma,Imran Tahir,1,0,"",""
ball,2,18.6,India,RG Sharma,V Kohli,Imran Tahir,0,0,"",""
ball,2,19.1,India,V Kohli,RG Sharma,K Rabada,1,0,"",""
ball,2,19.2,India,RG Sharma,V Kohli,K Rabada,0,0,"",""
ball,2,19.3,India,RG Sharma,V Kohli,K Rabada,1,0,"",""
ball,2,19.4,India,V Kohli,RG Sharma,K Rabada,1,0,"",""
ball,2,19.5,India,RG Sharma,V Kohli,K Rabada,0,0,"",""
ball,2,19.6,India,RG Sharma,V Kohli,K Rabada,0,0,"",""
ball,2,20.1,India,V Kohli,RG Sharma,Imran Tahir,0,0,"",""
ball,2,20.2,India,V Kohli,RG Sharma,Imran Tahir,1,0,"",""
ball,2,20.3,India,RG Sharma,V Kohli,Imran Tahir,0,0,"",""
ball,2,20.4,India,RG Sharma,V Kohli,Imran Tahir,6,0,"",""
ball,2,20.5,India,RG Sharma,V Kohli,Imran Tahir,0,0,"",""
ball,2,20.6,India,RG Sharma,V Kohli,Imran Tahir,1,0,"",""
ball,2,21.1,India,RG Sharma,V Kohli,K Rabada,0,0,"",""
ball,2,21.2,India,RG Sharma,V Kohli,K Rabada,1,0,"",""
ball,2,21.3,India,V Kohli,RG Sharma,K Rabada,1,0,"",""
ball,2,21.4,India,RG Sharma,V Kohli,K Rabada,3,0,"",""
ball,2,21.5,India,V Kohli,RG Sharma,K Rabada,0,0,"",""
ball,2,21.6,India,V Kohli,RG Sharma,K Rabada,0,0,"",""
ball,2,22.1,India,RG Sharma,V Kohli,Imran Tahir,4,0,"",""
ball,2,22.2,India,RG Sharma,V Kohli,Imran Tahir,1,0,"",""
ball,2,22.3,India,V Kohli,RG Sharma,Imran Tahir,0,0,"",""
ball,2,22.4,India,V Kohli,RG Sharma,Imran Tahir,3,0,"",""
ball,2,22.5,India,RG Sharma,V Kohli,Imran Tahir,1,0,"",""
ball,2,22.6,India,V Kohli,RG Sharma,Imran Tahir,0,0,"",""
ball,2,23.1,India,RG Sharma,V Kohli,JP Duminy,0,0,caught and bowled,RG Sharma
ball,2,23.2,India,MS Dhoni,V Kohli,JP Duminy,0,0,"",""
ball,2,23.3,India,MS Dhoni,V Kohli,JP Duminy,2,0,"",""
ball,2,23.4,India,MS Dhoni,V Kohli,JP Duminy,1,0,"",""
ball,2,23.5,India,V Kohli,MS Dhoni,JP Duminy,1,0,"",""
ball,2,23.6,India,MS Dhoni,V Kohli,JP Duminy,0,0,"",""
ball,2,24.1,India,V Kohli,MS Dhoni,DW Steyn,1,0,"",""
ball,2,24.2,India,MS Dhoni,V Kohli,DW Steyn,0,0,"",""
ball,2,24.3,India,MS Dhoni,V Kohli,DW Steyn,1,0,"",""
ball,2,24.4,India,V Kohli,MS Dhoni,DW Steyn,1,0,"",""
ball,2,24.5,India,MS Dhoni,V Kohli,DW Steyn,4,0,"",""
ball,2,24.6,India,MS Dhoni,V Kohli,DW Steyn,0,0,"",""
ball,2,25.1,India,V Kohli,MS Dhoni,JP Duminy,1,0,"",""
ball,2,25.2,India,MS Dhoni,V Kohli,JP Duminy,0,0,"",""
ball,2,25.3,India,MS Dhoni,V Kohli,JP Duminy,0,0,"",""
ball,2,25.4,India,MS Dhoni,V Kohli,JP Duminy,3,0,"",""
ball,2,25.5,India,V Kohli,MS Dhoni,JP Duminy,1,0,"",""
ball,2,25.6,India,MS Dhoni,V Kohli,JP Duminy,2,0,"",""
ball,2,26.1,India,V Kohli,MS Dhoni,DW Steyn,0,0,"",""
ball,2,26.2,India,V Kohli,MS Dhoni,DW Steyn,0,0,"",""
ball,2,26.3,India,V Kohli,MS Dhoni,DW Steyn,1,0,"",""
ball,2,26.4,India,MS Dhoni,V Kohli,DW Steyn,4,0,"",""
ball,2,26.5,India,MS Dhoni,V Kohli,DW Steyn,1,0,"",""
ball,2,26.6,India,V Kohli,MS Dhoni,DW Steyn,0,0,"",""
ball,2,27.1,India,MS Dhoni,V Kohli,M Morkel,1,0,"",""
ball,2,27.2,India,V Kohli,MS Dhoni,M Morkel,0,0,"",""
ball,2,27.3,India,V Kohli,MS Dhoni,M Morkel,1,0,"",""
ball,2,27.4,India,MS Dhoni,V Kohli,M Morkel,0,0,"",""
ball,2,27.5,India,MS Dhoni,V Kohli,M Morkel,0,0,"",""
ball,2,27.6,India,MS Dhoni,V Kohli,M Morkel,0,0,"",""
ball,2,28.1,India,V Kohli,MS Dhoni,F Behardien,1,0,"",""
ball,2,28.2,India,MS Dhoni,V Kohli,F Behardien,1,0,"",""
ball,2,28.3,India,V Kohli,MS Dhoni,F Behardien,1,0,"",""
ball,2,28.4,India,MS Dhoni,V Kohli,F Behardien,0,0,"",""
ball,2,28.5,India,MS Dhoni,V Kohli,F Behardien,0,0,"",""
ball,2,28.6,India,MS Dhoni,V Kohli,F Behardien,0,0,"",""
ball,2,29.1,India,V Kohli,MS Dhoni,M Morkel,0,0,"",""
ball,2,29.2,India,V Kohli,MS Dhoni,M Morkel,1,0,"",""
ball,2,29.3,India,MS Dhoni,V Kohli,M Morkel,1,0,"",""
ball,2,29.4,India,V Kohli,MS Dhoni,M Morkel,0,0,"",""
ball,2,29.5,India,V Kohli,MS Dhoni,M Morkel,4,0,"",""
ball,2,29.6,India,V Kohli,MS Dhoni,M Morkel,0,0,"",""
ball,2,30.1,India,MS Dhoni,V Kohli,F Behardien,4,0,"",""
ball,2,30.2,India,MS Dhoni,V Kohli,F Behardien,1,0,"",""
ball,2,30.3,India,V Kohli,MS Dhoni,F Behardien,0,0,"",""
ball,2,30.4,India,V Kohli,MS Dhoni,F Behardien,0,0,"",""
ball,2,30.5,India,V Kohli,MS Dhoni,F Behardien,1,0,"",""
ball,2,30.6,India,MS Dhoni,V Kohli,F Behardien,0,0,"",""
ball,2,31.1,India,V Kohli,MS Dhoni,Imran Tahir,0,0,"",""
ball,2,31.2,India,V Kohli,MS Dhoni,Imran Tahir,1,0,"",""
ball,2,31.3,India,MS Dhoni,V Kohli,Imran Tahir,0,0,"",""
ball,2,31.4,India,MS Dhoni,V Kohli,Imran Tahir,0,0,"",""
ball,2,31.5,India,MS Dhoni,V Kohli,Imran Tahir,0,0,"",""
ball,2,31.6,India,MS Dhoni,V Kohli,Imran Tahir,0,0,"",""
ball,2,32.1,India,V Kohli,MS Dhoni,K Rabada,1,0,"",""
ball,2,32.2,India,MS Dhoni,V Kohli,K Rabada,0,0,"",""
ball,2,32.3,India,MS Dhoni,V Kohli,K Rabada,0,0,"",""
ball,2,32.4,India,MS Dhoni,V Kohli,K Rabada,0,0,"",""
ball,2,32.5,India,MS Dhoni,V Kohli,K Rabada,0,0,"",""
ball,2,32.6,India,MS Dhoni,V Kohli,K Rabada,0,0,"",""
ball,2,33.1,India,V Kohli,MS Dhoni,Imran Tahir,1,0,"",""
ball,2,33.2,India,MS Dhoni,V Kohli,Imran Tahir,1,0,"",""
ball,2,33.3,India,V Kohli,MS Dhoni,Imran Tahir,0,0,"",""
ball,2,33.4,India,V Kohli,MS Dhoni,Imran Tahir,0,0,"",""
ball,2,33.5,India,V Kohli,MS Dhoni,Imran Tahir,1,0,"",""
ball,2,33.6,India,MS Dhoni,V Kohli,Imran Tahir,0,0,"",""
ball,2,34.1,India,V Kohli,MS Dhoni,K Rabada,0,0,"",""
ball,2,34.2,India,V Kohli,MS Dhoni,K Rabada,0,0,"",""
ball,2,34.3,India,V Kohli,MS Dhoni,K Rabada,0,0,"",""
ball,2,34.4,India,V Kohli,MS Dhoni,K Rabada,1,0,"",""
ball,2,34.5,India,MS Dhoni,V Kohli,K Rabada,0,0,"",""
ball,2,34.6,India,MS Dhoni,V Kohli,K Rabada,0,1,"",""
ball,2,34.7,India,MS Dhoni,V Kohli,K Rabada,1,0,"",""
ball,2,35.1,India,MS Dhoni,V Kohli,Imran Tahir,0,0,"",""
ball,2,35.2,India,MS Dhoni,V Kohli,Imran Tahir,1,0,"",""
ball,2,35.3,India,V Kohli,MS Dhoni,Imran Tahir,0,0,"",""
ball,2,35.4,India,V Kohli,MS Dhoni,Imran Tahir,1,0,"",""
ball,2,35.5,India,MS Dhoni,V Kohli,Imran Tahir,1,0,"",""
ball,2,35.6,India,V Kohli,MS Dhoni,Imran Tahir,0,0,"",""
ball,2,36.1,India,MS Dhoni,V Kohli,M Morkel,1,0,"",""
ball,2,36.2,India,V Kohli,MS Dhoni,M Morkel,2,0,"",""
ball,2,36.3,India,V Kohli,MS Dhoni,M Morkel,0,0,"",""
ball,2,36.4,India,V Kohli,MS Dhoni,M Morkel,2,0,"",""
ball,2,36.5,India,V Kohli,MS Dhoni,M Morkel,0,0,"",""
ball,2,36.6,India,V Kohli,MS Dhoni,M Morkel,1,0,"",""
ball,2,37.1,India,V Kohli,MS Dhoni,Imran Tahir,1,0,"",""
ball,2,37.2,India,MS Dhoni,V Kohli,Imran Tahir,0,0,"",""
ball,2,37.3,India,MS Dhoni,V Kohli,Imran Tahir,1,0,"",""
ball,2,37.4,India,V Kohli,MS Dhoni,Imran Tahir,0,0,"",""
ball,2,37.5,India,V Kohli,MS Dhoni,Imran Tahir,0,0,"",""
ball,2,37.6,India,V Kohli,MS Dhoni,Imran Tahir,0,0,"",""
ball,2,38.1,India,MS Dhoni,V Kohli,M Morkel,0,0,"",""
ball,2,38.2,India,MS Dhoni,V Kohli,M Morkel,1,0,"",""
ball,2,38.3,India,V Kohli,MS Dhoni,M Morkel,1,0,"",""
ball,2,38.4,India,MS Dhoni,V Kohli,M Morkel,0,0,"",""
ball,2,38.5,India,MS Dhoni,V Kohli,M Morkel,2,0,"",""
ball,2,38.6,India,MS Dhoni,V Kohli,M Morkel,1,0,"",""
ball,2,39.1,India,MS Dhoni,V Kohli,JP Duminy,1,0,"",""
ball,2,39.2,India,V Kohli,MS Dhoni,JP Duminy,1,0,"",""
ball,2,39.3,India,MS Dhoni,V Kohli,JP Duminy,0,0,"",""
ball,2,39.4,India,MS Dhoni,V Kohli,JP Duminy,0,1,"",""
ball,2,39.5,India,MS Dhoni,V Kohli,JP Duminy,0,0,"",""
ball,2,39.6,India,MS Dhoni,V Kohli,JP Duminy,4,0,"",""
ball,2,39.7,India,MS Dhoni,V Kohli,JP Duminy,0,0,"",""
ball,2,40.1,India,V Kohli,MS Dhoni,DW Steyn,0,0,"",""
ball,2,40.2,India,V Kohli,MS Dhoni,DW Steyn,0,0,"",""
ball,2,40.3,India,V Kohli,MS Dhoni,DW Steyn,1,0,"",""
ball,2,40.4,India,MS Dhoni,V Kohli,DW Steyn,0,0,"",""
ball,2,40.5,India,MS Dhoni,V Kohli,DW Steyn,1,0,"",""
ball,2,40.6,India,V Kohli,MS Dhoni,DW Steyn,0,0,"",""
ball,2,41.1,India,MS Dhoni,V Kohli,M Morkel,0,0,"",""
ball,2,41.2,India,MS Dhoni,V Kohli,M Morkel,1,0,"",""
ball,2,41.3,India,V Kohli,MS Dhoni,M Morkel,1,0,"",""
ball,2,41.4,India,MS Dhoni,V Kohli,M Morkel,4,0,"",""
ball,2,41.5,India,MS Dhoni,V Kohli,M Morkel,0,0,caught,MS Dhoni
ball,2,41.6,India,SK Raina,V Kohli,M Morkel,0,0,"",""
ball,2,42.1,India,V Kohli,SK Raina,DW Steyn,0,0,"",""
ball,2,42.2,India,V Kohli,SK Raina,DW Steyn,0,0,"",""
ball,2,42.3,India,V Kohli,SK Raina,DW Steyn,2,0,"",""
ball,2,42.4,India,V Kohli,SK Raina,DW Steyn,4,0,"",""
ball,2,42.5,India,V Kohli,SK Raina,DW Steyn,0,0,"",""
ball,2,42.6,India,V Kohli,SK Raina,DW Steyn,0,1,"",""
ball,2,42.7,India,V Kohli,SK Raina,DW Steyn,1,0,"",""
ball,2,43.1,India,V Kohli,SK Raina,Imran Tahir,4,0,"",""
ball,2,43.2,India,V Kohli,SK Raina,Imran Tahir,1,0,"",""
ball,2,43.3,India,SK Raina,V Kohli,Imran Tahir,0,0,caught,SK Raina
ball,2,43.4,India,V Kohli,AM Rahane,Imran Tahir,1,0,"",""
ball,2,43.5,India,AM Rahane,V Kohli,Imran Tahir,1,0,"",""
ball,2,43.6,India,V Kohli,AM Rahane,Imran Tahir,2,0,"",""
ball,2,44.1,India,AM Rahane,V Kohli,K Rabada,0,1,"",""
ball,2,44.2,India,AM Rahane,V Kohli,K Rabada,0,0,"",""
ball,2,44.3,India,AM Rahane,V Kohli,K Rabada,0,0,"",""
ball,2,44.4,India,AM Rahane,V Kohli,K Rabada,2,0,"",""
ball,2,44.5,India,AM Rahane,V Kohli,K Rabada,1,0,"",""
ball,2,44.6,India,V Kohli,AM Rahane,K Rabada,0,1,"",""
ball,2,44.7,India,V Kohli,AM Rahane,K Rabada,0,1,"",""
ball,2,44.8,India,AM Rahane,V Kohli,K Rabada,0,0,"",""
ball,2,45.1,India,V Kohli,AM Rahane,M Morkel,0,0,caught,V Kohli
ball,2,45.2,India,AM Rahane,AR Patel,M Morkel,0,0,caught,AM Rahane
ball,2,45.3,India,Harbhajan Singh,AR Patel,M Morkel,0,1,"",""
ball,2,45.4,India,Harbhajan Singh,AR Patel,M Morkel,0,0,"",""
ball,2,45.5,India,Harbhajan Singh,AR Patel,M Morkel,1,0,"",""
ball,2,45.6,India,AR Patel,Harbhajan Singh,M Morkel,1,0,"",""
ball,2,45.7,India,Harbhajan Singh,AR Patel,M Morkel,1,0,"",""
ball,2,46.1,India,Harbhajan Singh,AR Patel,Imran Tahir,1,0,"",""
ball,2,46.2,India,AR Patel,Harbhajan Singh,Imran Tahir,1,0,"",""
ball,2,46.3,India,Harbhajan Singh,AR Patel,Imran Tahir,0,0,"",""
ball,2,46.4,India,Harbhajan Singh,AR Patel,Imran Tahir,0,0,"",""
ball,2,46.5,India,Harbhajan Singh,AR Patel,Imran Tahir,4,0,"",""
ball,2,46.6,India,Harbhajan Singh,AR Patel,Imran Tahir,0,0,"",""
ball,2,47.1,India,AR Patel,Harbhajan Singh,DW Steyn,0,0,"",""
ball,2,47.2,India,AR Patel,Harbhajan Singh,DW Steyn,1,0,"",""
ball,2,47.3,India,Harbhajan Singh,AR Patel,DW Steyn,1,0,"",""
ball,2,47.4,India,AR Patel,Harbhajan Singh,DW Steyn,2,0,"",""
ball,2,47.5,India,AR Patel,Harbhajan Singh,DW Steyn,1,0,"",""
ball,2,47.6,India,Harbhajan Singh,AR Patel,DW Steyn,2,0,"",""
ball,2,48.1,India,AR Patel,Harbhajan Singh,K Rabada,1,0,"",""
ball,2,48.2,India,Harbhajan Singh,AR Patel,K Rabada,1,0,"",""
ball,2,48.3,India,AR Patel,Harbhajan Singh,K Rabada,1,0,"",""
ball,2,48.4,India,Harbhajan Singh,AR Patel,K Rabada,2,0,"",""
ball,2,48.5,India,Harbhajan Singh,AR Patel,K Rabada,1,0,"",""
ball,2,48.6,India,AR Patel,Harbhajan Singh,K Rabada,0,0,"",""
ball,2,49.1,India,Harbhajan Singh,AR Patel,DW Steyn,2,0,"",""
ball,2,49.2,India,Harbhajan Singh,AR Patel,DW Steyn,1,0,"",""
ball,2,49.3,India,AR Patel,Harbhajan Singh,DW Steyn,1,0,"",""
ball,2,49.4,India,Harbhajan Singh,AR Patel,DW Steyn,2,0,"",""
ball,2,49.5,India,Harbhajan Singh,AR Patel,DW Steyn,1,0,"",""
ball,2,49.6,India,AR Patel,Harbhajan Singh,DW Steyn,6,0,"",""
