version,1.3.0
info,team,England
info,team,Sri Lanka
info,gender,male
info,season,2016
info,date,2016/07/02
info,series,Sri Lanka in England ODI Series
info,match_number,5
info,venue,Sophia Gardens
info,city,Cardiff
info,toss_winner,Sri Lanka
info,toss_decision,field
info,player_of_match,JC Buttler
info,umpire,MA Gough
info,umpire,PR Reiffel
info,reserve_umpire,RJ Bailey
info,tv_umpire,BNJ Oxenford
info,match_referee,DC Boon
info,winner,England
info,winner_runs,122
ball,1,0.1,England,JJ Roy,JM Vince,RAS Lakmal,0,0,"",""
ball,1,0.2,England,JJ Roy,JM Vince,RAS Lakmal,0,0,"",""
ball,1,0.3,England,JJ Roy,JM Vince,RAS Lakmal,4,0,"",""
ball,1,0.4,England,JJ Roy,JM Vince,RAS Lakmal,0,0,"",""
ball,1,0.5,England,JJ Roy,JM Vince,RAS Lakmal,0,0,"",""
ball,1,0.6,England,JJ Roy,JM Vince,RAS Lakmal,0,0,"",""
ball,1,1.1,England,JM Vince,JJ Roy,KMC Bandara,1,0,"",""
ball,1,1.2,England,JJ Roy,JM Vince,KMC Bandara,0,0,"",""
ball,1,1.3,England,JJ Roy,JM Vince,KMC Bandara,0,0,"",""
ball,1,1.4,England,JJ Roy,JM Vince,KMC Bandara,4,0,"",""
ball,1,1.5,England,JJ Roy,JM Vince,KMC Bandara,1,0,"",""
ball,1,1.6,England,JM Vince,JJ Roy,KMC Bandara,0,1,"",""
ball,1,2.1,England,JM Vince,JJ Roy,RAS Lakmal,0,0,"",""
ball,1,2.2,England,JM Vince,JJ Roy,RAS Lakmal,2,0,"",""
ball,1,2.3,England,JM Vince,JJ Roy,RAS Lakmal,1,0,"",""
ball,1,2.4,England,JJ Roy,JM Vince,RAS Lakmal,0,1,"",""
ball,1,2.5,England,JM Vince,JJ Roy,RAS Lakmal,0,0,"",""
ball,1,2.6,England,JM Vince,JJ Roy,RAS Lakmal,0,0,"",""
ball,1,3.1,England,JJ Roy,JM Vince,KMC Bandara,0,0,"",""
ball,1,3.2,England,JJ Roy,JM Vince,KMC Bandara,0,0,"",""
ball,1,3.3,England,JJ Roy,JM Vince,KMC Bandara,1,0,"",""
ball,1,3.4,England,JM Vince,JJ Roy,KMC Bandara,4,0,"",""
ball,1,3.5,England,JM Vince,JJ Roy,KMC Bandara,2,0,"",""
ball,1,3.6,England,JM Vince,JJ Roy,KMC Bandara,4,0,"",""
ball,1,4.1,England,JJ Roy,JM Vince,RAS Lakmal,0,0,"",""
ball,1,4.2,England,JJ Roy,JM Vince,RAS Lakmal,1,0,"",""
ball,1,4.3,England,JM Vince,JJ Roy,RAS Lakmal,0,0,"",""
ball,1,4.4,England,JM Vince,JJ Roy,RAS Lakmal,1,0,"",""
ball,1,4.5,England,JJ Roy,JM Vince,RAS Lakmal,0,0,"",""
ball,1,4.6,England,JJ Roy,JM Vince,RAS Lakmal,0,0,"",""
ball,1,5.1,England,JM Vince,JJ Roy,N Pradeep,0,0,"",""
ball,1,5.2,England,JM Vince,JJ Roy,N Pradeep,0,0,"",""
ball,1,5.3,England,JM Vince,JJ Roy,N Pradeep,1,0,"",""
ball,1,5.4,England,JJ Roy,JM Vince,N Pradeep,0,0,"",""
ball,1,5.5,England,JJ Roy,JM Vince,N Pradeep,3,0,"",""
ball,1,5.6,England,JM Vince,JJ Roy,N Pradeep,1,0,"",""
ball,1,6.1,England,JM Vince,JJ Roy,KMC Bandara,0,0,"",""
ball,1,6.2,England,JM Vince,JJ Roy,KMC Bandara,0,0,"",""
ball,1,6.3,England,JM Vince,JJ Roy,KMC Bandara,4,0,"",""
ball,1,6.4,England,JM Vince,JJ Roy,KMC Bandara,0,0,"",""
ball,1,6.5,England,JM Vince,JJ Roy,KMC Bandara,0,0,"",""
ball,1,6.6,England,JM Vince,JJ Roy,KMC Bandara,0,0,"",""
ball,1,7.1,England,JJ Roy,JM Vince,N Pradeep,0,0,"",""
ball,1,7.2,England,JJ Roy,JM Vince,N Pradeep,1,0,"",""
ball,1,7.3,England,JM Vince,JJ Roy,N Pradeep,0,0,"",""
ball,1,7.4,England,JM Vince,JJ Roy,N Pradeep,0,0,"",""
ball,1,7.5,England,JM Vince,JJ Roy,N Pradeep,1,0,"",""
ball,1,7.6,England,JJ Roy,JM Vince,N Pradeep,1,0,"",""
ball,1,8.1,England,JJ Roy,JM Vince,KMC Bandara,4,0,"",""
ball,1,8.2,England,JJ Roy,JM Vince,KMC Bandara,2,0,"",""
ball,1,8.3,England,JJ Roy,JM Vince,KMC Bandara,4,0,"",""
ball,1,8.4,England,JJ Roy,JM Vince,KMC Bandara,1,0,"",""
ball,1,8.5,England,JM Vince,JJ Roy,KMC Bandara,0,0,"",""
ball,1,8.6,England,JM Vince,JJ Roy,KMC Bandara,3,0,"",""
ball,1,9.1,England,JM Vince,JJ Roy,RAS Lakmal,0,0,"",""
ball,1,9.2,England,JM Vince,JJ Roy,RAS Lakmal,1,0,"",""
ball,1,9.3,England,JJ Roy,JM Vince,RAS Lakmal,0,0,"",""
ball,1,9.4,England,JJ Roy,JM Vince,RAS Lakmal,1,0,"",""
ball,1,9.5,England,JM Vince,JJ Roy,RAS Lakmal,1,0,"",""
ball,1,9.6,England,JJ Roy,JM Vince,RAS Lakmal,3,0,"",""
ball,1,10.1,England,JJ Roy,JM Vince,N Pradeep,2,0,"",""
ball,1,10.2,England,JJ Roy,JM Vince,N Pradeep,0,0,"",""
ball,1,10.3,England,JJ Roy,JM Vince,N Pradeep,1,0,"",""
ball,1,10.4,England,JM Vince,JJ Roy,N Pradeep,2,0,"",""
ball,1,10.5,England,JM Vince,JJ Roy,N Pradeep,0,0,"",""
ball,1,10.6,England,JM Vince,JJ Roy,N Pradeep,0,1,"",""
ball,1,11.1,England,JM Vince,JJ Roy,RAS Lakmal,0,0,"",""
ball,1,11.2,England,JM Vince,JJ Roy,RAS Lakmal,1,0,"",""
ball,1,11.3,England,JJ Roy,JM Vince,RAS Lakmal,0,0,caught,JJ Roy
ball,1,11.4,England,JM Vince,JE Root,RAS Lakmal,0,0,"",""
ball,1,11.5,England,JM Vince,JE Root,RAS Lakmal,1,0,"",""
ball,1,11.6,England,JE Root,JM Vince,RAS Lakmal,4,0,"",""
ball,1,12.1,England,JM Vince,JE Root,N Pradeep,1,0,"",""
ball,1,12.2,England,JE Root,JM Vince,N Pradeep,1,0,"",""
ball,1,12.3,England,JM Vince,JE Root,N Pradeep,4,0,"",""
ball,1,12.4,England,JM Vince,JE Root,N Pradeep,0,0,"",""
ball,1,12.5,England,JM Vince,JE Root,N Pradeep,0,0,"",""
ball,1,12.6,England,JM Vince,JE Root,N Pradeep,0,0,"",""
ball,1,13.1,England,JE Root,JM Vince,RAS Lakmal,0,0,"",""
ball,1,13.2,England,JE Root,JM Vince,RAS Lakmal,0,0,"",""
ball,1,13.3,England,JE Root,JM Vince,RAS Lakmal,4,0,"",""
ball,1,13.4,England,JE Root,JM Vince,RAS Lakmal,0,0,"",""
ball,1,13.5,England,JE Root,JM Vince,RAS Lakmal,1,0,"",""
ball,1,13.6,England,JM Vince,JE Root,RAS Lakmal,1,0,"",""
ball,1,14.1,England,JM Vince,JE Root,MD Gunathilaka,1,0,"",""
ball,1,14.2,England,JE Root,JM Vince,MD Gunathilaka,1,0,"",""
ball,1,14.3,England,JM Vince,JE Root,MD Gunathilaka,2,0,"",""
ball,1,14.4,England,JM Vince,JE Root,MD Gunathilaka,1,0,"",""
ball,1,14.5,England,JE Root,JM Vince,MD Gunathilaka,1,0,"",""
ball,1,14.6,England,JM Vince,JE Root,MD Gunathilaka,4,0,"",""
ball,1,15.1,England,JE Root,JM Vince,S Prasanna,0,0,"",""
ball,1,15.2,England,JE Root,JM Vince,S Prasanna,1,0,"",""
ball,1,15.3,England,JM Vince,JE Root,S Prasanna,1,0,"",""
ball,1,15.4,England,JE Root,JM Vince,S Prasanna,0,0,"",""
ball,1,15.5,England,JE Root,JM Vince,S Prasanna,1,0,"",""
ball,1,15.6,England,JM Vince,JE Root,S Prasanna,0,0,"",""
ball,1,16.1,England,JE Root,JM Vince,MD Gunathilaka,0,0,"",""
ball,1,16.2,England,JE Root,JM Vince,MD Gunathilaka,0,0,"",""
ball,1,16.3,England,JE Root,JM Vince,MD Gunathilaka,0,0,"",""
ball,1,16.4,England,JE Root,JM Vince,MD Gunathilaka,1,0,"",""
ball,1,16.5,England,JM Vince,JE Root,MD Gunathilaka,0,0,"",""
ball,1,16.6,England,JM Vince,JE Root,MD Gunathilaka,0,0,"",""
ball,1,17.1,England,JE Root,JM Vince,S Prasanna,1,0,"",""
ball,1,17.2,England,JM Vince,JE Root,S Prasanna,1,0,"",""
ball,1,17.3,England,JE Root,JM Vince,S Prasanna,2,0,"",""
ball,1,17.4,England,JE Root,JM Vince,S Prasanna,1,0,"",""
ball,1,17.5,England,JM Vince,JE Root,S Prasanna,2,0,"",""
ball,1,17.6,England,JM Vince,JE Root,S Prasanna,1,0,"",""
ball,1,18.1,England,JM Vince,JE Root,MD Gunathilaka,1,0,"",""
ball,1,18.2,England,JE Root,JM Vince,MD Gunathilaka,0,0,"",""
ball,1,18.3,England,JE Root,JM Vince,MD Gunathilaka,1,0,"",""
ball,1,18.4,England,JM Vince,JE Root,MD Gunathilaka,0,0,stumped,JM Vince
ball,1,18.5,England,EJG Morgan,JE Root,MD Gunathilaka,0,0,"",""
ball,1,18.6,England,EJG Morgan,JE Root,MD Gunathilaka,0,0,"",""
ball,1,19.1,England,JE Root,EJG Morgan,S Prasanna,0,0,"",""
ball,1,19.2,England,JE Root,EJG Morgan,S Prasanna,1,0,"",""
ball,1,19.3,England,EJG Morgan,JE Root,S Prasanna,1,0,"",""
ball,1,19.4,England,JE Root,EJG Morgan,S Prasanna,0,0,"",""
ball,1,19.5,England,JE Root,EJG Morgan,S Prasanna,0,0,"",""
ball,1,19.6,England,JE Root,EJG Morgan,S Prasanna,1,0,"",""
ball,1,20.1,England,JE Root,EJG Morgan,MD Gunathilaka,1,0,"",""
ball,1,20.2,England,EJG Morgan,JE Root,MD Gunathilaka,0,0,"",""
ball,1,20.3,England,EJG Morgan,JE Root,MD Gunathilaka,4,0,"",""
ball,1,20.4,England,EJG Morgan,JE Root,MD Gunathilaka,1,0,"",""
ball,1,20.5,England,JE Root,EJG Morgan,MD Gunathilaka,1,0,"",""
ball,1,20.6,England,EJG Morgan,JE Root,MD Gunathilaka,0,0,"",""
ball,1,21.1,England,JE Root,EJG Morgan,S Prasanna,1,0,"",""
ball,1,21.2,England,EJG Morgan,JE Root,S Prasanna,0,0,"",""
ball,1,21.3,England,EJG Morgan,JE Root,S Prasanna,0,0,"",""
ball,1,21.4,England,EJG Morgan,JE Root,S Prasanna,1,0,"",""
ball,1,21.5,England,JE Root,EJG Morgan,S Prasanna,0,0,"",""
ball,1,21.6,England,JE Root,EJG Morgan,S Prasanna,0,0,"",""
ball,1,22.1,England,EJG Morgan,JE Root,MD Gunathilaka,4,0,"",""
ball,1,22.2,England,EJG Morgan,JE Root,MD Gunathilaka,0,0,"",""
ball,1,22.3,England,EJG Morgan,JE Root,MD Gunathilaka,1,0,"",""
ball,1,22.4,England,JE Root,EJG Morgan,MD Gunathilaka,0,0,"",""
ball,1,22.5,England,JE Root,EJG Morgan,MD Gunathilaka,0,0,"",""
ball,1,22.6,England,JE Root,EJG Morgan,MD Gunathilaka,1,0,"",""
ball,1,23.1,England,JE Root,EJG Morgan,S Prasanna,1,0,"",""
ball,1,23.2,England,EJG Morgan,JE Root,S Prasanna,1,0,"",""
ball,1,23.3,England,JE Root,EJG Morgan,S Prasanna,1,0,"",""
ball,1,23.4,England,EJG Morgan,JE Root,S Prasanna,0,0,"",""
ball,1,23.5,England,EJG Morgan,JE Root,S Prasanna,6,0,"",""
ball,1,23.6,England,EJG Morgan,JE Root,S Prasanna,1,0,"",""
ball,1,24.1,England,EJG Morgan,JE Root,MD Gunathilaka,0,1,"",""
ball,1,24.2,England,EJG Morgan,JE Root,MD Gunathilaka,0,0,caught,EJG Morgan
ball,1,24.3,England,JE Root,JM Bairstow,MD Gunathilaka,1,0,"",""
ball,1,24.4,England,JM Bairstow,JE Root,MD Gunathilaka,0,0,"",""
ball,1,24.5,England,JM Bairstow,JE Root,MD Gunathilaka,0,0,"",""
ball,1,24.6,England,JM Bairstow,JE Root,MD Gunathilaka,0,0,"",""
ball,1,24.7,England,JM Bairstow,JE Root,MD Gunathilaka,0,0,"",""
ball,1,25.1,England,JE Root,JM Bairstow,S Prasanna,1,0,"",""
ball,1,25.2,England,JM Bairstow,JE Root,S Prasanna,0,1,"",""
ball,1,25.3,England,JE Root,JM Bairstow,S Prasanna,1,0,"",""
ball,1,25.4,England,JM Bairstow,JE Root,S Prasanna,1,0,"",""
ball,1,25.5,England,JE Root,JM Bairstow,S Prasanna,1,0,"",""
ball,1,25.6,England,JM Bairstow,JE Root,S Prasanna,1,0,"",""
ball,1,26.1,England,JM Bairstow,JE Root,BKG Mendis,0,0,"",""
ball,1,26.2,England,JM Bairstow,JE Root,BKG Mendis,2,0,"",""
ball,1,26.3,England,JM Bairstow,JE Root,BKG Mendis,1,0,"",""
ball,1,26.4,England,JE Root,JM Bairstow,BKG Mendis,0,0,"",""
ball,1,26.5,England,JE Root,JM Bairstow,BKG Mendis,2,0,"",""
ball,1,26.6,England,JE Root,JM Bairstow,BKG Mendis,0,0,"",""
ball,1,27.1,England,JM Bairstow,JE Root,S Prasanna,1,0,"",""
ball,1,27.2,England,JE Root,JM Bairstow,S Prasanna,1,0,"",""
ball,1,27.3,England,JM Bairstow,JE Root,S Prasanna,0,0,"",""
ball,1,27.4,England,JM Bairstow,JE Root,S Prasanna,0,0,"",""
ball,1,27.5,England,JM Bairstow,JE Root,S Prasanna,1,0,"",""
ball,1,27.6,England,JE Root,JM Bairstow,S Prasanna,0,0,"",""
ball,1,28.1,England,JM Bairstow,JE Root,BKG Mendis,1,0,"",""
ball,1,28.2,England,JE Root,JM Bairstow,BKG Mendis,4,0,"",""
ball,1,28.3,England,JE Root,JM Bairstow,BKG Mendis,0,0,"",""
ball,1,28.4,England,JE Root,JM Bairstow,BKG Mendis,1,0,"",""
ball,1,28.5,England,JM Bairstow,JE Root,BKG Mendis,1,0,"",""
ball,1,28.6,England,JE Root,JM Bairstow,BKG Mendis,1,0,"",""
ball,1,29.1,England,JE Root,JM Bairstow,S Prasanna,0,0,"",""
ball,1,29.2,England,JE Root,JM Bairstow,S Prasanna,1,0,"",""
ball,1,29.3,England,JM Bairstow,JE Root,S Prasanna,1,0,"",""
ball,1,29.4,England,JE Root,JM Bairstow,S Prasanna,1,0,"",""
ball,1,29.5,England,JM Bairstow,JE Root,S Prasanna,4,0,"",""
ball,1,29.6,England,JM Bairstow,JE Root,S Prasanna,1,0,"",""
ball,1,30.1,England,JM Bairstow,JE Root,MD Gunathilaka,0,0,"",""
ball,1,30.2,England,JM Bairstow,JE Root,MD Gunathilaka,2,0,"",""
ball,1,30.3,England,JM Bairstow,JE Root,MD Gunathilaka,1,0,"",""
ball,1,30.4,England,JE Root,JM Bairstow,MD Gunathilaka,1,0,"",""
ball,1,30.5,England,JM Bairstow,JE Root,MD Gunathilaka,1,0,"",""
ball,1,30.6,England,JE Root,JM Bairstow,MD Gunathilaka,1,0,"",""
ball,1,31.1,England,JE Root,JM Bairstow,KMC Bandara,1,0,"",""
ball,1,31.2,England,JM Bairstow,JE Root,KMC Bandara,1,0,"",""
ball,1,31.3,England,JE Root,JM Bairstow,KMC Bandara,0,0,"",""
ball,1,31.4,England,JE Root,JM Bairstow,KMC Bandara,1,0,"",""
ball,1,31.5,England,JM Bairstow,JE Root,KMC Bandara,1,0,"",""
ball,1,31.6,England,JE Root,JM Bairstow,KMC Bandara,1,0,"",""
ball,1,32.1,England,JE Root,JM Bairstow,MD Gunathilaka,1,0,"",""
ball,1,32.2,England,JM Bairstow,JE Root,MD Gunathilaka,1,0,"",""
ball,1,32.3,England,JE Root,JM Bairstow,MD Gunathilaka,1,0,"",""
ball,1,32.4,England,JM Bairstow,JE Root,MD Gunathilaka,0,0,"",""
ball,1,32.5,England,JM Bairstow,JE Root,MD Gunathilaka,0,0,caught,JM Bairstow
ball,1,32.6,England,JE Root,JC Buttler,MD Gunathilaka,1,0,"",""
ball,1,33.1,England,JE Root,JC Buttler,KMC Bandara,0,0,"",""
ball,1,33.2,England,JE Root,JC Buttler,KMC Bandara,0,0,"",""
ball,1,33.3,England,JE Root,JC Buttler,KMC Bandara,1,0,"",""
ball,1,33.4,England,JC Buttler,JE Root,KMC Bandara,4,0,"",""
ball,1,33.5,England,JC Buttler,JE Root,KMC Bandara,0,0,"",""
ball,1,33.6,England,JC Buttler,JE Root,KMC Bandara,0,0,"",""
ball,1,34.1,England,JE Root,JC Buttler,MD Gunathilaka,1,0,"",""
ball,1,34.2,England,JC Buttler,JE Root,MD Gunathilaka,2,0,"",""
ball,1,34.3,England,JC Buttler,JE Root,MD Gunathilaka,1,0,"",""
ball,1,34.4,England,JE Root,JC Buttler,MD Gunathilaka,0,0,"",""
ball,1,34.5,England,JE Root,JC Buttler,MD Gunathilaka,1,0,"",""
ball,1,34.6,England,JC Buttler,JE Root,MD Gunathilaka,1,0,"",""
ball,1,35.1,England,JC Buttler,JE Root,KMC Bandara,0,0,"",""
ball,1,35.2,England,JC Buttler,JE Root,KMC Bandara,2,0,"",""
ball,1,35.3,England,JC Buttler,JE Root,KMC Bandara,2,0,"",""
ball,1,35.4,England,JC Buttler,JE Root,KMC Bandara,0,0,"",""
ball,1,35.5,England,JC Buttler,JE Root,KMC Bandara,1,0,"",""
ball,1,35.6,England,JE Root,JC Buttler,KMC Bandara,0,0,"",""
ball,1,36.1,England,JC Buttler,JE Root,MD Gunathilaka,0,0,"",""
ball,1,36.2,England,JC Buttler,JE Root,MD Gunathilaka,2,0,"",""
ball,1,36.3,England,JC Buttler,JE Root,MD Gunathilaka,0,0,"",""
ball,1,36.4,England,JC Buttler,JE Root,MD Gunathilaka,1,0,"",""
ball,1,36.5,England,JE Root,JC Buttler,MD Gunathilaka,0,0,"",""
ball,1,36.6,England,JE Root,JC Buttler,MD Gunathilaka,1,0,"",""
ball,1,37.1,England,JE Root,JC Buttler,KMC Bandara,1,0,"",""
ball,1,37.2,England,JC Buttler,JE Root,KMC Bandara,2,0,"",""
ball,1,37.3,England,JC Buttler,JE Root,KMC Bandara,1,0,"",""
ball,1,37.4,England,JE Root,JC Buttler,KMC Bandara,1,0,"",""
ball,1,37.5,England,JC Buttler,JE Root,KMC Bandara,1,0,"",""
ball,1,37.6,England,JE Root,JC Buttler,KMC Bandara,0,1,"",""
ball,1,37.7,England,JE Root,JC Buttler,KMC Bandara,4,0,"",""
ball,1,38.1,England,JC Buttler,JE Root,S Prasanna,1,0,"",""
ball,1,38.2,England,JE Root,JC Buttler,S Prasanna,2,0,"",""
ball,1,38.3,England,JE Root,JC Buttler,S Prasanna,0,0,"",""
ball,1,38.4,England,JE Root,JC Buttler,S Prasanna,1,0,"",""
ball,1,38.5,England,JC Buttler,JE Root,S Prasanna,1,0,"",""
ball,1,38.6,England,JE Root,JC Buttler,S Prasanna,0,1,"",""
ball,1,38.7,England,JE Root,JC Buttler,S Prasanna,1,0,"",""
ball,1,39.1,England,JE Root,JC Buttler,RAS Lakmal,0,0,"",""
ball,1,39.2,England,JE Root,JC Buttler,RAS Lakmal,0,1,"",""
ball,1,39.3,England,JE Root,JC Buttler,RAS Lakmal,1,0,"",""
ball,1,39.4,England,JC Buttler,JE Root,RAS Lakmal,1,0,"",""
ball,1,39.5,England,JE Root,JC Buttler,RAS Lakmal,1,0,"",""
ball,1,39.6,England,JC Buttler,JE Root,RAS Lakmal,1,0,"",""
ball,1,39.7,England,JE Root,JC Buttler,RAS Lakmal,1,0,"",""
ball,1,40.1,England,JE Root,JC Buttler,S Prasanna,1,0,"",""
ball,1,40.2,England,JC Buttler,JE Root,S Prasanna,0,0,"",""
ball,1,40.3,England,JC Buttler,JE Root,S Prasanna,1,0,"",""
ball,1,40.4,England,JE Root,JC Buttler,S Prasanna,0,0,"",""
ball,1,40.5,England,JE Root,JC Buttler,S Prasanna,1,0,"",""
ball,1,40.6,England,JC Buttler,JE Root,S Prasanna,0,0,"",""
ball,1,41.1,England,JE Root,JC Buttler,RAS Lakmal,0,0,"",""
ball,1,41.2,England,JE Root,JC Buttler,RAS Lakmal,0,0,"",""
ball,1,41.3,England,JE Root,JC Buttler,RAS Lakmal,1,0,"",""
ball,1,41.4,England,JC Buttler,JE Root,RAS Lakmal,4,0,"",""
ball,1,41.5,England,JC Buttler,JE Root,RAS Lakmal,0,0,"",""
ball,1,41.6,England,JC Buttler,JE Root,RAS Lakmal,1,0,"",""
ball,1,42.1,England,JC Buttler,JE Root,N Pradeep,4,0,"",""
ball,1,42.2,England,JC Buttler,JE Root,N Pradeep,4,0,"",""
ball,1,42.3,England,JC Buttler,JE Root,N Pradeep,1,0,"",""
ball,1,42.4,England,JE Root,JC Buttler,N Pradeep,0,0,"",""
ball,1,42.5,England,JE Root,JC Buttler,N Pradeep,0,0,"",""
ball,1,42.6,England,JE Root,JC Buttler,N Pradeep,0,0,"",""
ball,1,43.1,England,JC Buttler,JE Root,RAS Lakmal,6,0,"",""
ball,1,43.2,England,JC Buttler,JE Root,RAS Lakmal,1,0,"",""
ball,1,43.3,England,JE Root,JC Buttler,RAS Lakmal,1,0,"",""
ball,1,43.4,England,JC Buttler,JE Root,RAS Lakmal,2,0,"",""
ball,1,43.5,England,JC Buttler,JE Root,RAS Lakmal,2,0,"",""
ball,1,43.6,England,JC Buttler,JE Root,RAS Lakmal,2,0,"",""
ball,1,44.1,England,JE Root,JC Buttler,N Pradeep,1,0,"",""
ball,1,44.2,England,JC Buttler,JE Root,N Pradeep,1,0,"",""
ball,1,44.3,England,JE Root,JC Buttler,N Pradeep,2,0,"",""
ball,1,44.4,England,JE Root,JC Buttler,N Pradeep,1,0,"",""
ball,1,44.5,England,JC Buttler,JE Root,N Pradeep,1,0,"",""
ball,1,44.6,England,JE Root,JC Buttler,N Pradeep,1,0,"",""
ball,1,45.1,England,JE Root,JC Buttler,KMC Bandara,1,0,"",""
ball,1,45.2,England,JC Buttler,JE Root,KMC Bandara,4,0,"",""
ball,1,45.3,England,JC Buttler,JE Root,KMC Bandara,1,0,"",""
ball,1,45.4,England,JE Root,JC Buttler,KMC Bandara,4,0,"",""
ball,1,45.5,England,JE Root,JC Buttler,KMC Bandara,0,0,"",""
ball,1,45.6,England,JE Root,JC Buttler,KMC Bandara,1,0,"",""
ball,1,46.1,England,JE Root,JC Buttler,N Pradeep,2,0,"",""
ball,1,46.2,England,JE Root,JC Buttler,N Pradeep,1,0,"",""
ball,1,46.3,England,JC Buttler,JE Root,N Pradeep,4,0,"",""
ball,1,46.4,England,JC Buttler,JE Root,N Pradeep,4,0,"",""
ball,1,46.5,England,JC Buttler,JE Root,N Pradeep,2,0,"",""
ball,1,46.6,England,JC Buttler,JE Root,N Pradeep,1,0,"",""
ball,1,47.1,England,JC Buttler,JE Root,KMC Bandara,0,0,bowled,JC Buttler
ball,1,47.2,England,CR Woakes,JE Root,KMC Bandara,2,0,"",""
ball,1,47.3,England,CR Woakes,JE Root,KMC Bandara,2,0,"",""
ball,1,47.4,England,CR Woakes,JE Root,KMC Bandara,1,0,"",""
ball,1,47.5,England,JE Root,CR Woakes,KMC Bandara,4,0,"",""
ball,1,47.6,England,JE Root,CR Woakes,KMC Bandara,2,0,"",""
ball,1,48.1,England,CR Woakes,JE Root,RAS Lakmal,4,0,"",""
ball,1,48.2,England,CR Woakes,JE Root,RAS Lakmal,1,0,"",""
ball,1,48.3,England,JE Root,CR Woakes,RAS Lakmal,1,0,"",""
ball,1,48.4,England,CR Woakes,JE Root,RAS Lakmal,0,0,"",""
ball,1,48.5,England,CR Woakes,JE Root,RAS Lakmal,6,0,"",""
ball,1,48.6,England,CR Woakes,JE Root,RAS Lakmal,0,0,"",""
ball,1,49.1,England,JE Root,CR Woakes,N Pradeep,0,0,bowled,JE Root
ball,1,49.2,England,LE Plunkett,CR Woakes,N Pradeep,4,0,"",""
ball,1,49.3,England,LE Plunkett,CR Woakes,N Pradeep,1,0,"",""
ball,1,49.4,England,CR Woakes,LE Plunkett,N Pradeep,1,0,"",""
ball,1,49.5,England,LE Plunkett,CR Woakes,N Pradeep,4,0,"",""
ball,1,49.6,England,LE Plunkett,CR Woakes,N Pradeep,0,0,run out,LE Plunkett
ball,2,0.1,Sri Lanka,MDKJ Perera,MD Gunathilaka,CR Woakes,0,0,"",""
ball,2,0.2,Sri Lanka,MDKJ Perera,MD Gunathilaka,CR Woakes,1,0,"",""
ball,2,0.3,Sri Lanka,MD Gunathilaka,MDKJ Perera,CR Woakes,0,0,"",""
ball,2,0.4,Sri Lanka,MD Gunathilaka,MDKJ Perera,CR Woakes,0,0,"",""
ball,2,0.5,Sri Lanka,MD Gunathilaka,MDKJ Perera,CR Woakes,0,0,"",""
ball,2,0.6,Sri Lanka,MD Gunathilaka,MDKJ Perera,CR Woakes,0,0,"",""
ball,2,1.1,Sri Lanka,MDKJ Perera,MD Gunathilaka,DJ Willey,0,0,"",""
ball,2,1.2,Sri Lanka,MDKJ Perera,MD Gunathilaka,DJ Willey,0,0,"",""
ball,2,1.3,Sri Lanka,MDKJ Perera,MD Gunathilaka,DJ Willey,0,0,"",""
ball,2,1.4,Sri Lanka,MDKJ Perera,MD Gunathilaka,DJ Willey,0,0,"",""
ball,2,1.5,Sri Lanka,MDKJ Perera,MD Gunathilaka,DJ Willey,2,0,"",""
ball,2,1.6,Sri Lanka,MDKJ Perera,MD Gunathilaka,DJ Willey,0,0,"",""
ball,2,2.1,Sri Lanka,MD Gunathilaka,MDKJ Perera,CR Woakes,0,0,"",""
ball,2,2.2,Sri Lanka,MD Gunathilaka,MDKJ Perera,CR Woakes,1,0,"",""
ball,2,2.3,Sri Lanka,MDKJ Perera,MD Gunathilaka,CR Woakes,1,0,"",""
ball,2,2.4,Sri Lanka,MD Gunathilaka,MDKJ Perera,CR Woakes,1,0,"",""
ball,2,2.5,Sri Lanka,MDKJ Perera,MD Gunathilaka,CR Woakes,0,0,"",""
ball,2,2.6,Sri Lanka,MDKJ Perera,MD Gunathilaka,CR Woakes,2,0,"",""
ball,2,3.1,Sri Lanka,MD Gunathilaka,MDKJ Perera,DJ Willey,0,0,"",""
ball,2,3.2,Sri Lanka,MD Gunathilaka,MDKJ Perera,DJ Willey,1,0,"",""
ball,2,3.3,Sri Lanka,MDKJ Perera,MD Gunathilaka,DJ Willey,0,0,"",""
ball,2,3.4,Sri Lanka,MDKJ Perera,MD Gunathilaka,DJ Willey,0,0,"",""
ball,2,3.5,Sri Lanka,MDKJ Perera,MD Gunathilaka,DJ Willey,0,0,"",""
ball,2,3.6,Sri Lanka,MDKJ Perera,MD Gunathilaka,DJ Willey,0,0,lbw,MDKJ Perera
ball,2,4.1,Sri Lanka,MD Gunathilaka,BKG Mendis,CR Woakes,0,0,"",""
ball,2,4.2,Sri Lanka,MD Gunathilaka,BKG Mendis,CR Woakes,0,1,"",""
ball,2,4.3,Sri Lanka,BKG Mendis,MD Gunathilaka,CR Woakes,1,0,"",""
ball,2,4.4,Sri Lanka,MD Gunathilaka,BKG Mendis,CR Woakes,0,0,"",""
ball,2,4.5,Sri Lanka,MD Gunathilaka,BKG Mendis,CR Woakes,1,0,"",""
ball,2,4.6,Sri Lanka,BKG Mendis,MD Gunathilaka,CR Woakes,0,0,"",""
ball,2,5.1,Sri Lanka,MD Gunathilaka,BKG Mendis,DJ Willey,2,0,"",""
ball,2,5.2,Sri Lanka,MD Gunathilaka,BKG Mendis,DJ Willey,0,0,"",""
ball,2,5.3,Sri Lanka,MD Gunathilaka,BKG Mendis,DJ Willey,0,0,"",""
ball,2,5.4,Sri Lanka,MD Gunathilaka,BKG Mendis,DJ Willey,4,0,"",""
ball,2,5.5,Sri Lanka,MD Gunathilaka,BKG Mendis,DJ Willey,1,0,"",""
ball,2,5.6,Sri Lanka,BKG Mendis,MD Gunathilaka,DJ Willey,1,0,"",""
ball,2,6.1,Sri Lanka,BKG Mendis,MD Gunathilaka,CR Woakes,0,0,"",""
ball,2,6.2,Sri Lanka,BKG Mendis,MD Gunathilaka,CR Woakes,0,0,"",""
ball,2,6.3,Sri Lanka,BKG Mendis,MD Gunathilaka,CR Woakes,0,0,"",""
ball,2,6.4,Sri Lanka,BKG Mendis,MD Gunathilaka,CR Woakes,4,0,"",""
ball,2,6.5,Sri Lanka,BKG Mendis,MD Gunathilaka,CR Woakes,0,0,"",""
ball,2,6.6,Sri Lanka,BKG Mendis,MD Gunathilaka,CR Woakes,0,0,"",""
ball,2,7.1,Sri Lanka,MD Gunathilaka,BKG Mendis,DJ Willey,0,0,"",""
ball,2,7.2,Sri Lanka,MD Gunathilaka,BKG Mendis,DJ Willey,1,0,"",""
ball,2,7.3,Sri Lanka,BKG Mendis,MD Gunathilaka,DJ Willey,0,0,"",""
ball,2,7.4,Sri Lanka,BKG Mendis,MD Gunathilaka,DJ Willey,0,0,"",""
ball,2,7.5,Sri Lanka,BKG Mendis,MD Gunathilaka,DJ Willey,0,0,"",""
ball,2,7.6,Sri Lanka,BKG Mendis,MD Gunathilaka,DJ Willey,0,0,"",""
ball,2,8.1,Sri Lanka,MD Gunathilaka,BKG Mendis,CR Woakes,4,0,"",""
ball,2,8.2,Sri Lanka,MD Gunathilaka,BKG Mendis,CR Woakes,0,0,"",""
ball,2,8.3,Sri Lanka,MD Gunathilaka,BKG Mendis,CR Woakes,1,0,"",""
ball,2,8.4,Sri Lanka,BKG Mendis,MD Gunathilaka,CR Woakes,0,0,"",""
ball,2,8.5,Sri Lanka,BKG Mendis,MD Gunathilaka,CR Woakes,1,0,"",""
ball,2,8.6,Sri Lanka,MD Gunathilaka,BKG Mendis,CR Woakes,4,0,"",""
ball,2,9.1,Sri Lanka,BKG Mendis,MD Gunathilaka,DJ Willey,4,0,"",""
ball,2,9.2,Sri Lanka,BKG Mendis,MD Gunathilaka,DJ Willey,0,0,"",""
ball,2,9.3,Sri Lanka,BKG Mendis,MD Gunathilaka,DJ Willey,0,0,"",""
ball,2,9.4,Sri Lanka,BKG Mendis,MD Gunathilaka,DJ Willey,1,0,"",""
ball,2,9.5,Sri Lanka,MD Gunathilaka,BKG Mendis,DJ Willey,0,0,"",""
ball,2,9.6,Sri Lanka,MD Gunathilaka,BKG Mendis,DJ Willey,1,0,"",""
ball,2,10.1,Sri Lanka,MD Gunathilaka,BKG Mendis,CJ Jordan,1,0,"",""
ball,2,10.2,Sri Lanka,BKG Mendis,MD Gunathilaka,CJ Jordan,2,0,"",""
ball,2,10.3,Sri Lanka,BKG Mendis,MD Gunathilaka,CJ Jordan,0,0,"",""
ball,2,10.4,Sri Lanka,BKG Mendis,MD Gunathilaka,CJ Jordan,0,0,"",""
ball,2,10.5,Sri Lanka,BKG Mendis,MD Gunathilaka,CJ Jordan,2,0,"",""
ball,2,10.6,Sri Lanka,BKG Mendis,MD Gunathilaka,CJ Jordan,1,0,"",""
ball,2,11.1,Sri Lanka,BKG Mendis,MD Gunathilaka,LE Plunkett,0,0,"",""
ball,2,11.2,Sri Lanka,BKG Mendis,MD Gunathilaka,LE Plunkett,0,0,"",""
ball,2,11.3,Sri Lanka,BKG Mendis,MD Gunathilaka,LE Plunkett,1,0,"",""
ball,2,11.4,Sri Lanka,MD Gunathilaka,BKG Mendis,LE Plunkett,4,0,"",""
ball,2,11.5,Sri Lanka,MD Gunathilaka,BKG Mendis,LE Plunkett,1,0,"",""
ball,2,11.6,Sri Lanka,BKG Mendis,MD Gunathilaka,LE Plunkett,0,0,"",""
ball,2,12.1,Sri Lanka,MD Gunathilaka,BKG Mendis,CJ Jordan,0,1,"",""
ball,2,12.2,Sri Lanka,MD Gunathilaka,BKG Mendis,CJ Jordan,4,0,"",""
ball,2,12.3,Sri Lanka,MD Gunathilaka,BKG Mendis,CJ Jordan,1,0,"",""
ball,2,12.4,Sri Lanka,BKG Mendis,MD Gunathilaka,CJ Jordan,1,0,"",""
ball,2,12.5,Sri Lanka,MD Gunathilaka,BKG Mendis,CJ Jordan,1,0,"",""
ball,2,12.6,Sri Lanka,BKG Mendis,MD Gunathilaka,CJ Jordan,0,0,"",""
ball,2,12.7,Sri Lanka,BKG Mendis,MD Gunathilaka,CJ Jordan,0,1,"",""
ball,2,12.8,Sri Lanka,BKG Mendis,MD Gunathilaka,CJ Jordan,1,0,"",""
ball,2,13.1,Sri Lanka,BKG Mendis,MD Gunathilaka,LE Plunkett,1,0,"",""
ball,2,13.2,Sri Lanka,MD Gunathilaka,BKG Mendis,LE Plunkett,1,0,"",""
ball,2,13.3,Sri Lanka,BKG Mendis,MD Gunathilaka,LE Plunkett,0,0,"",""
ball,2,13.4,Sri Lanka,BKG Mendis,MD Gunathilaka,LE Plunkett,1,0,run out,BKG Mendis
ball,2,13.5,Sri Lanka,LD Chandimal,MD Gunathilaka,LE Plunkett,0,0,"",""
ball,2,13.6,Sri Lanka,LD Chandimal,MD Gunathilaka,LE Plunkett,0,0,"",""
ball,2,14.1,Sri Lanka,MD Gunathilaka,LD Chandimal,CJ Jordan,0,0,"",""
ball,2,14.2,Sri Lanka,MD Gunathilaka,LD Chandimal,CJ Jordan,2,0,"",""
ball,2,14.3,Sri Lanka,MD Gunathilaka,LD Chandimal,CJ Jordan,1,0,"",""
ball,2,14.4,Sri Lanka,LD Chandimal,MD Gunathilaka,CJ Jordan,1,0,"",""
ball,2,14.5,Sri Lanka,MD Gunathilaka,LD Chandimal,CJ Jordan,0,1,"",""
ball,2,14.6,Sri Lanka,MD Gunathilaka,LD Chandimal,CJ Jordan,2,0,"",""
ball,2,14.7,Sri Lanka,MD Gunathilaka,LD Chandimal,CJ Jordan,1,0,"",""
ball,2,15.1,Sri Lanka,MD Gunathilaka,LD Chandimal,AU Rashid,1,0,"",""
ball,2,15.2,Sri Lanka,LD Chandimal,MD Gunathilaka,AU Rashid,1,0,"",""
ball,2,15.3,Sri Lanka,MD Gunathilaka,LD Chandimal,AU Rashid,2,0,"",""
ball,2,15.4,Sri Lanka,MD Gunathilaka,LD Chandimal,AU Rashid,4,0,"",""
ball,2,15.5,Sri Lanka,MD Gunathilaka,LD Chandimal,AU Rashid,0,0,"",""
ball,2,15.6,Sri Lanka,MD Gunathilaka,LD Chandimal,AU Rashid,0,0,"",""
ball,2,16.1,Sri Lanka,LD Chandimal,MD Gunathilaka,LE Plunkett,1,0,"",""
ball,2,16.2,Sri Lanka,MD Gunathilaka,LD Chandimal,LE Plunkett,0,0,"",""
ball,2,16.3,Sri Lanka,MD Gunathilaka,LD Chandimal,LE Plunkett,0,0,lbw,MD Gunathilaka
ball,2,16.4,Sri Lanka,AD Mathews,LD Chandimal,LE Plunkett,0,1,"",""
ball,2,16.5,Sri Lanka,LD Chandimal,AD Mathews,LE Plunkett,0,0,"",""
ball,2,16.6,Sri Lanka,LD Chandimal,AD Mathews,LE Plunkett,0,0,"",""
ball,2,17.1,Sri Lanka,AD Mathews,LD Chandimal,AU Rashid,0,0,"",""
ball,2,17.2,Sri Lanka,AD Mathews,LD Chandimal,AU Rashid,0,0,"",""
ball,2,17.3,Sri Lanka,AD Mathews,LD Chandimal,AU Rashid,1,0,"",""
ball,2,17.4,Sri Lanka,LD Chandimal,AD Mathews,AU Rashid,1,0,"",""
ball,2,17.5,Sri Lanka,AD Mathews,LD Chandimal,AU Rashid,1,0,"",""
ball,2,17.6,Sri Lanka,LD Chandimal,AD Mathews,AU Rashid,1,0,"",""
ball,2,18.1,Sri Lanka,LD Chandimal,AD Mathews,LE Plunkett,1,0,"",""
ball,2,18.2,Sri Lanka,AD Mathews,LD Chandimal,LE Plunkett,0,0,"",""
ball,2,18.3,Sri Lanka,AD Mathews,LD Chandimal,LE Plunkett,0,0,"",""
ball,2,18.4,Sri Lanka,AD Mathews,LD Chandimal,LE Plunkett,4,0,"",""
ball,2,18.5,Sri Lanka,AD Mathews,LD Chandimal,LE Plunkett,0,0,"",""
ball,2,18.6,Sri Lanka,AD Mathews,LD Chandimal,LE Plunkett,0,0,"",""
ball,2,19.1,Sri Lanka,LD Chandimal,AD Mathews,AU Rashid,1,0,"",""
ball,2,19.2,Sri Lanka,AD Mathews,LD Chandimal,AU Rashid,2,0,"",""
ball,2,19.3,Sri Lanka,AD Mathews,LD Chandimal,AU Rashid,1,0,"",""
ball,2,19.4,Sri Lanka,LD Chandimal,AD Mathews,AU Rashid,0,0,"",""
ball,2,19.5,Sri Lanka,LD Chandimal,AD Mathews,AU Rashid,1,0,"",""
ball,2,19.6,Sri Lanka,AD Mathews,LD Chandimal,AU Rashid,0,0,"",""
ball,2,20.1,Sri Lanka,LD Chandimal,AD Mathews,LE Plunkett,0,0,"",""
ball,2,20.2,Sri Lanka,LD Chandimal,AD Mathews,LE Plunkett,2,0,"",""
ball,2,20.3,Sri Lanka,LD Chandimal,AD Mathews,LE Plunkett,0,0,"",""
ball,2,20.4,Sri Lanka,LD Chandimal,AD Mathews,LE Plunkett,1,0,"",""
ball,2,20.5,Sri Lanka,AD Mathews,LD Chandimal,LE Plunkett,4,0,"",""
ball,2,20.6,Sri Lanka,AD Mathews,LD Chandimal,LE Plunkett,0,0,bowled,AD Mathews
ball,2,21.1,Sri Lanka,LD Chandimal,WU Tharanga,AU Rashid,1,0,"",""
ball,2,21.2,Sri Lanka,WU Tharanga,LD Chandimal,AU Rashid,0,0,bowled,WU Tharanga
ball,2,21.3,Sri Lanka,MD Shanaka,LD Chandimal,AU Rashid,0,0,"",""
ball,2,21.4,Sri Lanka,MD Shanaka,LD Chandimal,AU Rashid,1,0,"",""
ball,2,21.5,Sri Lanka,LD Chandimal,MD Shanaka,AU Rashid,0,0,"",""
ball,2,21.6,Sri Lanka,LD Chandimal,MD Shanaka,AU Rashid,0,0,"",""
ball,2,22.1,Sri Lanka,MD Shanaka,LD Chandimal,LE Plunkett,1,0,"",""
ball,2,22.2,Sri Lanka,LD Chandimal,MD Shanaka,LE Plunkett,4,0,"",""
ball,2,22.3,Sri Lanka,LD Chandimal,MD Shanaka,LE Plunkett,1,0,"",""
ball,2,22.4,Sri Lanka,MD Shanaka,LD Chandimal,LE Plunkett,0,0,"",""
ball,2,22.5,Sri Lanka,MD Shanaka,LD Chandimal,LE Plunkett,0,0,"",""
ball,2,22.6,Sri Lanka,MD Shanaka,LD Chandimal,LE Plunkett,1,0,"",""
ball,2,23.1,Sri Lanka,MD Shanaka,LD Chandimal,AU Rashid,0,0,"",""
ball,2,23.2,Sri Lanka,MD Shanaka,LD Chandimal,AU Rashid,2,0,"",""
ball,2,23.3,Sri Lanka,MD Shanaka,LD Chandimal,AU Rashid,0,0,"",""
ball,2,23.4,Sri Lanka,MD Shanaka,LD Chandimal,AU Rashid,1,0,"",""
ball,2,23.5,Sri Lanka,LD Chandimal,MD Shanaka,AU Rashid,1,0,"",""
ball,2,23.6,Sri Lanka,MD Shanaka,LD Chandimal,AU Rashid,1,0,"",""
ball,2,24.1,Sri Lanka,MD Shanaka,LD Chandimal,CJ Jordan,0,0,"",""
ball,2,24.2,Sri Lanka,MD Shanaka,LD Chandimal,CJ Jordan,4,0,"",""
ball,2,24.3,Sri Lanka,MD Shanaka,LD Chandimal,CJ Jordan,2,0,"",""
ball,2,24.4,Sri Lanka,MD Shanaka,LD Chandimal,CJ Jordan,0,0,"",""
ball,2,24.5,Sri Lanka,MD Shanaka,LD Chandimal,CJ Jordan,0,0,"",""
ball,2,24.6,Sri Lanka,MD Shanaka,LD Chandimal,CJ Jordan,1,0,"",""
ball,2,25.1,Sri Lanka,MD Shanaka,LD Chandimal,AU Rashid,6,0,"",""
ball,2,25.2,Sri Lanka,MD Shanaka,LD Chandimal,AU Rashid,0,0,"",""
ball,2,25.3,Sri Lanka,MD Shanaka,LD Chandimal,AU Rashid,0,0,"",""
ball,2,25.4,Sri Lanka,MD Shanaka,LD Chandimal,AU Rashid,0,0,"",""
ball,2,25.5,Sri Lanka,MD Shanaka,LD Chandimal,AU Rashid,2,0,"",""
ball,2,25.6,Sri Lanka,MD Shanaka,LD Chandimal,AU Rashid,0,0,"",""
ball,2,26.1,Sri Lanka,LD Chandimal,MD Shanaka,CJ Jordan,0,0,"",""
ball,2,26.2,Sri Lanka,LD Chandimal,MD Shanaka,CJ Jordan,2,0,"",""
ball,2,26.3,Sri Lanka,LD Chandimal,MD Shanaka,CJ Jordan,0,1,"",""
ball,2,26.4,Sri Lanka,LD Chandimal,MD Shanaka,CJ Jordan,1,0,"",""
ball,2,26.5,Sri Lanka,MD Shanaka,LD Chandimal,CJ Jordan,0,0,"",""
ball,2,26.6,Sri Lanka,MD Shanaka,LD Chandimal,CJ Jordan,0,0,"",""
ball,2,26.7,Sri Lanka,MD Shanaka,LD Chandimal,CJ Jordan,0,0,"",""
ball,2,27.1,Sri Lanka,LD Chandimal,MD Shanaka,AU Rashid,0,0,"",""
ball,2,27.2,Sri Lanka,LD Chandimal,MD Shanaka,AU Rashid,0,1,"",""
ball,2,27.3,Sri Lanka,LD Chandimal,MD Shanaka,AU Rashid,0,0,"",""
ball,2,27.4,Sri Lanka,LD Chandimal,MD Shanaka,AU Rashid,1,0,"",""
ball,2,27.5,Sri Lanka,MD Shanaka,LD Chandimal,AU Rashid,0,0,"",""
ball,2,27.6,Sri Lanka,MD Shanaka,LD Chandimal,AU Rashid,0,0,"",""
ball,2,27.7,Sri Lanka,MD Shanaka,LD Chandimal,AU Rashid,0,0,stumped,MD Shanaka
ball,2,28.1,Sri Lanka,LD Chandimal,S Prasanna,CJ Jordan,1,0,"",""
ball,2,28.2,Sri Lanka,S Prasanna,LD Chandimal,CJ Jordan,0,2,"",""
ball,2,28.3,Sri Lanka,S Prasanna,LD Chandimal,CJ Jordan,0,1,"",""
ball,2,28.4,Sri Lanka,S Prasanna,LD Chandimal,CJ Jordan,1,0,"",""
ball,2,28.5,Sri Lanka,LD Chandimal,S Prasanna,CJ Jordan,0,0,"",""
ball,2,28.6,Sri Lanka,LD Chandimal,S Prasanna,CJ Jordan,1,0,"",""
ball,2,28.7,Sri Lanka,S Prasanna,LD Chandimal,CJ Jordan,0,0,"",""
ball,2,29.1,Sri Lanka,LD Chandimal,S Prasanna,AU Rashid,2,0,"",""
ball,2,29.2,Sri Lanka,LD Chandimal,S Prasanna,AU Rashid,0,0,"",""
ball,2,29.3,Sri Lanka,LD Chandimal,S Prasanna,AU Rashid,0,0,"",""
ball,2,29.4,Sri Lanka,LD Chandimal,S Prasanna,AU Rashid,0,0,"",""
ball,2,29.5,Sri Lanka,LD Chandimal,S Prasanna,AU Rashid,0,0,"",""
ball,2,29.6,Sri Lanka,LD Chandimal,S Prasanna,AU Rashid,1,0,"",""
ball,2,30.1,Sri Lanka,LD Chandimal,S Prasanna,CJ Jordan,1,0,"",""
ball,2,30.2,Sri Lanka,S Prasanna,LD Chandimal,CJ Jordan,0,0,"",""
ball,2,30.3,Sri Lanka,S Prasanna,LD Chandimal,CJ Jordan,0,0,"",""
ball,2,30.4,Sri Lanka,S Prasanna,LD Chandimal,CJ Jordan,0,1,"",""
ball,2,30.5,Sri Lanka,LD Chandimal,S Prasanna,CJ Jordan,0,0,"",""
ball,2,30.6,Sri Lanka,LD Chandimal,S Prasanna,CJ Jordan,0,0,"",""
ball,2,31.1,Sri Lanka,S Prasanna,LD Chandimal,AU Rashid,0,0,"",""
ball,2,31.2,Sri Lanka,S Prasanna,LD Chandimal,AU Rashid,2,0,"",""
ball,2,31.3,Sri Lanka,S Prasanna,LD Chandimal,AU Rashid,0,0,"",""
ball,2,31.4,Sri Lanka,S Prasanna,LD Chandimal,AU Rashid,0,0,"",""
ball,2,31.5,Sri Lanka,S Prasanna,LD Chandimal,AU Rashid,1,0,"",""
ball,2,31.6,Sri Lanka,LD Chandimal,S Prasanna,AU Rashid,0,0,"",""
ball,2,32.1,Sri Lanka,S Prasanna,LD Chandimal,LE Plunkett,0,1,"",""
ball,2,32.2,Sri Lanka,LD Chandimal,S Prasanna,LE Plunkett,0,0,"",""
ball,2,32.3,Sri Lanka,LD Chandimal,S Prasanna,LE Plunkett,1,0,"",""
ball,2,32.4,Sri Lanka,S Prasanna,LD Chandimal,LE Plunkett,0,0,"",""
ball,2,32.5,Sri Lanka,S Prasanna,LD Chandimal,LE Plunkett,1,0,"",""
ball,2,32.6,Sri Lanka,LD Chandimal,S Prasanna,LE Plunkett,1,0,"",""
ball,2,33.1,Sri Lanka,LD Chandimal,S Prasanna,AU Rashid,0,0,"",""
ball,2,33.2,Sri Lanka,LD Chandimal,S Prasanna,AU Rashid,0,0,"",""
ball,2,33.3,Sri Lanka,LD Chandimal,S Prasanna,AU Rashid,0,0,"",""
ball,2,33.4,Sri Lanka,LD Chandimal,S Prasanna,AU Rashid,1,0,"",""
ball,2,33.5,Sri Lanka,S Prasanna,LD Chandimal,AU Rashid,0,0,"",""
ball,2,33.6,Sri Lanka,S Prasanna,LD Chandimal,AU Rashid,0,0,"",""
ball,2,34.1,Sri Lanka,LD Chandimal,S Prasanna,LE Plunkett,6,0,"",""
ball,2,34.2,Sri Lanka,LD Chandimal,S Prasanna,LE Plunkett,4,0,"",""
ball,2,34.3,Sri Lanka,LD Chandimal,S Prasanna,LE Plunkett,1,0,"",""
ball,2,34.4,Sri Lanka,S Prasanna,LD Chandimal,LE Plunkett,0,0,caught,S Prasanna
ball,2,34.5,Sri Lanka,RAS Lakmal,LD Chandimal,LE Plunkett,1,0,"",""
ball,2,34.6,Sri Lanka,LD Chandimal,RAS Lakmal,LE Plunkett,0,1,"",""
ball,2,35.1,Sri Lanka,LD Chandimal,RAS Lakmal,CR Woakes,0,0,"",""
ball,2,35.2,Sri Lanka,LD Chandimal,RAS Lakmal,CR Woakes,1,0,"",""
ball,2,35.3,Sri Lanka,RAS Lakmal,LD Chandimal,CR Woakes,0,0,"",""
ball,2,35.4,Sri Lanka,RAS Lakmal,LD Chandimal,CR Woakes,0,0,"",""
ball,2,35.5,Sri Lanka,RAS Lakmal,LD Chandimal,CR Woakes,0,1,"",""
ball,2,35.6,Sri Lanka,RAS Lakmal,LD Chandimal,CR Woakes,0,0,"",""
ball,2,35.7,Sri Lanka,RAS Lakmal,LD Chandimal,CR Woakes,0,0,"",""
ball,2,36.1,Sri Lanka,LD Chandimal,RAS Lakmal,DJ Willey,1,0,"",""
ball,2,36.2,Sri Lanka,RAS Lakmal,LD Chandimal,DJ Willey,1,0,"",""
ball,2,36.3,Sri Lanka,LD Chandimal,RAS Lakmal,DJ Willey,1,0,"",""
ball,2,36.4,Sri Lanka,RAS Lakmal,LD Chandimal,DJ Willey,0,0,"",""
ball,2,36.5,Sri Lanka,RAS Lakmal,LD Chandimal,DJ Willey,0,0,"",""
ball,2,36.6,Sri Lanka,RAS Lakmal,LD Chandimal,DJ Willey,0,0,"",""
ball,2,37.1,Sri Lanka,LD Chandimal,RAS Lakmal,CR Woakes,2,0,"",""
ball,2,37.2,Sri Lanka,LD Chandimal,RAS Lakmal,CR Woakes,1,0,"",""
ball,2,37.3,Sri Lanka,RAS Lakmal,LD Chandimal,CR Woakes,0,0,"",""
ball,2,37.4,Sri Lanka,RAS Lakmal,LD Chandimal,CR Woakes,0,0,"",""
ball,2,37.5,Sri Lanka,RAS Lakmal,LD Chandimal,CR Woakes,0,0,"",""
ball,2,37.6,Sri Lanka,RAS Lakmal,LD Chandimal,CR Woakes,1,0,"",""
ball,2,38.1,Sri Lanka,RAS Lakmal,LD Chandimal,DJ Willey,1,0,"",""
ball,2,38.2,Sri Lanka,LD Chandimal,RAS Lakmal,DJ Willey,1,0,"",""
ball,2,38.3,Sri Lanka,RAS Lakmal,LD Chandimal,DJ Willey,1,0,"",""
ball,2,38.4,Sri Lanka,LD Chandimal,RAS Lakmal,DJ Willey,1,0,"",""
ball,2,38.5,Sri Lanka,RAS Lakmal,LD Chandimal,DJ Willey,0,0,"",""
ball,2,38.6,Sri Lanka,RAS Lakmal,LD Chandimal,DJ Willey,4,0,"",""
ball,2,39.1,Sri Lanka,LD Chandimal,RAS Lakmal,CR Woakes,0,0,"",""
ball,2,39.2,Sri Lanka,LD Chandimal,RAS Lakmal,CR Woakes,1,0,"",""
ball,2,39.3,Sri Lanka,RAS Lakmal,LD Chandimal,CR Woakes,0,0,"",""
ball,2,39.4,Sri Lanka,RAS Lakmal,LD Chandimal,CR Woakes,0,0,"",""
ball,2,39.5,Sri Lanka,RAS Lakmal,LD Chandimal,CR Woakes,0,1,"",""
ball,2,39.6,Sri Lanka,RAS Lakmal,LD Chandimal,CR Woakes,0,0,"",""
ball,2,39.7,Sri Lanka,RAS Lakmal,LD Chandimal,CR Woakes,0,0,"",""
ball,2,40.1,Sri Lanka,LD Chandimal,RAS Lakmal,DJ Willey,1,0,"",""
ball,2,40.2,Sri Lanka,RAS Lakmal,LD Chandimal,DJ Willey,1,0,"",""
ball,2,40.3,Sri Lanka,LD Chandimal,RAS Lakmal,DJ Willey,1,0,"",""
ball,2,40.4,Sri Lanka,RAS Lakmal,LD Chandimal,DJ Willey,0,0,caught,RAS Lakmal
ball,2,40.5,Sri Lanka,N Pradeep,LD Chandimal,DJ Willey,1,0,"",""
ball,2,40.6,Sri Lanka,LD Chandimal,N Pradeep,DJ Willey,0,0,bowled,LD Chandimal
ball,2,41.1,Sri Lanka,N Pradeep,KMC Bandara,CR Woakes,4,0,"",""
ball,2,41.2,Sri Lanka,N Pradeep,KMC Bandara,CR Woakes,0,0,"",""
ball,2,41.3,Sri Lanka,N Pradeep,KMC Bandara,CR Woakes,0,0,"",""
ball,2,41.4,Sri Lanka,N Pradeep,KMC Bandara,CR Woakes,2,0,"",""
ball,2,41.5,Sri Lanka,N Pradeep,KMC Bandara,CR Woakes,0,0,"",""
ball,2,41.6,Sri Lanka,N Pradeep,KMC Bandara,CR Woakes,0,0,"",""
ball,2,42.1,Sri Lanka,KMC Bandara,N Pradeep,DJ Willey,0,0,"",""
ball,2,42.2,Sri Lanka,KMC Bandara,N Pradeep,DJ Willey,0,0,"",""
ball,2,42.3,Sri Lanka,KMC Bandara,N Pradeep,DJ Willey,1,0,"",""
ball,2,42.4,Sri Lanka,N Pradeep,KMC Bandara,DJ Willey,0,0,caught,N Pradeep
