version,1.3.0
info,team,West Indies
info,team,Australia
info,gender,male
info,season,2016
info,date,2016/06/13
info,series,West Indies Tri-Nation Series
info,match_number,5
info,venue,"Warner Park, Basseterre"
info,city,St Kitts
info,toss_winner,West Indies
info,toss_decision,field
info,player_of_match,MN Samuels
info,umpire,GO Brathwaite
info,umpire,RK Illingworth
info,reserve_umpire,JS Wilson
info,tv_umpire,NJ Llong
info,match_referee,JJ Crowe
info,winner,West Indies
info,winner_wickets,4
ball,1,0.1,Australia,UT Khawaja,AJ Finch,JO Holder,0,0,"",""
ball,1,0.2,Australia,UT Khawaja,AJ Finch,JO Holder,0,0,"",""
ball,1,0.3,Australia,UT Khawaja,AJ Finch,JO Holder,1,0,"",""
ball,1,0.4,Australia,AJ Finch,UT Khawaja,JO Holder,0,0,caught,AJ Finch
ball,1,0.5,Australia,SPD Smith,UT Khawaja,JO Holder,0,0,"",""
ball,1,0.6,Australia,SPD Smith,UT Khawaja,JO Holder,0,0,"",""
ball,1,1.1,Australia,UT Khawaja,SPD Smith,JE Taylor,0,0,"",""
ball,1,1.2,Australia,UT Khawaja,SPD Smith,JE Taylor,2,0,"",""
ball,1,1.3,Australia,UT Khawaja,SPD Smith,JE Taylor,0,0,"",""
ball,1,1.4,Australia,UT Khawaja,SPD Smith,JE Taylor,0,0,"",""
ball,1,1.5,Australia,UT Khawaja,SPD Smith,JE Taylor,0,0,"",""
ball,1,1.6,Australia,UT Khawaja,SPD Smith,JE Taylor,0,0,"",""
ball,1,2.1,Australia,SPD Smith,UT Khawaja,JO Holder,0,0,"",""
ball,1,2.2,Australia,SPD Smith,UT Khawaja,JO Holder,1,0,"",""
ball,1,2.3,Australia,UT Khawaja,SPD Smith,JO Holder,0,0,"",""
ball,1,2.4,Australia,UT Khawaja,SPD Smith,JO Holder,1,0,"",""
ball,1,2.5,Australia,SPD Smith,UT Khawaja,JO Holder,1,0,"",""
ball,1,2.6,Australia,UT Khawaja,SPD Smith,JO Holder,0,0,"",""
ball,1,3.1,Australia,SPD Smith,UT Khawaja,JE Taylor,0,0,"",""
ball,1,3.2,Australia,SPD Smith,UT Khawaja,JE Taylor,1,0,"",""
ball,1,3.3,Australia,UT Khawaja,SPD Smith,JE Taylor,0,0,"",""
ball,1,3.4,Australia,UT Khawaja,SPD Smith,JE Taylor,1,0,"",""
ball,1,3.5,Australia,SPD Smith,UT Khawaja,JE Taylor,0,1,"",""
ball,1,3.6,Australia,UT Khawaja,SPD Smith,JE Taylor,2,0,"",""
ball,1,4.1,Australia,SPD Smith,UT Khawaja,JO Holder,0,0,"",""
ball,1,4.2,Australia,SPD Smith,UT Khawaja,JO Holder,1,0,"",""
ball,1,4.3,Australia,UT Khawaja,SPD Smith,JO Holder,0,0,"",""
ball,1,4.4,Australia,UT Khawaja,SPD Smith,JO Holder,0,0,"",""
ball,1,4.5,Australia,UT Khawaja,SPD Smith,JO Holder,1,0,"",""
ball,1,4.6,Australia,SPD Smith,UT Khawaja,JO Holder,0,0,"",""
ball,1,5.1,Australia,UT Khawaja,SPD Smith,JE Taylor,0,0,"",""
ball,1,5.2,Australia,UT Khawaja,SPD Smith,JE Taylor,3,0,"",""
ball,1,5.3,Australia,SPD Smith,UT Khawaja,JE Taylor,1,0,"",""
ball,1,5.4,Australia,UT Khawaja,SPD Smith,JE Taylor,4,0,"",""
ball,1,5.5,Australia,UT Khawaja,SPD Smith,JE Taylor,0,0,"",""
ball,1,5.6,Australia,UT Khawaja,SPD Smith,JE Taylor,3,0,"",""
ball,1,6.1,Australia,UT Khawaja,SPD Smith,JO Holder,0,0,"",""
ball,1,6.2,Australia,UT Khawaja,SPD Smith,JO Holder,0,0,"",""
ball,1,6.3,Australia,UT Khawaja,SPD Smith,JO Holder,1,0,"",""
ball,1,6.4,Australia,SPD Smith,UT Khawaja,JO Holder,0,0,"",""
ball,1,6.5,Australia,SPD Smith,UT Khawaja,JO Holder,0,0,"",""
ball,1,6.6,Australia,SPD Smith,UT Khawaja,JO Holder,0,0,"",""
ball,1,7.1,Australia,UT Khawaja,SPD Smith,SP Narine,0,0,"",""
ball,1,7.2,Australia,UT Khawaja,SPD Smith,SP Narine,0,0,"",""
ball,1,7.3,Australia,UT Khawaja,SPD Smith,SP Narine,1,0,"",""
ball,1,7.4,Australia,SPD Smith,UT Khawaja,SP Narine,1,0,"",""
ball,1,7.5,Australia,UT Khawaja,SPD Smith,SP Narine,0,0,"",""
ball,1,7.6,Australia,UT Khawaja,SPD Smith,SP Narine,1,0,"",""
ball,1,8.1,Australia,UT Khawaja,SPD Smith,JO Holder,2,0,"",""
ball,1,8.2,Australia,UT Khawaja,SPD Smith,JO Holder,0,0,"",""
ball,1,8.3,Australia,UT Khawaja,SPD Smith,JO Holder,0,0,"",""
ball,1,8.4,Australia,UT Khawaja,SPD Smith,JO Holder,0,0,"",""
ball,1,8.5,Australia,UT Khawaja,SPD Smith,JO Holder,1,0,"",""
ball,1,8.6,Australia,SPD Smith,UT Khawaja,JO Holder,4,0,"",""
ball,1,9.1,Australia,UT Khawaja,SPD Smith,SP Narine,0,0,"",""
ball,1,9.2,Australia,UT Khawaja,SPD Smith,SP Narine,1,0,"",""
ball,1,9.3,Australia,SPD Smith,UT Khawaja,SP Narine,4,0,"",""
ball,1,9.4,Australia,SPD Smith,UT Khawaja,SP Narine,0,0,"",""
ball,1,9.5,Australia,SPD Smith,UT Khawaja,SP Narine,0,0,"",""
ball,1,9.6,Australia,SPD Smith,UT Khawaja,SP Narine,0,0,"",""
ball,1,10.1,Australia,UT Khawaja,SPD Smith,CR Brathwaite,0,0,"",""
ball,1,10.2,Australia,UT Khawaja,SPD Smith,CR Brathwaite,1,0,"",""
ball,1,10.3,Australia,SPD Smith,UT Khawaja,CR Brathwaite,4,0,"",""
ball,1,10.4,Australia,SPD Smith,UT Khawaja,CR Brathwaite,0,0,"",""
ball,1,10.5,Australia,SPD Smith,UT Khawaja,CR Brathwaite,0,0,"",""
ball,1,10.6,Australia,SPD Smith,UT Khawaja,CR Brathwaite,1,0,"",""
ball,1,11.1,Australia,SPD Smith,UT Khawaja,SP Narine,0,0,"",""
ball,1,11.2,Australia,SPD Smith,UT Khawaja,SP Narine,0,0,"",""
ball,1,11.3,Australia,SPD Smith,UT Khawaja,SP Narine,0,0,"",""
ball,1,11.4,Australia,SPD Smith,UT Khawaja,SP Narine,0,0,"",""
ball,1,11.5,Australia,SPD Smith,UT Khawaja,SP Narine,1,0,"",""
ball,1,11.6,Australia,UT Khawaja,SPD Smith,SP Narine,4,0,"",""
ball,1,12.1,Australia,SPD Smith,UT Khawaja,CR Brathwaite,0,0,"",""
ball,1,12.2,Australia,SPD Smith,UT Khawaja,CR Brathwaite,1,0,"",""
ball,1,12.3,Australia,UT Khawaja,SPD Smith,CR Brathwaite,0,0,"",""
ball,1,12.4,Australia,UT Khawaja,SPD Smith,CR Brathwaite,1,0,"",""
ball,1,12.5,Australia,SPD Smith,UT Khawaja,CR Brathwaite,0,0,"",""
ball,1,12.6,Australia,SPD Smith,UT Khawaja,CR Brathwaite,0,0,"",""
ball,1,13.1,Australia,UT Khawaja,SPD Smith,JE Taylor,4,0,"",""
ball,1,13.2,Australia,UT Khawaja,SPD Smith,JE Taylor,1,0,"",""
ball,1,13.3,Australia,SPD Smith,UT Khawaja,JE Taylor,1,0,"",""
ball,1,13.4,Australia,UT Khawaja,SPD Smith,JE Taylor,1,0,"",""
ball,1,13.5,Australia,SPD Smith,UT Khawaja,JE Taylor,0,0,"",""
ball,1,13.6,Australia,SPD Smith,UT Khawaja,JE Taylor,4,0,"",""
ball,1,14.1,Australia,UT Khawaja,SPD Smith,CR Brathwaite,0,0,"",""
ball,1,14.2,Australia,UT Khawaja,SPD Smith,CR Brathwaite,6,0,"",""
ball,1,14.3,Australia,UT Khawaja,SPD Smith,CR Brathwaite,0,0,"",""
ball,1,14.4,Australia,UT Khawaja,SPD Smith,CR Brathwaite,1,0,"",""
ball,1,14.5,Australia,SPD Smith,UT Khawaja,CR Brathwaite,4,0,"",""
ball,1,14.6,Australia,SPD Smith,UT Khawaja,CR Brathwaite,0,0,"",""
ball,1,15.1,Australia,UT Khawaja,SPD Smith,JE Taylor,1,0,"",""
ball,1,15.2,Australia,SPD Smith,UT Khawaja,JE Taylor,1,0,"",""
ball,1,15.3,Australia,UT Khawaja,SPD Smith,JE Taylor,1,0,"",""
ball,1,15.4,Australia,SPD Smith,UT Khawaja,JE Taylor,0,0,"",""
ball,1,15.5,Australia,SPD Smith,UT Khawaja,JE Taylor,0,0,"",""
ball,1,15.6,Australia,SPD Smith,UT Khawaja,JE Taylor,0,0,"",""
ball,1,16.1,Australia,UT Khawaja,SPD Smith,SJ Benn,0,0,"",""
ball,1,16.2,Australia,UT Khawaja,SPD Smith,SJ Benn,1,0,"",""
ball,1,16.3,Australia,SPD Smith,UT Khawaja,SJ Benn,0,0,"",""
ball,1,16.4,Australia,SPD Smith,UT Khawaja,SJ Benn,1,0,"",""
ball,1,16.5,Australia,UT Khawaja,SPD Smith,SJ Benn,1,0,"",""
ball,1,16.6,Australia,SPD Smith,UT Khawaja,SJ Benn,1,0,"",""
ball,1,17.1,Australia,SPD Smith,UT Khawaja,CR Brathwaite,1,0,"",""
ball,1,17.2,Australia,UT Khawaja,SPD Smith,CR Brathwaite,0,0,"",""
ball,1,17.3,Australia,UT Khawaja,SPD Smith,CR Brathwaite,0,0,"",""
ball,1,17.4,Australia,UT Khawaja,SPD Smith,CR Brathwaite,1,0,"",""
ball,1,17.5,Australia,SPD Smith,UT Khawaja,CR Brathwaite,1,0,"",""
ball,1,17.6,Australia,UT Khawaja,SPD Smith,CR Brathwaite,0,0,"",""
ball,1,18.1,Australia,SPD Smith,UT Khawaja,SJ Benn,0,0,"",""
ball,1,18.2,Australia,SPD Smith,UT Khawaja,SJ Benn,0,0,"",""
ball,1,18.3,Australia,SPD Smith,UT Khawaja,SJ Benn,0,0,"",""
ball,1,18.4,Australia,SPD Smith,UT Khawaja,SJ Benn,0,0,"",""
ball,1,18.5,Australia,SPD Smith,UT Khawaja,SJ Benn,0,0,"",""
ball,1,18.6,Australia,SPD Smith,UT Khawaja,SJ Benn,1,0,"",""
ball,1,19.1,Australia,SPD Smith,UT Khawaja,CR Brathwaite,1,0,"",""
ball,1,19.2,Australia,UT Khawaja,SPD Smith,CR Brathwaite,1,0,"",""
ball,1,19.3,Australia,SPD Smith,UT Khawaja,CR Brathwaite,1,0,"",""
ball,1,19.4,Australia,UT Khawaja,SPD Smith,CR Brathwaite,0,0,"",""
ball,1,19.5,Australia,UT Khawaja,SPD Smith,CR Brathwaite,2,0,"",""
ball,1,19.6,Australia,UT Khawaja,SPD Smith,CR Brathwaite,1,0,"",""
ball,1,20.1,Australia,UT Khawaja,SPD Smith,SJ Benn,1,0,"",""
ball,1,20.2,Australia,SPD Smith,UT Khawaja,SJ Benn,1,0,"",""
ball,1,20.3,Australia,UT Khawaja,SPD Smith,SJ Benn,0,0,"",""
ball,1,20.4,Australia,UT Khawaja,SPD Smith,SJ Benn,0,0,"",""
ball,1,20.5,Australia,UT Khawaja,SPD Smith,SJ Benn,1,0,"",""
ball,1,20.6,Australia,SPD Smith,UT Khawaja,SJ Benn,0,0,"",""
ball,1,21.1,Australia,UT Khawaja,SPD Smith,CR Brathwaite,1,0,"",""
ball,1,21.2,Australia,SPD Smith,UT Khawaja,CR Brathwaite,1,0,"",""
ball,1,21.3,Australia,UT Khawaja,SPD Smith,CR Brathwaite,1,0,"",""
ball,1,21.4,Australia,SPD Smith,UT Khawaja,CR Brathwaite,1,0,"",""
ball,1,21.5,Australia,UT Khawaja,SPD Smith,CR Brathwaite,1,0,"",""
ball,1,21.6,Australia,SPD Smith,UT Khawaja,CR Brathwaite,0,0,"",""
ball,1,22.1,Australia,UT Khawaja,SPD Smith,SJ Benn,0,0,"",""
ball,1,22.2,Australia,UT Khawaja,SPD Smith,SJ Benn,0,0,"",""
ball,1,22.3,Australia,UT Khawaja,SPD Smith,SJ Benn,0,0,"",""
ball,1,22.4,Australia,UT Khawaja,SPD Smith,SJ Benn,1,0,"",""
ball,1,22.5,Australia,SPD Smith,UT Khawaja,SJ Benn,1,0,"",""
ball,1,22.6,Australia,UT Khawaja,SPD Smith,SJ Benn,0,0,"",""
ball,1,23.1,Australia,SPD Smith,UT Khawaja,SP Narine,0,0,"",""
ball,1,23.2,Australia,SPD Smith,UT Khawaja,SP Narine,0,0,"",""
ball,1,23.3,Australia,SPD Smith,UT Khawaja,SP Narine,0,0,"",""
ball,1,23.4,Australia,SPD Smith,UT Khawaja,SP Narine,0,0,"",""
ball,1,23.5,Australia,SPD Smith,UT Khawaja,SP Narine,1,0,"",""
ball,1,23.6,Australia,UT Khawaja,SPD Smith,SP Narine,0,0,"",""
ball,1,24.1,Australia,SPD Smith,UT Khawaja,SJ Benn,6,0,"",""
ball,1,24.2,Australia,SPD Smith,UT Khawaja,SJ Benn,0,0,"",""
ball,1,24.3,Australia,SPD Smith,UT Khawaja,SJ Benn,0,0,"",""
ball,1,24.4,Australia,SPD Smith,UT Khawaja,SJ Benn,0,0,"",""
ball,1,24.5,Australia,SPD Smith,UT Khawaja,SJ Benn,0,0,"",""
ball,1,24.6,Australia,SPD Smith,UT Khawaja,SJ Benn,6,0,"",""
ball,1,25.1,Australia,UT Khawaja,SPD Smith,SP Narine,6,0,"",""
ball,1,25.2,Australia,UT Khawaja,SPD Smith,SP Narine,0,0,"",""
ball,1,25.3,Australia,UT Khawaja,SPD Smith,SP Narine,1,0,"",""
ball,1,25.4,Australia,SPD Smith,UT Khawaja,SP Narine,1,0,"",""
ball,1,25.5,Australia,UT Khawaja,SPD Smith,SP Narine,0,0,"",""
ball,1,25.6,Australia,UT Khawaja,SPD Smith,SP Narine,1,0,"",""
ball,1,26.1,Australia,UT Khawaja,SPD Smith,SJ Benn,4,0,"",""
ball,1,26.2,Australia,UT Khawaja,SPD Smith,SJ Benn,0,0,"",""
ball,1,26.3,Australia,UT Khawaja,SPD Smith,SJ Benn,0,0,"",""
ball,1,26.4,Australia,UT Khawaja,SPD Smith,SJ Benn,6,0,"",""
ball,1,26.5,Australia,UT Khawaja,SPD Smith,SJ Benn,0,0,"",""
ball,1,26.6,Australia,UT Khawaja,SPD Smith,SJ Benn,0,5,"",""
ball,1,26.7,Australia,UT Khawaja,SPD Smith,SJ Benn,0,0,"",""
ball,1,27.1,Australia,SPD Smith,UT Khawaja,SP Narine,1,0,"",""
ball,1,27.2,Australia,UT Khawaja,SPD Smith,SP Narine,1,0,"",""
ball,1,27.3,Australia,SPD Smith,UT Khawaja,SP Narine,0,0,"",""
ball,1,27.4,Australia,SPD Smith,UT Khawaja,SP Narine,0,0,"",""
ball,1,27.5,Australia,SPD Smith,UT Khawaja,SP Narine,1,0,"",""
ball,1,27.6,Australia,UT Khawaja,SPD Smith,SP Narine,1,0,"",""
ball,1,28.1,Australia,UT Khawaja,SPD Smith,JO Holder,1,0,"",""
ball,1,28.2,Australia,SPD Smith,UT Khawaja,JO Holder,1,0,"",""
ball,1,28.3,Australia,UT Khawaja,SPD Smith,JO Holder,0,0,"",""
ball,1,28.4,Australia,UT Khawaja,SPD Smith,JO Holder,1,0,"",""
ball,1,28.5,Australia,SPD Smith,UT Khawaja,JO Holder,2,0,"",""
ball,1,28.6,Australia,SPD Smith,UT Khawaja,JO Holder,1,0,"",""
ball,1,29.1,Australia,SPD Smith,UT Khawaja,KA Pollard,2,0,"",""
ball,1,29.2,Australia,SPD Smith,UT Khawaja,KA Pollard,1,0,"",""
ball,1,29.3,Australia,UT Khawaja,SPD Smith,KA Pollard,2,0,"",""
ball,1,29.4,Australia,UT Khawaja,SPD Smith,KA Pollard,0,0,"",""
ball,1,29.5,Australia,UT Khawaja,SPD Smith,KA Pollard,0,1,"",""
ball,1,29.6,Australia,UT Khawaja,SPD Smith,KA Pollard,1,0,"",""
ball,1,29.7,Australia,SPD Smith,UT Khawaja,KA Pollard,1,0,"",""
ball,1,30.1,Australia,SPD Smith,UT Khawaja,JO Holder,1,0,"",""
ball,1,30.2,Australia,UT Khawaja,SPD Smith,JO Holder,1,0,"",""
ball,1,30.3,Australia,SPD Smith,UT Khawaja,JO Holder,0,0,"",""
ball,1,30.4,Australia,SPD Smith,UT Khawaja,JO Holder,0,0,"",""
ball,1,30.5,Australia,SPD Smith,UT Khawaja,JO Holder,1,0,"",""
ball,1,30.6,Australia,UT Khawaja,SPD Smith,JO Holder,1,0,"",""
ball,1,31.1,Australia,UT Khawaja,SPD Smith,KA Pollard,0,0,"",""
ball,1,31.2,Australia,UT Khawaja,SPD Smith,KA Pollard,0,0,"",""
ball,1,31.3,Australia,UT Khawaja,SPD Smith,KA Pollard,0,0,"",""
ball,1,31.4,Australia,UT Khawaja,SPD Smith,KA Pollard,0,0,"",""
ball,1,31.5,Australia,UT Khawaja,SPD Smith,KA Pollard,1,0,"",""
ball,1,31.6,Australia,SPD Smith,UT Khawaja,KA Pollard,1,0,"",""
ball,1,32.1,Australia,SPD Smith,UT Khawaja,JO Holder,1,0,"",""
ball,1,32.2,Australia,UT Khawaja,SPD Smith,JO Holder,0,0,"",""
ball,1,32.3,Australia,UT Khawaja,SPD Smith,JO Holder,0,0,"",""
ball,1,32.4,Australia,UT Khawaja,SPD Smith,JO Holder,1,0,"",""
ball,1,32.5,Australia,SPD Smith,UT Khawaja,JO Holder,1,0,"",""
ball,1,32.6,Australia,UT Khawaja,SPD Smith,JO Holder,0,0,"",""
ball,1,33.1,Australia,SPD Smith,UT Khawaja,KA Pollard,1,0,"",""
ball,1,33.2,Australia,UT Khawaja,SPD Smith,KA Pollard,1,0,"",""
ball,1,33.3,Australia,SPD Smith,UT Khawaja,KA Pollard,1,0,"",""
ball,1,33.4,Australia,UT Khawaja,SPD Smith,KA Pollard,0,0,"",""
ball,1,33.5,Australia,UT Khawaja,SPD Smith,KA Pollard,1,0,"",""
ball,1,33.6,Australia,SPD Smith,UT Khawaja,KA Pollard,1,0,"",""
ball,1,34.1,Australia,SPD Smith,UT Khawaja,CR Brathwaite,0,0,caught and bowled,SPD Smith
ball,1,34.2,Australia,GJ Bailey,UT Khawaja,CR Brathwaite,0,0,"",""
ball,1,34.3,Australia,GJ Bailey,UT Khawaja,CR Brathwaite,0,0,"",""
ball,1,34.4,Australia,GJ Bailey,UT Khawaja,CR Brathwaite,0,0,"",""
ball,1,34.5,Australia,GJ Bailey,UT Khawaja,CR Brathwaite,0,0,"",""
ball,1,34.6,Australia,GJ Bailey,UT Khawaja,CR Brathwaite,1,0,"",""
ball,1,35.1,Australia,GJ Bailey,UT Khawaja,SP Narine,0,0,"",""
ball,1,35.2,Australia,GJ Bailey,UT Khawaja,SP Narine,0,0,"",""
ball,1,35.3,Australia,GJ Bailey,UT Khawaja,SP Narine,1,0,"",""
ball,1,35.4,Australia,UT Khawaja,GJ Bailey,SP Narine,1,0,"",""
ball,1,35.5,Australia,GJ Bailey,UT Khawaja,SP Narine,0,0,"",""
ball,1,35.6,Australia,GJ Bailey,UT Khawaja,SP Narine,1,0,"",""
ball,1,36.1,Australia,GJ Bailey,UT Khawaja,CR Brathwaite,0,0,"",""
ball,1,36.2,Australia,GJ Bailey,UT Khawaja,CR Brathwaite,0,0,"",""
ball,1,36.3,Australia,GJ Bailey,UT Khawaja,CR Brathwaite,1,0,"",""
ball,1,36.4,Australia,UT Khawaja,GJ Bailey,CR Brathwaite,1,0,"",""
ball,1,36.5,Australia,GJ Bailey,UT Khawaja,CR Brathwaite,1,0,"",""
ball,1,36.6,Australia,UT Khawaja,GJ Bailey,CR Brathwaite,1,0,"",""
ball,1,37.1,Australia,UT Khawaja,GJ Bailey,SP Narine,1,0,"",""
ball,1,37.2,Australia,GJ Bailey,UT Khawaja,SP Narine,0,0,"",""
ball,1,37.3,Australia,GJ Bailey,UT Khawaja,SP Narine,1,0,"",""
ball,1,37.4,Australia,UT Khawaja,GJ Bailey,SP Narine,1,0,"",""
ball,1,37.5,Australia,GJ Bailey,UT Khawaja,SP Narine,1,0,"",""
ball,1,37.6,Australia,UT Khawaja,GJ Bailey,SP Narine,1,0,"",""
ball,1,38.1,Australia,UT Khawaja,GJ Bailey,SJ Benn,0,0,"",""
ball,1,38.2,Australia,UT Khawaja,GJ Bailey,SJ Benn,0,1,"",""
ball,1,38.3,Australia,UT Khawaja,GJ Bailey,SJ Benn,0,0,"",""
ball,1,38.4,Australia,UT Khawaja,GJ Bailey,SJ Benn,0,0,"",""
ball,1,38.5,Australia,UT Khawaja,GJ Bailey,SJ Benn,0,1,"",""
ball,1,38.6,Australia,GJ Bailey,UT Khawaja,SJ Benn,1,0,"",""
ball,1,38.7,Australia,UT Khawaja,GJ Bailey,SJ Benn,0,0,"",""
ball,1,39.1,Australia,GJ Bailey,UT Khawaja,KA Pollard,1,0,"",""
ball,1,39.2,Australia,UT Khawaja,GJ Bailey,KA Pollard,1,0,"",""
ball,1,39.3,Australia,GJ Bailey,UT Khawaja,KA Pollard,2,0,"",""
ball,1,39.4,Australia,GJ Bailey,UT Khawaja,KA Pollard,0,0,"",""
ball,1,39.5,Australia,GJ Bailey,UT Khawaja,KA Pollard,1,0,"",""
ball,1,39.6,Australia,UT Khawaja,GJ Bailey,KA Pollard,0,0,"",""
ball,1,40.1,Australia,GJ Bailey,UT Khawaja,SJ Benn,0,0,"",""
ball,1,40.2,Australia,GJ Bailey,UT Khawaja,SJ Benn,1,0,"",""
ball,1,40.3,Australia,UT Khawaja,GJ Bailey,SJ Benn,1,0,"",""
ball,1,40.4,Australia,GJ Bailey,UT Khawaja,SJ Benn,0,0,"",""
ball,1,40.5,Australia,GJ Bailey,UT Khawaja,SJ Benn,2,0,run out,UT Khawaja
ball,1,40.6,Australia,MR Marsh,GJ Bailey,SJ Benn,0,0,"",""
ball,1,41.1,Australia,GJ Bailey,MR Marsh,SP Narine,1,0,"",""
ball,1,41.2,Australia,MR Marsh,GJ Bailey,SP Narine,0,0,"",""
ball,1,41.3,Australia,MR Marsh,GJ Bailey,SP Narine,1,0,"",""
ball,1,41.4,Australia,GJ Bailey,MR Marsh,SP Narine,0,0,"",""
ball,1,41.5,Australia,GJ Bailey,MR Marsh,SP Narine,1,0,"",""
ball,1,41.6,Australia,MR Marsh,GJ Bailey,SP Narine,0,0,"",""
ball,1,42.1,Australia,GJ Bailey,MR Marsh,SJ Benn,0,0,"",""
ball,1,42.2,Australia,GJ Bailey,MR Marsh,SJ Benn,1,0,"",""
ball,1,42.3,Australia,MR Marsh,GJ Bailey,SJ Benn,1,0,"",""
ball,1,42.4,Australia,GJ Bailey,MR Marsh,SJ Benn,6,0,"",""
ball,1,42.5,Australia,GJ Bailey,MR Marsh,SJ Benn,0,0,"",""
ball,1,42.6,Australia,GJ Bailey,MR Marsh,SJ Benn,1,0,"",""
ball,1,43.1,Australia,GJ Bailey,MR Marsh,SP Narine,2,0,"",""
ball,1,43.2,Australia,GJ Bailey,MR Marsh,SP Narine,1,0,"",""
ball,1,43.3,Australia,MR Marsh,GJ Bailey,SP Narine,0,0,"",""
ball,1,43.4,Australia,MR Marsh,GJ Bailey,SP Narine,1,0,"",""
ball,1,43.5,Australia,GJ Bailey,MR Marsh,SP Narine,1,0,"",""
ball,1,43.6,Australia,MR Marsh,GJ Bailey,SP Narine,1,0,"",""
ball,1,44.1,Australia,MR Marsh,GJ Bailey,CR Brathwaite,1,0,"",""
ball,1,44.2,Australia,GJ Bailey,MR Marsh,CR Brathwaite,1,0,"",""
ball,1,44.3,Australia,MR Marsh,GJ Bailey,CR Brathwaite,4,0,"",""
ball,1,44.4,Australia,MR Marsh,GJ Bailey,CR Brathwaite,1,0,"",""
ball,1,44.5,Australia,GJ Bailey,MR Marsh,CR Brathwaite,4,0,"",""
ball,1,44.6,Australia,GJ Bailey,MR Marsh,CR Brathwaite,1,0,"",""
ball,1,45.1,Australia,GJ Bailey,MR Marsh,JO Holder,1,0,"",""
ball,1,45.2,Australia,MR Marsh,GJ Bailey,JO Holder,0,1,"",""
ball,1,45.3,Australia,MR Marsh,GJ Bailey,JO Holder,4,0,"",""
ball,1,45.4,Australia,MR Marsh,GJ Bailey,JO Holder,0,0,"",""
ball,1,45.5,Australia,MR Marsh,GJ Bailey,JO Holder,1,0,"",""
ball,1,45.6,Australia,GJ Bailey,MR Marsh,JO Holder,2,0,"",""
ball,1,45.7,Australia,GJ Bailey,MR Marsh,JO Holder,1,0,"",""
ball,1,46.1,Australia,GJ Bailey,MR Marsh,CR Brathwaite,1,0,"",""
ball,1,46.2,Australia,MR Marsh,GJ Bailey,CR Brathwaite,1,0,"",""
ball,1,46.3,Australia,GJ Bailey,MR Marsh,CR Brathwaite,6,0,"",""
ball,1,46.4,Australia,GJ Bailey,MR Marsh,CR Brathwaite,1,0,"",""
ball,1,46.5,Australia,MR Marsh,GJ Bailey,CR Brathwaite,0,0,caught,MR Marsh
ball,1,46.6,Australia,GJ Bailey,TM Head,CR Brathwaite,1,0,"",""
ball,1,47.1,Australia,GJ Bailey,TM Head,KA Pollard,0,0,"",""
ball,1,47.2,Australia,GJ Bailey,TM Head,KA Pollard,1,0,"",""
ball,1,47.3,Australia,TM Head,GJ Bailey,KA Pollard,1,0,"",""
ball,1,47.4,Australia,GJ Bailey,TM Head,KA Pollard,1,0,"",""
ball,1,47.5,Australia,TM Head,GJ Bailey,KA Pollard,0,0,caught,TM Head
ball,1,47.6,Australia,GJ Bailey,MS Wade,KA Pollard,1,0,"",""
ball,1,48.1,Australia,GJ Bailey,MS Wade,JO Holder,1,0,"",""
ball,1,48.2,Australia,MS Wade,GJ Bailey,JO Holder,1,0,"",""
ball,1,48.3,Australia,GJ Bailey,MS Wade,JO Holder,0,0,"",""
ball,1,48.4,Australia,GJ Bailey,MS Wade,JO Holder,1,0,"",""
ball,1,48.5,Australia,MS Wade,GJ Bailey,JO Holder,4,0,"",""
ball,1,48.6,Australia,MS Wade,GJ Bailey,JO Holder,0,0,bowled,MS Wade
ball,1,49.1,Australia,GJ Bailey,JP Faulkner,KA Pollard,2,0,"",""
ball,1,49.2,Australia,GJ Bailey,JP Faulkner,KA Pollard,0,0,caught,GJ Bailey
ball,1,49.3,Australia,JP Faulkner,NM Coulter-Nile,KA Pollard,2,0,"",""
ball,1,49.4,Australia,JP Faulkner,NM Coulter-Nile,KA Pollard,1,0,"",""
ball,1,49.5,Australia,NM Coulter-Nile,JP Faulkner,KA Pollard,1,0,"",""
ball,1,49.6,Australia,JP Faulkner,NM Coulter-Nile,KA Pollard,0,1,"",""
ball,1,49.7,Australia,JP Faulkner,NM Coulter-Nile,KA Pollard,1,0,"",""
ball,2,0.1,West Indies,J Charles,ADS Fletcher,JR Hazlewood,0,0,"",""
ball,2,0.2,West Indies,J Charles,ADS Fletcher,JR Hazlewood,0,0,"",""
ball,2,0.3,West Indies,J Charles,ADS Fletcher,JR Hazlewood,0,0,"",""
ball,2,0.4,West Indies,J Charles,ADS Fletcher,JR Hazlewood,0,0,"",""
ball,2,0.5,West Indies,J Charles,ADS Fletcher,JR Hazlewood,2,0,"",""
ball,2,0.6,West Indies,J Charles,ADS Fletcher,JR Hazlewood,4,0,"",""
ball,2,1.1,West Indies,ADS Fletcher,J Charles,NM Coulter-Nile,0,0,"",""
ball,2,1.2,West Indies,ADS Fletcher,J Charles,NM Coulter-Nile,0,0,"",""
ball,2,1.3,West Indies,ADS Fletcher,J Charles,NM Coulter-Nile,4,0,"",""
ball,2,1.4,West Indies,ADS Fletcher,J Charles,NM Coulter-Nile,1,0,"",""
ball,2,1.5,West Indies,J Charles,ADS Fletcher,NM Coulter-Nile,4,0,"",""
ball,2,1.6,West Indies,J Charles,ADS Fletcher,NM Coulter-Nile,4,0,"",""
ball,2,2.1,West Indies,ADS Fletcher,J Charles,JR Hazlewood,0,0,"",""
ball,2,2.2,West Indies,ADS Fletcher,J Charles,JR Hazlewood,6,0,"",""
ball,2,2.3,West Indies,ADS Fletcher,J Charles,JR Hazlewood,0,0,"",""
ball,2,2.4,West Indies,ADS Fletcher,J Charles,JR Hazlewood,4,0,"",""
ball,2,2.5,West Indies,ADS Fletcher,J Charles,JR Hazlewood,0,0,"",""
ball,2,2.6,West Indies,ADS Fletcher,J Charles,JR Hazlewood,0,0,"",""
ball,2,3.1,West Indies,J Charles,ADS Fletcher,NM Coulter-Nile,1,0,"",""
ball,2,3.2,West Indies,ADS Fletcher,J Charles,NM Coulter-Nile,0,0,"",""
ball,2,3.3,West Indies,ADS Fletcher,J Charles,NM Coulter-Nile,0,1,"",""
ball,2,3.4,West Indies,J Charles,ADS Fletcher,NM Coulter-Nile,2,0,"",""
ball,2,3.5,West Indies,J Charles,ADS Fletcher,NM Coulter-Nile,6,0,"",""
ball,2,3.6,West Indies,J Charles,ADS Fletcher,NM Coulter-Nile,1,0,"",""
ball,2,4.1,West Indies,J Charles,ADS Fletcher,JR Hazlewood,1,0,"",""
ball,2,4.2,West Indies,ADS Fletcher,J Charles,JR Hazlewood,0,0,"",""
ball,2,4.3,West Indies,ADS Fletcher,J Charles,JR Hazlewood,1,0,"",""
ball,2,4.4,West Indies,J Charles,ADS Fletcher,JR Hazlewood,3,0,"",""
ball,2,4.5,West Indies,ADS Fletcher,J Charles,JR Hazlewood,0,0,"",""
ball,2,4.6,West Indies,ADS Fletcher,J Charles,JR Hazlewood,0,0,"",""
ball,2,5.1,West Indies,J Charles,ADS Fletcher,JP Faulkner,0,0,"",""
ball,2,5.2,West Indies,J Charles,ADS Fletcher,JP Faulkner,1,0,"",""
ball,2,5.3,West Indies,ADS Fletcher,J Charles,JP Faulkner,0,0,"",""
ball,2,5.4,West Indies,ADS Fletcher,J Charles,JP Faulkner,0,0,"",""
ball,2,5.5,West Indies,ADS Fletcher,J Charles,JP Faulkner,6,0,"",""
ball,2,5.6,West Indies,ADS Fletcher,J Charles,JP Faulkner,0,0,"",""
ball,2,6.1,West Indies,J Charles,ADS Fletcher,NM Coulter-Nile,0,0,"",""
ball,2,6.2,West Indies,J Charles,ADS Fletcher,NM Coulter-Nile,0,0,"",""
ball,2,6.3,West Indies,J Charles,ADS Fletcher,NM Coulter-Nile,2,0,"",""
ball,2,6.4,West Indies,J Charles,ADS Fletcher,NM Coulter-Nile,4,0,"",""
ball,2,6.5,West Indies,J Charles,ADS Fletcher,NM Coulter-Nile,0,0,"",""
ball,2,6.6,West Indies,J Charles,ADS Fletcher,NM Coulter-Nile,1,0,"",""
ball,2,7.1,West Indies,J Charles,ADS Fletcher,JP Faulkner,0,0,"",""
ball,2,7.2,West Indies,J Charles,ADS Fletcher,JP Faulkner,2,0,"",""
ball,2,7.3,West Indies,J Charles,ADS Fletcher,JP Faulkner,1,0,"",""
ball,2,7.4,West Indies,ADS Fletcher,J Charles,JP Faulkner,0,0,"",""
ball,2,7.5,West Indies,ADS Fletcher,J Charles,JP Faulkner,0,0,"",""
ball,2,7.6,West Indies,ADS Fletcher,J Charles,JP Faulkner,0,0,"",""
ball,2,8.1,West Indies,J Charles,ADS Fletcher,TM Head,1,0,"",""
ball,2,8.2,West Indies,ADS Fletcher,J Charles,TM Head,1,0,"",""
ball,2,8.3,West Indies,J Charles,ADS Fletcher,TM Head,0,0,"",""
ball,2,8.4,West Indies,J Charles,ADS Fletcher,TM Head,1,0,"",""
ball,2,8.5,West Indies,ADS Fletcher,J Charles,TM Head,0,0,"",""
ball,2,8.6,West Indies,ADS Fletcher,J Charles,TM Head,4,0,"",""
ball,2,9.1,West Indies,J Charles,ADS Fletcher,JP Faulkner,0,0,"",""
ball,2,9.2,West Indies,J Charles,ADS Fletcher,JP Faulkner,0,0,"",""
ball,2,9.3,West Indies,J Charles,ADS Fletcher,JP Faulkner,4,0,"",""
ball,2,9.4,West Indies,J Charles,ADS Fletcher,JP Faulkner,0,1,"",""
ball,2,9.5,West Indies,ADS Fletcher,J Charles,JP Faulkner,0,0,caught,ADS Fletcher
ball,2,9.6,West Indies,DM Bravo,J Charles,JP Faulkner,0,0,"",""
ball,2,10.1,West Indies,J Charles,DM Bravo,MR Marsh,0,0,"",""
ball,2,10.2,West Indies,J Charles,DM Bravo,MR Marsh,1,0,"",""
ball,2,10.3,West Indies,DM Bravo,J Charles,MR Marsh,1,0,"",""
ball,2,10.4,West Indies,J Charles,DM Bravo,MR Marsh,0,0,"",""
ball,2,10.5,West Indies,J Charles,DM Bravo,MR Marsh,1,0,"",""
ball,2,10.6,West Indies,DM Bravo,J Charles,MR Marsh,0,0,"",""
ball,2,11.1,West Indies,J Charles,DM Bravo,JP Faulkner,1,0,"",""
ball,2,11.2,West Indies,DM Bravo,J Charles,JP Faulkner,4,0,"",""
ball,2,11.3,West Indies,DM Bravo,J Charles,JP Faulkner,0,0,"",""
ball,2,11.4,West Indies,DM Bravo,J Charles,JP Faulkner,0,0,"",""
ball,2,11.5,West Indies,DM Bravo,J Charles,JP Faulkner,0,0,"",""
ball,2,11.6,West Indies,DM Bravo,J Charles,JP Faulkner,1,0,"",""
ball,2,12.1,West Indies,DM Bravo,J Charles,MR Marsh,0,0,"",""
ball,2,12.2,West Indies,DM Bravo,J Charles,MR Marsh,0,0,"",""
ball,2,12.3,West Indies,DM Bravo,J Charles,MR Marsh,0,0,"",""
ball,2,12.4,West Indies,DM Bravo,J Charles,MR Marsh,0,0,"",""
ball,2,12.5,West Indies,DM Bravo,J Charles,MR Marsh,0,0,"",""
ball,2,12.6,West Indies,DM Bravo,J Charles,MR Marsh,1,0,"",""
ball,2,13.1,West Indies,DM Bravo,J Charles,A Zampa,0,0,"",""
ball,2,13.2,West Indies,DM Bravo,J Charles,A Zampa,0,0,"",""
ball,2,13.3,West Indies,DM Bravo,J Charles,A Zampa,1,0,"",""
ball,2,13.4,West Indies,J Charles,DM Bravo,A Zampa,0,0,lbw,J Charles
ball,2,13.5,West Indies,MN Samuels,DM Bravo,A Zampa,0,0,"",""
ball,2,13.6,West Indies,MN Samuels,DM Bravo,A Zampa,1,0,"",""
ball,2,14.1,West Indies,MN Samuels,DM Bravo,MR Marsh,0,0,"",""
ball,2,14.2,West Indies,MN Samuels,DM Bravo,MR Marsh,0,0,"",""
ball,2,14.3,West Indies,MN Samuels,DM Bravo,MR Marsh,1,0,"",""
ball,2,14.4,West Indies,DM Bravo,MN Samuels,MR Marsh,1,0,"",""
ball,2,14.5,West Indies,MN Samuels,DM Bravo,MR Marsh,0,0,"",""
ball,2,14.6,West Indies,MN Samuels,DM Bravo,MR Marsh,0,0,"",""
ball,2,15.1,West Indies,DM Bravo,MN Samuels,A Zampa,4,0,"",""
ball,2,15.2,West Indies,DM Bravo,MN Samuels,A Zampa,0,0,"",""
ball,2,15.3,West Indies,DM Bravo,MN Samuels,A Zampa,6,0,"",""
ball,2,15.4,West Indies,DM Bravo,MN Samuels,A Zampa,1,0,"",""
ball,2,15.5,West Indies,MN Samuels,DM Bravo,A Zampa,0,0,"",""
ball,2,15.6,West Indies,MN Samuels,DM Bravo,A Zampa,0,0,"",""
ball,2,16.1,West Indies,DM Bravo,MN Samuels,NM Coulter-Nile,4,0,"",""
ball,2,16.2,West Indies,DM Bravo,MN Samuels,NM Coulter-Nile,0,0,"",""
ball,2,16.3,West Indies,DM Bravo,MN Samuels,NM Coulter-Nile,0,1,"",""
ball,2,16.4,West Indies,DM Bravo,MN Samuels,NM Coulter-Nile,0,0,"",""
ball,2,16.5,West Indies,DM Bravo,MN Samuels,NM Coulter-Nile,0,0,"",""
ball,2,16.6,West Indies,DM Bravo,MN Samuels,NM Coulter-Nile,0,0,"",""
ball,2,16.7,West Indies,DM Bravo,MN Samuels,NM Coulter-Nile,0,0,"",""
ball,2,17.1,West Indies,MN Samuels,DM Bravo,MR Marsh,0,0,"",""
ball,2,17.2,West Indies,MN Samuels,DM Bravo,MR Marsh,0,0,"",""
ball,2,17.3,West Indies,MN Samuels,DM Bravo,MR Marsh,1,0,"",""
ball,2,17.4,West Indies,DM Bravo,MN Samuels,MR Marsh,0,0,"",""
ball,2,17.5,West Indies,DM Bravo,MN Samuels,MR Marsh,1,0,"",""
ball,2,17.6,West Indies,MN Samuels,DM Bravo,MR Marsh,0,0,"",""
ball,2,18.1,West Indies,DM Bravo,MN Samuels,NM Coulter-Nile,1,0,"",""
ball,2,18.2,West Indies,MN Samuels,DM Bravo,NM Coulter-Nile,0,0,"",""
ball,2,18.3,West Indies,MN Samuels,DM Bravo,NM Coulter-Nile,0,0,"",""
ball,2,18.4,West Indies,MN Samuels,DM Bravo,NM Coulter-Nile,0,0,"",""
ball,2,18.5,West Indies,MN Samuels,DM Bravo,NM Coulter-Nile,1,0,"",""
ball,2,18.6,West Indies,DM Bravo,MN Samuels,NM Coulter-Nile,1,0,"",""
ball,2,19.1,West Indies,DM Bravo,MN Samuels,MR Marsh,1,0,"",""
ball,2,19.2,West Indies,MN Samuels,DM Bravo,MR Marsh,1,0,"",""
ball,2,19.3,West Indies,DM Bravo,MN Samuels,MR Marsh,0,0,"",""
ball,2,19.4,West Indies,DM Bravo,MN Samuels,MR Marsh,1,0,"",""
ball,2,19.5,West Indies,MN Samuels,DM Bravo,MR Marsh,1,0,"",""
ball,2,19.6,West Indies,DM Bravo,MN Samuels,MR Marsh,0,0,"",""
ball,2,20.1,West Indies,MN Samuels,DM Bravo,TM Head,2,0,"",""
ball,2,20.2,West Indies,MN Samuels,DM Bravo,TM Head,0,0,"",""
ball,2,20.3,West Indies,MN Samuels,DM Bravo,TM Head,1,0,"",""
ball,2,20.4,West Indies,DM Bravo,MN Samuels,TM Head,0,0,"",""
ball,2,20.5,West Indies,DM Bravo,MN Samuels,TM Head,0,0,"",""
ball,2,20.6,West Indies,DM Bravo,MN Samuels,TM Head,0,0,"",""
ball,2,21.1,West Indies,MN Samuels,DM Bravo,MR Marsh,1,0,"",""
ball,2,21.2,West Indies,DM Bravo,MN Samuels,MR Marsh,1,0,"",""
ball,2,21.3,West Indies,MN Samuels,DM Bravo,MR Marsh,1,0,"",""
ball,2,21.4,West Indies,DM Bravo,MN Samuels,MR Marsh,1,0,"",""
ball,2,21.5,West Indies,MN Samuels,DM Bravo,MR Marsh,6,0,"",""
ball,2,21.6,West Indies,MN Samuels,DM Bravo,MR Marsh,1,0,"",""
ball,2,22.1,West Indies,MN Samuels,DM Bravo,TM Head,1,0,"",""
ball,2,22.2,West Indies,DM Bravo,MN Samuels,TM Head,0,0,"",""
ball,2,22.3,West Indies,DM Bravo,MN Samuels,TM Head,0,0,"",""
ball,2,22.4,West Indies,DM Bravo,MN Samuels,TM Head,1,0,"",""
ball,2,22.5,West Indies,MN Samuels,DM Bravo,TM Head,0,0,"",""
ball,2,22.6,West Indies,MN Samuels,DM Bravo,TM Head,0,0,"",""
ball,2,23.1,West Indies,DM Bravo,MN Samuels,JR Hazlewood,1,0,"",""
ball,2,23.2,West Indies,MN Samuels,DM Bravo,JR Hazlewood,0,0,"",""
ball,2,23.3,West Indies,MN Samuels,DM Bravo,JR Hazlewood,1,0,"",""
ball,2,23.4,West Indies,DM Bravo,MN Samuels,JR Hazlewood,0,0,"",""
ball,2,23.5,West Indies,DM Bravo,MN Samuels,JR Hazlewood,0,0,"",""
ball,2,23.6,West Indies,DM Bravo,MN Samuels,JR Hazlewood,0,0,"",""
ball,2,24.1,West Indies,MN Samuels,DM Bravo,TM Head,0,0,"",""
ball,2,24.2,West Indies,MN Samuels,DM Bravo,TM Head,0,0,"",""
ball,2,24.3,West Indies,MN Samuels,DM Bravo,TM Head,0,0,"",""
ball,2,24.4,West Indies,MN Samuels,DM Bravo,TM Head,0,0,"",""
ball,2,24.5,West Indies,MN Samuels,DM Bravo,TM Head,1,0,"",""
ball,2,24.6,West Indies,DM Bravo,MN Samuels,TM Head,2,0,"",""
ball,2,25.1,West Indies,MN Samuels,DM Bravo,JR Hazlewood,1,0,"",""
ball,2,25.2,West Indies,DM Bravo,MN Samuels,JR Hazlewood,0,0,"",""
ball,2,25.3,West Indies,DM Bravo,MN Samuels,JR Hazlewood,0,0,"",""
ball,2,25.4,West Indies,DM Bravo,MN Samuels,JR Hazlewood,0,0,"",""
ball,2,25.5,West Indies,DM Bravo,MN Samuels,JR Hazlewood,0,0,"",""
ball,2,25.6,West Indies,DM Bravo,MN Samuels,JR Hazlewood,0,0,"",""
ball,2,26.1,West Indies,MN Samuels,DM Bravo,TM Head,0,0,"",""
ball,2,26.2,West Indies,MN Samuels,DM Bravo,TM Head,4,0,"",""
ball,2,26.3,West Indies,MN Samuels,DM Bravo,TM Head,1,0,"",""
ball,2,26.4,West Indies,DM Bravo,MN Samuels,TM Head,1,0,"",""
ball,2,26.5,West Indies,MN Samuels,DM Bravo,TM Head,2,0,"",""
ball,2,26.6,West Indies,MN Samuels,DM Bravo,TM Head,0,0,"",""
ball,2,27.1,West Indies,DM Bravo,MN Samuels,JR Hazlewood,0,0,"",""
ball,2,27.2,West Indies,DM Bravo,MN Samuels,JR Hazlewood,1,0,"",""
ball,2,27.3,West Indies,MN Samuels,DM Bravo,JR Hazlewood,0,0,"",""
ball,2,27.4,West Indies,MN Samuels,DM Bravo,JR Hazlewood,0,0,"",""
ball,2,27.5,West Indies,MN Samuels,DM Bravo,JR Hazlewood,4,0,"",""
ball,2,27.6,West Indies,MN Samuels,DM Bravo,JR Hazlewood,1,0,"",""
ball,2,28.1,West Indies,MN Samuels,DM Bravo,TM Head,0,0,"",""
ball,2,28.2,West Indies,MN Samuels,DM Bravo,TM Head,0,1,"",""
ball,2,28.3,West Indies,MN Samuels,DM Bravo,TM Head,4,0,"",""
ball,2,28.4,West Indies,MN Samuels,DM Bravo,TM Head,0,0,"",""
ball,2,28.5,West Indies,MN Samuels,DM Bravo,TM Head,0,0,"",""
ball,2,28.6,West Indies,MN Samuels,DM Bravo,TM Head,0,0,"",""
ball,2,28.7,West Indies,MN Samuels,DM Bravo,TM Head,1,0,"",""
ball,2,29.1,West Indies,MN Samuels,DM Bravo,JP Faulkner,4,0,"",""
ball,2,29.2,West Indies,MN Samuels,DM Bravo,JP Faulkner,1,0,"",""
ball,2,29.3,West Indies,DM Bravo,MN Samuels,JP Faulkner,0,0,"",""
ball,2,29.4,West Indies,DM Bravo,MN Samuels,JP Faulkner,0,0,"",""
ball,2,29.5,West Indies,DM Bravo,MN Samuels,JP Faulkner,0,0,"",""
ball,2,29.6,West Indies,DM Bravo,MN Samuels,JP Faulkner,1,0,"",""
ball,2,30.1,West Indies,DM Bravo,MN Samuels,A Zampa,1,0,"",""
ball,2,30.2,West Indies,MN Samuels,DM Bravo,A Zampa,4,0,"",""
ball,2,30.3,West Indies,MN Samuels,DM Bravo,A Zampa,0,0,"",""
ball,2,30.4,West Indies,MN Samuels,DM Bravo,A Zampa,1,0,"",""
ball,2,30.5,West Indies,DM Bravo,MN Samuels,A Zampa,0,0,caught,DM Bravo
ball,2,30.6,West Indies,D Ramdin,MN Samuels,A Zampa,1,0,"",""
ball,2,31.1,West Indies,D Ramdin,MN Samuels,JP Faulkner,0,0,"",""
ball,2,31.2,West Indies,D Ramdin,MN Samuels,JP Faulkner,0,0,"",""
ball,2,31.3,West Indies,D Ramdin,MN Samuels,JP Faulkner,0,0,"",""
ball,2,31.4,West Indies,D Ramdin,MN Samuels,JP Faulkner,1,0,"",""
ball,2,31.5,West Indies,MN Samuels,D Ramdin,JP Faulkner,4,0,"",""
ball,2,31.6,West Indies,MN Samuels,D Ramdin,JP Faulkner,0,1,"",""
ball,2,32.1,West Indies,MN Samuels,D Ramdin,A Zampa,0,0,"",""
ball,2,32.2,West Indies,MN Samuels,D Ramdin,A Zampa,1,0,"",""
ball,2,32.3,West Indies,D Ramdin,MN Samuels,A Zampa,0,0,"",""
ball,2,32.4,West Indies,D Ramdin,MN Samuels,A Zampa,1,0,"",""
ball,2,32.5,West Indies,MN Samuels,D Ramdin,A Zampa,4,0,"",""
ball,2,32.6,West Indies,MN Samuels,D Ramdin,A Zampa,0,0,"",""
ball,2,33.1,West Indies,D Ramdin,MN Samuels,NM Coulter-Nile,1,0,"",""
ball,2,33.2,West Indies,MN Samuels,D Ramdin,NM Coulter-Nile,0,0,"",""
ball,2,33.3,West Indies,MN Samuels,D Ramdin,NM Coulter-Nile,0,0,"",""
ball,2,33.4,West Indies,MN Samuels,D Ramdin,NM Coulter-Nile,0,0,"",""
ball,2,33.5,West Indies,MN Samuels,D Ramdin,NM Coulter-Nile,4,0,"",""
ball,2,33.6,West Indies,MN Samuels,D Ramdin,NM Coulter-Nile,0,0,"",""
ball,2,34.1,West Indies,D Ramdin,MN Samuels,A Zampa,6,0,"",""
ball,2,34.2,West Indies,D Ramdin,MN Samuels,A Zampa,0,0,"",""
ball,2,34.3,West Indies,D Ramdin,MN Samuels,A Zampa,2,0,"",""
ball,2,34.4,West Indies,D Ramdin,MN Samuels,A Zampa,0,0,"",""
ball,2,34.5,West Indies,D Ramdin,MN Samuels,A Zampa,0,0,"",""
ball,2,34.6,West Indies,D Ramdin,MN Samuels,A Zampa,1,0,"",""
ball,2,35.1,West Indies,D Ramdin,MN Samuels,NM Coulter-Nile,1,0,"",""
ball,2,35.2,West Indies,MN Samuels,D Ramdin,NM Coulter-Nile,1,0,"",""
ball,2,35.3,West Indies,D Ramdin,MN Samuels,NM Coulter-Nile,1,0,"",""
ball,2,35.4,West Indies,MN Samuels,D Ramdin,NM Coulter-Nile,1,0,"",""
ball,2,35.5,West Indies,D Ramdin,MN Samuels,NM Coulter-Nile,0,5,"",""
ball,2,35.6,West Indies,D Ramdin,MN Samuels,NM Coulter-Nile,0,0,"",""
ball,2,35.7,West Indies,D Ramdin,MN Samuels,NM Coulter-Nile,0,0,"",""
ball,2,36.1,West Indies,MN Samuels,D Ramdin,JR Hazlewood,1,0,"",""
ball,2,36.2,West Indies,D Ramdin,MN Samuels,JR Hazlewood,0,0,"",""
ball,2,36.3,West Indies,D Ramdin,MN Samuels,JR Hazlewood,0,0,"",""
ball,2,36.4,West Indies,D Ramdin,MN Samuels,JR Hazlewood,1,0,"",""
ball,2,36.5,West Indies,MN Samuels,D Ramdin,JR Hazlewood,0,0,"",""
ball,2,36.6,West Indies,MN Samuels,D Ramdin,JR Hazlewood,0,0,"",""
ball,2,37.1,West Indies,D Ramdin,MN Samuels,NM Coulter-Nile,0,0,"",""
ball,2,37.2,West Indies,D Ramdin,MN Samuels,NM Coulter-Nile,0,1,"",""
ball,2,37.3,West Indies,D Ramdin,MN Samuels,NM Coulter-Nile,2,0,"",""
ball,2,37.4,West Indies,D Ramdin,MN Samuels,NM Coulter-Nile,1,0,"",""
ball,2,37.5,West Indies,MN Samuels,D Ramdin,NM Coulter-Nile,1,0,"",""
ball,2,37.6,West Indies,D Ramdin,MN Samuels,NM Coulter-Nile,1,0,"",""
ball,2,37.7,West Indies,MN Samuels,D Ramdin,NM Coulter-Nile,1,0,"",""
ball,2,38.1,West Indies,MN Samuels,D Ramdin,JR Hazlewood,0,0,"",""
ball,2,38.2,West Indies,MN Samuels,D Ramdin,JR Hazlewood,0,0,"",""
ball,2,38.3,West Indies,MN Samuels,D Ramdin,JR Hazlewood,2,0,"",""
ball,2,38.4,West Indies,MN Samuels,D Ramdin,JR Hazlewood,1,0,"",""
ball,2,38.5,West Indies,D Ramdin,MN Samuels,JR Hazlewood,1,0,"",""
ball,2,38.6,West Indies,MN Samuels,D Ramdin,JR Hazlewood,1,0,"",""
ball,2,39.1,West Indies,MN Samuels,D Ramdin,MR Marsh,0,0,"",""
ball,2,39.2,West Indies,MN Samuels,D Ramdin,MR Marsh,2,0,"",""
ball,2,39.3,West Indies,MN Samuels,D Ramdin,MR Marsh,1,0,"",""
ball,2,39.4,West Indies,D Ramdin,MN Samuels,MR Marsh,0,0,"",""
ball,2,39.5,West Indies,D Ramdin,MN Samuels,MR Marsh,2,0,"",""
ball,2,39.6,West Indies,D Ramdin,MN Samuels,MR Marsh,0,0,"",""
ball,2,40.1,West Indies,MN Samuels,D Ramdin,A Zampa,6,0,"",""
ball,2,40.2,West Indies,MN Samuels,D Ramdin,A Zampa,6,0,"",""
ball,2,40.3,West Indies,MN Samuels,D Ramdin,A Zampa,6,0,"",""
ball,2,40.4,West Indies,MN Samuels,D Ramdin,A Zampa,0,0,run out,MN Samuels
ball,2,40.5,West Indies,D Ramdin,KA Pollard,A Zampa,0,0,"",""
ball,2,40.6,West Indies,D Ramdin,KA Pollard,A Zampa,0,0,"",""
ball,2,41.1,West Indies,KA Pollard,D Ramdin,MR Marsh,0,0,"",""
ball,2,41.2,West Indies,KA Pollard,D Ramdin,MR Marsh,0,0,"",""
ball,2,41.3,West Indies,KA Pollard,D Ramdin,MR Marsh,0,0,"",""
ball,2,41.4,West Indies,KA Pollard,D Ramdin,MR Marsh,0,0,"",""
ball,2,41.5,West Indies,KA Pollard,D Ramdin,MR Marsh,1,0,"",""
ball,2,41.6,West Indies,D Ramdin,KA Pollard,MR Marsh,1,0,"",""
ball,2,42.1,West Indies,D Ramdin,KA Pollard,A Zampa,0,0,"",""
ball,2,42.2,West Indies,D Ramdin,KA Pollard,A Zampa,0,0,"",""
ball,2,42.3,West Indies,D Ramdin,KA Pollard,A Zampa,0,0,"",""
ball,2,42.4,West Indies,D Ramdin,KA Pollard,A Zampa,1,0,"",""
ball,2,42.5,West Indies,KA Pollard,D Ramdin,A Zampa,0,0,"",""
ball,2,42.6,West Indies,KA Pollard,D Ramdin,A Zampa,6,0,"",""
ball,2,43.1,West Indies,D Ramdin,KA Pollard,NM Coulter-Nile,0,1,"",""
ball,2,43.2,West Indies,D Ramdin,KA Pollard,NM Coulter-Nile,4,0,"",""
ball,2,43.3,West Indies,D Ramdin,KA Pollard,NM Coulter-Nile,0,0,bowled,D Ramdin
ball,2,43.4,West Indies,JO Holder,KA Pollard,NM Coulter-Nile,0,0,"",""
ball,2,43.5,West Indies,JO Holder,KA Pollard,NM Coulter-Nile,0,0,caught,JO Holder
ball,2,43.6,West Indies,CR Brathwaite,KA Pollard,NM Coulter-Nile,0,0,"",""
ball,2,43.7,West Indies,CR Brathwaite,KA Pollard,NM Coulter-Nile,0,0,"",""
ball,2,44.1,West Indies,KA Pollard,CR Brathwaite,JR Hazlewood,1,0,"",""
ball,2,44.2,West Indies,CR Brathwaite,KA Pollard,JR Hazlewood,0,0,"",""
ball,2,44.3,West Indies,CR Brathwaite,KA Pollard,JR Hazlewood,0,0,"",""
ball,2,44.4,West Indies,CR Brathwaite,KA Pollard,JR Hazlewood,1,0,"",""
ball,2,44.5,West Indies,KA Pollard,CR Brathwaite,JR Hazlewood,4,0,"",""
ball,2,44.6,West Indies,KA Pollard,CR Brathwaite,JR Hazlewood,3,0,"",""
ball,2,45.1,West Indies,KA Pollard,CR Brathwaite,NM Coulter-Nile,0,0,"",""
ball,2,45.2,West Indies,KA Pollard,CR Brathwaite,NM Coulter-Nile,1,0,"",""
ball,2,45.3,West Indies,CR Brathwaite,KA Pollard,NM Coulter-Nile,0,0,"",""
ball,2,45.4,West Indies,CR Brathwaite,KA Pollard,NM Coulter-Nile,2,0,"",""
